552346
555070
555495
555550
553475
553921
554659
555674
551920
555028
555874
552887
553363
554493
551773
555867
552503
554599
555850
556569
554447
554068
552472
553626
553377
556851
554315
553545
556464
551467
556277
552831
552069
554518
552735
554133
557833
552827
553828
554370
556423
555169
552366
555845
553219
553753
554995
551920
552863
552914
556537
553017
553504
554434
553380
555341
551332
554461
556623
552863
553702
552101
552538
554169
554482
551846
554248
553088
555041
554691
555564
553933
555697
552882
555753
552272
553871
553238
552816
552682
553728
551947
554883
551462
552213
553529
554160
555386
552325
553634
554232
554567
552200
554264
557003
552397
554558
553413
553614
553505
556881
556071
555482
555444
552896
554716
551886
552997
553484
551716
553327
555775
555007
554113
555662
555262
553471
553824
553666
553893
551886
553517
555781
555719
552733
554093
553825
554719
552931
553996
553373
554474
553762
552475
553173
553749
554362
554001
552243
555253
552102
555698
552378
553240
556959
554138
557396
555263
554984
553764
552235
555406
555407
554367
553563
553458
554601
552711
557262
555236
553009
553012
552948
554242
556772
552656
553512
554187
554842
553717
553904
554789
552856
554480
554070
553580
555183
556333
553736
552187
554253
553674
554397
552613
553242
554454
554469
552827
554417
553821
552429
552966
552202
552992
552685
555236
552044
555422
556885
553444
554681
555866
554184
554165
554660
552431
553012
553942
553802
554688
552974
552067
554394
551886
552534
553635
553512
553921
554342
552075
555512
553832
552954
553678
551889
556079
552678
552888
553257
553742
552982
554202
555847
552211
552819
555321
553636
552015
552981
553187
555290
554661
552333
554883
555622
553832
554720
556880
551333
553918
556077
554316
554642
553006
554463
554792
553968
552947
553339
553712
552232
553916
554749
552856
553916
554656
555549
551886
555857
552661
555240
553157
554092
552327
554476
552426
552859
557823
555364
553086
556010
553476
552086
553126
551973
554937
555120
553711
553651
552765
555900
552398
554333
555499
553916
553943
555476
554437
552789
558608
555082
553416
553583
554444
552817
554608
554816
555978
556170
555552
554201
557162
553703
552798
551692
554931
553913
552941
555582
552931
556101
553419
552733
553388
552705
551406
552776
554898
552760
552101
554058
556077
555144
554056
554484
553890
553957
552378
553678
554790
554517
553687
554279
553394
554107
552304
552888
552733
554578
554785
554533
553274
552536
553329
552692
553070
551082
553099
552172
553716
556671
554243
553580
552850
553767
556481
553164
555773
554549
553924
553469
554270
551485
553673
553615
552367
555182
555913
554360
554209
553909
555121
555795
554312
554886
555517
552863
551811
552728
553723
554164
556160
553147
553561
553746
552986
553256
553157
554396
554335
553732
555690
554370
551656
552810
554029
554977
554317
554042
551843
555444
553381
552654
551657
553602
555393
557857
555522
552987
555153
554782
554529
552107
556404
553959
557607
554148
553329
553904
552782
555749
553668
554931
554447
557231
552397
552632
554443
555700
553977
553323
552041
554671
554147
558338
553520
553573
553195
553087
554146
553213
553458
553683
555903
552656
555751
552888
555726
550756
555021
554893
553449
557014
553247
554721
552994
554212
553805
552688
552424
553856
552783
552216
553948
555644
553661
552770
554330
559035
551892
553548
557568
552855
551993
557002
555833
552568
557051
555731
555686
552536
554069
553085
553410
553936
555215
552881
554471
554449
553535
551955
554949
553838
553870
555500
554037
555026
553635
555268
553369
557565
551982
554644
556762
554987
554578
553155
556223
553742
553992
553376
555358
552317
553115
556214
553163
555182
554661
553301
556505
554235
552631
552916
553713
552359
552991
553551
553376
552106
552532
555633
556135
553554
552202
554072
552685
554114
555828
554531
553984
553416
553944
554166
554337
555000
554258
554801
554240
553602
552851
555344
553184
553387
553679
554285
551811
554397
551941
556012
555217
553760
552254
553448
552658
556053
554243
556789
553869
554189
553297
553742
553652
552622
554778
554614
552629
552658
552505
554554
555442
552659
555106
552713
554715
555288
554478
553338
552984
557684
554462
552631
552995
552126
556928
552702
554297
554076
553580
552931
554782
555795
552733
554740
555907
554903
554457
554064
557851
551886
551311
555720
553946
554093
555702
554446
555254
553597
553411
553883
555631
555195
553812
556695
554952
555503
554461
552972
553872
555249
552609
554061
555189
555354
556581
553655
556836
555462
556384
553708
554886
552877
557309
553785
552434
553778
552376
556196
552272
552172
553422
554774
552642
553798
556850
553015
555397
554174
553899
551485
552859
554218
558226
553623
554192
555028
555936
553823
553925
555049
551636
554447
552701
552227
555241
553657
554717
553451
555243
558366
553412
557138
555600
555742
554659
552817
551619
554520
551688
554229
554465
556870
556014
554530
553492
552224
552306
553412
554032
553062
554189
552993
553209
554147
555534
555498
556419
552956
554706
551334
553547
553086
554713
552958
553242
552103
554092
553091
554529
552765
552419
555104
553416
554086
552108
554218
555618
554825
555942
554070
552908
554592
554996
556198
553544
553471
553353
555397
553605
555283
554820
554489
553523
553246
552382
554157
553932
552542
554286
554982
558382
554682
554391
553700
553010
553228
553959
554392
553126
555130
553801
554358
555558
555174
553918
554061
553591
555452
556765
553010
555949
557194
557538
553690
553244
553189
554344
553675
553824
554460
552013
554432
553604
555826
554615
557211
555696
555931
553992
556052
550910
555028
553431
557706
554143
552815
553845
554039
552398
554187
552531
552274
553389
556489
552702
552632
554680
555018
554527
552502
555230
552308
555072
552108
556742
556030
553769
553533
554928
557357
555230
553601
552215
555491
554622
552856
552539
552102
554473
555286
554249
553991
556191
554205
551810
556105
552135
555202
554395
551587
551431
552399
553319
551886
554978
553164
554159
554497
553277
555420
553596
555853
552569
555698
552475
554106
553637
555046
551619
557431
553297
552955
553146
553928
554209
554580
554103
552686
552558
555970
553033
554556
553711
554269
553774
555354
554207
551833
553481
555253
553480
554597
555379
552812
553010
553309
555079
554213
552579
554992
555415
554438
555860
555833
553592
554096
553426
554551
554265
552367
555428
554464
554532
556457
554073
555666
554774
556222
554037
553174
553807
553977
556228
554509
551311
555226
553624
556437
552247
554451
551656
553147
551947
558039
553266
553790
553858
554382
555664
553008
553573
557702
555057
555694
557079
558587
556283
553381
553113
556428
554667
552365
554152
552941
555500
551372
553086
557647
553410
555611
553310
555007
552837
553677
556058
555343
555695
553475
553877
552043
553486
552222
556281
552307
554799
555059
553368
554054
551083
555121
554679
553535
553832
553806
556967
552941
552568
552252
555123
553773
555462
553819
557167
557255
553020
554343
552213
555960
555647
554562
555547
554274
556698
553768
553065
556955
552778
554677
555261
551331
553992
553288
555392
553541
553569
554697
557738
552622
554682
553538
552104
552417
555254
555773
554021
555701
554707
552728
555114
554657
555775
553746
553283
552685
554040
556495
555847
552812
554765
553414
551886
554026
552361
552817
556020
555432
552836
558354
553808
553260
551238
552570
556225
557073
552739
556128
554283
555191
553722
555222
551842
552245
553087
553148
556566
553244
552534
551976
553065
552502
554920
555467
552934
554244
551886
556140
553424
552041
554510
553411
553619
553410
556451
553599
551881
553018
551617
552565
553872
553055
554959
553031
555685
554315
552743
553722
552487
554517
554767
553480
552685
551331
554455
554576
555827
552992
553085
553232
553688
553616
555831
553913
557225
552318
553548
554651
553308
552366
554978
552691
554309
554568
553616
552481
554249
553791
552812
553216
553339
555721
553791
551889
553498
554141
555192
554425
554408
554361
553992
554456
555534
552306
552365
555489
552571
554438
554837
552161
553514
555669
553143
554925
554837
552377
555673
554309
553744
553869
551331
551887
554604
553598
553536
554586
552932
554164
554749
555108
552530
554503
558241
553774
555124
552863
553362
554502
554258
552744
556407
553355
551973
553475
552629
554322
552503
554623
555673
553918
555162
552598
551887
554063
553935
553184
553849
555246
555920
553822
556058
552843
551990
553925
553908
552992
557079
555382
551485
552701
552576
553978
554678
554384
553430
552685
554213
558730
552426
552690
554827
553889
553118
553541
554186
555470
554269
553268
554266
555203
553964
552363
556084
553652
552972
555811
554446
554881
554096
556212
556908
554026
555896
554510
555130
553232
553003
553869
556004
555287
554292
554765
552790
555877
554409
555974
554609
553477
557792
555477
553390
553749
554340
553294
554141
552981
554147
554026
555863
553767
554043
554901
556169
553194
554474
553632
555382
553317
553116
554066
551331
553099
552855
556368
554607
552651
552659
553439
554677
551790
550910
553668
556365
554131
553224
556444
554349
553597
552376
553428
553482
555116
554869
552195
553765
552534
557522
553560
554274
553578
553778
556314
553857
552818
555393
555770
555081
552014
551333
553844
552929
552856
554230
551331
554789
554307
553613
553010
550756
552969
551128
554899
555165
554950
551468
553733
553618
554041
555105
553256
554452
554510
554563
551600
553687
552361
553984
553857
552305
553821
555674
555279
553760
553898
553089
552484
551527
553509
553043
551558
554572
554325
552365
553915
551466
553904
556682
553985
551618
554718
555891
554666
554592
558059
551639
554763
553442
553127
553275
553565
558584
555441
552696
554473
554670
553411
553516
552742
554823
554767
555683
554494
556876
553592
555583
553576
554584
556771
553579
554294
551887
555084
554556
555568
552504
555569
556463
552133
552684
555589
555241
554491
553278
553851
556054
555689
553873
554777
553216
554289
553920
553297
553550
554512
552418
553630
553869
554104
554653
555254
553235
555335
553932
556958
555707
553488
551656
553728
556209
555064
552295
552834
555405
558365
555931
553243
556148
552211
553334
552211
552101
552968
552366
553968
552865
555503
554470
551771
553808
555034
553913
553813
553091
553797
554782
553496
553086
557160
554460
552587
555125
552714
555963
553317
553752
552850
555671
552440
555960
555109
554740
553507
551886
553278
555311
555259
553159
553450
552454
557990
552259
553832
555042
556332
554157
553731
554902
552745
552397
554602
556700
552977
554060
553981
554948
554506
554247
553866
554053
554244
555903
556690
554202
555441
557702
552788
555432
554936
554595
553620
557132
555426
554131
554464
554040
553583
555118
554033
553730
557667
552588
554368
557028
555055
551788
552715
554640
554666
552789
552685
554274
551487
555200
552733
557635
554840
554705
552890
555303
552731
554530
554428
555493
554146
556023
555781
552243
554741
554245
555725
555194
557598
555332
552477
554086
554950
555632
554055
557201
553410
552507
553534
554129
555008
552754
553938
552336
553548
552015
554326
553994
554061
554452
553592
553738
555736
554665
553764
555281
556810
554266
554328
554617
552867
554475
558157
551973
551688
553334
554104
557679
555875
553300
555094
555195
553597
555352
553101
553291
556007
553499
553571
553677
553274
554029
553338
554241
553663
554305
553044
552893
553543
552836
552212
553767
554059
553577
555721
555373
555108
553252
553631
555988
552211
553002
552427
553087
551404
554125
553216
555040
554966
557030
554189
554483
555754
553077
551487
553472
553410
552488
555341
553238
556561
554476
553798
555186
552101
553760
553909
552832
552530
552537
553760
554528
553505
551490
554481
553738
558170
552933
553142
553126
556490
553883
553339
554501
553769
556049
552503
553470
553668
554441
556794
555273
554433
556496
553869
553541
554179
553126
555202
553387
553802
553445
553312
552862
555703
555354
554424
554017
552888
554852
552624
554507
553921
554498
553351
553791
552431
555947
552941
553206
555059
554697
553933
555078
554186
554490
551982
554056
557996
554829
555071
554259
555883
554348
553059
555266
555585
552143
556064
553147
556430
553009
553370
553678
554340
554679
553274
557164
554313
553088
554658
552077
554141
554797
553413
553815
552701
554287
555295
554455
556045
552247
553442
552015
552861
553660
552920
556364
553145
555572
556105
555012
553327
556052
551913
552031
553022
552680
553556
553058
554593
555490
555998
552531
554539
553352
554723
555155
553014
554165
555156
551886
554094
552837
556156
555281
553659
555124
552171
552888
553160
555229
554040
554039
556276
552397
553046
554506
552827
554821
554197
556708
553113
553016
554807
552950
554455
556065
555690
556084
553749
552170
555378
553497
556109
555274
554759
552273
554940
554838
552539
554861
552041
556027
553483
555059
554474
551311
553033
552856
554931
553655
552221
555615
555626
555238
556324
555970
552210
552713
554136
554123
553967
554265
552656
551947
553408
555509
554202
553576
555523
553822
552701
552243
553696
551113
553905
551947
551814
553214
552589
552629
553872
554126
554347
553449
552455
551886
553638
553953
551646
554208
553541
555321
554076
551532
554339
553123
552102
552365
552560
551332
554807
552780
551699
554889
552816
553251
553784
553497
552733
553485
553441
554647
553688
552714
554136
551817
554958
555457
552816
555636
553496
554603
557559
557090
558270
553944
558038
552261
554328
558213
552534
552981
553860
552211
553216
555270
552834
553943
553016
554442
554927
553443
554301
553570
551956
554847
552274
554451
553576
554593
552400
552235
553702
552213
552741
552557
557493
553485
554860
553580
552314
552531
553377
555373
553677
551314
551657
553030
553491
553162
555692
552661
551842
556077
554148
554094
553471
553785
554805
557415
552896
554026
556402
555617
554439
555074
553140
554692
553040
553919
554170
553829
555192
554453
552656
555009
551486
555060
552016
552874
555423
556426
555224
552279
553392
552428
552701
555243
555980
554074
555328
551886
553457
553411
554246
555277
552747
552243
551886
552734
554675
555687
553157
555132
551983
554070
553356
553274
554123
556518
553152
555211
555963
553179
554685
553419
552221
556231
557436
555562
552502
552499
552205
555154
554795
556008
556606
552788
551485
554749
555884
552703
553503
553490
555914
556026
554003
552792
552816
554290
558597
554369
556682
551331
555801
554292
552105
552127
555152
554838
556213
551658
551690
552859
552232
552211
558356
556894
554813
554688
552528
556584
553018
554479
552365
550757
554132
552386
553702
551827
557588
552379
555762
554914
555226
554615
555431
555171
553787
552171
554526
554689
554152
554697
554759
556152
554715
554116
551668
551945
553088
552760
555089
555769
553678
554920
553647
554669
553503
554166
552892
553995
555540
553217
554020
555024
553442
552427
552041
554662
551698
552685
554283
553620
554979
553007
552664
552538
553287
554041
554847
554237
554336
554289
555895
554137
554269
555488
552393
555896
554859
554361
553186
553292
554849
553687
554273
553259
554519
555583
552810
558012
553739
552917
551810
552504
554721
556252
553339
555362
554569
554053
553414
553345
553218
552965
554722
551955
554103
552304
553326
552937
553244
553630
555935
554192
553541
553266
553915
557628
555909
553574
555160
553293
551375
554748
554351
555670
554204
554593
555414
558214
553964
553273
553905
555985
553117
552943
552930
554607
554233
553071
554819
555408
555142
553808
555442
555030
554421
555085
553500
554753
554515
552211
552475
553319
552652
556471
554538
555472
553437
554432
554288
553449
551956
554906
555085
554791
555133
556365
554270
553256
553277
553872
555231
551657
555942
554392
551081
554070
553190
553634
557488
555612
552931
554173
555579
553411
552931
555629
553910
553505
553901
553932
552469
554090
554249
555364
555462
553128
554426
554782
553593
550572
554412
551979
552642
553062
555410
554470
553442
553338
557413
551842
554058
557038
554692
557133
554173
554245
554625
554220
553734
552459
551886
553842
554720
556583
554328
553157
554305
555225
555968
553113
553548
555261
555106
554373
555635
555244
552981
553309
553766
555115
555880
554771
553471
555080
552262
551987
555708
554104
553312
553959
557396
554814
555402
556928
555277
555483
552409
558215
555656
554929
555311
552887
554684
552691
553044
554172
553877
554990
555097
557197
556513
554240
554311
554186
553216
551912
554588
553541
553471
552214
552045
554848
552458
552366
556837
552426
553540
551913
553576
553760
552830
553904
553583
554342
553179
557940
554386
555435
553652
552243
553458
554208
552585
553897
555214
553936
555539
558160
551886
552838
553949
553075
554498
553217
554572
552136
553732
552835
555384
553803
553888
556338
554611
556240
551886
555349
556265
553750
555461
552404
552305
556458
552375
551942
552095
553701
554302
552929
552933
554837
554038
553710
555189
557782
555111
554795
554210
552682
552655
555172
555355
554013
553808
554397
553954
556205
553178
553701
556664
555239
556912
554681
552358
554062
554327
553570
552211
555843
555289
553150
554678
552141
554510
555169
552429
554282
553162
555450
554108
553171
551886
554270
553059
553428
554954
553739
553313
554973
554414
555382
555372
553332
556699
554879
553510
556129
554137
551596
553055
555431
553416
554979
553327
551730
551921
553676
553253
553393
555026
554737
553462
552776
552934
552110
555289
553541
552723
554904
556652
553240
552325
552537
555237
551951
554532
551919
552981
555442
552225
557173
553126
550756
553056
554429
553330
553219
553016
553943
552530
554057
552968
553102
554955
554314
555603
553069
554104
554730
555645
557176
558497
551486
554660
554220
556941
551268
555819
556263
553062
552325
553667
552827
551920
553577
554448
554978
554209
551636
552043
554259
555035
555899
554670
555085
551956
553546
554575
554057
553423
551920
554219
552656
552243
552943
556891
554548
555733
553906
558104
554472
552041
553288
556528
551924
553941
554931
554616
554670
553950
552857
552426
553097
552215
552075
554289
554492
552211
552507
555883
554114
556142
557311
554198
553751
552969
556731
553729
555952
555366
553889
552502
556090
556095
556216
555875
556028
553986
554855
554877
551934
553950
553928
556999
552778
553865
554921
553234
553603
551995
554671
553147
553957
555737
554272
553963
556484
552440
552557
554481
552949
554962
554782
553425
554588
553468
554028
555786
554565
555847
554214
555769
554285
553241
553085
555150
554170
552749
553549
553451
553911
553763
551488
554018
555720
554665
553024
556606
552221
552435
556017
554190
553822
558100
555510
552786
552762
551367
553390
556834
553238
554488
557490
555921
555888
555295
553967
554181
553982
552984
554067
554923
555412
553938
554762
555372
555855
554059
552533
555852
554418
553449
552949
555348
558916
554932
557360
555002
554758
552948
553737
553299
555086
552214
555231
553442
556985
554078
554193
554300
552722
554138
553030
556028
553745
555880
554677
554171
553825
553096
553409
557862
555266
554039
553817
553339
551332
553912
554568
553083
552645
554797
551657
554822
554487
556203
554554
553577
551487
553369
553546
552684
552831
553837
552386
553776
553846
553154
554015
554126
551698
554106
555524
556011
554125
554027
554301
551366
555392
555236
553667
555705
553992
553623
554242
553577
554748
552245
554909
555010
552787
554202
554106
552790
554227
553018
554033
554565
553859
552295
553551
552992
555321
555106
552629
553981
552040
552365
554277
556038
553722
554440
553603
555097
552954
554731
554109
553041
554158
553530
552243
555163
556127
554058
554385
553913
555406
556415
555237
552212
553711
551081
556700
556106
558360
554088
556163
556791
553677
551081
554300
554077
552688
553419
554922
553350
551817
553773
555836
555765
553578
554146
556787
554055
555618
552684
554798
552168
551331
553473
553918
551961
554480
553939
555896
555725
554311
553453
557439
553998
555616
553573
554600
552787
552988
553096
554060
553180
553196
553744
554354
554857
553241
553242
552214
554334
551528
554413
555202
553807
554174
553037
553882
553096
552508
551638
553701
553737
554207
554181
552476
555655
553243
553260
552283
555576
553422
554950
552104
553999
552247
553591
553701
555233
552657
552684
554192
552040
556546
553730
554326
553139
551332
552481
553613
553861
554033
552368
556435
553871
553676
552685
553065
554418
553882
554591
553688
552230
555146
552932
555194
554388
558280
554208
553570
554166
552211
551388
554335
554518
553064
555056
552252
555098
555005
554277
556500
555842
553830
555259
555118
552929
553934
551113
555289
555348
554171
553086
554992
554638
551950
555024
554623
552170
554189
555130
554039
553294
553629
553021
556084
555596
553524
553774
553182
551331
556039
555622
552931
551331
552070
554144
556506
558525
553427
552128
555009
553965
556333
555193
557097
553739
552930
554859
554993
554679
556476
551811
552400
552221
554642
556877
553305
554313
554166
553475
553506
554564
553687
553629
552862
556270
551922
556967
553936
552398
555777
555735
555058
554881
555261
555764
555148
554055
553566
554040
554208
552569
554163
551311
552426
555166
554624
553413
554048
551345
554147
553720
555135
552897
554426
552910
556861
552802
555307
554787
554068
552502
554997
553656
552573
553612
554721
554861
555518
552835
553033
555384
553073
552419
553188
554283
555358
552389
551657
555274
553213
557971
555689
554734
553110
554505
554514
555288
552992
556275
552934
553142
551900
552827
556641
553388
554097
554958
555166
553619
552304
553718
556030
553954
552376
554827
553146
554420
553451
553071
552171
552751
556163
555725
555621
552252
554957
554590
553981
552507
552423
553054
553933
555903
553045
554295
552416
554615
552659
554456
552925
552395
551368
552992
552954
553399
551486
551331
553873
554697
553386
553729
554910
552629
552922
552931
552963
552243
555777
552188
557878
551558
551657
552622
553428
553676
553765
552222
554462
555714
553526
555130
556403
555220
553102
554971
553536
554917
555044
554977
551526
553291
553949
554659
554567
556899
551772
552739
554896
552656
553416
554458
555665
554432
556844
556365
556149
555539
556254
553410
554936
554135
552932
556374
554437
554238
551969
554403
554148
551332
555588
554893
554002
553472
557098
553201
552065
554350
555424
553350
554302
553629
554143
555960
552956
551526
555807
551688
554661
553939
553472
554021
554469
553509
554925
558729
555538
554640
553736
551345
552656
553023
556568
554525
557045
553763
552859
552283
553387
554219
552625
553106
553379
554286
553668
550756
553615
553897
554549
554874
552950
552211
552232
554599
553481
555975
555292
553013
552502
553260
555746
554092
554769
553034
552956
553714
552081
555150
554723
554642
552703
553833
551335
552483
553365
554442
551494
553812
554081
554414
554446
553588
554098
552954
553655
552252
551842
553382
555106
555537
556212
556394
552723
555733
555133
553294
553472
552392
556627
552424
553010
556174
554577
554163
552040
554972
553733
557182
556116
552981
554202
553178
553227
554712
556638
554814
555418
552362
555330
552040
553908
553790
554593
553297
553487
553768
553194
555195
553304
551842
552520
554136
555219
553289
556018
554856
552304
552661
554867
556018
554062
553156
552566
551898
553448
557152
557627
553015
557851
554719
555567
552365
556290
555106
552512
553329
555865
554290
553036
552789
554972
551972
554846
552043
552378
555302
553743
553063
552888
553376
552418
552689
552040
553144
553962
554191
552487
554120
555521
555100
552130
554726
552856
554492
553093
553935
551961
553018
554308
552213
557008
554791
552043
553909
552211
554076
554895
554712
556866
553733
552750
554534
553012
552691
554093
554823
552867
554364
556190
554348
553064
553911
556910
553855
554291
551527
553178
551485
553182
557605
553986
554861
553325
553308
552376
555468
553872
554986
553627
554478
554603
553113
554953
556163
559285
551801
553350
554941
551346
552856
553258
552678
552582
554889
555468
552604
554935
553381
555120
555534
553618
552883
554143
551382
552504
553369
554261
554801
555291
555365
554017
552803
554657
552757
552455
552502
551656
553410
553091
552722
552677
554925
558640
554969
555972
553851
553702
552726
555420
552561
551332
554459
554868
552751
552151
553136
553163
554410
553157
554871
554463
554306
552927
552247
552827
553150
553939
552855
555899
554392
554030
552598
553593
554421
553736
555784
552829
554848
552041
555918
554560
554798
551332
553338
553737
552744
553621
552979
551318
553764
555077
553510
554414
557623
554424
553836
555666
554003
551649
554120
553152
552502
553274
550991
551636
554755
553251
553666
551656
553361
555410
556228
552141
552965
554091
557470
551656
551886
553626
551979
554550
556952
553216
552859
553104
555860
555115
557062
552506
552353
554073
554258
553086
554053
552952
554958
555678
555511
554231
551949
554634
552134
555215
554033
553712
553556
554387
555486
553653
553634
554371
556173
554885
553375
553179
555451
553381
556696
552918
552502
555743
552986
557629
556258
552016
554518
554192
555337
551466
551881
554784
552650
554568
553443
555428
552999
555512
555121
553601
556202
556812
553290
554165
553807
554306
553930
554027
557278
553361
555876
555139
556733
555359
557453
554416
554708
551853
552211
553413
553751
554053
553857
555937
551372
553705
554318
551332
553997
553185
552167
555173
552719
554194
554925
557818
552800
551235
551747
553451
555866
553305
551888
551963
558214
554995
552602
553778
552779
553589
554312
556321
552908
552973
553351
552657
553705
555595
553181
553067
552417
554890
551815
555532
553137
552817
553943
554401
552428
552203
554547
554024
553959
555008
554022
553735
554702
554624
551802
552211
551951
553365
552827
552551
554107
554826
553210
552649
552704
552686
552427
553240
553359
555380
554393
552067
552864
553504
554687
554720
553730
554726
556185
554334
551955
555884
553544
552252
552040
553146
556646
552815
552245
551811
554274
555990
556073
556431
552721
556559
552361
556169
553837
551485
554539
552388
555580
552947
553339
554762
554703
553886
556609
555595
556226
556487
553841
554160
556005
552981
553851
554093
553298
554044
552834
557017
554046
553048
552272
552919
552597
553742
554781
557724
555614
553336
554647
552662
552827
554362
553862
553801
553498
552861
554951
554772
553387
553144
556193
554360
553695
554627
554450
553465
554693
553304
552111
554424
551332
555870
557068
553858
553984
554747
552417
553944
554423
554867
552701
555643
553384
552763
552885
553442
555923
555267
553423
556038
557887
552397
552212
556204
554972
555483
552623
552571
554337
553792
555455
552399
553908
553213
551886
554171
552920
553483
553895
553918
552850
552911
553394
554855
555744
555706
551981
551617
553019
554432
554158
553163
552661
554571
552856
552859
556740
551993
555278
553471
553942
554339
555022
554458
554277
553394
552607
552173
553407
556382
553476
551636
553573
557665
556062
551331
553877
555547
553613
553526
553086
556689
555184
553628
554104
553240
554464
553259
551887
552812
552003
554867
558341
554426
552515
554470
553975
557703
553555
552656
553915
554439
553033
556478
553397
554349
553533
551617
552294
552870
554350
555504
553317
556505
557420
555505
554659
555615
553194
552682
559849
556089
552856
552787
553581
552188
554264
554195
554423
553384
554260
552857
551485
554000
553547
554815
555092
553331
553982
556130
552875
553299
554059
552101
553550
554153
556182
553112
553549
552621
553012
555287
554108
559196
553631
556048
555412
554001
552773
553744
551616
553124
556110
553417
553597
554762
551485
552403
553920
554830
557380
555857
552920
554969
553866
552856
556858
553329
552656
553365
553590
553267
552784
552013
553503
553191
552930
554209
554396
554141
555518
552801
553008
557471
554709
555094
555597
553582
553901
552881
555943
555338
552096
556345
553009
552861
554936
554300
551331
554712
554146
552496
552943
554634
553750
553833
555255
553349
556359
552418
551981
552243
554027
555620
555124
554878
553861
554716
552992
556197
554972
555451
553780
552624
553092
552931
552858
554852
554494
553756
555366
552295
552995
553412
552736
552101
553708
555675
554918
554646
555926
553480
554096
555920
553624
555596
557411
554883
554994
554163
556252
554510
552646
554925
554443
553648
553062
554424
556014
556148
552630
556493
554012
554521
553374
552664
553747
552417
554298
554055
555465
554068
557750
554502
555012
554511
552261
553058
553370
555584
555435
554059
552369
552656
552365
557532
554307
555686
554858
553595
553105
554764
554555
552945
554292
552426
552243
553704
554094
553411
553733
554190
554193
554056
554131
554386
551948
553188
553786
556356
554056
552722
552419
552272
552662
553501
552102
553458
553274
552536
552900
553113
552800
554598
553993
554109
554861
553765
556493
553302
552988
553374
554673
553952
554915
554764
553897
557236
552970
553358
551544
555647
555118
554687
552853
554640
553585
552273
552784
554786
552211
555859
554649
551592
553359
554361
552720
554031
554319
554031
552652
554822
552211
554586
551688
555142
555648
553667
553330
555070
555179
552758
556188
552438
553922
554650
553575
552734
552684
554290
553790
552211
552244
556953
554952
557430
555687
555778
554412
554150
554335
552690
552376
555423
553828
554579
552244
554408
554698
553034
551113
553185
551944
555298
553423
555075
553363
556830
555757
555138
551374
555341
553658
554349
556485
555370
556535
555807
551331
553811
553849
554978
554819
552082
556322
553050
552855
553603
552128
555674
554127
553338
552569
553976
557684
555595
551920
553690
552607
554660
554882
551947
558525
553118
553531
552245
554062
553617
555102
554137
558445
556837
553123
555021
554869
551649
553702
552160
552408
553742
553094
552980
553216
551372
554207
554196
555426
554423
552835
555262
552658
552102
554004
552789
556335
559109
554336
554040
554302
552845
552433
552416
553948
554581
553549
552245
553162
556057
553818
554568
552827
554853
552834
555224
558330
552836
554333
556071
552988
554751
553123
556046
553003
554410
552945
554750
552225
554316
555159
555068
551976
553152
552966
554127
555367
552532
557515
555045
553150
554913
553971
555176
553576
556232
556036
552839
552664
555341
555563
552647
551887
553609
554663
554453
555571
555491
556050
555964
556096
552276
558866
553563
554874
556019
555641
553507
551485
553886
552534
551335
554345
554705
554610
553556
550756
553581
556535
552757
554234
553733
553616
553219
554458
554320
551616
552211
555480
552864
554069
557151
554584
552894
553980
554157
553887
553338
552395
553715
552228
553563
555828
553626
553846
555204
553251
556739
553184
555638
555274
554317
559777
553341
552377
552704
554056
552933
555215
551636
551886
553923
553341
555997
555634
553930
554016
555477
554295
554239
556274
555226
553377
554843
552435
553322
551093
551085
552828
552040
554138
555717
553246
553440
553946
553887
553397
553779
553944
553329
552653
553126
553339
553634
553697
554543
552574
554850
550152
553123
554910
553475
555043
551646
551969
554058
554518
556789
557679
556103
553541
555424
552225
554413
554186
556394
554231
553460
554198
552922
556126
554656
553730
553830
554308
553847
554339
554922
553615
554837
554554
553775
551618
552955
551331
553012
552917
553543
555212
553870
554003
554857
553352
554289
551331
554609
552683
555739
555794
552454
553181
552101
555820
551886
553393
553707
552888
554472
553245
553071
555549
553499
553916
556645
554113
555315
553943
551485
552896
553998
551190
552931
553963
555297
554510
555393
554293
556649
551331
552243
554719
552803
553602
555089
553614
556881
555693
551825
554288
552445
553256
553124
557178
553591
553947
552452
555215
554851
557053
552040
556222
553163
555123
554289
551887
553528
554207
553643
553098
553302
554900
555259
556861
555435
553099
551630
552580
554316
556928
553986
553687
553675
554027
554825
556971
556026
555493
555674
554377
554030
551948
554109
555408
552167
554295
554760
552563
553316
552431
551485
553952
552536
552530
553725
555593
555398
554792
553583
552861
553550
553481
553022
553359
557208
553772
554220
553185
555021
553408
553448
553321
552313
555370
554556
552605
554688
555829
553219
556755
554958
554099
552981
554454
551920
553850
554284
555262
551375
555189
552629
551656
555647
554470
553366
554229
552837
553917
554361
554368
554670
552213
552685
552572
554978
555920
554309
555621
553919
553184
554817
555639
552444
555951
554390
553149
551526
551332
554458
554532
554181
555187
552366
554211
553736
553187
554268
554611
553620
554457
552683
552835
553123
555541
556903
552781
555017
554470
553239
552859
553898
553605
554553
551948
553387
553064
554157
553803
553584
553820
551887
553240
552458
551372
554945
554694
552966
553252
553908
554497
553789
553021
554366
552714
554066
556512
554661
554303
552693
552981
554525
555652
553606
554093
555529
552931
553301
554367
553257
552304
553807
553806
553935
552862
554282
554224
556837
552972
554167
553008
553421
553821
552552
553956
554587
552701
553355
554912
554218
557282
556829
553029
553154
553872
554468
556101
554003
555246
554608
552637
553989
554913
552631
553745
556838
556311
552568
553772
551686
553329
553140
552272
553257
553708
552272
553184
552834
553047
554763
552685
556444
557895
555938
553363
556503
552685
552887
552974
555694
555732
554050
554208
554133
557899
554612
553102
552992
555721
553450
555021
552462
554502
556627
553595
555479
553615
555106
553126
553216
554096
552326
554832
554192
552792
553469
553563
556279
555636
554464
552404
556052
556193
552590
552856
553281
553312
551702
554181
555940
554655
556575
554714
552847
555115
553101
552047
555438
555109
556228
552736
557298
554682
556678
554496
554892
552212
554902
553424
555840
553297
553972
552981
552417
554936
556078
551949
553735
559226
557080
556090
555212
551656
552379
554144
553212
552982
554818
555773
557097
551672
553063
551920
554942
554816
551311
552503
554906
551794
552692
552729
553112
554437
555796
552568
553575
553483
556111
554170
556155
552378
554370
554671
552664
554905
554349
555240
552933
552074
553473
554673
553886
551331
557469
554764
553799
555663
553915
552067
553365
555451
555330
553563
552830
553638
557155
554493
553677
552458
553770
553280
553388
554995
552783
553464
553560
552044
552690
557935
553592
556262
553114
554374
555985
556881
554813
553744
553147
552656
553788
552538
555341
554284
553984
552633
555119
554350
553369
553216
552827
552391
553984
556347
552081
556038
558055
553376
552772
555151
555539
552044
556394
555089
552995
554805
554141
554564
554135
552856
552776
555717
552303
554441
554612
553212
551673
554213
556750
555069
553092
553176
552509
553101
552568
555098
553133
553462
553950
554751
553689
553672
553552
552988
555305
556098
559086
557138
553988
551331
554872
552684
554492
555105
552783
555358
554787
553112
555617
553889
554565
552783
553791
554833
553086
554286
553812
553742
551161
552803
554717
552739
552528
555138
554383
553625
557919
553413
552671
554757
552595
554247
555624
552954
551831
552893
554494
553805
553504
554507
552943
554059
553306
551887
553019
554750
553058
552040
553556
556283
553304
553504
555624
552376
552367
555496
556800
552943
553370
553703
552379
556871
550756
552367
552712
552211
553347
557747
555752
553185
552661
551850
555945
553570
554410
552569
555357
555233
553085
553417
554521
555157
551886
555117
553598
556235
553532
554599
554370
553700
554236
555602
554544
551810
553729
555853
553778
552414
553012
553013
553487
552497
556489
554523
557921
553439
552699
553288
553223
553443
552167
555422
551331
553773
554240
553702
551657
553893
555051
556232
556181
551894
554883
555685
554153
554206
551827
552511
554350
552424
551485
554828
554707
553472
555668
554058
554058
556372
552981
552820
553961
557027
559077
555504
552906
556271
555177
556511
554699
553140
557040
555526
551813
552949
555588
554498
554433
554267
554024
553266
553489
553928
555740
551886
553410
554048
553307
553123
553094
553421
553904
554322
553831
554087
558277
552622
552398
554648
552308
554762
556727
551616
551127
556486
555833
553928
552430
556294
555360
553145
552849
556554
552460
554107
554671
553775
553392
554867
554789
554231
553613
554193
553704
551981
555544
553294
552357
552588
553808
553123
554130
555015
553087
552212
552775
554882
556134
551656
554734
553150
554594
553914
557081
551487
551888
552573
554814
555059
552289
555767
552273
552733
555058
552931
554858
550877
556091
554003
555541
554259
553567
552860
552622
553474
553458
556909
554003
554058
554613
552686
556485
554488
553899
554707
553446
552426
552433
554219
553317
554239
553817
554916
555115
554187
556487
553267
554649
553042
554256
555030
552304
557760
555657
554985
555504
553999
552584
555456
555583
554772
553833
552886
555243
551485
552947
553209
554311
554332
555939
553256
553107
555427
555337
555325
554875
553364
552068
553007
553329
555701
552365
553542
553774
553609
552461
552276
551802
553927
554440
552774
553326
552243
553603
555402
554141
555231
554260
553868
556448
554479
553924
555778
554531
555430
557096
554466
555065
553861
552397
552841
551690
553290
556680
555083
554328
555701
554147
557152
552502
553074
552627
552864
554659
553907
553224
553893
552072
553326
552531
552507
556515
553801
554069
556029
553901
554777
552947
555429
554128
558974
555969
554303
554816
552931
555534
553786
555172
553820
553270
553283
555152
551668
553410
553071
553901
554933
553296
552941
553532
553386
552982
555191
552981
553734
554060
555049
552750
554458
553363
554079
554055
555457
552979
552948
553339
554998
553688
552989
554376
555695
554845
551886
553472
553250
553213
552656
554142
554874
555613
554605
553908
557233
553628
552040
554093
553062
552917
554291
554328
553505
556749
551942
555152
552531
553181
554674
553162
552903
557463
553187
553010
553809
552859
554387
552917
552722
554136
555473
555044
551886
555202
554163
552264
552859
554474
555279
552167
554340
553682
555499
552855
554404
551870
554989
552426
553310
554288
556518
553613
554235
555269
552397
552577
552211
551811
554890
552504
552546
553532
553582
552304
551811
554974
556186
554044
551920
554293
551311
553498
554660
553036
553695
552212
554445
552813
553833
554640
551811
552372
555694
554990
553846
552630
552243
554144
555273
556775
555926
553829
554242
556713
551195
556777
551770
554080
552365
554154
555723
554473
552777
553370
554280
553428
553061
552931
553196
553289
552221
555953
554121
554209
551688
556256
555045
552560
553541
552531
554747
552500
554295
553086
553613
554607
552447
553087
553987
552629
554024
553662
554918
553267
552861
554443
556215
553801
553326
553416
555091
553727
556235
552942
551334
553703
554934
553100
553291
553627
553708
554564
552210
554943
553790
554909
553134
555302
553117
554816
554076
553537
553585
554213
554731
559199
553445
553651
554628
556449
554355
554621
553999
554036
554183
554467
553811
557968
554624
557415
553016
554315
553037
552683
553353
554013
554564
553335
553007
554723
553018
556441
552859
553567
554034
555071
552352
554712
553862
557544
551669
554637
554642
553047
553488
553017
554877
552664
552403
553041
552992
552893
554675
557776
556135
554446
553168
554615
553904
552326
552705
555735
553085
555584
553847
553544
554401
557100
555264
556605
553597
553914
556046
553100
553118
552126
553547
555066
553947
553690
553088
557079
555176
555850
554090
553657
555734
555343
554775
555929
552533
552040
554102
552688
552661
553595
554025
555084
552243
552502
557032
554213
553241
553519
554899
552800
556010
551485
555691
551487
554651
554765
552972
555034
556109
555046
553104
552830
556258
554308
552656
553504
553333
553184
555016
551948
552917
556193
553232
553090
553294
554063
555410
554063
555470
552951
554396
556141
557045
551886
554615
554032
553085
552167
554850
553051
554344
553409
553409
556055
556341
554480
552569
553487
554307
555111
554796
552244
554027
552931
553933
552365
554342
552528
555592
552546
554755
551701
553573
557863
554145
556441
552833
553242
552455
552574
554831
553165
552771
551656
552690
555274
552041
555544
554615
553705
553318
555329
553922
553719
552657
551433
552702
554091
555196
552221
553658
554198
554454
553057
552683
557916
552903
552140
552428
552531
552232
552428
552331
553149
555427
556078
555903
556216
552718
551470
552571
555519
552273
553864
553909
552427
555953
554614
553452
554809
555663
553122
555393
552864
553924
552458
552214
554717
554731
553451
553795
553880
554628
558672
553123
553724
554369
553706
554439
556095
552042
551331
557519
552457
557855
553832
554157
552376
553014
553904
554360
554322
552656
553469
555367
551656
553013
551845
553423
556117
554343
552022
552243
554567
555253
551597
554042
554651
556675
551811
554703
552133
556228
554385
555453
554030
554252
555674
552141
552278
552862
551577
554189
557188
554060
554752
553949
553808
552856
551950
554663
555519
552973
553592
552926
555799
554027
553321
551889
551887
552922
552969
555693
553307
554290
552488
556562
556436
557271
555705
553259
553492
553989
552650
556309
553486
553972
555293
556397
554781
554323
552261
553398
553582
552455
552376
553830
552856
553388
553040
553996
554177
556749
553698
552243
555360
554795
551467
552229
552983
553728
552718
552857
552103
553216
553592
553835
554178
555753
552513
553748
556071
555426
557276
554755
554472
554205
554893
555948
552536
554585
555524
553180
553503
553462
556450
554626
554495
554413
554063
554323
552817
556066
552367
555620
554962
553537
551668
553301
551941
554410
556121
554278
551486
555786
552656
553640
553410
553367
556176
552502
553007
553128
553250
553597
553678
553728
552509
552147
553372
553976
552714
555605
551347
551931
557113
554365
552419
552950
554707
554355
553413
553473
553453
553215
553882
561082
552105
551311
553037
554804
555819
552546
553096
554623
556399
553595
553139
555805
551658
553717
555588
552722
555972
553132
554927
555025
554092
551947
555211
553561
554686
554438
553087
553663
554456
555830
553573
553704
552976
552973
554387
553727
555998
552969
555367
551660
555372
553023
552625
552979
553153
552461
552797
555213
555115
553965
551886
554386
553926
554086
555208
557034
554060
553489
553734
552740
555191
552587
555287
555405
553253
554778
553413
556365
553350
552922
552692
553281
553834
554446
554779
554017
556636
557235
556002
553411
553950
554529
553119
554522
554056
552568
554664
552101
552701
556014
556983
553570
553906
554661
554303
554877
552438
552695
552868
553410
552516
552527
554476
554467
553872
554504
554902
556253
553349
556275
554709
555370
553810
553504
551331
553472
553932
552703
551886
553959
553268
554603
554627
551333
553577
555133
553158
555632
554324
552457
553379
553543
552743
553014
554450
553397
557096
553392
553929
552896
555496
556068
553910
552896
554790
555883
557045
552537
551961
555904
556723
555125
553746
554174
552682
554205
555019
553616
554147
553856
552253
553292
552673
552503
553204
552946
554186
553835
551887
553808
555590
554868
553617
553257
554425
553626
555637
551372
554460
551886
552365
554888
554580
555989
554836
552243
552040
553700
554551
551499
554189
552507
553674
553137
553352
552479
554242
552168
553590
556460
553270
553743
553977
554343
553088
553587
556739
552786
554739
554671
554436
554947
554515
554453
552619
554882
553737
552858
552789
555632
554962
554552
553059
556828
552417
555820
554878
554707
552612
554266
553326
553596
553458
553290
552661
556345
553667
552933
554753
552420
555736
553155
553393
554927
551636
554316
554988
554659
552073
554469
556503
554718
554705
553702
557506
554810
553938
554503
552327
554438
552744
552652
555202
555675
552989
557221
553717
552274
552587
557842
554590
555395
553232
554503
554032
552691
554443
553787
552856
555244
553256
552558
551332
554599
555199
554638
554753
551535
556974
554504
553773
553079
553251
555679
555139
554743
554394
552888
555681
554272
553829
555206
553983
554792
553159
555744
555209
554000
555133
551408
553327
552787
551750
554795
557788
554474
553913
553796
552041
555117
555792
553768
551237
554340
555957
551949
553877
552143
552631
552968
552992
554051
553995
555546
552377
552829
555564
554313
554167
554758
553904
552427
555040
554042
554213
555763
554088
552421
552243
554012
553420
553858
552055
554829
554982
555788
552171
556686
552325
551465
553844
552944
551617
553003
554637
553791
555432
552972
556373
552531
555268
552040
553147
554719
556777
552455
551281
553487
553562
554558
554327
556378
552563
553123
553182
554193
556988
553880
556344
552992
554701
554208
553103
551485
553757
553676
554428
554785
553603
554482
556240
553977
556436
556310
554384
554939
555212
554767
551801
552081
551485
552594
554134
552346
553462
552302
554118
552325
551842
553374
551887
555644
552272
556586
554230
556137
558028
553616
552965
551914
553384
557084
556985
554109
551887
557234
554467
553882
553195
553155
555459
551051
553840
554470
554362
554262
553922
555110
554350
554850
551886
554264
557383
554296
553587
554252
552095
552447
553091
552654
553253
554201
553797
554587
554627
553798
552368
553336
553572
554778
558185
553504
555674
554783
553238
553726
554426
552356
553174
556963
552449
553617
554028
556561
555048
554052
554250
555913
553297
554581
553942
552860
556099
553595
552979
552994
554498
555075
556061
552827
554323
552214
553429
552365
552743
552954
554058
555159
554972
554568
552662
555920
554659
557811
554150
552406
556858
552656
554572
555202
555179
553189
553962
552567
552548
553547
554335
558877
553074
554030
554621
552701
554952
553135
556302
553541
552979
551977
555545
554750
555075
554442
557300
554915
552417
552744
554227
553702
554287
554163
553703
554255
552447
552155
554351
555973
556966
552856
554567
552776
555850
554851
553062
553774
552487
553061
552602
558677
554202
554076
554283
554492
554363
555417
553387
551616
552788
552291
553625
555383
554872
554205
550910
554766
554480
551081
554346
551485
555136
553942
556210
552682
554990
554050
552172
555356
557494
552313
555344
554798
556036
553118
552701
553725
553169
553477
552502
553289
554422
552568
553857
554297
554811
553150
552785
554379
553411
553576
555247
554885
554268
556389
552373
553259
551526
554669
557336
552633
552983
553720
552344
552943
552406
553123
552460
554312
554155
555935
554631
554468
556414
557652
551842
552758
555526
553451
555702
552833
554928
552735
552125
555835
551947
553878
553914
554805
554227
553134
555646
553581
551904
553040
553788
554696
554851
552242
551668
553358
555045
554902
552749
552503
552993
555149
551903
553896
554593
553903
554044
553268
557251
554761
551957
553465
552378
556889
554511
551637
554816
554804
554477
553331
553628
554647
554733
552882
554866
556923
555559
555080
552683
553575
552274
555790
552040
554103
553403
554568
555367
554988
554789
554479
556705
553015
553629
552055
553627
552376
557257
557246
556050
554744
554454
553485
552683
555356
553973
556351
553051
556023
553401
557305
554760
553436
556434
551886
553687
555108
554610
552819
555055
553040
553482
554294
556563
555122
553784
554733
556038
553062
557118
555082
553493
554771
551810
554617
554327
554777
552418
554874
557491
553866
551668
556385
555468
551331
553211
552406
552502
554785
554316
556206
552935
553760
558665
557060
552829
553304
555310
553902
553574
552705
553914
552232
553797
557012
552827
554025
553442
553566
553297
555401
557717
554870
556425
554284
555885
554920
554462
553588
553010
555392
553179
552732
554381
555780
552776
554756
553088
553776
552932
553195
554404
554253
552569
554111
553592
552104
558331
552243
554984
555368
552054
558158
554503
554003
551331
554203
556562
554406
551632
553147
553431
552623
553790
554532
553467
552059
554286
554305
553164
553126
554066
555259
551331
554355
553196
555902
552399
554702
553918
554278
553737
556098
551331
554000
553092
555604
556472
551465
552160
557452
555629
554864
553695
553172
554746
557218
555943
553727
554181
556527
553432
554414
554779
554503
555739
554472
553512
554723
555680
552855
552982
551333
553338
552534
554713
554410
553076
553250
553736
553413
553659
553477
553786
552888
552856
553010
554577
554395
552968
556369
554013
553365
553579
555203
554133
554875
551485
553943
557240
553238
553628
553298
553713
551616
555754
553532
553730
553701
554518
551991
551996
553863
554663
552597
551960
552970
556929
553017
553694
556195
553885
552393
552505
554810
552431
555140
554555
554348
552313
553298
553453
553306
555875
551950
553608
556167
552324
554554
553687
555926
554778
553333
554461
552369
552656
557444
552018
556773
559533
552040
553610
553942
555830
554467
552828
553602
555654
554170
553159
553223
552301
554475
553424
555559
555077
556258
554224
554389
554087
552689
552593
554097
555141
553589
553776
554311
552454
555574
553588
553688
552275
552947
552969
552947
555228
552783
554700
552981
553213
551728
552926
552694
552859
555426
553724
552859
552496
557349
554070
553966
552040
553162
554648
552987
551872
553802
554368
552361
553117
555595
553071
554328
553288
554990
552742
552773
556681
556543
554879
556249
552658
553977
553641
555293
551465
552502
556195
554288
553184
553341
552211
553872
553506
556597
553749
556104
552211
554302
554793
553785
552986
552041
552273
555039
552502
555240
552585
554781
556678
553814
553123
557179
554690
553239
555012
554990
551690
554424
553657
554694
556190
554634
555252
553917
554061
553437
554664
554349
556737
553034
552993
552419
553593
555240
551485
553706
555235
553697
554440
554687
556174
555650
552603
554057
553386
551686
553735
554832
553712
552504
556222
552796
554397
551688
555548
552294
554361
552502
550911
556701
554384
554229
552701
551659
556343
552530
553598
554301
557763
553146
553906
552331
555395
551743
553556
555547
552534
556465
554611
554957
552213
554078
555025
550759
556033
552917
555113
554862
554394
553702
551656
553656
556298
557358
554413
553142
552788
553521
551892
554598
553701
553752
554467
554258
552487
555212
556708
554399
553548
556050
556373
552245
552817
555263
553975
556222
553471
553752
552651
556133
553626
554665
555520
552304
554452
553302
553613
551529
552101
554616
553259
556260
551886
553494
555083
552211
554715
553005
555306
554496
554562
554505
557377
553062
553496
552972
553733
553993
554537
552074
554695
551372
555317
557843
552520
553547
553713
552088
556232
552248
554035
555666
556162
551656
554387
551333
552570
556003
553943
554256
552236
551792
556718
552456
553387
556579
553850
552970
556084
552609
554419
551607
554075
553148
554209
556017
558005
555557
553184
554208
553828
553523
557993
553147
553740
554555
556775
551751
555569
554376
556504
555343
555205
555180
552954
556623
553707
554501
553127
556825
552307
551949
553010
554146
554084
553552
552397
552211
556236
554818
554051
553887
552783
551527
552572
556433
553675
554525
553469
552386
552273
555224
557715
552856
554026
554189
551636
554374
552460
552274
551697
553258
552074
552776
551314
551331
553254
553940
554035
551770
553898
553009
556173
551887
554544
553173
554790
554013
555950
551888
552056
552827
552971
553552
552304
551931
554070
554838
552969
554042
555008
554396
553442
555219
554285
554813
552537
554696
550917
553306
551889
555783
552504
552139
553787
553477
553268
553715
553711
553617
552761
555211
556033
553299
555554
554207
555503
554243
553659
553536
554525
557286
552295
556874
554013
553861
551947
552846
554258
555644
553569
552532
553134
551485
553146
555196
555331
555559
555405
553640
557429
552739
555777
554208
555011
552657
554931
551602
556386
552342
554927
553784
556739
556706
554843
555851
552872
555078
554869
552908
554437
552763
554972
555705
553332
552173
552461
556183
555084
552211
553774
553585
552801
554390
552006
553088
553133
553525
553776
552448
552537
553301
553948
554575
558544
554037
555135
554593
554036
552055
551235
552202
551331
556632
555353
555071
554850
557177
554284
552656
553257
556111
554834
555118
552701
555775
552317
555775
555163
552505
551332
555583
554695
553033
553607
553467
551842
551771
552488
552981
554307
557124
554625
557427
553415
554656
554748
556126
552832
555193
556727
554293
553304
555976
553517
551976
551873
553175
558314
553758
554511
551901
551331
556073
553288
554493
552254
552358
555269
553710
553297
551333
553711
553126
553945
552724
553442
553458
552440
553160
552233
553961
556590
558139
555611
553387
556588
553639
554348
555896
555595
554795
552067
554783
552981
554034
552664
553421
554394
552561
553736
555074
555414
554991
556189
556077
553670
554741
552928
557062
552994
554496
556936
556827
553905
553683
555188
553073
553146
553997
554724
553800
552933
554136
551947
554637
552546
553922
552827
553252
551851
555500
555690
557140
553903
550756
557964
556184
553872
554907
552435
557788
555687
556232
554181
552499
555306
552397
552656
553126
552074
553469
554941
554096
553894
553123
553945
552397
556431
553844
552918
553897
553701
554892
555395
554015
556801
553898
557093
552896
556855
554382
554486
552931
554756
554644
554005
552931
552596
552655
551267
552530
552838
556737
553384
553394
553123
552399
551331
553745
551657
554447
555263
556800
552981
558481
555976
555366
553145
553096
555474
553456
555896
554233
556845
554492
556454
556148
552970
557211
552926
554669
553877
553371
552931
553010
552496
555443
551741
556585
552818
554616
552573
552622
553335
552424
554752
555052
552629
553999
555666
553713
555171
555098
551972
554287
554069
552534
552781
550572
553184
555462
556637
555482
553879
552692
555899
555467
553013
558613
553472
556899
552764
553331
556382
553548
554324
553731
552966
555727
551689
554684
554211
552629
552392
558349
553828
552947
552896
554323
555306
553059
555008
555775
553456
552722
554854
553069
551932
551592
556530
556334
553267
554457
553594
558706
554025
557979
552129
554221
557054
553626
557917
552895
555878
553748
554337
553609
553630
555503
552272
556564
552705
558188
554734
554802
551886
557253
556208
555873
554610
555693
552964
551723
555216
552426
555105
554173
556316
553415
554699
553662
552252
552722
553869
552888
556289
552661
553589
554699
553443
553910
558134
555989
554688
554768
553939
553473
554542
553146
552503
553074
552965
551335
552436
555954
554158
552656
553652
553015
552085
553418
554545
553343
554877
553701
555093
554383
553832
554058
554526
554053
553208
553823
554083
556408
553937
554877
553297
551130
553995
553218
553590
554098
557010
552456
554972
553926
554893
552840
555299
553162
555519
552322
555049
554856
552325
551886
557521
555311
553004
553086
554433
554350
553232
553148
555384
551500
556722
553973
555577
553432
554509
555043
553412
554275
555104
553101
552988
552502
552273
552856
553745
553105
555931
554361
554328
554390
551555
555243
553993
553857
551888
553086
552539
554828
554192
553978
551639
554524
557791
553087
552214
557618
557253
554016
555059
554140
553452
555818
553735
554303
552126
556335
555652
555720
552303
554784
552932
553087
553049
555466
553992
553256
552307
556247
557021
555085
552264
553164
557161
554963
552642
553443
556414
553184
554336
552748
553132
553250
553510
555267
554874
554321
554089
554497
553859
553349
553085
553042
553225
553897
553472
552309
555060
552873
553432
556980
552261
556478
554616
553806
556180
553031
555293
551334
552357
553563
551941
552095
551657
552736
554088
553343
554003
554315
552531
554039
552395
556201
556072
554326
552742
555191
553266
553886
553469
553789
553569
554531
555243
551890
551331
552397
555342
553947
553448
553832
551941
554842
555490
555724
554495
553470
555673
553674
552041
552110
556335
552530
554776
554964
552306
553267
553030
553086
553626
553549
552856
552589
554823
555145
551923
554817
552673
554753
555395
553833
553553
552931
556990
554960
553731
554997
552856
555808
553347
553673
556343
554586
552815
556358
552856
554929
552930
553790
552213
552568
553730
553083
552932
554914
553962
555124
554923
551688
556630
553635
554894
552212
552932
553062
553912
552894
552040
555618
554491
553779
554279
553702
553738
555500
551810
553282
552827
553611
552102
557107
552570
553012
556904
554765
555348
554263
552687
554905
553148
551949
552056
553019
552328
553592
552598
554620
552987
553302
551955
553434
555119
551486
556182
555576
553668
553702
552827
552589
555836
553861
553375
551847
552626
552387
552474
556296
553434
554061
555717
552932
554350
555242
552272
554553
555244
553519
552844
553410
553127
553678
554644
553845
557433
554061
554887
555818
554577
554400
552546
554737
552074
552369
553242
553859
554227
552536
556747
554377
554263
555033
553010
552931
554271
554554
553676
551082
555343
554618
554378
552768
553542
553304
552344
555139
554686
551314
551733
556214
552863
552431
554614
553493
553163
554140
554328
553014
553778
556129
551905
555109
555214
555423
554360
553792
554633
554237
556014
553582
553850
553058
553417
555004
553604
552507
556041
552977
551790
555475
555927
553344
557002
555975
553542
552275
554541
552243
553843
555238
554454
552658
555810
555994
553884
553831
557001
553755
554773
554680
554061
553701
554032
552304
552441
555547
553062
554497
555628
554454
553370
554067
556228
555525
553823
555985
556342
552142
556169
552912
553251
554006
555685
554451
553690
552530
551494
552974
553800
552315
552531
554707
554240
556444
553976
553231
556884
552867
552742
554564
557246
553279
554432
555603
553030
557233
553275
555338
557747
553004
553578
555187
554673
554034
555383
553268
551526
553532
553315
554487
552822
554157
554522
551843
555862
551617
552426
554335
553533
553472
554507
556103
551941
557410
555740
552988
553471
554837
553994
554250
553033
555492
554375
555194
553468
556284
554186
554191
554202
553591
556861
552740
552886
552827
555069
554366
552272
556021
552973
553563
553734
554424
551649
551980
554693
553566
556565
555218
553857
555211
553117
555908
554672
552160
555120
553585
551312
554715
552047
555942
554347
552766
554563
553579
555828
553306
553060
555293
554477
555870
553509
552414
554642
552503
552272
554105
555621
555955
554740
553075
556210
555930
553042
554601
553504
556429
553150
555533
552896
552966
555424
554009
557860
553925
552969
556776
554047
551688
552936
552365
553458
554145
553889
553965
554575
552103
554844
554147
553706
555049
552123
556098
553066
553511
555148
552134
552976
553575
553559
555062
551656
556768
554052
553456
552954
553124
553421
552306
553340
552296
555802
555132
554884
553487
554808
552137
553794
555865
552986
552932
555622
554104
553761
553120
553014
555363
554339
553497
554529
552358
555328
553597
554222
553672
552688
552623
555466
552040
554986
559074
553034
556740
555126
555303
552981
556155
553162
555357
556933
553974
553501
555947
557001
555878
556046
551886
553509
554555
552365
555664
552641
554556
555936
554438
553223
552212
552041
552752
555954
552015
554709
553047
553813
552101
552986
552034
555716
553861
555039
556097
554360
555397
553972
554166
554215
554925
553495
553786
555540
554241
553532
551886
557801
551468
553541
555518
555275
555503
553256
553743
554279
553677
553254
553973
552213
553193
555648
552438
553028
552123
554396
555197
554295
552603
552978
551597
552153
558187
553808
550910
553281
556308
553966
556171
552629
552424
551921
554886
556982
553569
556030
554581
555739
558447
554627
555609
555948
556620
556613
555105
554917
553387
553339
554246
553416
552900
555662
555813
554267
554828
556535
553743
555578
553939
555263
552973
555148
553590
554149
551331
553850
554722
553932
554490
556864
552715
554520
553821
552622
555515
552546
553363
555585
552407
553146
554453
556969
551947
553762
552932
555203
554112
552174
552860
552508
553877
553709
553443
555533
552067
555383
551331
554501
553041
553759
553836
554095
554168
552629
553216
552830
555743
553217
554832
554376
554441
552398
553586
553089
553602
554946
553086
553387
553848
553088
553361
553830
554663
556038
552902
554607
554562
554658
556840
553828
552235
554370
554528
555008
556362
555576
551886
553061
554982
554103
553721
557823
553822
557487
555899
551401
552510
553512
553504
554361
553565
552188
554961
553656
552860
554936
552455
552272
552397
552853
552806
553655
552123
551948
553010
551961
554669
554425
557358
553616
556622
551844
552981
553474
558047
553508
553691
552946
555548
554772
555739
553380
552897
552946
557930
553764
553496
553213
555142
553706
553018
557350
553362
552998
557534
552629
552699
556833
553912
554590
555266
552761
554385
556945
555235
555439
553416
552108
553086
554682
553085
554860
553496
555466
553717
552723
554066
552538
554343
556111
554765
552896
554396
554003
553416
553016
557822
555536
554025
554322
553003
553316
551333
554831
552644
554181
554491
554911
554279
553940
554856
556641
553092
551947
553938
554716
553166
553570
555292
554351
555156
556506
551518
551237
555789
555082
551699
554169
553859
552480
553119
552386
552686
552197
552376
553049
551691
554770
554110
553154
554069
552041
554748
554534
554395
551956
554268
552741
553047
554656
551636
552992
554571
555702
551443
556257
556288
555469
554002
554853
554059
553010
554138
554223
553535
552630
552691
554157
555425
553289
553778
555030
551947
553374
552688
553858
555958
553322
552272
557469
552834
553561
554990
555935
555985
553615
552960
555969
554431
552548
551960
552763
552570
554062
552622
552573
554221
552702
553829
555279
555576
551934
554058
554750
555435
554053
554009
552800
554354
555840
554155
552452
553798
552507
553419
551947
554479
553903
554207
555847
555037
554928
553289
553335
554925
554085
552605
557211
554198
552350
554269
556948
553148
556136
551731
554277
556489
554722
553537
553455
553291
553732
556585
554824
554369
553805
552372
554977
553703
553584
552683
554068
551889
553546
554609
551770
552823
554944
552538
555654
553299
553577
553620
557230
554852
555682
556858
551842
553122
553478
555832
554516
556654
552561
555429
553038
553809
553829
553829
556044
555128
553552
553673
553692
552366
554259
556093
555919
554346
553267
553910
555607
552856
553541
555900
553068
552690
558304
553512
554872
552570
556077
554510
553674
557875
555285
555031
555019
552683
553371
554514
552827
555259
555378
556864
554323
552245
556306
554156
552947
552040
552979
555362
554822
552992
553469
553479
554031
552594
557028
555221
557176
555683
554092
555525
551947
554903
554107
556832
558735
556991
552548
555794
551372
553448
552888
554456
553400
554240
552476
553746
553193
552301
555331
555040
558768
554658
555972
555958
552496
552568
552276
553957
554200
554878
553857
553928
553600
553146
553297
554724
554829
552365
553829
552013
552936
554030
553987
552830
553741
553044
553010
553409
554838
555781
553541
555793
554667
554484
554955
554317
555667
553811
555497
551839
555668
552887
554103
555941
553074
557671
557652
553270
552690
553483
553965
551404
554242
555190
551465
552588
552652
551332
552013
554925
552081
553295
554424
553140
558808
553890
552531
554559
553994
556907
553059
553349
552735
554432
552683
555248
556000
553987
552691
553579
553812
554825
552664
554064
554751
554151
552451
558489
554385
555220
552397
554105
553294
552211
554674
554214
553010
552722
555453
553932
552233
554365
553089
552888
554951
553778
552832
555901
556478
551333
556341
552838
554586
556321
553212
553483
554153
552366
552098
553860
554731
553194
556380
554719
553266
552506
554026
552891
555753
553656
553547
555231
553744
553631
553615
553707
555446
557088
553205
553058
556080
553857
554392
551485
554433
553866
555872
555229
552941
555151
552761
553828
552896
554723
553822
553480
555152
553466
553308
552685
555628
553388
551980
551332
551331
552859
554413
554290
556672
552656
552524
553480
553015
554483
553427
556924
554230
551485
551551
555881
557277
554976
551688
553506
553570
552637
552524
553269
554026
556140
553768
555268
552426
555610
553873
556079
554547
553021
555308
556058
553757
557240
553306
555076
551810
554975
552829
555757
556356
554119
554890
553906
552817
552652
555137
552074
554892
553634
554794
553448
557510
553172
552042
555480
555721
554991
553338
556063
552326
557496
555269
552903
552701
551656
555674
553543
553861
553092
552625
552365
552657
557631
555044
554286
553675
552742
554527
555804
556280
556886
554433
557365
551331
556642
554789
554376
554458
552572
553216
553306
553214
555951
552565
552212
555528
558022
554285
553013
555619
555735
553835
553482
555656
552096
554424
553112
555395
555212
553450
555448
553702
552458
553413
556475
555369
554875
554996
558117
552058
554438
556104
554818
556436
553997
553521
555151
552416
552386
554047
553912
552609
554338
552215
552530
553949
556324
553321
552966
553927
553590
555265
554285
555203
555293
553586
554453
554332
553787
552475
557087
555452
552255
550910
554154
553961
553586
553607
553489
552331
554031
553980
554799
552933
552502
552470
554252
554635
553415
553301
553653
553015
553453
551887
551331
554261
554165
554777
556168
553569
553903
553360
553212
554997
552859
552009
557730
552789
554038
553598
556571
555826
556159
556478
557041
556249
554287
555017
552982
555711
551487
554017
556037
551041
554677
553425
557743
554709
553869
555020
554768
554350
552947
555082
551947
555773
555592
552578
554371
552298
553927
553239
553251
552685
553284
554421
556642
555297
555975
555312
554268
557623
552931
555046
553410
556732
553328
555394
554036
553655
557000
553221
554891
552891
553443
554364
554148
557341
552409
555101
555469
557232
554850
552969
553090
557216
551884
554700
554801
556655
552771
552969
555223
552101
554615
554643
554865
554108
554087
551485
555374
556837
554761
552059
551657
555987
553683
553085
554462
554340
555270
552532
551331
555196
555013
556808
557071
554287
555382
551374
552970
553289
555034
553532
553015
552682
554152
553193
556281
554816
554245
554557
553082
553262
553538
556271
556613
554094
553061
554147
554026
557677
552757
551196
555863
557149
554285
558009
556067
554167
552859
553520
552397
554348
552854
552643
552503
554553
552211
553099
552373
555659
552235
554487
553473
556865
553584
554595
554522
554550
552082
551657
553962
554189
554845
556166
555445
555409
553771
553013
553799
554110
556656
552685
553443
554367
556746
552532
553667
552211
554316
554377
552828
555236
553959
554592
554399
555413
554599
551331
555098
553015
553007
555493
554639
553883
552665
555062
552325
553232
553036
552711
553837
551886
560131
552380
556979
553616
555251
550910
553094
553032
553445
556341
556461
553939
553736
551817
559863
552251
551791
553085
555874
555017
553861
554841
553350
552996
555903
556508
556658
553068
554536
554122
554411
552397
553306
553009
555392
554097
552504
554218
552943
554466
551636
551926
556344
554041
554487
556159
553848
554223
554834
554720
552588
551811
554393
555782
552490
554497
554458
553541
553045
555751
553896
551465
555978
556879
553841
557453
555368
552571
551657
554240
553364
553442
553882
554499
553789
551345
553933
555732
552502
552417
555616
555293
554315
553904
552623
553304
553845
553535
557123
555089
553416
554558
554724
555049
554559
554774
553487
554549
553675
554206
551596
556239
556014
553857
558027
553902
552891
556364
554040
552933
558916
554592
551851
555985
551948
552414
555474
553289
555326
552040
553852
553832
552243
555104
555644
555143
551638
552763
552685
553266
553044
553795
553549
555460
553215
552665
553976
553922
552714
553387
554721
551849
555133
552496
554147
553392
551889
555468
555160
556322
553625
555233
551886
554729
553859
553258
557590
553127
559531
553136
552992
555995
552210
556283
553918
555730
552475
555742
556314
555602
551331
554936
555386
552211
555342
553697
554026
556304
553304
552457
551729
553218
553828
554305
552443
553011
556309
555350
554141
553849
554684
554430
553776
554505
554703
553290
553125
551656
553784
552943
554278
552426
556479
553266
552847
554290
553503
553277
553470
555072
556382
552325
554568
552971
554682
553508
553127
552421
552369
554181
552889
553797
553476
553971
554497
554131
554911
554578
554985
553394
553694
554035
552774
552944
555093
554042
555636
555737
553805
558393
553522
555760
553142
552458
556538
551332
553301
556159
553912
552513
555457
554788
553658
553422
554430
555506
555517
555021
555398
553216
556797
553678
551888
553582
554081
555363
554558
555770
556034
552933
555811
552167
553642
557796
555692
552245
552235
556228
555583
554674
552692
552304
551081
554947
551331
554169
553443
554119
553148
554803
553573
555095
555088
554038
553060
557956
555430
554702
555547
551127
553728
553832
551967
551656
553591
554449
552532
552248
552129
556522
554270
552216
553112
553695
553366
553974
552171
553238
552705
556077
553978
552533
552081
555157
553909
554403
556884
556369
553925
554535
554623
557912
552776
557747
553966
552857
553842
553871
553266
553522
555587
553748
552839
552859
555671
552656
553992
556966
550758
555868
554149
553881
556613
552744
553240
552430
555164
556972
554218
555520
554371
554407
555554
553782
554628
552830
555444
554283
556748
553599
553856
553133
552929
555692
552966
552081
553034
552631
552861
557398
554597
553339
553219
555990
554461
552531
553397
552862
552068
556585
555722
552629
554438
552889
553549
553234
553142
555060
552015
552304
555404
551485
555144
555487
553115
551311
554453
552836
555630
556045
551529
551886
554852
553472
553428
553905
555246
553112
552101
555873
553301
553498
554555
553618
553807
553833
554018
554228
554632
551334
554435
552530
553101
556101
554823
553486
556924
553047
554421
551658
552792
552887
553452
552173
553087
553472
554870
554266
553785
555237
553894
555094
553014
553655
554492
553613
552305
554172
552397
554376
555217
554578
554182
551486
553998
554643
557203
552531
553637
553440
552372
553604
554130
556841
553232
555012
555152
553203
552445
552858
553739
554398
555367
553547
552993
552568
552588
553042
553646
551974
555703
553104
554001
553837
554701
553992
553416
555081
552043
554010
553086
553542
552449
553445
552701
552433
553452
555965
555419
555139
554663
553794
552480
555230
555287
556306
553945
552719
551688
554055
554858
553137
555672
557763
555634
553746
555819
554180
554904
558820
554378
555215
554738
552865
552502
554941
551885
552829
553487
554215
552849
555393
555801
553095
553842
555248
554146
553832
552131
554468
552428
553380
552742
553731
555430
554069
553185
555540
554984
553642
553942
553013
556030
553861
555609
552757
555028
552040
554165
556531
553980
551513
554168
557818
556738
553349
554740
554914
552428
557991
555237
553591
553182
554622
554055
554782
554913
551948
556996
553475
554943
553830
552274
556317
552888
553288
556612
554965
552428
553577
555573
555362
552677
553803
553901
555567
552722
552837
552233
555614
554649
554084
555566
552811
552981
553829
555573
556855
552221
551771
552196
553860
554396
556522
555073
554505
552948
552982
555258
554799
555058
552212
553333
554106
553039
553428
553757
553212
555630
554322
555830
553421
555025
554644
555836
554548
553953
554710
553484
556623
557484
555814
554181
552212
554528
555199
553485
553366
555631
552214
555401
552487
553658
553751
553813
553736
554769
553999
553218
552746
553675
554464
556513
552800
551656
553065
553288
555224
554053
557346
556530
554668
553144
555888
554420
556211
552890
555348
552456
552172
554109
553113
553922
553925
555100
552376
555501
553297
552926
555232
554825
552459
553076
553162
555729
556240
553903
556380
554888
555933
554288
555072
555226
552658
552656
551955
551697
558662
554957
555207
555635
553150
553701
554744
552829
557145
554214
554297
557345
553127
553574
555762
551973
553616
553794
554500
554754
555243
554482
553561
553185
553486
553909
553447
553301
554303
554566
556010
551669
554615
553918
552041
554424
554017
553087
556415
556656
554051
553393
554565
554624
554230
554210
553294
552787
556221
557087
553509
551495
554989
552719
554078
556134
556183
552857
552568
555065
552503
553651
553151
552656
553520
553388
551646
553882
556972
554822
553650
554548
554876
553245
555748
553106
556092
555478
554215
553575
552041
553005
551810
555694
554346
553563
556840
552776
553353
554463
557938
553593
554862
552684
553359
553247
552821
553281
552408
554721
551239
553120
555496
553329
556103
555088
553280
556104
552684
552017
553291
552044
554996
551638
554099
554025
557475
553203
555442
551313
554976
554965
557814
554889
554166
553214
553512
552367
551404
552622
553667
554396
555532
554586
553120
555989
553504
553998
552369
553123
554651
553941
552623
553498
553033
553254
554286
555189
552426
553320
553270
552712
555606
552930
553702
553644
553224
554979
554645
553232
554288
556922
554179
553481
555347
552685
552502
551770
556914
554464
554762
553521
553802
553741
557351
553863
555264
553541
554969
552789
554653
552345
556593
554793
554061
554573
554776
555290
552837
552496
552701
552837
552496
551349
556713
553100
556408
552700
552827
552103
553749
553063
553685
553821
552040
552356
553830
554231
552211
552102
551688
551819
553413
553252
554207
553849
557367
556584
553547
553292
554047
552043
554312
553258
554597
552931
551822
552837
554752
553472
558619
554925
554675
553690
555627
557053
555594
553883
554378
553424
552751
553746
554568
555045
553532
554980
552502
553809
553005
554075
554284
554054
553570
553392
553502
552399
552988
555390
554284
553174
555023
554652
552059
551311
555999
551803
557725
554885
553294
553146
553584
553898
553747
556369
554467
555368
553533
551947
554207
553638
552507
554989
552044
552081
553538
552829
553413
554790
553335
556125
554095
551485
552746
552982
555959
553547
552502
553071
554374
554725
554550
555288
551311
554711
555122
555951
552130
552969
552926
553068
554675
553300
551372
555475
553158
552688
551822
553731
554784
555118
554885
553231
553860
555397
553398
554735
554891
554435
553212
554301
554209
553547
553219
552934
553702
552123
554031
554063
555371
555090
552794
553751
554887
553520
552706
555396
553472
553238
556221
554549
554406
554685
554753
553244
553388
552426
551745
556184
552397
555837
554190
552502
553062
553246
551889
557411
555632
553888
555333
552272
556014
556391
554517
556208
555734
554910
554818
553574
555818
551980
555531
553170
554438
552742
553851
553707
554007
552656
556380
555546
554942
553602
553773
556614
554106
553447
553878
553858
556445
551372
555106
553894
554261
553120
558341
558279
553118
556596
553722
553977
553672
553597
555704
551529
552966
555074
554294
553668
555133
552780
554750
553829
552528
554050
555110
551973
553732
553634
554048
554060
554040
552502
553448
554588
554396
555147
554838
552630
556018
553347
552367
556306
556846
551465
555335
553189
552932
554843
553597
555307
554268
551702
554062
552716
555312
552560
557444
554422
552365
551771
553560
554275
552043
553151
554551
554214
555272
553536
552245
554932
554792
556849
553528
555060
555037
554493
553831
554886
552184
554831
551974
554739
552629
552693
554797
553933
553443
551844
552201
552245
553765
554868
553390
554612
556378
556260
553228
553087
552502
552040
554213
553097
550757
553126
555008
554189
554080
556303
553555
553455
555694
554068
553718
556034
552632
556918
553606
553660
553318
553406
552014
553162
552934
554649
552981
553233
553180
554432
552691
553494
553408
552983
551947
552711
555264
552526
553390
555644
553943
552568
553992
555268
555138
555901
554918
553954
553565
553147
553720
553238
555505
552536
555862
553258
555230
554031
556495
554076
553890
554586
556086
555339
553336
556872
552629
555721
555564
553973
556072
555951
553888
555812
554683
554928
555533
555970
553803
556244
553448
556086
553883
554946
557307
552954
554229
555073
554990
552981
552040
558053
554739
555936
552532
553701
552891
553208
552652
553702
553600
553915
553085
555660
553813
555273
555699
552514
554300
558755
553936
553417
552788
554826
553999
554352
553705
553856
554789
556226
552211
553678
554246
556529
556024
553087
554112
555796
552762
554858
554270
554436
553236
555308
553086
553722
554374
555013
554129
553548
553692
553838
553880
553277
553935
553086
552793
557162
554260
552758
552592
553885
555485
554208
554233
552426
552776
553615
553938
552904
556549
553965
554018
552013
555051
552912
554151
552712
553687
552345
552827
554526
552656
553698
555905
557149
555495
551489
554334
553434
554747
554646
554396
551331
556411
553547
554353
555366
554199
552305
552916
554830
553131
556011
554928
552124
555910
552981
555221
556738
552684
555131
556309
552366
553678
551332
551950
551656
553367
553257
554336
552079
554720
554761
553475
554778
552829
555136
556803
556162
554893
553890
557789
553351
553733
555190
555275
554628
555803
553818
553371
558703
554276
554917
553157
554512
553616
556528
552041
553123
555099
554274
552912
555038
555976
553977
552368
554062
556082
554130
553463
553957
553760
553261
554708
553746
555505
552443
554195
554225
552763
555235
554529
552661
553668
554061
553091
555109
554712
557077
554172
552623
554936
552932
551810
551689
551331
555832
553674
557879
553054
553695
555789
551951
555250
555040
554037
553863
553329
555118
553043
553013
552502
554123
552527
553325
554383
553518
553739
553128
554158
552341
552716
552761
556158
554696
552506
553492
553311
552995
553367
553253
556008
555086
554009
556450
554130
552611
554412
555182
559439
556537
554885
552305
554001
554166
555925
553848
556705
552895
552657
555837
555028
553217
553651
554927
552827
554958
553404
552511
554172
555988
554207
556687
552208
553481
554608
553175
555864
555715
554881
553366
552272
553327
555308
554478
554932
551485
552404
553738
553594
553120
554913
553350
556344
552102
553101
555767
553455
552761
554977
551670
554001
554790
554370
554664
552986
554490
555143
552187
554735
552086
554146
554076
553376
554029
553240
553147
555721
554214
554293
556707
553660
554357
553504
554393
554553
554631
554036
553681
554915
553152
552837
552742
554938
553412
554635
552979
555698
553799
555120
553627
553010
556228
552040
551849
552067
556339
552736
552531
552204
551656
554677
552546
554505
553805
553126
558307
556588
555727
554602
556128
551679
554181
551657
553085
554760
556053
552705
554669
553505
555039
552890
555755
554554
551689
558773
553348
553306
556306
553654
556581
553387
554621
552275
554960
556494
554959
554177
554063
555095
554755
552622
552862
553135
553826
553048
551688
553788
555485
555788
554524
552153
555707
552723
553143
553872
555675
553387
553317
553238
554482
554150
557580
556226
552941
554233
556383
554966
552783
553184
552859
553119
556624
552622
556001
551636
553468
553091
551372
554505
554345
553953
554676
554235
553232
554066
553347
551485
552171
553008
553702
553529
554129
554315
556563
553047
552304
553994
553850
552659
552530
555972
553245
553372
556073
555701
552808
556446
552365
552730
554917
553868
554109
553579
555833
555366
555310
552301
551616
555057
555550
552198
552013
554338
556467
554453
557246
554494
552856
557163
554322
556543
553387
552272
553890
554175
556205
554168
553658
556639
557122
554715
554620
552187
557464
555547
556035
553765
555964
553091
553449
552862
554926
555179
553504
553813
552634
555726
552407
555397
553978
553203
555950
554883
556659
552935
552629
553994
551011
558018
555402
552919
553706
553422
551282
556173
556497
553856
553805
553812
555121
554427
553959
554497
556600
556732
555069
552701
554662
552376
555497
553296
555258
555557
554247
553013
555077
553901
551973
555048
556031
552284
554849
552920
552040
553098
552530
553749
555958
555932
552776
554671
554796
557288
553485
554435
554929
554182
554610
554591
553088
554361
553486
554196
553330
552452
553983
553883
553148
553812
557699
554229
552212
556411
553426
554158
555731
554364
554392
555483
553821
553220
551886
553471
552658
552862
552272
555656
553626
556043
554776
555561
551332
556752
556203
552658
553746
552243
553678
554109
553360
552629
553113
554835
555188
553877
554985
553824
554781
554773
554829
555345
556318
553444
552246
554452
554901
552366
554544
552571
553503
552859
552776
554063
555929
554694
553128
556440
555372
554866
554655
555252
553680
554150
553576
551811
554481
556138
557105
553458
553322
553081
554443
556217
553011
553740
553707
552968
552827
554621
554661
555903
553791
552816
555439
556598
554260
553597
553438
553716
551372
555085
553062
553906
551198
555154
555560
554302
556191
554516
555244
557101
554049
552685
554318
554527
554680
554815
552981
553773
552982
552368
553279
551850
553093
553227
552582
551333
553480
555772
554973
554270
556042
554615
553785
553406
554607
554474
554781
552855
553259
552224
551786
555932
552104
554664
552622
554733
554946
555993
554299
552774
556118
553432
553120
553240
555469
553330
555707
553936
554192
553730
555818
554764
553043
551336
552222
552984
555807
555161
551842
553870
557034
551886
553632
555135
554943
556350
556359
552404
555213
554891
551887
552744
556624
551975
553950
553646
556578
553718
556477
552498
553736
555512
556509
554526
552992
552443
552101
555228
552333
561922
552510
551817
552864
556130
556668
553718
552863
552356
552899
554172
553915
553453
555713
551081
553412
554906
553681
551770
553564
553574
554014
554169
556171
556928
553802
554901
555212
554398
552365
554637
554595
554934
554115
555603
554643
552211
552581
552792
552861
556343
553427
554169
554203
557711
553962
554575
556896
552775
555913
553372
556554
553068
555142
559167
554465
553239
552656
557577
551928
553301
552147
554255
552221
554582
555155
554641
553372
554291
552762
553772
552612
557696
552621
552538
551669
552467
552568
552864
553985
553408
553277
555874
551941
551928
555996
553127
553604
553920
553323
556243
552701
554616
554432
553692
552141
554895
555222
552925
552102
556694
554092
551941
551957
558224
555742
554772
552855
553325
554416
554400
552988
554998
552718
554996
552369
554001
552701
552842
555828
555832
553318
554443
552322
553709
554620
552577
553778
552926
552560
554342
556148
553701
553703
557687
553547
552931
554278
555252
552112
552532
552866
553010
553654
553007
554765
553627
555338
552607
553872
553421
553938
555704
552502
555407
554346
554359
552243
552429
555287
554336
554150
552800
553890
553484
552823
554912
555442
553957
554374
553010
551331
552365
556494
555927
555280
552903
553631
552685
552376
553387
554571
552864
553316
556802
554751
553264
555350
554267
553861
553046
552389
557396
552699
555889
557116
554177
553577
555170
552827
552243
553127
555931
554617
552578
553351
554589
553576
552505
554131
552622
552885
555246
552399
554613
554804
553326
553442
556934
555308
552301
555871
554041
556263
553549
554813
554947
554730
552102
554403
554791
552273
554930
553258
553848
556827
553667
552367
554628
554035
553602
552694
553043
554573
555780
555676
552097
555380
556456
551888
556782
552531
551485
552376
553580
555085
554163
555729
557098
552376
555268
554486
553680
553741
556232
552907
552744
554414
554382
552596
551315
553800
553956
551810
552574
552866
553773
552921
553298
553565
553821
554146
554832
556502
552934
554807
555314
555607
552817
555631
553977
552802
554607
554022
555615
552272
555214
553794
552908
554119
555720
553403
553439
555730
552649
552905
553685
552287
555863
556876
553035
554771
554489
552734
551686
553861
553245
553190
554763
555042
552659
552068
553752
554822
554861
557807
552716
554130
555002
553519
555289
554776
552954
553329
552941
552211
553564
554283
556563
552254
554655
554529
553419
556622
555973
554891
554452
553150
553651
555329
553451
555537
558661
552511
554080
553212
555487
552407
552511
554279
559225
553928
554409
555448
552504
555616
553202
555883
551901
556082
553433
552981
555764
556078
552995
558171
556908
554061
555672
554900
554579
554171
555442
552656
554490
553682
552164
552232
555614
552701
555074
553960
552831
551113
554158
554699
552789
554441
553830
555698
553565
552888
553445
554648
558212
554839
554680
554393
552602
554007
556451
555337
550575
552855
554913
557153
553434
555499
552568
552954
552283
554328
552401
552141
553965
553547
552295
551890
554559
553996
553942
551081
554071
555305
554426
556486
556322
552243
552787
554025
554137
553862
553482
555220
554480
554739
553644
555931
554737
552044
554635
555358
552829
550756
552458
552946
551331
551660
554059
554557
553146
556511
553870
553636
555577
553737
554497
553466
555762
554267
554668
553853
554234
553803
553544
552898
552502
553563
554662
551499
553151
557342
554812
553033
552663
554986
556215
553899
556065
554624
552331
552569
554207
554682
553336
553862
553701
554962
553538
553420
554434
551658
553877
552514
553036
554180
552754
553352
554058
552167
553674
551235
555268
554217
557536
555250
557175
554029
553174
556083
553410
554323
555230
554149
551332
553142
555891
554642
555499
552764
554433
552426
556508
552631
553959
554433
553365
554624
554794
553937
552972
555720
554430
554755
552705
559185
552510
552743
553144
553504
553884
553319
559082
553488
553086
553746
552931
553483
553116
553110
553434
552202
552041
555188
555458
556764
553504
553577
555814
555148
555575
553701
557397
553599
554703
554014
554712
554090
552246
553630
552475
552291
555288
556044
555203
553589
553531
554170
555658
553702
552800
554600
551267
559011
555773
554782
553008
553216
555083
553033
552607
554876
553751
554141
554040
556558
556385
554644
557065
551689
555705
553753
556826
555307
553092
553096
553623
554366
556782
554163
554634
553521
553895
556119
556502
553385
553573
553440
556128
552249
553203
553338
554568
557181
556283
557739
555841
555111
554685
555604
554222
552759
551656
553937
554875
555234
552009
552484
551856
553771
556386
555416
553959
556217
554155
553246
553010
551255
552101
554825
554891
553359
553186
552927
552469
554961
556301
553414
553325
552130
553416
552213
553343
559041
554641
555732
553626
552946
553381
554434
553390
553767
556672
553999
554827
552898
556074
556761
553915
552101
552272
553881
556639
552273
552041
552888
552040
554699
555909
553573
554617
554103
553541
552531
553271
554684
554031
554607
554448
552369
555887
556391
555004
555151
553015
554470
557938
553515
552945
552079
551948
552014
554089
553123
553239
554539
552402
552777
552338
553931
556614
555834
552076
554461
555158
554132
554035
555293
551657
553892
554264
558959
557688
552802
552040
553860
553538
554570
553071
553696
552742
555287
552510
552126
552827
555521
554267
552986
554801
555327
552893
554705
555471
553722
555987
554067
553464
554624
552218
552928
555589
552602
554390
553840
554898
552981
552800
552937
556943
554109
554633
551857
554463
554311
554422
552701
553645
553594
555606
553086
554208
552545
552365
552017
556724
554193
555616
555512
553184
554676
553130
553302
553277
553240
553994
553616
554230
553087
553550
554265
552427
551606
551927
554216
556054
554937
555135
554630
554464
553768
554973
553446
554277
556110
554787
555610
554286
552739
554533
553858
553033
555117
555200
552487
555629
552656
556704
552787
553245
551956
557158
553288
555208
553973
555334
554894
556351
553150
556058
554285
553631
557995
554501
555146
552476
552948
556219
552196
553181
555110
552310
556530
554175
557509
553147
555017
554330
552776
552502
553654
556058
554003
554611
555461
553667
556010
553214
553240
555786
553743
551886
554560
552559
554723
554432
554393
554762
552853
555009
557962
551947
553240
552776
552101
553289
552790
552013
556232
553878
554146
554634
552888
557841
554748
557028
555938
555936
552792
554256
552977
554422
555806
553006
552458
555381
554450
555945
554279
552373
552838
553785
552407
553022
554925
555309
554958
554784
553315
553544
556164
553127
554978
555727
554422
554892
556502
553120
559079
552877
552688
553547
555279
554600
555765
552047
553804
554774
553086
552528
556366
554528
553220
551331
554338
554030
555165
555118
554125
552366
553302
556691
554566
555656
554787
553614
552400
557896
552327
554148
551962
552650
554225
554437
554972
556412
552812
554275
552656
554891
555154
554630
552013
552829
553735
552830
552130
554945
554722
555078
554458
552426
551817
551314
554831
553503
553424
555406
553445
553302
554768
555600
552633
554687
553055
554239
555693
554370
551331
556034
555438
554858
557001
555126
557463
552356
557981
553091
553703
554696
557240
552570
553899
553834
552865
554192
557007
553256
554674
553680
554229
554136
553739
554870
554566
554775
554340
552680
554326
556196
553868
557761
555926
554210
552972
553679
552712
552890
552998
553216
552855
556158
554231
556098
558567
554445
556395
554432
555202
555614
553412
553774
558171
554671
555543
554761
552568
555749
556088
555044
553015
553273
553662
554756
553635
554094
555476
555834
554364
555366
552130
554732
554531
552680
553950
555048
557307
553968
555002
554310
555851
557770
555381
553280
555387
553085
552918
554569
555888
552656
552625
553351
557408
552857
553062
551947
553149
553781
555877
554783
556052
555935
552861
552635
556644
553147
555282
553088
559242
553547
553404
552414
553979
553317
554570
552739
552665
555321
554645
554515
553822
551920
553793
554076
555665
554456
553377
554074
557660
554705
554423
551331
553123
556392
554742
554813
553184
558239
552965
555000
555041
553558
554283
554342
552619
554255
553881
554647
556276
553577
553655
554067
556342
554292
553389
555758
555278
554665
553432
555682
553949
553985
554680
551947
553017
555020
556967
554673
556057
555126
557885
553718
552534
554549
553349
552365
554700
557524
553624
554788
554230
552844
555702
552631
556320
555807
553507
552986
554929
554622
553027
554003
553507
556588
554032
554488
553561
552742
554556
555721
552272
555664
552568
555395
554089
556211
552898
552743
554312
552213
552365
553787
555126
554833
553807
555537
551956
553797
554902
554257
553695
552622
553552
556813
555853
554701
554237
554030
554052
553507
552681
552701
559233
553804
553370
553946
553096
553823
556416
551831
555723
552683
552722
554293
553079
556272
552803
553902
554527
552933
555401
554088
552542
552279
553411
553867
555754
556145
553256
557998
554695
553697
554071
553331
553831
552995
554523
551331
553020
555727
552378
554447
555772
556229
554168
552897
557297
553481
555072
555146
552103
552502
557016
554326
553123
558597
553655
556515
553320
555006
556303
552568
552144
556747
554236
553841
557411
553242
554026
553011
554591
555252
554447
551900
554304
553091
554583
553245
557736
552933
554760
552245
553807
554218
555557
551467
553741
554929
552777
555333
554384
552994
553484
554472
554489
554193
557231
551485
554187
552931
555092
552135
552800
554238
552815
553373
554935
554747
554637
554720
553112
552993
554972
554776
552398
553673
552386
552931
554892
555150
554298
554386
551943
553825
553541
553778
554033
553414
552662
552931
554207
552134
553410
552861
554886
555568
554549
554299
553058
552463
553484
554213
556034
552703
554529
550912
553387
553411
556554
551658
554741
552656
554288
554300
553123
555261
552970
555971
555847
552954
553794
551790
554445
553141
554392
554622
555072
553804
556441
551924
554458
553830
552971
554375
552855
552551
555365
553656
556447
553329
554562
554062
553055
553243
552377
555549
553074
552959
554784
554748
553476
552489
554378
555011
554747
554206
557432
553272
553844
553288
553147
553610
554501
554694
554779
556971
554674
555048
553768
552690
552992
553085
551658
552757
553548
553387
553589
555868
551486
552656
552629
553360
556697
554305
553172
555174
554691
553932
554369
553949
553849
551485
553504
552946
554451
554992
555748
555312
556884
555599
552896
552656
552428
555809
554542
552389
552298
552365
555547
552837
553543
557408
553260
552937
552914
559454
552502
555084
552794
553216
553269
553760
555970
554812
552774
552212
555219
551956
555350
553097
552040
553203
554586
552376
552539
553899
553466
552502
556162
553925
552449
552578
554598
553965
553118
555145
553135
551974
555337
552722
555625
561195
555142
557981
556637
555746
554494
552184
552664
555267
554856
553428
554167
553559
552822
555631
553677
555179
555782
557211
555757
554965
551942
554488
554185
554936
554322
554803
553860
554010
552829
553155
556762
555715
553704
556068
555296
555603
557459
556349
558263
552987
555555
552106
556016
552794
552622
557107
552978
552856
553569
556304
552650
554148
554606
554672
555365
552916
556022
554564
553800
554666
555442
553675
555213
555926
551941
554141
553099
553577
551485
554321
555826
553325
554599
552972
553085
555942
552467
553984
553087
552057
554294
552828
558569
555934
551267
553602
553668
553849
554179
553901
553317
554547
556614
552856
556057
554283
553351
552449
552254
554754
553719
554056
554218
551947
554543
556995
555632
553500
555420
554646
556145
555830
554569
552502
557715
552896
559181
554603
552280
553085
553855
553488
552317
551810
552376
555755
553435
554639
552171
554385
552570
552272
554491
552130
553251
553618
555101
552933
554740
554591
555475
556711
555015
552983
553768
553410
554148
552232
554963
553705
552866
551331
552833
555082
552285
555622
557827
553505
553042
551488
554671
552751
553122
554491
553457
556928
552365
554620
554960
551941
553005
551973
556984
551528
554547
553864
553066
553708
557045
554508
556029
552933
553589
553120
555441
557402
553824
552431
553829
555173
553322
554915
555357
554749
554006
553001
554587
552047
554286
552077
551331
553456
552921
554187
552213
553653
553102
553471
552135
559433
555267
555409
555883
554213
552457
551979
554240
552398
552505
554296
551941
556316
552211
552530
556290
552973
551886
554687
552573
552568
553452
553118
552905
553799
553412
553254
552244
555609
552530
552167
556748
553081
554448
555118
553975
552253
553690
552656
552536
554749
557624
554413
553653
555406
552830
553589
558712
555919
552502
555031
555516
554151
555191
552972
554044
551888
552847
557456
555474
556860
554584
552284
553767
555735
553603
554074
553770
555012
552871
554546
552856
555195
552814
555522
553101
552868
553203
556609
552716
553590
552056
553259
554322
554670
554877
552985
554651
556448
553475
552631
552858
554859
551331
553480
556230
554039
552331
554211
555504
553877
554798
553703
553909
553977
554825
553492
553730
552158
553440
554402
553440
554830
554334
554684
553195
553410
557882
551975
554172
553014
555271
555505
553010
552041
552570
555383
553201
554620
556966
554627
553913
553614
552857
554904
552979
553411
554595
553128
552849
554438
553148
555900
554312
553481
554336
553935
551858
555683
553872
555215
554351
555395
555153
553688
553224
557341
553980
553734
553014
552597
552678
554533
552911
552275
554610
556177
553742
551928
552167
554187
553731
552502
553243
554816
552565
553696
554655
554445
552301
554232
553207
552609
556019
555466
552950
554953
557247
556375
554117
553626
551886
554085
555272
555000
553299
553749
553953
552531
552761
553662
551636
552065
551811
554416
553147
554721
554436
555828
553605
556909
552326
552315
552535
552874
555476
553292
555748
552947
557351
552172
557706
552932
555802
553124
555233
554220
554771
552662
555046
555008
553309
553061
556230
554995
552931
552040
554669
554035
553730
553240
553229
556059
554012
554148
554998
552949
553095
551487
552857
558359
557492
555654
552213
555936
552171
554127
552731
553569
553091
554126
556848
555232
554351
555012
553216
552426
554867
551697
553184
555588
555187
554599
553289
555770
553102
553992
555286
556462
553949
555701
554331
552535
555467
554435
552506
554875
558104
553889
555128
554872
556074
554085
553402
552490
555448
552532
554586
552372
551924
554823
554594
553999
553085
553119
553132
555144
555362
551527
554093
552701
558811
553995
554615
555357
553505
553397
556251
553572
552005
554995
556983
556366
557989
551636
555213
553144
553599
556739
553500
556316
551842
551947
553916
552243
555567
554830
555653
555376
554317
555437
553936
552530
554172
554283
554853
552733
554071
557321
554653
554581
554062
555410
552657
554532
554191
555996
552380
554858
555148
552266
552992
553936
554058
553979
551845
555555
552568
552101
551669
553370
551657
556506
551842
554170
555186
553520
552850
553201
553710
553260
555556
553343
554558
555657
556815
554893
552814
554686
551897
551313
553406
554726
555352
555597
552041
553828
553810
556501
553819
552893
554312
554528
552356
554826
555697
556934
556385
557468
553328
556328
554295
554108
553349
554131
552528
558086
554271
553234
554349
556419
552665
554929
552657
555010
555018
552359
551688
551465
559670
554493
555328
556826
554635
552559
554087
555925
555441
551928
556918
554794
553861
552671
553230
553144
553787
552368
554784
551331
556140
554929
552622
554006
553358
556813
555247
556184
553182
555112
555055
552909
551948
552864
553413
552983
551969
551668
552712
556956
553086
553062
554485
552458
553127
554127
553019
554279
554938
553597
553796
554032
554518
552316
555465
552552
552462
553343
552723
555476
554473
554443
554472
552678
554180
551811
554696
554572
554259
553842
554236
554026
553255
553328
553558
555632
553013
555193
556425
554292
552211
552341
555398
552535
558954
555637
554507
552127
551487
554517
553484
554075
555027
552840
553588
552325
552174
557286
551519
553090
556945
558354
551921
552040
552333
553451
553867
553343
554581
555281
551331
553641
552426
554216
555592
553334
555353
554059
554107
554055
553706
553939
554028
553245
553857
553623
553348
555444
557933
552887
553154
554181
553577
553681
553591
553969
555684
551332
553016
553309
555049
552017
554842
554999
553288
552040
555012
554339
554220
553122
552530
555572
558110
553177
554064
553015
551468
554187
554516
553388
555255
555076
554000
555203
553329
552372
551485
552098
552577
552784
555086
553597
554735
555948
554676
555935
554502
554613
554154
554009
552776
555076
552127
555729
555226
552817
554385
552211
553548
556311
554777
553798
553302
554535
553563
551842
553147
552456
553288
552989
554660
555695
553889
552569
552985
557207
553018
554045
552017
556085
552733
552365
552549
553632
553481
554494
552650
551842
552356
557151
554020
553135
552881
551790
555704
555646
553471
555655
554099
554890
554731
555629
553737
554861
553592
554332
556276
553542
554423
553238
555940
552101
553417
554309
553368
554131
553485
551657
553571
556682
552426
552242
555754
553613
553799
554925
554370
554603
553191
552801
554882
552248
552844
555231
553042
553917
552856
553703
553367
553051
553732
554535
555222
554231
555662
551658
553072
553422
555446
552622
552931
555337
552765
552742
554055
552365
553928
559974
552976
557977
553016
551699
556230
554119
554527
552390
553443
554187
554855
553214
552656
555882
552406
557708
553338
553165
553735
553449
555307
554427
555817
555423
551777
554767
551883
555531
553374
555276
556759
553101
554400
551689
552769
554588
554592
552252
554439
555757
554043
552969
555145
551886
554234
553562
553161
553223
551890
553832
555782
554284
554562
555370
554532
554785
553902
555657
557285
554371
554290
552294
554757
554746
552624
553630
555880
553472
552853
553906
553403
555513
553218
552659
551886
557149
552571
552854
553448
553808
553246
554349
553091
552835
553906
555670
554982
552828
552568
552899
554854
554344
555048
553996
553640
552801
555243
554270
552716
553411
555060
554033
553146
556354
551842
553548
552683
553370
552917
552544
555079
554566
553296
553596
556770
557956
554475
554685
554990
555017
554235
552746
555540
554662
553774
552971
556092
551689
552398
553016
553437
556344
556621
551529
553716
554412
553835
554377
552067
552712
553566
553997
553212
553620
555663
559772
554027
555265
554173
551980
553058
552211
552054
551770
554457
557032
556963
552167
554304
554548
553962
556111
552531
555457
551485
556393
553964
554409
553746
554456
552365
555629
554886
554583
554493
552722
552032
551618
552931
552262
555240
555772
553148
554783
554610
555393
553472
552245
552365
555081
553754
554388
554480
553442
554986
555179
554710
556442
554903
552456
554852
551331
553941
552572
551081
552398
553406
551210
555338
554922
552504
553695
552040
554138
552680
553541
554347
553288
555108
553492
553730
554600
553356
555625
553767
556321
557434
555506
557005
554894
553370
557592
553244
553744
555475
553147
555463
553822
553717
555851
554978
553085
555122
553388
553562
555005
553725
556977
553322
557006
553289
555089
553769
552864
555253
556625
553452
551487
553212
551807
551920
555295
555503
552102
554327
554270
553735
553124
556014
554278
553411
554349
555748
554640
552610
551948
555594
552214
553240
554163
556369
552592
553096
553990
552859
553545
553776
554016
555808
555661
553316
554294
556682
552040
554315
556658
552944
553331
553272
554577
551810
554370
552491
552306
552460
554564
552889
553348
552892
555251
552113
553388
554468
552790
552856
555247
556800
552171
554328
552685
556286
552895
554021
556021
551979
553147
551791
556319
552409
556369
554913
552359
553590
555989
553252
553734
555858
553103
553448
552040
558257
552101
557137
551033
559052
553630
553033
552931
552837
551743
555196
553739
554931
555650
558333
553523
552923
555325
556077
556180
554641
555594
553961
556171
551846
554516
552129
552693
554886
555603
557075
552043
553428
553761
556641
552665
554071
553091
553222
553471
556998
554258
556369
553862
555739
552859
553701
554272
552524
553514
556258
555327
551949
554267
552540
553828
554782
551927
555758
553636
552622
555703
554147
552571
553829
554390
552103
554416
554951
551842
553940
555856
553582
555128
552555
553472
554582
552986
552828
554969
555636
551923
552040
551082
553316
553538
551599
557009
555106
551485
552887
554113
556947
553298
553504
555921
553211
552406
554207
553766
551886
554978
552859
552980
553058
556030
553856
552722
555290
553141
555497
553417
554697
553832
555304
552943
556851
551886
555669
554691
552360
552894
553906
553416
552475
552458
555464
554556
553256
552989
554015
554289
551822
555018
554003
551716
553453
558401
554264
555821
555593
552221
555145
552773
551637
555176
555444
554338
552639
554426
556818
553481
553434
556600
553944
551311
555415
553062
552502
557692
553656
554385
553763
555594
553942
553950
555601
554796
553748
554303
555642
554800
553654
554301
551889
554011
555119
553416
555489
553041
553689
552569
552682
553589
552815
553447
555429
554997
554853
553059
554352
555650
552299
554788
554818
554406
552972
551972
555228
553297
554066
554214
552998
553922
553564
556867
554487
552749
552548
555200
555526
551657
555712
554858
554532
555511
555227
554116
554467
551493
552963
553617
553720
555498
551790
552771
553421
554072
551085
555588
551854
555404
556892
551690
554145
553003
556363
553397
553303
553632
552211
554066
554207
554416
558569
553214
552691
556423
552811
553341
552995
553917
555711
555612
553802
553547
556845
552294
554178
554307
552977
552221
552931
553805
554365
553624
552223
552792
552040
552284
557273
553266
553024
555102
552790
553147
553098
555573
556904
554209
552934
551081
551888
553822
553962
553085
552928
554719
552750
552040
553087
553591
555980
553351
553304
554076
553162
553264
553989
552931
554210
554838
552768
554881
551886
553397
551842
554316
555015
552537
555018
554379
555155
552525
554323
552366
553576
553625
553534
553448
552524
551957
555821
552920
555410
552682
552615
553320
553481
553256
555544
553623
552570
554682
554831
552041
556058
555368
553769
552715
553088
552764
553502
554606
556284
555592
553833
551843
553718
553013
553294
555499
555163
555502
552100
553842
551922
554845
554328
552424
552431
554210
554219
558057
553805
553203
552502
554945
553609
551886
554805
552954
553873
556058
552979
554133
554925
553038
552785
554562
554777
554397
553966
556963
554061
553331
554865
554143
554570
551331
554276
553634
556920
554772
553898
552757
553087
555943
553798
553636
554918
559870
554210
553051
558550
553548
555696
556073
555554
554569
555344
555830
551890
555229
556386
555312
552807
553244
554632
554799
553473
551686
552040
554172
555421
552749
556640
554033
554034
554232
552461
555825
557292
552307
554172
555202
552857
555457
554300
553008
553702
552223
552749
555718
553058
553127
551081
554618
553001
553547
558398
554686
554904
552327
552334
557639
551955
552496
553912
553007
553573
552917
553100
554035
553103
554657
553778
553847
554355
552244
553976
554310
553593
553616
553292
554230
555237
552589
551888
553162
551526
554354
553640
552167
556258
554385
554334
555098
556243
553395
554240
551656
554531
552593
555319
554080
553641
553784
555440
553282
553040
553146
554777
552246
554615
557726
556128
553488
555757
554213
554098
553613
554267
555224
554448
553472
552683
557585
555303
554029
552213
553387
555209
554132
556049
556199
553307
556528
554358
554541
554148
555723
552470
553371
554689
552947
553429
554283
556857
554061
552862
553539
555914
553260
553200
554670
551703
555021
555419
552991
553715
555297
553696
552569
555903
554433
555874
556044
552958
554004
554303
554249
556773
555407
555638
554078
554715
553213
552516
555155
554239
554452
553475
552277
553767
551981
551886
553563
555047
554468
553333
555667
553150
552807
555075
552376
552611
555048
554381
550759
554216
555059
557071
553701
552678
553681
554724
552667
556524
553795
555139
555768
554537
553596
552656
553671
552762
554176
554619
554138
555201
553963
558605
553626
552095
553890
551822
552692
553030
552536
556723
553831
553086
552040
552243
555530
554213
553111
555253
552828
556973
554874
553442
556836
556443
555115
555783
552663
554593
553748
558562
554984
554384
554085
555617
552853
552272
554687
554302
554438
552275
553675
553167
551941
555245
554711
554860
554259
556010
552571
552357
554737
554033
553559
552831
558151
553411
553226
554526
555981
552693
553223
553506
556158
553854
553108
556826
554693
553563
556737
555468
556162
554820
553526
551331
553144
555770
554514
553660
553614
555157
554750
555625
552944
551791
553151
555357
556242
553905
551657
555786
553302
552932
552502
553579
554442
552718
554638
554000
553952
553171
552850
554532
554213
554872
552147
552981
552587
554065
554557
555537
554340
554609
555067
552658
555868
553505
554711
552397
553533
552406
555038
552272
554554
553010
553698
552867
553033
554748
554701
553071
551690
554798
554625
552984
555270
552286
556320
552482
556422
553582
554032
554843
553256
553751
553595
554218
553268
553087
557852
553745
554812
553551
555658
553187
555550
556586
556426
553626
554598
554707
553591
552109
553147
554219
554886
554439
556470
555528
555043
555475
555279
552914
553832
557547
555141
555557
553481
551980
555637
555112
555322
556377
556932
553399
552656
555772
555104
558235
554229
552827
552504
555069
553971
551127
551697
552905
556659
555890
555931
555037
554114
553883
552776
556122
553750
553465
553239
553032
554608
553680
554388
554918
552776
554890
555148
555979
555372
558402
553174
553385
554935
552878
554761
552044
554965
555553
554385
553014
554386
551932
553508
557413
554073
554530
553773
552211
552090
554047
552400
554155
552478
555177
553862
556737
554039
555505
553271
556112
554141
552537
552226
554874
555148
556433
555454
553976
552979
557591
557726
553422
554245
554099
553887
556585
555477
554687
554334
555209
552622
554032
554628
552221
555164
554166
554585
551868
553117
552458
554371
555307
556266
553169
553933
554517
553522
553593
555898
553288
553676
551956
554867
554437
556254
553129
554410
554850
554516
555215
554189
554606
554099
553411
553843
555511
555979
552914
555280
555378
554504
556920
552899
554303
555575
555621
553837
551331
552377
553987
558959
552224
552386
552625
555006
553573
555780
553872
554185
554414
553983
557282
554116
554379
556434
552365
554149
553123
553169
553451
556920
555107
553123
555280
554816
556309
555954
554410
553572
555363
552954
554228
554306
552289
552357
553387
554299
553272
553233
551948
557955
553787
554856
551813
552453
553717
551979
554934
554212
552832
554418
553999
553812
554581
555158
552835
558891
552754
554874
555675
557739
556364
553834
553424
556638
554907
554256
554773
558453
555529
555215
551312
551886
555952
554462
553728
552250
553066
556205
557510
556196
552507
555781
554769
553771
554207
555529
555808
555919
552625
555346
553701
554404
553387
553317
554982
552666
554513
555221
553274
554173
555274
551311
553832
555492
552746
555282
551656
555814
553872
553949
555531
554945
557479
555296
555651
553245
551331
553371
556430
554695
552126
553602
555017
553616
552846
554490
554302
555791
552701
555903
553948
551466
553258
554805
554625
556012
553547
553746
551619
551786
553652
556059
552960
553371
555774
553473
551637
552316
551697
555045
552744
551336
555202
552684
556320
554634
554028
551081
552827
555213
554096
555468
552656
554198
553783
552475
553936
553410
552252
554722
554660
552244
554460
551805
554567
552933
555814
553647
553388
553861
552013
554657
554971
552557
553868
554936
553547
553936
555710
553364
554125
554672
552658
553465
553499
558371
555903
553940
553776
552510
553025
551960
554185
553528
554090
553392
554389
553372
554353
552341
553555
553710
553218
554973
552747
553329
554363
551080
553519
556394
556876
557006
552533
555467
554189
557660
555068
555949
553967
555859
552961
554591
554661
553411
555104
556420
553563
555634
554510
552917
555698
553845
553509
555340
554393
552788
553877
555386
554924
555466
553309
554813
555233
554723
553660
553349
554090
555274
553003
554626
553667
555572
557028
552629
552819
552712
551684
555096
554193
554059
552783
552511
553034
556653
552432
554204
551372
552042
553410
558072
555927
552074
554665
553852
556044
554812
553326
553789
554804
552948
554621
554936
552772
552786
554592
553085
557608
554968
554255
553640
553619
552812
553477
556108
553805
552404
553857
555201
554120
555412
554373
552329
554597
555614
555907
555082
553179
553474
555345
553634
554193
553419
553030
554488
554687
555679
551051
552242
554195
554592
552536
554501
553146
552040
555881
554108
555339
552496
556309
556087
553845
555105
555490
557007
552284
555528
552531
554636
553270
553829
552397
551688
554994
554637
553266
553309
552431
552986
553290
554414
554192
551948
553959
555139
553035
554524
554284
555441
551670
552530
552243
555894
554979
552538
554919
555027
552076
553998
553995
553715
554208
553063
553733
555338
553364
556671
555353
553337
554560
555176
552376
552988
556739
551964
553228
553722
554090
552399
552725
553687
552426
552040
554127
553530
553901
554262
551929
551902
553347
551842
552212
551777
552044
552504
554841
554676
556409
553240
552860
552742
555977
552540
551973
553013
554234
555918
554721
552829
554693
554972
555409
554382
553233
552417
555982
552965
552656
553487
555019
554082
554994
552512
551331
553872
552622
555050
554834
555143
554881
553847
553590
556596
552534
555822
554337
553859
553922
556967
552948
553822
554123
554181
553229
553008
553992
552849
553454
552043
554725
555234
555401
553349
553267
553513
553297
554491
554930
552530
557034
553267
555600
556769
555615
553962
552622
553984
554857
554053
554350
554173
554087
552400
554673
554106
553187
553962
551636
553776
554242
556877
553962
553329
552888
553577
554380
556216
552661
554112
555229
556144
558863
552778
556056
554029
552970
552742
555020
553051
557302
553925
554874
553106
555673
553126
553361
552067
556365
554230
552455
552856
553256
555139
552433
552067
554778
554060
552504
554186
552014
552942
552376
552788
552168
554551
554828
554773
553702
554370
555923
554402
556101
556478
556309
556733
556404
553330
554841
553194
554619
553602
556128
552502
555658
553874
552835
553047
554240
554986
554155
551311
553350
552858
553994
553835
553009
552160
554489
553958
556432
552667
554842
554915
554213
552040
554729
553966
553778
554370
552989
552129
555736
554142
554891
554834
556055
552981
554860
553558
553584
555713
555341
553471
552979
554108
554746
555896
552849
555848
554075
554297
553029
552703
556106
556391
554095
554416
552532
552273
553370
555191
554645
554107
555154
556269
552587
553734
554514
552428
552969
553956
552512
553415
551656
553886
553885
553427
556902
556086
553938
552572
552742
552325
554302
554197
552857
551465
553210
555142
553492
554525
555159
553147
552712
552832
551474
553615
555163
552896
555138
553410
554605
554331
557531
553472
554471
553599
553654
553888
553849
553873
555476
555336
552487
554139
554232
554763
555717
552040
553256
554913
553288
554323
553933
554174
556580
552529
552496
555969
555093
556662
554559
551373
554723
553149
551811
553150
553877
554888
554289
552831
552393
552365
553881
553257
553086
553856
553167
554844
551486
553729
554776
552407
554350
555432
552886
552510
552690
557461
554577
554380
552012
554354
553112
554229
552546
554003
554558
554497
552252
552984
554010
556569
553760
555209
551081
553858
552069
554017
553474
552759
552211
551886
552950
551842
553455
554962
554221
551196
553730
555433
557795
552333
552722
554202
552362
553147
554529
554678
554627
553403
556069
555733
557816
556524
553832
551997
554205
551934
552908
553352
553169
553959
555819
553679
553389
553815
553719
552650
555924
553896
555107
553744
552212
554477
553196
555196
553918
554496
551240
554887
553529
552812
553963
553887
553704
555005
554095
553112
552211
553696
553550
554916
552801
553873
551886
555855
554250
555269
555078
554662
552306
555175
552327
552666
553085
555417
552304
554049
556389
554790
553003
553602
551961
554878
552672
554585
552104
553841
552973
553038
553120
554263
552929
551660
555473
553523
552021
552531
556026
557951
553042
553505
554123
551638
553118
554181
555313
557881
553599
552855
553475
555612
555826
553581
553722
553834
552041
553999
556038
557237
550758
552366
551810
556932
554872
552101
553128
555904
554235
554751
554439
553666
552717
553018
555023
550910
552201
554380
552262
556391
551485
554841
557859
552661
554818
554492
554710
557109
554499
554943
555973
553479
553212
554661
552366
553144
555168
553792
557180
553951
551689
553860
554021
553394
554151
557039
551311
555963
553940
555468
551485
553558
551331
551741
552526
554972
554008
552571
553728
552792
552392
554439
553642
555791
557600
556081
552382
557201
553302
552135
556967
553872
555226
554500
552620
552711
553859
553242
554780
556228
554130
554572
553994
554599
553632
552832
553459
554037
551890
556692
553285
556756
554788
553570
557290
553018
553259
554268
555621
554662
555568
553563
553556
552729
552345
554145
553943
553630
555962
555707
553919
557236
554917
555674
556103
555681
553821
553683
551333
554907
557098
554205
552433
554819
554229
551886
553626
553873
554992
551994
552942
553594
553323
552041
555620
554180
551656
555215
552565
553640
554785
554546
553556
555321
554864
554907
552838
553786
555158
555496
553113
555183
554166
554968
553859
552722
553829
553185
555714
554872
556766
551334
553613
552987
553469
554244
551345
553174
554321
553573
555043
555719
552532
556427
553296
552507
553330
555550
553178
552720
555778
553151
553322
551283
552486
555636
553727
552809
552531
555200
553397
550756
553637
552597
554264
554711
554685
554756
558220
553706
555324
553190
551886
554977
555532
556181
553223
550900
555989
553544
551657
553513
553536
554641
554505
552255
556678
552531
553179
552837
553832
554245
555590
556467
552958
552575
553235
555745
554797
555099
554106
555151
553821
552931
554260
554843
553919
553729
555830
554033
553668
553917
551926
554785
552530
553713
554570
555732
552042
553018
553312
555348
554044
553746
556546
552932
553304
553864
552284
552475
552366
553768
552931
556074
554319
554518
556999
556566
552602
555050
552533
552503
554510
551485
552861
555062
556134
551636
552560
557906
555069
555903
555119
555539
553552
552424
556210
554358
554613
554478
552124
554565
553392
553879
554563
552869
555467
555506
554696
555095
551398
556260
554428
554785
552530
551920
554582
551791
555526
555209
552981
557032
553115
552367
557401
555459
551513
556171
556578
554295
551921
557417
552998
552043
554971
554073
553345
554074
554025
555010
555063
552273
553778
555941
554246
553318
553707
552722
553856
552273
553878
553013
552945
551743
552232
554680
553779
555132
552972
554703
552524
554772
552660
553872
553109
554076
557465
555905
553288
554259
556389
555633
555396
554297
556165
553884
554048
552827
555382
552819
552595
555331
553567
555717
553576
554189
552703
552167
554071
554302
551899
554447
556878
552365
553164
553565
553411
552019
552641
552040
553370
552368
554587
556015
557767
553341
554859
557407
552650
554738
557575
553162
553186
552800
552243
555426
556160
554037
551487
554093
553940
553130
553606
558020
553125
554335
555166
554361
553526
553603
553563
551331
552325
554111
553723
555459
553856
557692
554447
556391
551486
552130
552631
552324
552504
553701
555095
555314
554317
555078
553586
552855
553611
553229
553454
553741
555489
555301
555637
555200
551486
552760
554650
552859
553555
553939
554282
557419
552802
558847
552931
559410
554747
553737
553296
551616
553686
554148
552909
553146
553972
553757
554207
556285
552311
552757
552856
557291
553150
554389
554955
552458
552663
554370
553329
555337
553246
553240
552830
552171
554439
555680
553640
553768
553212
553417
554326
553613
556424
553775
553087
556451
551810
554747
555268
554462
554905
552042
553733
554241
555553
558923
553440
553035
552462
552366
552787
555105
555347
552272
555204
553590
555466
552499
554145
555188
552532
553266
553370
554559
552661
552530
555897
554091
554776
555369
552273
553686
552040
553641
554564
556706
554565
555910
557404
557043
552211
555469
552530
556284
556932
554862
553326
554627
554034
555413
553220
552678
553823
554516
553350
552622
554225
553525
553949
552211
554902
555019
554440
554171
552528
552376
555907
553598
553856
552243
552390
553832
553794
553493
555342
553448
555635
555038
557909
553377
552823
553599
555020
552429
553548
553545
555890
552827
556181
554306
554927
554277
552502
552147
554233
556769
554671
558394
554721
554949
554648
553760
553547
553459
553181
553131
556385
552828
553666
555109
553484
551889
555109
553792
554667
553329
554406
552424
552925
551128
554087
551842
554595
554233
555008
555141
551334
554780
552365
553807
552604
553754
554997
552856
552418
552404
553451
554991
553256
553855
552274
554216
555696
554297
553666
552365
553092
554219
553560
558110
554441
555797
553288
556441
552707
556820
553738
553213
554273
555853
552987
554263
552890
552589
552678
553480
555757
552735
552830
551812
555349
553950
553798
555888
555397
551886
557001
554154
554059
552129
552101
556162
554135
554292
553713
552417
554620
553768
554987
553556
555578
552873
557432
552861
555527
555796
555236
551947
556398
553166
557762
553438
555805
555847
552079
552502
554747
554432
555270
554203
554457
553041
552101
552013
553751
555081
551801
554028
551526
553318
557164
553472
553304
552658
551372
552931
553163
554299
555428
553877
555284
555006
554246
553092
551556
554110
554456
554193
554462
556843
554328
551864
556268
555212
552888
557283
554131
554261
553811
554742
555604
555978
554218
553950
554239
552893
554218
553975
554559
555764
554349
553478
555041
551637
557248
553010
552509
552704
554621
555005
556678
555152
555994
554739
554476
552307
554773
555431
552561
555468
555808
553085
555637
552979
552824
551237
553577
553391
553701
556635
553032
555240
552506
551316
554211
552774
552569
555737
553448
555372
552817
553380
556276
554854
551587
556768
558020
553730
551947
553126
552277
554294
553232
552625
554454
554317
555440
556504
551345
556616
553627
553249
554338
554954
554994
556399
552752
551688
557487
553716
552438
552533
557027
553824
554940
554157
553234
554225
552699
554178
552365
554025
553481
555989
551843
554003
552863
554292
554062
554247
552932
557881
554392
554823
554234
553477
557349
552507
555031
551467
553547
552575
555290
551850
554500
554171
551312
553147
554548
553159
551978
555060
554627
553488
553667
552531
553343
555321
553119
553936
554279
554322
552558
557012
553592
553086
555547
553038
555491
551252
553245
554506
554091
551494
552496
553697
554964
555062
555215
552703
553259
552455
551672
553085
553174
554723
553675
551888
553096
557121
554217
552956
552377
554021
555510
553864
554319
553657
554237
554024
552973
553147
553399
553856
555180
554222
553123
552983
553276
552304
552503
553777
554233
555431
553203
554113
552378
555773
550911
555116
556731
552437
553358
556615
556720
555280
556991
552534
553339
553030
558490
554626
552302
552580
554538
552057
553570
554736
553449
552701
553258
553565
555328
554633
552261
553161
552365
556897
554877
552208
552370
554432
555834
554698
552827
553423
552387
555160
553101
555234
552211
551485
555694
553715
554177
552126
553426
553351
555148
555146
555148
553094
554395
552213
553193
552252
554277
553258
552684
553897
557490
558745
552274
553076
555561
553193
555521
552065
553572
553052
553672
553803
555754
553586
554947
556133
552803
551669
555077
554032
557213
554654
553914
553451
555384
553460
553371
554611
553923
552667
554394
552686
556684
555005
556624
552932
553107
553235
553549
552304
557547
553014
552701
553472
551331
556284
552504
552920
554526
554798
552931
553169
555590
553294
553933
553128
555185
554309
555159
553346
552690
554791
553858
554150
551993
553891
556534
552244
554245
553603
554675
552429
554058
552147
552630
553832
555676
555559
551950
555018
555740
554738
553184
552571
553593
553675
552171
551486
555801
553147
554033
554363
553421
552932
553539
555718
553903
555073
554738
553455
554966
552531
558352
556358
553462
552911
554587
554963
552377
557447
553085
554709
554922
554543
555078
555236
552498
555500
554121
555783
553126
551801
552978
554112
552724
553890
556964
553890
553449
554748
553898
554665
554972
554665
554230
551824
553368
555111
553126
554747
552006
554217
552399
553333
553920
553793
554213
555272
551485
552856
554076
552311
553575
552863
553128
552365
552870
552774
556404
552945
551485
557547
552742
554701
553020
554261
552911
554581
557287
552891
554265
555375
554254
556197
555561
553086
552638
553350
556389
554950
554019
554608
556638
553704
554758
551239
551081
556012
553641
553201
553429
552873
555203
554701
556133
552173
554770
552889
551957
555657
554922
553309
555423
553833
552211
556233
554954
554648
555917
553466
555127
557335
554091
553491
553809
555681
554301
556371
554862
553587
555202
554242
554149
552819
556107
551081
552040
552211
553727
556874
553778
554817
552068
554055
554153
552272
553582
557087
553690
553536
553250
553387
554666
557356
552787
553745
554570
556410
553628
555195
558119
554884
553548
555925
554523
554608
552138
555595
554132
555727
553688
552519
553667
553598
554966
554346
553489
552591
551885
552551
555359
554192
553133
557507
554460
552788
553546
553472
553367
555689
553702
557404
554966
551801
556262
552243
558423
555101
558452
553446
554860
554940
551113
555279
553094
555820
552211
555238
551485
552749
552828
552040
551331
554499
554219
556276
553216
553416
554673
554061
552868
554651
552685
554713
553127
555781
552101
553485
556841
557064
553569
556096
553858
552325
552404
555864
554708
555049
554535
554059
551842
551513
551948
554719
550726
555172
553832
553708
554246
553623
554234
554750
553448
554358
553101
555338
552233
553471
552984
551851
555191
555053
553976
555264
553202
552503
554120
554578
556049
555116
552947
556400
553257
552304
553820
555310
553102
555485
553134
554394
552749
556810
552684
552659
554884
552571
554779
556034
554117
554258
555858
553781
555423
554720
552167
553288
551485
553745
553402
554715
556588
551801
558366
551466
554885
553739
554428
554700
552110
553880
551979
553190
555308
552931
553882
552516
553451
552246
552622
553908
553191
553377
552986
551810
555511
556629
553284
553448
553744
554146
553087
553114
555277
555758
555058
556265
553636
552862
554450
554898
555802
552771
553125
552920
555955
553365
554290
553754
553378
554144
556287
554171
554820
552656
555129
552278
553573
555132
555447
554421
553329
553806
556874
555006
552417
551973
553443
554683
556609
553511
554592
552537
553010
551084
554125
554861
553938
556316
557455
553893
553508
553470
554337
553583
554618
555531
556162
553668
553042
554371
553742
553576
554600
554356
554078
552783
554194
552217
553127
552929
553682
553152
553066
555133
553970
552897
553789
553872
557104
553960
553451
552726
554171
552742
557300
555208
554823
554262
551941
554215
554876
554722
552810
553609
553604
554107
552776
554156
553588
555791
553123
555624
553422
554608
554848
555052
555571
555364
552175
553474
554542
556934
552082
553858
553268
556622
555111
552724
555869
553205
553961
554595
554765
556172
552399
553392
555448
555547
556283
555626
554916
555083
553012
554516
556827
552050
551484
553572
552318
552862
552352
554053
552931
553155
554604
553411
552797
556110
554184
552624
554230
555436
555785
553445
555309
553496
552356
555449
551770
551801
553822
553469
552777
555556
552912
553013
556549
552933
557402
553569
554780
553510
554407
553152
553144
553480
553472
553309
552932
555415
553419
554050
553565
555508
551958
556492
552608
552097
552946
555364
554438
552502
553865
554878
553245
554127
554050
554281
554360
554017
553963
555133
553402
553313
552828
555901
560916
557557
553008
552557
559130
554026
553861
554640
555146
556566
552207
552895
554587
553977
554148
557775
553592
555111
554306
554670
552096
554604
555330
552167
554648
554333
554004
553911
552587
555301
553016
553270
556656
554685
553079
553811
554220
556266
552486
556244
553904
555317
553264
553087
554452
553314
552827
555001
551235
554014
550897
555148
555183
554966
553759
553778
550757
553355
552458
554530
553932
552973
551844
553724
554428
555299
552074
554523
553959
555029
555524
552989
554058
554349
556979
554688
553497
554431
555327
553408
551596
553850
552686
554209
555706
556412
556200
553475
553591
553887
553062
555888
555661
554337
556818
553595
552658
553299
553008
551366
557266
552067
552258
554643
556487
554906
552917
553603
555097
554310
552783
555206
553260
552725
552896
554990
553576
552966
554685
553218
554653
551545
554030
554061
552386
552692
553120
551331
556541
554629
551108
554419
555429
554324
552042
554392
552974
555122
551981
555686
554391
554136
555866
555601
556923
553713
555900
553702
551499
554088
554519
555736
553538
555731
551331
552222
553123
555703
555134
557901
553990
555951
555213
551823
552455
553938
557823
557365
555677
553592
552568
555202
551810
556277
556794
555458
554784
553726
553400
552722
552753
553079
553338
553189
555546
552524
553391
553331
556024
553015
554184
555587
553774
555543
552939
552657
553416
553771
553798
554874
554793
553256
553864
554895
552864
557020
556572
554460
554299
554380
553218
557722
553288
554945
553564
555489
554383
554213
552661
554902
555753
553572
554863
555885
553259
555104
555980
555438
553380
552703
552773
553453
554835
555743
552969
553885
553986
553263
555809
553021
553672
553705
552855
554961
555275
552860
552316
554590
552275
553781
554832
557041
552931
556514
554291
553773
551886
551486
553720
555186
552916
554644
553870
553246
558146
553025
555425
552793
555188
553901
555407
557474
553028
553422
551978
551886
554138
554511
553915
554724
552658
555869
552760
554070
553712
556175
552415
554828
553306
554512
551949
554285
551955
554062
552245
554625
556824
555688
553672
554688
554612
554631
552067
554794
552371
552386
552656
555687
552366
552867
551886
553305
557198
553213
553767
555724
555019
554971
553744
555344
553595
554743
555048
553768
553632
554162
554434
551929
553477
554960
553215
554517
553592
554210
552496
552887
552947
553768
556659
555170
552221
551933
555210
552304
556307
557582
553065
554061
551983
553749
555953
552110
553937
553563
555115
553872
554290
555183
555009
552890
552989
552257
554956
553219
553873
553072
552935
553905
553723
553701
551440
555662
553961
554252
551823
553922
556361
553058
554149
556038
554379
553977
552306
555280
552697
554258
553950
551888
554238
554262
553349
551875
551688
553283
553055
552057
557347
553144
553369
555037
557621
551114
552656
554282
552095
554187
554384
555261
552589
553500
555287
553936
553399
554157
552663
553688
552287
551314
551744
555042
554001
557846
552622
554744
551846
554506
553821
555828
553126
554309
553561
553452
553837
552214
552857
554439
552703
553739
552458
551334
553085
554886
553336
555020
553573
554669
554503
554192
552445
551811
555237
553749
553812
553381
552656
553245
553138
552629
553576
553449
553087
554803
554939
555484
552894
552836
555743
554948
552932
553778
553444
558485
554637
552947
554836
553480
555351
551697
554304
553983
553421
557322
556200
552828
553935
551870
553247
552678
553582
555604
554234
555472
555903
557663
552756
556510
552632
556255
557393
555032
554085
556071
554322
554630
551394
552725
553346
553568
554453
554362
556206
554813
552247
552167
553076
552326
552633
552211
555501
555480
555730
553962
553157
553858
552855
555144
553120
554906
551825
552530
554432
555533
555229
554645
554514
553548
552326
551486
555878
555110
555443
553795
551332
555518
553159
554280
553393
558243
554805
555644
554010
556245
552440
554130
552622
553089
556297
556626
553393
558037
555926
558960
551890
551947
553378
555859
554656
553619
554097
556659
554945
552813
554602
553237
553688
555979
553390
552643
553573
552981
553986
553103
553258
553262
555201
554492
555739
553707
553353
551950
552221
555250
552888
553717
555878
553833
552201
552676
552827
553753
556964
552041
551792
552367
558324
554847
556816
555362
553169
554263
553548
552569
552745
552101
554517
552452
552211
553722
553013
554403
553702
555483
556650
555445
553825
553116
552498
552864
555703
554093
553338
552965
553238
553518
554822
554433
555225
552982
556228
552563
555237
554038
552932
553065
555485
553012
552777
553560
551811
554952
552274
553218
552318
555093
553781
553545
552365
552657
555263
556269
552097
554778
553540
553169
554558
553726
553387
552538
556484
553461
553497
553086
555320
552502
554172
554477
556789
553597
555183
553942
555266
553974
554811
554417
554187
555917
553268
553610
551949
551888
552530
552659
553754
551817
554741
551669
552864
551889
554943
552783
552459
553329
553000
555847
552662
556143
553554
553618
553016
553726
554288
554365
554167
553377
552568
553920
555080
553993
555438
553718
551688
552213
553125
553803
553087
555296
551331
556955
553455
552496
554160
552331
552632
553469
555960
554459
554369
556562
554472
554520
553886
555294
553099
553854
552776
554193
553146
556003
553183
554805
554662
552424
554162
552652
553904
553445
555102
554668
554198
557577
554148
553412
553149
553703
554421
553776
552776
555855
556026
552694
553878
555675
552657
553248
556507
554184
553576
555109
555219
554908
552422
554262
552992
551638
557007
554702
554717
554907
552460
552284
553798
558142
554197
552701
553503
552013
553361
553304
553432
553088
553873
552528
552984
553233
553126
552467
553471
552172
554305
553365
553692
551331
553985
553436
553181
553347
552693
556025
555957
558124
554325
554816
552861
554593
551636
552538
554909
552742
555958
553324
551802
553366
551331
554582
552266
552985
554577
555792
556211
553088
553257
554416
555012
553258
555414
555320
552017
553731
552630
552682
554540
554062
554350
555137
553169
554515
554660
555320
553062
554397
553810
553977
554802
553641
556261
552935
554099
552429
555868
555769
558347
555205
553267
554604
554498
552879
554577
555348
553848
553037
553162
553627
554529
556310
554073
552727
553576
553594
554364
554461
552774
552081
552920
554303
551886
557258
554853
556222
555944
555042
553922
553901
553510
555110
552211
553118
553653
556699
553101
554994
555959
551658
552982
553250
553349
553165
554191
555234
551810
554932
551947
553288
556144
553547
553219
552596
552979
554648
554649
554318
552859
553058
552103
554258
557894
553916
555954
552503
555364
552433
552078
555626
557945
554791
552685
552683
554376
551487
551656
553735
553124
556835
551331
553506
552001
555178
552548
552212
557332
553561
554634
552470
553810
552623
554208
551335
555550
552131
552169
552661
554602
553011
553533
553196
553472
553023
553588
555560
553934
554448
556772
556850
555126
552281
556521
553013
555849
552691
554193
554147
554016
553870
552827
553845
554810
554953
553504
556258
554186
553408
552788
552101
553150
553759
553851
554787
553085
555543
554048
552760
553439
552253
555778
552208
552570
555768
553274
553238
555069
552683
554483
553338
552530
553194
553887
553470
552830
555966
553278
553120
554203
552502
554055
555445
555607
555792
552207
553268
552531
556077
555963
554592
553104
553392
552827
555727
552954
552279
556133
553770
555092
552784
556494
555560
553652
554349
555458
551331
552890
554581
556720
554386
552202
552272
554709
553914
552531
555981
554278
554459
555044
553630
553186
554696
556212
555109
559166
552304
554157
552707
554118
555268
556900
553961
550910
557301
554521
554208
553174
553877
553821
553765
554070
553753
554316
554863
555163
553318
553083
556177
552306
552587
555345
557573
554698
552975
555052
552836
552459
553920
552147
552095
553872
552983
554029
554093
554944
553909
552683
551658
555979
555416
554165
555256
553101
555106
554058
553659
554290
553444
554192
552548
556000
553759
554233
553734
553728
553013
554059
552147
554149
553478
552678
554809
554016
553156
552834
553872
553010
551115
557580
555838
555839
554343
552503
554017
554805
553135
554801
556026
552397
552902
553866
553173
556392
553701
552376
553805
553745
556160
555027
551223
553345
552622
552211
552922
554816
554517
554542
555180
554734
555090
553703
553586
553146
557264
554225
553472
555809
552173
557108
553547
556650
551468
553288
553448
555283
554683
554750
553501
556111
554154
555914
553812
556876
553186
554528
553066
553096
555557
555117
555086
551810
554051
552130
556100
553178
552981
553550
555072
554369
553205
555200
553216
555815
551485
554714
552717
553088
555576
553832
553149
552722
552629
555836
556742
553743
554762
552854
552480
552749
555831
554922
553453
557208
554547
554613
554709
552014
551374
557085
554241
555646
554382
555522
553330
553028
553471
552557
556605
557775
553365
554394
553303
556022
551331
555183
554107
552629
554794
553886
552936
554623
554858
552211
557314
554775
555923
550756
552568
551948
553705
554394
553531
553599
552947
552335
554511
557109
551810
552325
554469
555240
554053
553591
555051
552387
557944
554183
553740
553740
554347
553876
553724
553553
552685
553776
554174
552832
556092
554038
553530
553878
553327
555508
553469
552397
554026
554668
555778
554057
554241
552650
554739
555208
553788
556081
554843
556619
553776
553016
555180
554382
554776
553368
553948
553582
553771
552503
553974
555658
554052
557244
556276
554780
555298
552040
555941
556808
553488
555523
553313
557333
556055
555567
553482
557565
555541
553717
552168
551485
552138
554770
553999
553931
551486
555402
556728
557553
555316
553394
554048
553524
553888
552376
556435
555901
554795
553455
553392
554589
554789
553299
552856
553451
554631
554887
553576
555816
554681
552222
557546
554107
556721
553654
553921
555937
553448
553794
553472
553894
557806
556497
552856
553541
553587
552013
552948
553122
555417
552546
555004
554363
556593
554568
554026
554372
555327
556403
552252
555012
554433
552667
552778
553548
553589
554295
553754
553749
554534
553195
554195
554322
556949
552998
557883
555272
553638
552305
553106
552073
556818
554141
553295
554026
553066
557132
552041
554558
552733
553064
555032
553178
552506
553454
557687
556870
555948
556032
553411
551656
553256
555697
552684
554580
553111
553113
552911
552171
552792
556633
553505
554717
552856
552689
555483
555990
553809
553742
554662
553865
555328
555766
553856
554841
556406
553964
557958
552691
556488
554130
554242
552739
551947
555586
553411
551886
553230
552040
555057
554638
554087
552947
552991
551897
553121
556613
551311
554302
551949
554217
555338
553299
557739
553859
555105
554701
557978
553061
554688
556115
553844
554774
555951
553547
553855
552101
554517
553547
551973
551887
554398
552760
556432
555590
552040
551332
556199
557044
555274
553529
554169
554193
556585
557330
556411
553602
556875
555007
552202
556623
551128
553595
552863
555238
554874
554412
555511
554567
555722
553986
552356
554148
555243
552731
551331
554944
557508
552776
554651
554130
553142
554802
554202
552397
554652
554577
554267
553549
554059
552981
553359
553835
552383
553647
553872
551991
554011
556163
551485
555096
556197
554118
554438
555477
552629
552170
555941
552536
556026
555954
556766
554632
552973
554573
554315
553008
552863
553270
554732
553592
551413
552503
555023
551887
553018
553127
553998
552992
553503
552568
553681
552422
555870
554496
554698
553851
554549
555370
554776
553163
554431
553393
556001
553449
552988
553727
555920
552829
552232
552945
555441
554347
556836
553448
555379
552445
552715
554027
552467
555495
553327
554202
553147
554348
553465
555012
554956
552841
552914
552688
554332
554421
553392
555027
552040
551619
554050
552907
552891
553858
552704
552127
552949
553119
555673
552399
552427
555549
556884
555287
556434
553112
551947
554197
555613
553799
555907
554884
551697
553619
552861
555743
557284
553824
556425
553250
554397
554593
552859
556254
551373
555594
553176
555063
553209
555710
551113
553849
554135
555363
553030
553445
554190
554003
553143
551331
554538
552981
553920
555372
553073
558137
555724
552167
554383
554267
554399
551852
552832
554194
556090
554424
554588
552702
553288
552101
553159
556246
553421
554402
558295
555125
555106
552859
553134
553881
553039
551414
554577
555850
552657
553828
555560
553705
554184
553146
555033
553656
553789
555182
554073
553861
553503
553656
550756
555206
550756
552232
553416
554717
555112
552243
553910
556256
553615
553547
554671
557548
553013
559123
553532
554553
555299
553151
554331
552286
554659
556503
552756
553034
555468
552928
552764
555031
554920
554930
552253
555238
555136
557196
554509
554257
553412
555140
554634
553572
557763
554199
551947
553216
554470
552075
554077
555175
554635
553316
555738
552622
553163
554108
552659
555101
556035
554354
552387
553886
552818
556016
556035
553577
555958
553908
553924
552376
553238
555828
555991
553428
552859
553314
555049
550642
553614
555155
556321
555571
554944
556806
555822
553803
553745
555062
552041
552824
552910
554536
555593
553003
555372
554719
556334
553651
552760
552568
553963
555578
553317
556121
554932
552783
555988
554030
554009
554994
551485
556593
555834
553940
556843
553123
553013
556441
553013
555228
556622
555561
554094
554067
555404
553142
552966
551801
554142
554179
552998
552546
553858
552828
552986
553993
553580
553881
551993
555203
554468
555469
557499
551657
555810
554181
553157
555192
552040
555976
553578
556473
552919
555276
554610
555939
553880
553525
555612
554725
553821
553328
555353
553795
553288
554171
555040
555573
556292
551790
553167
555369
557105
553708
555032
555226
551983
554173
552252
553482
555029
552221
552602
554586
552652
554668
555661
555023
553770
554103
554420
556072
553663
554985
555858
554040
552103
552972
552372
553161
554000
552947
555292
553829
552532
555282
551844
554469
555591
554595
554532
553547
555132
553340
553480
553738
555182
552040
555340
554467
554851
556749
553481
552702
552170
553765
557101
552856
553544
553387
552743
555713
552418
551312
554677
554289
552832
555800
554558
555462
554747
552120
554690
555715
553877
554557
553240
552562
554431
553571
552855
554173
555996
555264
554583
553378
552502
552219
552685
553788
552724
554936
554689
552868
555108
552965
554349
553141
556879
552827
552212
555226
555148
553135
556361
553308
553338
554123
552510
553221
552894
552573
554937
553587
555434
556383
555557
554303
552455
555120
553448
555100
554242
552458
552931
552431
552821
553890
555284
552677
552013
553295
554344
552491
552690
554490
553676
554411
552386
552417
553576
555458
553942
555056
554028
554112
552659
558901
555638
553728
552660
554241
555376
555734
555289
552530
552434
553014
557060
553706
554523
552838
554917
553696
556805
556840
553105
552354
555117
551113
551823
555870
553837
557098
552460
554087
552558
553861
552859
552832
554946
552684
554850
555795
553901
556283
556719
555099
556024
553439
553551
552365
554358
555523
555822
552637
552889
555001
552054
554425
554630
554586
554576
556316
556972
553130
554037
552986
553166
552942
558100
556946
555832
554263
553136
553260
554303
554258
555209
555529
555881
552221
553213
555633
552336
556148
553882
554747
552856
553916
555089
553581
555649
550726
556145
551956
555951
556430
553322
555388
553274
553256
555597
554152
552571
553702
552827
554594
554735
551886
554533
550726
553013
552796
553245
554584
552788
554292
553591
551943
557594
556040
552300
554049
554774
556194
554496
552966
552836
554717
555622
555215
552932
554432
555810
555247
553730
553218
553447
556275
554477
552568
553431
552040
554084
553302
552624
553999
557418
557455
554644
553070
552167
553550
555487
553043
552863
554320
551585
553789
554928
553863
555798
553863
553216
553901
552758
554315
553428
556684
554148
552543
553829
551886
555300
552827
552895
552013
554823
551485
551691
553217
555050
556077
554363
555870
553219
552886
553010
554012
554386
552711
551536
555085
552234
554188
555881
552207
555551
554425
551811
552972
553299
556803
553012
554971
553240
556465
553060
552530
553641
552870
554132
552984
553435
555392
554058
552630
553859
554582
554993
553547
553541
552827
557201
554924
553763
552014
554285
554489
553685
554259
554459
555341
554073
553516
554014
552158
554091
554026
553126
553895
556313
556219
551812
552610
555583
552656
553088
553529
552979
552305
552133
552574
552715
553540
552074
555825
553737
556244
552685
556196
553091
553339
553424
