372599
372056
370271
374004
372730
372226
376207
373580
372996
373380
371166
373341
370084
376902
373768
370563
374001
374620
376373
371489
373283
373910
375702
373815
374231
372343
370640
371326
374732
375458
376524
373048
372233
375752
371314
375449
372670
369124
375632
373660
374236
372263
373924
374791
373650
373210
372547
375214
372311
373529
371606
375164
374835
371361
369809
371311
371151
372009
373325
371715
372298
374238
372359
373421
371595
371674
371628
373726
373606
372501
373400
372284
373531
372551
373755
371918
372285
370512
373321
372608
374940
374386
373203
370218
369670
373028
372145
373514
370780
375106
373424
374447
373228
373802
375333
374846
372578
376876
372264
373184
372313
373924
372355
372067
372890
372281
374610
374698
373346
371294
372538
371041
371495
375758
372426
371848
370922
373939
373519
374061
372810
374358
378459
371925
373438
375171
372152
375665
370496
371891
372906
372115
372782
374751
373936
373621
372839
374633
371629
375379
372688
375196
374203
374124
374062
374716
370084
371895
371732
375487
370965
373739
372905
372791
371765
371207
373535
373634
372338
375339
371934
372125
373458
373497
371721
375014
373328
374207
374028
374293
374648
373966
373472
375201
373055
374551
374632
374090
374329
373282
371338
372214
374751
371791
372417
375401
371032
371568
372025
373373
371825
372657
372952
371218
374978
372709
373446
372525
373856
376280
369376
373226
373520
372817
373641
374914
372508
370479
372883
372926
373195
371337
374150
372572
372005
372441
375484
370828
370116
372015
373747
371448
373846
373766
374535
375300
376018
376147
372038
373904
370586
373868
374548
371776
373612
371645
373113
370041
370714
376005
370540
372827
374008
371992
373119
372908
374893
378949
371847
373030
373550
371881
374860
372639
371880
372626
373734
370336
375075
374056
374407
372659
370147
375028
373105
372539
375044
372845
372049
374500
371264
371309
372881
371863
371747
373644
371999
372550
377346
370499
374959
371174
373293
373918
375629
373480
371929
375075
371916
373857
371938
374944
373062
372797
372227
373657
371092
372946
373488
372159
375124
372823
369926
373167
373979
374158
371926
372219
373387
373541
372812
372767
372312
372675
374230
371457
374234
370212
375226
373164
371355
371798
370803
373415
375426
374224
373250
371796
372375
371156
369800
372960
370407
373688
372234
372797
370926
372148
368544
373925
369339
371976
371928
373368
376049
370721
370140
371924
372877
372371
372797
372739
372000
371013
372810
370764
372822
374025
372768
371101
369024
373395
373004
371731
374123
372664
373183
373015
372729
373614
371578
370673
374375
372979
371511
370855
377438
370765
373050
372146
371562
373697
370950
373858
373657
373025
373130
372720
373811
370803
373877
372500
372424
371216
371067
371776
373186
369673
377160
371884
372306
374851
373691
369650
371362
371943
374173
369333
376051
372802
373747
374184
371273
372233
373930
372469
375650
373692
374293
372681
372438
374852
374113
375416
372745
373299
374348
374089
371640
369902
374482
369627
372291
374073
372355
372351
372314
376168
373373
373528
372215
372958
374332
371239
375066
374565
370220
372500
370153
374459
370504
371816
373945
373543
371782
373186
373887
373558
370780
376771
373199
372250
375199
372418
375358
374221
372360
370650
371380
374564
372992
372110
370376
371911
372769
373128
370698
374439
371186
371061
371132
376748
370858
369525
373958
373886
373030
372547
373532
372811
374739
370078
374056
371645
373212
372304
373104
373527
371248
372473
372487
371736
374890
368398
372781
372991
374341
372520
372456
373160
373936
371685
372058
372763
373368
372557
374188
374960
374506
370391
371664
371882
371730
374455
375855
371634
373042
372046
372235
372828
370638
373543
373343
372244
373526
373322
372833
371743
374662
372743
373543
371542
370929
372228
374261
372364
371448
373251
374739
373763
369461
374646
370464
373812
372675
372951
374173
373275
373596
372978
374142
372851
374171
371875
371546
376508
372257
371931
374451
374222
370841
373059
373793
372600
378128
370714
373630
372110
373331
372866
370354
372829
373521
371667
374333
374261
373731
372844
373814
371700
372515
374769
372390
376765
372126
371790
371524
372408
374685
373147
369943
370488
372340
373820
370641
374754
373462
374278
373120
372942
370247
372323
373668
371208
372409
372954
372507
371248
373234
373360
371338
376194
374289
373150
371717
370521
375461
373611
369317
374128
374542
372334
371162
371110
371979
373276
370218
370119
373649
371677
373097
370204
370728
375279
375936
376677
373881
373469
373525
372799
370961
372849
374237
371552
375144
372331
375834
372031
371128
374244
371777
376914
373716
374128
373272
375097
371554
374771
372274
371606
373176
371745
374154
371086
373663
369819
371811
370116
373034
374535
374264
371964
369683
372920
374708
372055
373527
374954
370624
375559
376054
374679
371754
371603
374711
371285
373330
373659
371950
371173
374045
370374
374756
373314
372461
371253
372986
373346
372342
371313
371733
373468
373559
373068
374482
372538
374103
372837
373028
371115
373373
372723
376715
372751
371390
373706
372232
370713
371217
374355
372564
371176
374437
370856
373187
372723
375068
373174
372264
372898
375620
375455
375229
372496
374874
372347
373145
370463
370859
373848
375732
374338
373722
373042
371018
372716
374886
375068
372882
370035
374346
372763
371737
374963
372340
373124
371758
372742
373935
371379
375248
371764
372999
373679
373284
375305
371540
374556
373477
371185
373063
371073
373597
373115
371823
373891
375402
372479
372347
375518
373744
372351
371558
374777
372838
373357
373584
373868
372635
374383
374257
371208
373043
374552
371495
371261
371959
372553
373593
373147
375169
371402
372191
373945
374099
372856
374279
375926
373121
372449
372487
375047
370622
372894
373237
371101
373113
373651
373960
373016
376243
371774
375549
374304
374282
372450
371249
371788
372091
373337
374035
374355
376285
373576
374838
373349
372463
374933
371525
372562
373337
372018
371057
372617
373558
373209
375944
375060
371822
373463
374643
369810
374773
373551
374570
373612
371835
373362
372321
371732
374602
371441
373895
371729
374548
371104
373484
374045
372099
374347
374218
372321
372271
372249
372886
373497
374024
375152
370979
375774
377363
374007
369645
373783
369569
371555
372435
377512
372906
373112
369882
375205
373722
370420
375177
374488
378541
371881
373711
373283
373074
373263
375508
375299
372159
372566
374034
374361
372845
373336
372557
372425
373366
370030
373572
370746
371613
372022
374556
373373
375078
372945
372789
373256
375304
373172
371613
376128
373321
372190
372805
376951
372157
371459
375106
373264
377131
372124
374042
371079
370753
375657
372184
371563
371370
374057
373152
372718
371630
373461
373548
374520
372677
372618
372777
370416
375647
374766
373832
372965
371861
371014
370809
373010
373600
372535
373166
371588
375799
378017
373541
369468
374013
372964
370968
373613
373030
372103
373764
373384
373770
374757
370294
373859
372449
373603
373888
374952
373241
373854
377369
372581
371504
370387
372837
374251
372154
374897
371998
371663
373944
371408
372898
374795
372020
376042
369517
373405
374389
372840
371755
374638
371607
373030
372799
375004
371359
378600
373362
372753
372173
372531
372680
372074
374682
370834
370806
372660
372573
372558
375498
371630
372901
371698
370723
374531
375344
374855
372983
374071
372277
371579
377204
372596
372920
373352
369801
372345
373008
373240
373920
374107
372394
370546
374592
371257
374135
373380
372504
374080
373930
372174
371932
372908
372836
371560
371984
369596
373318
371087
371093
370938
373821
374115
373276
371652
373969
373754
372336
373396
372918
374226
374896
373230
375016
375566
370766
374341
374965
371243
373243
373490
370769
371150
370487
373558
373262
374328
373489
371020
373310
375061
372131
373996
375388
375656
374229
372205
373442
372506
372517
373042
373266
373500
370071
372261
373817
371645
372575
369703
371959
372137
370965
374100
375503
374247
371813
372876
370949
374090
376395
370821
371737
371307
373061
372333
374601
373183
371618
371912
370580
371428
372014
372623
373505
374825
372795
371519
372887
371770
376469
375506
371413
373962
374239
373288
373384
375112
372942
377150
371233
371245
371937
370757
375540
370659
374711
373152
371828
370753
370862
372881
372770
371671
372304
371549
371248
374062
375365
372697
376672
372184
374123
375831
374986
373477
372574
373951
370896
372977
371819
371332
372295
372899
371999
373086
372942
372079
370855
373817
373230
370300
372586
373645
375358
371984
373704
372275
373929
372982
375708
369911
372810
375472
375798
375495
374657
371007
373853
371378
372688
372679
373190
371374
376540
373359
374071
372638
372825
373006
372830
374204
373942
373970
370766
369859
370866
374100
375963
372064
372500
374087
376006
370176
371593
374761
372074
373033
371518
372154
374658
371998
371313
370923
372597
371524
374833
371740
375304
372575
373590
375397
371178
374162
372629
373205
372693
372718
372329
373838
372343
375018
376466
372419
375022
372572
374660
373002
369559
371265
373557
374094
373560
372961
374441
372522
372634
370996
378059
372469
373664
376383
374446
375114
374990
373409
373222
371549
371993
370532
377771
374264
375471
373237
372053
372519
372940
373852
373072
372249
370134
372855
371464
375026
372404
372238
372955
374668
373154
372386
372173
371984
375201
373523
373244
371394
372998
372551
373441
371399
375862
372552
373725
373306
375769
374483
374396
373226
373348
371889
372122
373901
375004
371843
372151
374936
371656
371251
372797
371978
371865
372690
370873
375123
371733
373977
371295
373352
373853
373961
372646
372726
371517
372275
374699
374326
370797
377154
373206
371921
373799
372302
375833
372896
371377
372656
370421
372064
375748
372754
373428
370183
370709
372291
372001
373181
373081
372250
374756
371900
375853
371576
371314
375174
371905
370280
372386
373369
372819
372088
371648
372677
374153
372031
371126
371027
372930
371695
372470
373509
374610
373102
371492
372572
372126
373594
372159
372108
373316
371892
371256
372616
372913
371890
372358
371875
372461
373233
372861
372666
371134
369846
370145
374661
373216
373595
374099
373032
371016
371698
371967
377038
374159
373747
371199
375869
374434
370268
374233
375038
371146
376859
373844
374312
371486
375726
372489
375111
374414
373842
376218
369971
373897
374267
371377
373965
373940
374125
371748
373561
372867
376310
374634
375968
373438
370766
371033
369811
370972
369609
371691
373086
373089
372278
373177
370688
372952
371771
372688
373515
372741
373241
373069
376052
374613
373687
373028
372900
376512
372640
371586
372091
373634
372344
372404
373076
374011
372862
372210
372457
372459
373846
374784
372243
371465
374525
372084
374961
371846
370661
372062
371970
371811
373582
372065
370847
374566
372899
374645
373025
372648
376116
371142
374535
376187
374404
372565
370809
372015
374638
375204
374898
371323
372226
371853
373592
371571
371264
373869
374632
371249
372984
372110
371979
372685
373394
373490
370896
371376
373816
372092
372783
368496
374036
374327
371894
374128
370197
374863
371099
374056
371937
374601
372528
374148
373501
375743
372292
376098
374947
370922
376077
374340
373782
372016
373283
375815
372724
373434
371344
370296
374831
373238
373634
371720
373234
372608
374342
373374
376780
373100
373118
373704
371763
372692
372632
372679
372958
376107
373371
374975
376144
375181
374086
374114
375303
374497
371747
371981
372887
373927
373212
373373
370340
372122
372031
375890
374804
373084
370448
369606
370501
370876
371145
372482
370679
372829
375384
373854
371725
375435
375999
372931
371411
372036
372237
369257
374480
372863
372684
370253
370926
374859
372535
372985
375367
373566
370959
375574
371196
373238
375083
372824
370328
371582
373903
373335
371497
372440
373263
372016
372254
374404
376139
372012
373854
371570
374215
373935
371235
371175
372337
374731
372659
372814
371746
373192
373098
374526
374326
372052
372913
372788
374212
370563
374629
374170
374537
375816
373664
373072
374729
375131
373740
374717
371471
373324
374367
374644
373999
371768
373636
372348
372843
372475
373746
376571
376128
372446
375344
372981
374103
372815
373923
370964
373003
372358
373800
371119
374317
372911
375703
375913
372036
372854
371650
372943
376072
371333
371316
373845
372499
375745
369594
373919
372009
371095
371930
373201
371864
375169
373625
372480
373657
376987
371165
373186
373447
370985
374753
371863
374206
370841
372917
372269
371812
372333
371854
370835
374498
375448
372704
374841
374200
373076
373579
375969
372833
371989
374220
374164
373239
374121
372786
372294
375509
371653
373089
374153
373324
375053
373782
373182
371063
371897
370627
373365
374446
373104
373434
374096
372052
372909
372880
370075
374103
373977
369746
373753
373601
371853
375016
372380
373613
373785
374876
370507
373330
371265
371817
375249
374688
373104
375347
371228
374463
373100
370083
372200
373065
376263
373895
370914
372977
373834
372449
377474
375349
373758
373676
373761
372853
373756
372992
371467
373067
374947
372269
371173
374787
372028
377568
372244
375453
370571
370753
371594
372473
372995
373002
373453
373118
370778
374245
373115
372813
372378
373178
373776
370942
369606
373940
374286
373212
372972
375020
371468
372164
373265
373303
376722
376545
372157
371833
373519
370926
373837
372011
373769
371225
371981
372970
371454
372088
373130
373553
373109
370909
377828
371976
371975
375163
371441
374171
374813
372249
372248
373329
375076
374296
370577
377561
373314
374593
369532
372697
371251
373404
370729
375492
371388
370729
373157
370642
373246
370624
373953
372505
374250
370006
372458
371312
372224
372783
372987
372916
374797
373765
371447
375589
375373
374173
373384
373387
373089
374015
373170
373251
372826
370572
373801
376812
374162
375163
378065
371109
370440
370798
371724
371196
370930
373021
373624
371744
371486
370953
373432
373937
373010
373613
373670
372888
370850
373725
373189
372339
371703
373630
372267
372010
370260
372416
373674
372950
373799
376014
371999
372483
373226
374363
373950
371849
370429
375233
371938
374345
372377
376280
370933
373228
372794
371732
373219
377310
373520
370029
374117
372491
371611
376572
371975
372924
373564
372106
374897
372656
371796
372845
373535
373186
374306
371755
375472
371286
374514
370281
371751
374464
374671
373915
371731
374796
378483
373849
372465
373867
371843
375345
374609
373702
373884
371772
372784
372490
371580
373018
369481
368893
372590
372430
370822
373733
373157
373624
371337
375900
372560
372982
371082
371536
374922
370469
374965
374488
371437
375563
375156
375859
373755
372592
372218
372646
373066
373158
370964
375699
371691
375560
375327
372536
374078
370604
373219
371600
373316
376225
374670
370875
373903
373263
371523
371591
371279
371716
374249
371640
374436
373610
374180
373328
372304
370210
370458
374636
371463
370429
372394
374366
372627
371936
371652
374892
372023
371849
375062
374527
372347
372271
374712
374694
370932
371869
372683
373275
372145
373940
375345
373080
372175
375063
371146
373202
373556
370873
373380
373176
374263
370780
373382
375128
370754
372280
372224
369834
371122
371436
370189
375338
372706
374344
373701
372215
373769
376612
370648
371224
375564
374871
373233
371730
374417
372485
373954
371660
373428
374998
370600
370852
372253
373581
372882
370333
374341
375276
371696
371904
372781
371497
374802
370996
372189
369990
370898
375377
374148
372118
373555
375661
371208
374207
374522
371852
373181
372531
372749
370522
370497
372431
376169
375653
375702
373651
370061
371249
369849
374436
376064
373829
372544
373757
370636
371593
373422
371255
372768
372127
373823
372529
374752
377434
370783
372613
370659
374019
375330
371896
370765
373834
372527
371218
373556
375498
369918
374071
373783
371960
372103
371705
374599
375965
372585
372268
374114
369481
373167
372132
376279
372505
370386
370551
374871
373922
373183
372763
373371
376232
372495
372575
371973
372359
373963
373620
371314
375439
373414
374909
371464
371878
375779
372286
373194
375950
375323
372678
374740
369886
372053
372895
373029
373415
371472
372682
372432
370737
372024
372595
375132
372383
371243
372496
371294
372836
371209
376469
372490
373890
371465
372394
372472
373001
371962
373365
375235
371099
372926
373635
372769
374911
371293
373192
373030
371790
372258
371531
372798
373899
375771
371027
374641
375362
372787
375225
376319
372159
371292
373060
373847
374352
372609
375505
371806
373901
373713
373626
372123
375271
374122
371480
373150
373196
375883
374682
373736
371316
374206
373351
371030
372034
371605
373292
373471
372257
375735
372345
372822
375325
373493
372630
370629
373701
371594
372337
374252
371259
376611
371918
372930
371756
374436
374021
374561
373046
372058
371857
372028
373311
375745
374220
372092
374706
373056
377394
371554
375790
373356
374340
371938
371854
374310
375161
371386
372297
374739
374642
375937
376903
373481
372677
372629
374905
375760
372666
374841
372294
372305
371946
373956
371107
377253
373789
374405
373721
373634
372767
374072
373127
375744
375550
375751
371227
377388
373981
371592
371531
377840
375292
370891
374152
374677
372345
372734
371539
373426
373416
374806
374197
374494
375308
375719
373673
373141
371907
375858
373201
370825
373587
374541
372285
371383
370904
376421
374260
370746
372744
374436
375770
371515
372628
373672
373114
368591
373673
371566
376141
374391
373024
373183
372635
371143
372993
370391
374124
371551
372580
375214
370947
371419
370420
371892
372114
376141
373924
370955
372289
371652
372122
375227
370952
371551
373114
370823
374157
373006
373570
373405
370928
373807
372325
375436
371964
372876
373148
374979
373336
370340
371591
375403
373230
370324
372461
373222
370778
370530
372443
374861
373499
373323
376903
374225
371666
370930
374277
371573
373446
370947
377438
373144
373625
370141
375871
373072
373327
373830
373043
371909
374579
375817
370103
371634
372926
372635
372027
376032
372630
372694
372419
372677
372437
371016
373996
371128
371474
372275
373804
371274
373715
370723
372970
374140
374662
373678
374043
371116
372784
373276
373049
369886
371920
374707
372599
375695
373536
372124
371658
374243
371663
374267
376577
376068
372107
373316
371519
375202
373119
372925
373731
373848
371465
372436
372837
368186
372885
375643
373673
373609
374038
374318
373282
373329
372118
376013
371551
369939
370592
373960
371678
373386
374878
375232
375576
373519
373615
372798
371230
375871
373706
374771
371853
374918
376114
370695
374958
371036
375206
374137
371721
374995
373380
374754
372373
372002
372774
371610
372662
373951
371903
374456
374644
372732
373300
372247
372857
372811
375875
376040
372975
373981
371177
374380
374902
373962
374126
370846
372664
374947
375837
373344
371930
371590
372081
374785
373205
370293
372215
373564
372755
371128
375958
371733
375319
371442
370440
370152
372667
372410
375326
375379
373794
376189
373816
376022
372412
374715
375301
372331
374559
377577
373547
372931
372459
372579
373593
374841
373126
373739
372892
374351
372403
371169
373250
371472
374251
374008
375257
372289
372812
374650
370711
374194
373724
376268
374797
370859
375125
375080
374406
370675
371357
375390
372147
372093
370335
370336
374093
371930
373514
373541
372034
373601
371068
373575
371962
372406
372278
371895
373839
374200
372990
373452
375488
372131
372877
372806
373435
372891
373396
373192
373588
373650
371410
374854
374023
373775
377282
373675
369719
373720
374230
370316
373018
371353
375099
374193
372642
371392
370780
374479
375316
371876
374276
372980
370968
374137
374970
372448
372096
369979
374605
373130
377082
375076
372036
370156
374139
371217
372813
372881
374463
369959
370458
371083
374501
373237
371730
372014
375234
372082
372809
374650
373889
373447
371515
373682
371391
372632
370788
371764
372258
372880
375924
373527
373269
371909
371945
373054
371086
373036
370977
370386
371377
373018
371493
370984
376798
374963
376172
376936
372804
372742
371187
372377
370404
369832
374861
374303
373929
374243
372144
372653
372649
373192
371956
375072
372158
373023
373572
370821
371378
370241
375979
372476
373261
373447
375610
372786
373412
371403
373525
374856
372946
372535
371794
376061
371697
375405
371080
370772
373316
374856
373379
372333
373797
374441
373445
373745
373625
374708
371725
375573
373832
373099
373973
376113
373907
370932
373917
371202
371961
371729
373382
374654
375104
370840
373648
373479
373284
372369
371830
374357
372459
372583
374064
375624
372093
373428
375052
376239
373479
374508
372325
375420
373708
371671
374506
373069
372282
371900
373504
371716
374684
373563
375267
370548
373009
371610
373865
369628
375079
374611
372066
374849
376421
372494
372737
373890
373797
374172
373940
373344
371128
374514
374616
373075
375596
374095
374568
372552
371541
374907
374097
373917
371826
373784
373680
371742
375728
374270
372415
370717
373255
370906
374716
373663
370623
373673
371430
375317
370904
371181
373880
371734
373074
372604
373820
370629
372127
374267
374609
373808
375474
373305
369973
373708
373070
371730
374128
374651
371847
372678
372505
372976
374839
372288
374728
370821
370979
373929
373348
374999
372502
374998
371146
372825
372881
371949
372262
372785
373317
372945
375122
373414
369761
375749
374038
370310
374408
372904
373945
371572
373356
371228
374299
373597
371964
371179
374975
374934
372163
373407
371880
372166
373038
373810
372564
373079
374857
374135
373241
373398
372457
370296
370786
375503
373025
371512
373440
373770
373574
371837
372898
372822
372228
374125
372642
370543
372857
370959
373645
373247
372973
373996
372781
374814
373052
374647
371664
372212
374893
373934
370881
374326
370964
375889
374264
373934
375121
370504
370994
372977
371793
377164
373211
375880
372586
372956
372808
374330
374618
371375
375018
371840
373165
372696
371696
370387
376189
369956
373203
371911
374515
375782
374352
369525
373185
370581
373387
371995
376318
372474
373527
372598
372063
372798
370752
371288
372323
374389
373312
372038
372752
373072
374549
373780
373682
372738
373163
373700
375545
374340
373298
374198
374859
369801
373405
369138
373975
370784
371415
373573
375502
373948
372446
372508
377431
371070
375297
372006
371315
373032
373525
374074
371561
373646
371126
373239
371941
371453
372326
369701
373410
372853
373907
372262
374575
373192
372791
373932
372161
371565
371051
370979
373125
374566
371465
376470
370249
374312
371781
374601
371056
371320
371951
374908
371870
371917
369843
370754
375272
374632
373058
371203
372833
374368
371112
370262
371396
374842
372601
374228
368602
376069
371572
374345
372007
370689
372781
372514
372098
372624
372361
373373
375447
373624
372729
372392
374476
374147
372877
370548
370495
372645
373581
374462
371779
372189
372278
371720
373544
372846
371066
373262
375508
372527
370123
370686
374753
370720
375321
370796
373767
374165
371977
371984
374345
374395
371901
372249
374733
374499
372997
373628
375108
373267
375411
373532
371992
376198
372292
374634
377914
373394
372528
374914
372515
371612
372637
375050
374685
375440
373996
375033
373242
371758
377034
369998
374983
373147
371864
373588
373640
373013
372136
372611
371778
370249
371591
373835
373105
371708
371145
375149
372879
372690
371756
373341
372501
371515
370473
371859
372387
370164
374809
373691
371605
376952
372181
373664
373648
373468
375108
372380
370199
374030
375246
373421
372440
372484
374385
374539
373591
372315
373153
371260
373979
372636
373681
372148
369904
374944
371458
373517
373708
373645
371918
373164
372229
372191
371225
372290
372058
371028
371439
374328
371941
372917
375534
371408
376425
371761
372665
374781
372672
372717
373154
373722
372641
371466
371964
373613
373803
374304
373815
373052
373155
374718
372811
372127
371775
375563
374838
372921
373584
372987
375093
376530
373316
372297
371095
373750
371396
370569
371682
372842
370743
370948
373249
371429
373732
372212
373899
370915
373080
374200
374537
369921
373504
373251
371181
371693
373902
374738
373835
377069
372112
372143
374499
371093
371112
372535
374059
373748
371302
373040
371862
373478
372917
371809
373637
372842
374791
372058
375240
376803
371036
373692
372836
374976
375200
372467
374024
372145
370074
369796
370239
374808
371052
373291
373886
374321
372987
370793
374462
373352
371667
374981
375672
370816
373029
372203
373832
372708
374404
372216
374818
371255
372824
373324
372239
370368
374076
375579
373492
371500
371112
373444
371571
373484
373573
374151
376361
372687
370936
372748
373588
373640
373668
370159
374300
377508
372331
369943
373989
372842
372492
373336
377360
372170
372369
371128
372663
374058
374435
372258
373522
373054
372794
377499
371854
373073
372500
372801
373520
374040
372906
374001
373270
369990
370340
372558
373872
372319
374713
374340
373709
371389
373289
372889
374202
372960
373462
372025
373436
374208
373359
372311
374091
374619
370736
372309
372722
371281
370512
373202
375401
372970
372964
371841
373308
373333
371485
370591
376528
371883
372059
371216
373349
374622
371856
372554
372858
376588
372263
374644
375092
370872
373514
373910
370302
372595
374197
375105
371872
374141
373947
373847
374276
374331
370116
370802
371377
371787
372338
375574
372624
371364
370600
374686
373382
370955
377518
374271
374910
372270
373174
373200
375333
375278
372570
374042
372780
374166
370514
369966
371560
369051
374092
373171
371867
375381
371268
371073
373383
374584
375017
372965
371057
372562
373833
374740
373805
373951
377371
372631
371129
373292
370058
372954
374747
372654
370842
372816
375501
373719
372365
372876
373653
371850
371472
371984
370837
373374
373953
374260
372125
373546
370773
375554
373759
374187
371365
373122
372206
373265
372258
372696
372065
371765
375141
374094
371067
371765
371965
374313
374300
375588
372994
373161
371824
373260
372481
372602
372123
371661
373640
373122
372522
375096
372316
369479
371396
373900
369947
373298
373975
372780
371304
377567
374493
372822
373270
373417
374207
373076
371705
372665
372475
372402
374382
376528
372835
371950
375513
371880
375031
370308
376839
374222
373827
373789
370956
371653
372616
371304
373078
372601
374484
374015
374073
372371
373485
371606
371109
372626
375779
373487
374101
374467
373180
375259
372825
370858
374352
370623
373591
373687
373957
372815
372123
371965
372148
378408
372030
375714
372709
371884
377230
371068
373328
372641
376008
374242
372654
373516
373527
375086
374087
374422
373830
372884
375832
371528
371669
373475
370375
372045
371048
371051
373650
371465
373768
372520
376641
371605
374367
373784
373246
374132
371278
374576
371236
373459
370277
374296
375441
372027
374946
371539
371941
370928
371930
374651
372906
372791
370276
373592
372195
373877
371594
374393
371560
374320
375970
374179
373429
373302
373894
371259
375324
371496
372034
371927
374745
370895
372621
372103
373441
372392
371538
373826
372213
371358
370446
371618
374915
370723
373772
372219
372624
372656
374801
373574
371050
373368
374061
372427
374869
372012
372575
370308
375455
376403
371831
369451
374235
373854
372836
372087
372554
372558
370798
372191
373437
372650
372163
371792
373701
373684
372110
372736
372054
370853
375663
373953
371541
372559
375198
371443
374507
373378
374786
373439
373746
374094
371899
372086
373812
375637
374000
373819
371665
373764
374428
373931
370768
372362
373045
375353
370796
371962
369339
372641
371928
376141
375643
375672
371281
371611
370315
376036
371405
374758
372033
373185
372950
373995
371326
373666
368901
371894
373612
372435
370529
376020
371884
374845
373219
374178
375894
373330
372756
376825
370153
373446
372963
370568
373395
373391
376397
371073
372603
372244
375260
370784
373235
370579
373985
372915
374309
372744
372255
372777
375324
371258
374018
373558
373785
373805
371194
373199
370704
372673
371560
371919
373430
374126
370489
372353
373463
372598
375150
370423
371336
370388
372732
372031
372145
373440
373700
373318
371586
373318
369943
372759
371989
372869
371081
371569
376315
372027
375458
372311
372214
370425
372643
373512
374923
373024
372016
373138
376477
374897
370961
375970
372585
374298
371243
376584
371502
372588
368558
373779
370600
371838
372725
371175
374180
373837
376092
373617
375941
373296
375004
375709
376112
374688
372972
371715
372785
371619
372585
369972
371904
371196
371326
373360
373210
373930
373970
372760
372753
374673
370223
373505
371409
373461
369860
374379
371847
374709
372712
377378
372879
373889
371201
371360
376370
370176
372577
372844
373408
371272
374127
373143
371941
375329
373324
376002
374805
374360
376127
371610
371700
371824
373991
372216
372615
372126
371975
373943
371552
371530
373488
374796
371879
374549
374181
374772
372219
373097
373334
373161
374477
372457
374520
371782
374709
375814
375442
373917
373345
372778
374307
373722
370804
374075
372891
374719
375547
373356
374080
371662
373757
372145
375040
373563
373495
375642
372179
373103
373671
372437
372616
371958
373159
375062
372292
370231
375249
371847
373900
374494
376194
371487
375448
373221
373228
371260
373639
373850
372540
373479
370904
373106
372447
371741
374109
374033
373454
371357
375137
374528
374123
375170
375872
372091
372400
372355
372537
371740
372439
373834
373372
374696
371823
372670
372981
373941
371367
373640
374364
375935
373880
373987
375936
370927
371746
374865
370253
374084
374003
374588
373114
373969
373243
371886
371279
371702
377126
373731
372308
373625
372893
370582
374190
372352
372629
372431
373999
372554
371073
377236
373866
371165
374366
371493
372712
375420
372763
373615
373598
370203
370191
369457
373530
369202
369641
372730
372772
375487
373835
372916
373274
374348
371129
373857
372213
370610
373679
373670
372718
374943
372763
371945
374637
371776
374645
371768
370523
374271
373731
371964
373113
372637
376095
370880
372777
373835
378517
370642
373792
372462
375051
373048
372221
374725
374960
374695
372989
372439
371720
373962
372997
374216
372229
372678
371099
373634
376022
374366
371327
369991
371275
374902
371462
372467
376386
372957
374276
376392
373622
372858
374420
373431
374106
375435
372248
373180
374764
371452
374658
371943
372065
372247
372429
372969
371281
374085
373350
373200
371840
373728
372988
373880
374442
371154
372084
373729
371897
372302
372910
374135
373346
373821
372817
374027
373115
372467
373032
373909
372833
370622
373397
372768
371676
373515
372256
372546
374335
373502
373109
373417
373473
372708
372631
372238
372925
373799
371583
373753
370409
371318
371489
373223
370346
374121
375143
371360
372405
371810
371196
373522
370765
375579
372650
371892
371988
369714
373924
373746
375561
372141
376093
374812
372796
376028
371326
372627
373829
372158
372307
372055
373725
370852
372070
370938
372248
372767
375875
373716
373135
372447
372681
374157
372623
371639
372364
372521
372564
373689
371149
376029
373326
372668
374284
371632
368978
373521
373668
374046
376609
374101
372242
370548
373415
375141
368713
374133
371835
374575
378518
373799
373257
372509
375286
372479
373552
373806
373610
374307
371853
373589
373538
370081
373451
373124
375982
373631
374477
370837
371903
371053
374620
373485
373330
371752
374300
369809
371763
371508
372637
374037
371272
373893
374255
373842
374990
374625
375537
371727
370612
376353
372388
374638
372930
373893
373117
371276
370334
371398
372436
374188
374871
371436
372119
370866
372232
377600
370605
372720
375960
372695
373870
371991
372754
373487
370896
374655
372595
371713
373117
372014
372947
375462
372433
372118
371909
370394
372999
372124
371720
374119
375429
373143
372741
373474
374513
373478
373874
378556
373842
374237
374098
371599
371144
374617
373855
371680
371934
371979
372270
374190
372418
370751
373553
373489
370806
373839
373884
372437
372673
372286
376826
374137
375313
374250
372792
371301
377503
370999
373856
375041
375193
373988
373200
375512
372774
370955
372615
371867
370116
370441
373227
374401
373602
371946
371468
369650
372126
371826
375485
374538
372427
371569
373502
372696
371900
371081
372832
372364
371758
373033
375204
371898
370233
373259
375881
370799
374012
375870
373473
371889
371198
373398
372584
373452
373636
369728
372685
371058
374551
372192
373548
372686
372608
374834
373928
370456
372232
371785
374657
375440
374143
376294
372672
375067
373551
372641
373457
371022
372954
371721
372422
372984
372895
374810
373495
372690
371516
372334
372925
373556
374895
374729
373666
375404
370980
370641
373032
374688
375401
372928
372068
371925
372593
373890
371416
370841
371630
372231
374611
371492
374389
370277
373141
373459
369930
375655
373649
373146
371021
370621
373457
372317
373213
374816
374532
370516
372996
370893
373911
371578
373480
371674
370859
372877
370909
374438
370263
372253
374978
372425
371333
375227
373168
373520
374095
373665
371010
374779
372961
373754
374727
372529
374041
370036
371301
370255
372343
376323
372459
374164
371712
372853
376226
376314
373299
377690
374611
373733
372197
375097
372648
375684
371135
370947
371667
373415
373422
373798
372617
373190
374512
373357
372436
372854
370859
373200
370474
373233
373129
373933
371817
374360
372825
373189
371474
373542
373971
372963
371974
371584
371034
372898
373699
373162
370501
373406
370711
371166
373991
371840
373794
371922
372151
375121
372396
374227
372123
376427
372218
371961
373784
371944
370501
373153
374312
376492
371701
373215
372476
373223
371970
374698
372393
373437
373332
374734
373010
373130
379383
371756
372443
373278
377898
374595
373304
372627
371327
373998
372009
373522
375980
370450
372739
371807
372325
371114
372682
374044
374451
370173
372675
371341
371801
371888
372121
374651
373208
372546
373356
373701
373402
374849
372513
373560
372671
373902
370936
369570
374010
373700
372415
374952
374226
372575
372006
378301
373805
371377
371916
373409
374469
372357
374339
373006
373410
376617
373096
371944
375870
372142
374913
371343
372470
373415
370889
374751
373777
373340
374610
373215
374893
372638
372463
370467
373240
371734
374357
374810
375846
374587
371386
372540
375473
373634
376538
373041
374307
373271
372214
370588
371087
375047
372902
373260
370442
375268
372174
372417
373869
371113
375835
371729
375264
375648
373219
377105
372000
373438
370473
371915
372718
372651
370333
371096
371991
370637
375115
369270
373115
372775
371071
372520
372808
372047
374007
372622
371860
375240
371803
374722
373283
374466
371628
373234
372923
374277
370841
374885
373988
373453
373362
374969
372256
371809
372064
372626
375263
373318
371010
373935
369687
375215
373902
371884
373009
372884
373730
375707
372085
377171
372555
373696
372599
373785
372454
375401
373903
374896
372881
372739
372975
371160
371969
375197
370695
369796
373082
375279
373521
374038
374149
373685
375582
375932
372955
371126
375305
370319
374816
374045
373471
374591
371102
374382
370396
370024
375583
373296
375062
372159
372537
371640
372628
380296
373263
375925
375207
373341
375209
376662
373258
370691
373510
375561
377678
375176
374235
373937
373220
373258
371148
373491
372071
372533
369497
370782
373455
372685
371159
374952
373113
372147
374035
371991
371395
375197
373933
372158
370387
372104
372431
374682
369470
375634
372007
373951
370432
374680
372997
375225
370550
371523
375782
376679
371866
373903
374918
370144
372209
378721
373955
374331
372167
372167
373495
371742
372576
372996
371778
374451
371530
372346
372513
374835
372111
374022
371182
373621
373156
372813
374757
372109
370679
375051
374408
372606
376283
372003
375398
371288
371665
373083
370655
373140
374684
374806
373488
372644
369694
372927
376006
375775
373836
371193
372615
372971
373876
372569
370256
374735
374074
373050
373305
373596
372223
374101
373378
372683
375025
372933
373811
374332
372006
372289
372933
372771
371828
375554
373875
373287
371097
372534
373927
372813
373130
370906
370953
371358
369370
371898
372903
373964
371405
373574
372960
371471
368859
372305
372415
373543
371209
374236
372868
371475
371466
375031
374822
374625
371714
372585
373372
370576
371334
374034
374147
371545
372647
373658
374940
370866
372933
373290
375070
371248
370898
372105
374679
372124
372062
372810
374268
373486
373686
372195
372004
371053
375701
370548
373452
373418
371233
369390
370741
372916
369681
373359
372835
371741
377257
375021
375765
370960
371013
373730
375364
369781
372935
373450
375079
373777
371529
372859
371207
374168
370351
374067
374239
372831
375218
374040
373566
374449
372732
373832
372074
371968
374440
374062
372049
373604
370449
372516
374270
375499
376075
372842
371055
374856
376574
375326
371193
373851
370769
372741
372657
373580
372437
373357
375103
375928
376139
372958
372323
373785
372290
374599
371952
373429
371191
372387
371645
372031
372538
373962
370835
372929
371255
370410
372811
372280
373853
372268
373676
375104
378561
376287
372949
372555
373355
373942
374344
373551
373792
371235
372102
371189
373069
375153
375152
371826
372981
371153
372999
372531
371540
377715
374774
372992
373931
371000
375378
373260
373332
373270
372182
374925
371805
371228
370771
371756
375964
371395
370742
370133
373768
371006
375373
372261
373316
371728
373364
374111
373199
372175
373348
374401
373542
374869
371874
370349
375324
372798
376641
371497
373979
374309
370868
373795
373023
374970
371642
373293
372781
371440
374554
375296
373378
372807
372803
374198
373421
375105
374750
372767
372883
373769
374565
374059
370706
371961
372469
375707
377356
372656
374240
371468
371846
370823
376314
372032
369867
372224
373246
373484
372012
370988
373645
372226
374990
375064
372545
371773
372591
374045
372921
375214
372306
371100
377395
370492
373373
374362
373274
372821
373802
369712
375847
375618
372488
373519
370435
371504
372660
373389
371999
374534
373051
372264
372252
374847
372560
370389
371824
373119
370898
372698
373579
373145
373716
376012
373208
373185
373432
372275
374613
375539
372438
370496
373035
372299
373318
372101
373792
371943
372580
374179
372577
372746
371831
372968
372612
371335
371866
373974
374617
373835
373718
373216
374358
372287
374482
373109
375029
372706
371806
372152
371926
371609
371133
374314
373997
374373
373852
373171
375936
371173
372329
373103
371524
372968
372971
373436
374765
375349
372797
372042
375028
370988
372720
372005
371761
374316
374426
374488
373009
372484
374676
372011
372896
374948
374065
372153
373760
372319
372513
373211
372431
376411
372829
373072
375645
372637
371646
371707
374141
372536
369997
373465
374805
370081
371866
376100
374308
370980
375543
374937
372218
373379
373948
369324
373702
373405
373584
374098
375001
372137
375510
374183
377909
370084
371985
373401
373347
372570
371292
372395
375206
373556
371028
369687
370131
372444
373387
372170
371183
372216
373178
374816
370108
372952
371714
372740
373920
373295
372172
372230
374012
370730
373609
372016
371584
373821
372329
374582
375380
371108
374728
371417
372199
371147
371800
374380
373084
374712
374962
371423
375127
372352
372572
372615
373508
376847
372506
374178
375031
373134
372731
377532
371660
371915
373154
372921
371267
372913
374122
373056
372775
374162
373706
370617
372536
373065
375117
373579
375787
372873
371736
372980
372016
370324
377081
374903
372920
372342
373656
370733
372921
370460
371233
371456
370191
375689
372007
374096
372212
370714
371650
371692
373291
374029
373108
372110
371345
369976
373076
369864
373660
371964
371856
371466
370588
373955
373887
375302
373124
372040
374826
374768
372685
375805
373415
370156
372510
372947
373023
374953
372001
372824
374243
373654
371111
373461
373310
374684
373594
371774
376944
371654
370471
372645
374619
372527
372534
372687
370789
376076
375134
373562
372143
373924
373733
375643
371555
374562
373549
371597
373675
372225
374171
372687
371628
373502
373516
374248
373019
371714
371348
371281
373121
372995
373775
373221
370567
371829
373523
373168
371638
370302
372482
372802
372850
372425
372042
375588
375387
373424
372869
373645
372242
374598
373735
372522
371360
372564
370956
374161
371691
374447
373324
373997
370692
374188
376306
375849
373696
373730
372744
371887
373722
372584
371662
370866
371006
375745
372911
372513
372327
372414
371999
373146
375277
371533
372179
373160
377676
373425
373059
370753
374218
374810
375943
371377
373082
374169
373204
373272
372185
372858
368687
374125
372274
371522
372679
375723
372671
372500
373960
371050
372815
370437
372764
372722
373766
372552
369360
371720
373242
373120
374253
374807
372696
373850
373997
373437
373183
371384
371462
373312
372543
376379
373824
372780
374253
372452
376629
371672
376934
373535
371211
373734
375342
372994
372312
370992
372199
371338
374894
372232
371306
371221
373536
372234
371879
371631
375890
373041
373012
374126
375068
376376
373189
372287
371594
370721
378101
373460
374153
371799
372486
372934
371909
374308
370398
372559
371115
371770
373012
372998
372134
373511
373973
370693
376923
374627
372850
372835
374448
372923
374802
371998
373487
371182
373285
373455
372321
372383
369705
373292
371431
374748
371725
374623
370029
370870
372936
372218
373030
375695
372153
373367
375099
373997
371154
374488
376531
372772
371185
371641
373701
372554
372568
372960
375181
373922
374022
373601
373444
371813
374339
376460
374796
373042
370992
374763
374718
374175
374529
374606
373166
373488
371754
369748
373616
374130
371867
369943
370970
372020
372271
370136
373092
370843
370569
372242
373796
374352
370179
372040
372429
377117
371619
374273
372102
374046
375320
372133
375470
374339
374975
372475
374625
373024
371242
371551
372055
372067
374604
372260
372834
371283
372573
374980
376051
374334
374135
371633
371333
373894
373521
371309
373860
373751
371350
373747
371932
373970
373449
372412
373570
373743
373036
370087
375269
372546
374504
373491
373851
373148
373112
373987
373080
371594
375560
372150
372952
375404
374508
374163
374593
374127
372773
374486
372930
372329
374052
374501
370311
373652
368815
372088
374173
371599
371585
374592
371739
372248
373254
373367
371407
370772
372016
371353
372030
370873
373616
374264
372868
373342
373200
372340
373381
372703
374315
371027
372836
374338
373900
373137
371746
374835
373613
372608
374407
373217
374724
372017
374792
372104
374456
374374
372265
371034
373294
373303
374005
376851
370302
373967
374296
372632
370757
373888
375436
370810
370437
374393
374108
373733
371470
375575
373168
375027
374261
373588
372116
372058
373079
373815
371739
376693
372744
373088
375249
375332
372530
373863
370986
376124
373576
373712
374413
373728
372822
372773
371446
374188
372807
372803
372947
372928
375932
371473
375885
373469
371633
374629
372210
373634
372203
374212
375952
373341
371941
371999
373648
373924
373162
373460
374302
374664
372812
373385
373121
374859
371421
372813
373957
373041
374326
372991
372043
377684
370702
373705
372879
374260
372646
374300
373177
370809
371334
374798
374562
375671
372666
371890
372285
371384
371452
373467
372912
371540
374026
370668
373444
371331
373953
371676
374478
374328
369843
373320
372139
371919
375437
372730
372317
373223
372305
374117
375702
372909
373117
373657
370888
371879
371587
373057
375376
371220
375044
373960
372030
371414
372462
374690
373941
372088
374246
372040
372217
370436
372195
371393
373695
372455
371744
372467
373936
373777
371459
374515
373083
376059
373117
370633
373416
371349
374233
373815
373993
370606
370360
373661
374546
373668
369523
374379
373718
371934
372513
375018
372188
371167
372480
372732
373656
371783
372860
370176
371766
373476
372814
372969
374998
376456
374610
369621
375612
373884
372231
374827
373623
374119
372209
374859
374266
373965
372372
372868
375312
372310
371847
374828
372503
374406
376214
373719
376999
371922
372789
373190
372711
372877
370538
375287
370788
372259
371663
373217
375509
373160
373003
376262
373455
374080
370606
374052
372665
373193
373529
371911
371027
370396
372981
371845
374626
376235
375189
373080
377122
373417
372841
374036
375345
375671
376345
372590
372708
373707
375978
371565
372378
371330
372439
375954
372710
372914
371457
374022
372269
373921
370875
370209
374263
370902
372996
373676
372562
372378
371805
370007
372509
375179
372316
372691
372264
372024
372695
373247
373234
373045
373757
374320
373100
373439
372895
372351
372598
373361
372743
372508
371066
371010
373095
371520
373673
373485
372229
372009
371312
374986
375363
372422
372290
373354
371031
372378
371546
373433
371271
373598
373242
374607
374432
373090
374233
374326
375820
372908
372613
371580
374810
372032
369987
373821
372391
370879
374878
372313
372642
372043
374695
375291
373151
373341
372292
373647
371600
371287
373473
373133
370509
374169
375027
373071
370609
375299
373303
375861
373829
371025
375100
372308
371983
374722
373738
371916
369963
372619
372740
372483
372138
373301
370335
375039
371326
372257
375378
372197
375979
375773
369019
374350
371681
374258
373525
371761
370861
375775
373474
370902
372002
375123
374763
376090
370892
376077
370478
373332
372454
373343
376487
374434
371821
372875
372320
373906
374653
372405
374823
370940
374290
372212
374410
372859
372294
373050
374838
370691
371989
374006
374556
375513
372138
372390
375976
370731
372028
374926
375116
372080
376951
370889
370435
374414
372579
375024
371700
370485
371506
373529
372950
372151
373681
373368
374461
373046
375053
374799
374861
372613
377153
375687
371781
373205
371899
373394
370462
377346
373229
373753
371844
370648
375759
372209
374067
371005
374800
373028
371559
373989
372687
374014
373450
370539
375345
372531
369328
373099
375465
371348
371091
372262
373457
372972
372306
373507
371833
370578
374200
373378
374691
371681
373155
372673
374162
374787
373244
373102
374753
375642
371781
373502
372389
373211
373094
373534
372977
371633
375703
374950
375814
370638
372388
375761
375181
370806
373291
372630
373350
372777
374174
372972
373629
373894
370906
372236
374535
373858
373245
375255
372540
374820
373569
374757
371289
372269
371730
372682
374021
370923
372146
371585
373811
370920
372845
374057
371500
370653
374025
373239
371613
376419
371372
371113
374638
372904
372477
375037
371862
374645
372854
371910
372665
371801
372069
375573
371825
373805
373323
373043
374873
374008
374614
370691
370572
372699
373804
372320
371276
373417
372719
372651
373870
372804
373063
375411
374108
374554
369270
374157
373821
370365
374115
374168
372190
374092
375566
373128
371020
373746
373824
374487
373425
374207
373509
373498
372738
373183
371255
372882
376463
374042
369796
373290
376923
369101
371161
374439
371883
373269
374052
372322
372488
373347
373303
372127
375959
373470
370660
371595
371814
372726
371745
374169
370606
371311
374408
372647
372445
374553
372282
371538
373282
372998
373507
372949
374284
371684
373971
374431
372598
375173
375645
375188
369678
372653
370496
372697
374447
371286
373827
373128
376897
370762
375488
374474
371308
373238
373449
373430
372321
374951
372290
371605
373267
372316
373334
376134
372612
373659
373090
373593
369974
372257
372050
372293
372120
372929
371510
372056
374206
372965
372506
371997
370191
373860
372653
373410
375173
373228
375716
373335
372602
372237
375202
373560
375537
370706
376028
373021
372807
372956
374172
374053
373068
374407
374297
371911
370776
371831
372844
371257
376532
374130
372904
373732
371736
374659
371962
372042
375418
373669
371237
372912
371551
372265
373178
372678
373367
372082
369643
373770
373892
372484
374359
371671
374094
372499
374409
375267
372222
374134
374351
374222
372229
375719
373065
370812
370817
372893
373352
373092
371474
371623
374833
372144
370942
372557
371406
373142
371400
369591
375625
374955
371968
371974
375738
374199
372383
372834
372601
374679
373901
374884
373632
371925
372014
372583
372656
374092
374017
374137
372124
370488
374290
374338
373686
374795
376496
373706
372752
372271
372319
371659
372176
375216
373531
372657
374127
373191
374744
372781
374870
373255
372689
370538
371380
374647
373236
373226
372403
372814
372643
373208
370350
372761
372007
374178
373661
373155
371138
374274
372191
371620
374191
374351
371469
377763
375328
372810
374625
372095
373898
372570
373432
374083
372566
371983
374123
374144
373177
372432
374412
372383
374050
374939
371205
372647
375799
373831
372927
371954
372381
372335
373754
374819
374711
373896
370941
375887
373651
371378
372077
373359
372936
371344
371743
372436
374354
373000
375334
371912
373734
370843
372396
375732
375052
375013
374585
377230
371300
371516
370057
373059
375083
373597
372421
371832
373467
374482
373288
374175
371129
375761
373095
371921
374218
372038
373430
370769
374954
371672
376382
372142
372533
372544
373607
374964
372842
373524
372160
373956
372269
373183
371436
373091
373651
376237
373767
371922
374508
373652
371552
372617
373939
372271
372153
372825
372671
371424
370432
371756
374004
373469
372572
370746
373688
373452
373500
372744
375564
373239
376595
375105
371216
376122
372986
370552
372846
374229
374518
371986
371290
370229
375254
374216
373455
372966
369555
371405
372332
373200
372194
372426
375435
374377
370926
374251
372506
373412
374145
374510
370409
374529
370618
373258
372718
372933
372155
369796
374356
371990
372676
372705
373375
373594
373248
371064
374526
372750
371311
369965
372079
375054
370648
372391
370784
371811
376463
373167
373987
370841
371813
371403
373567
372236
373507
371148
372585
372794
374064
370116
373396
373207
371723
372588
373177
373441
372411
371744
370889
368544
371365
372063
373393
371546
374952
372120
374065
372232
372705
375363
373923
372325
375006
371627
374790
372501
372913
372229
374879
370539
371872
371181
372365
369376
371937
374111
373442
373598
372709
372838
371519
370839
375862
372216
373588
374890
377296
372285
371519
371907
371334
372482
372304
372439
372119
373588
371205
371511
370105
369772
372776
371901
371364
373170
374059
372218
371111
370148
373341
374124
372069
370690
372930
372363
375307
373633
372521
373075
374453
372756
372822
370486
376294
372210
374053
373215
371725
371178
371992
374066
374486
373174
371232
373242
373067
370051
374452
373783
372171
372493
371317
373990
373506
370310
373642
370840
373996
372210
371945
372165
370349
371179
374318
375280
373120
373029
373580
374375
370569
373268
372451
372675
372637
374812
371897
372846
369848
372987
374112
375625
371515
373106
375042
373586
370685
376275
372596
371924
372154
371453
371879
372742
370299
372737
372198
374937
374070
373217
373738
370600
373953
371917
370892
371599
371519
373445
372043
373173
372231
372227
375223
372609
373105
373935
372669
372433
372488
373651
369013
375726
371418
373680
370005
372799
373633
372420
372763
369956
372274
374700
372234
370753
374876
373840
371143
372681
375813
372122
373118
370031
373351
371862
372544
369683
372704
371788
371735
371797
372358
370679
372342
370894
371357
372373
375133
373899
371114
372780
375195
375305
374100
373240
375026
372933
372987
372264
375418
371997
371270
369468
373441
371967
374192
373105
372362
372163
372194
372320
375714
371120
372796
372126
373092
371466
374973
373192
371901
373407
374127
376021
372594
373630
371695
372557
371816
372734
370501
374094
372938
372448
373467
371734
371841
373684
373291
373793
373564
373204
375782
373027
372823
374152
375682
371676
373047
371708
372200
375468
373858
373332
374356
373097
373173
375105
370980
374084
375776
374596
373627
371746
373159
369880
376427
371076
372357
370931
373404
374985
372252
370416
375208
372681
372230
374041
373317
371280
373340
373993
373270
373886
372460
373487
373941
372415
372829
371688
374307
372471
371632
371965
370176
373040
373682
373513
372148
372680
372041
371165
375222
372606
372427
372730
372487
373031
371594
376220
373196
371569
372806
371766
372947
373582
372954
374736
370751
377964
374053
373717
374316
371081
369988
376756
371941
371279
372889
376162
371543
373099
376186
371550
375541
376279
372154
372573
372498
373087
373012
371864
375578
372908
372828
373043
374117
375216
373734
373591
371077
374689
374395
372461
371929
373777
371154
372782
371773
375734
372495
375407
374519
372381
376604
371771
373482
373299
372508
372975
370021
371363
372857
375560
376330
373425
373658
373575
370926
375567
369698
374247
372975
375313
371936
372968
371278
372777
371569
372536
371908
371495
370735
372411
373530
370571
369695
372852
373037
372362
371700
373363
373189
369774
372865
371510
374818
373252
373746
374097
370911
373010
371303
372608
371643
372705
375050
373886
370831
373376
374185
372823
371155
371224
370661
374962
374552
370952
374554
373707
373966
372895
371052
372604
373234
370637
372878
374013
370945
372015
376225
376675
374311
373095
373364
375008
371282
370113
370741
373680
370702
373906
375693
370715
373292
375433
373785
372334
373614
372590
376311
373369
370679
372946
371903
374504
372986
373602
372059
374084
370129
372072
373033
372416
372199
374755
373440
375698
372351
371634
371166
373623
373080
375219
376373
373657
373693
374597
373345
372253
370410
373645
372452
373094
375071
372715
374598
374489
375990
370119
370182
374522
371297
373652
372563
374850
373373
370284
369968
370385
370861
373917
371924
372529
376048
372063
373747
372958
372511
375791
373328
375853
371816
373938
373835
371378
371239
375155
374236
370303
372662
373704
370600
374517
374515
372974
377762
374212
371549
371978
372072
373838
372587
369126
373042
371391
374258
372246
371431
370729
372360
375197
374238
372454
371637
374839
374498
374308
370368
373009
370928
373772
373221
372027
374690
372738
375835
371783
372978
368514
371649
372880
374629
373943
371821
369558
374104
373743
375176
375393
372765
374552
371592
377174
374638
373958
373243
370818
371624
373464
370307
374747
370681
370439
371586
372857
372767
370968
375056
372494
374121
371078
371590
375220
374416
372302
371760
373579
374155
374994
374135
375914
373074
375298
372421
373243
372978
370985
373999
373015
375209
374072
373365
373158
374370
373973
370589
372250
370721
371862
374505
373018
371824
375431
373657
369473
375227
372567
373231
375319
372833
374780
372823
373837
370956
373851
371596
376852
371910
372424
373870
374637
374256
373254
372254
369626
376233
372336
370405
372488
372382
373995
370127
371636
373177
374459
373123
371872
372520
373287
373764
375108
371436
372445
373206
375038
373771
374714
376739
372362
373222
372021
371316
373378
375852
372175
373618
373968
372129
372435
374282
371683
371104
371818
373074
374112
375408
371496
374681
371777
375659
371129
375031
375023
372246
371714
375059
375289
370898
370315
372153
377523
371828
371189
373606
375595
371498
374567
375005
375015
374520
373443
372110
373243
374041
371548
371945
373515
371957
374291
373706
372780
373549
374851
374614
373061
371069
371356
373322
374165
371352
370424
373989
371449
374851
375495
371937
372651
371281
373376
371543
376071
373717
371219
373728
371862
371521
374516
375743
374678
375405
372082
375313
370515
372308
373664
374139
372776
373443
374654
372502
375681
374123
373827
371583
372035
376656
376636
371771
370677
373807
375964
375419
371233
372184
374987
373413
372123
371902
372165
371736
374570
374024
372243
373446
371634
373735
373897
373939
369845
371907
370522
371110
372230
370851
373016
374503
373774
373650
370767
374411
372962
374540
375563
374758
374795
373111
375413
374390
371991
371598
376857
371085
374584
373155
370659
371458
372403
371819
372521
373191
375220
373826
369758
374774
371932
373940
372132
371852
370735
372922
373638
369943
373463
373322
370526
371911
373947
372341
371912
373186
372630
371844
371988
373967
372887
371844
373649
375320
374330
374762
374101
374088
374343
372035
374574
373652
373360
372462
372563
373336
374433
376737
374156
371533
373159
372554
372768
373146
373848
373366
375163
371778
374216
372781
376207
375942
376083
374186
373111
372833
372415
371139
373704
374585
373930
373893
371485
372524
373445
374592
373635
373275
372152
371357
374506
371098
372870
372750
373456
370799
372125
369856
373006
372567
374615
370694
372262
374284
373572
373132
375488
375914
373419
373922
373513
370100
372515
369986
373569
372318
372218
370321
373852
374419
370903
372892
370923
374434
371622
371933
373836
374062
370916
375014
372066
370582
373524
371320
373538
373011
373603
374610
373766
370792
369632
372384
372258
370569
375124
375361
373941
372851
373206
371302
374981
375364
373744
372860
375396
372778
374987
373441
373431
375777
369886
372123
371110
370780
371389
372798
373917
371192
371485
374019
370375
372787
371978
372100
372788
373425
374797
370540
374188
373169
373792
372310
371022
372762
374546
371015
372742
372873
371828
371650
372925
374109
372157
372566
375005
373483
375606
370673
372424
371057
373393
371799
377036
373199
371790
376165
370902
368858
374842
372414
373885
373974
374168
371648
371979
369777
372486
372788
370935
370487
371215
371006
371789
374500
374000
371281
374519
376619
371813
373578
373422
376970
371771
370760
370749
373253
374071
370990
371304
373533
372582
374666
373835
373235
371516
370858
372285
377962
373675
370469
374474
371524
372873
374017
372597
375704
374320
370751
375133
376310
373305
371851
370513
375281
370427
369943
372608
374628
372709
373740
373723
374105
371644
370423
372707
374142
374885
373235
375710
371721
373118
371898
370927
372061
371375
373943
372343
371875
371555
373222
371799
371360
373353
375128
374824
371159
373625
373030
373975
372782
371811
372075
372211
373729
369263
375762
373147
372092
372702
372058
372091
374289
375142
371998
372419
373112
373667
372206
370130
370576
372828
371110
375160
373454
368868
373607
371914
371666
371856
375407
371563
372989
373531
372915
371803
372539
375057
373696
372911
371329
373272
373354
372406
372790
373581
373227
375346
375427
375078
372532
373357
370491
374482
373581
374176
374668
369781
373322
374979
373587
373610
373240
374975
370828
371823
373141
373871
373537
372185
373423
373753
372772
371894
372085
372694
371911
374171
371586
374216
372645
376580
373084
372133
373673
374293
373755
371788
373482
370276
373049
371346
375699
372262
370339
373103
371348
374146
372984
374687
374410
373536
374136
376426
372435
373276
372932
372371
371110
372592
371396
375053
373172
372693
370607
370116
369905
373928
374598
372683
375663
372230
374408
371300
371875
372176
371973
373964
372824
373678
373140
371978
375462
374577
372296
374577
375524
374205
375216
371320
373220
372844
373231
373302
373738
373349
374875
374630
373130
374282
373559
372809
374183
373335
373330
372324
374862
372861
375980
374119
373166
372820
372339
371709
373580
373020
374234
375336
371786
373993
376581
371888
373361
373488
372120
373018
373521
370391
374521
371655
373194
372928
375343
372983
373567
373844
373975
372188
372203
375463
373490
373651
373861
371573
374600
375259
370828
372304
374430
373991
372410
371474
374069
375213
370151
371590
375282
372245
369896
371476
372545
374389
373558
372532
373393
374288
373087
373035
373456
371303
372809
373754
372615
373401
371599
373689
375597
372906
373794
370860
374984
370303
372322
374262
372969
371951
372103
375102
375529
374302
374251
372545
371670
374345
372452
372151
373854
372987
372176
378445
375125
373589
374825
373472
372905
375865
372091
371377
374009
373698
372059
372898
372068
373158
373556
371372
372220
374139
372430
372157
372840
370372
371990
371224
372704
373718
371677
372887
374078
375668
370945
372819
371986
372081
371472
371510
372412
371616
372931
373342
371940
373747
376748
372695
372173
369904
372542
373256
371236
374469
375271
373706
371404
371207
374156
371144
372678
371458
377321
371132
371655
373088
376625
370302
370862
371540
374515
373846
372911
371660
373136
375734
372879
374805
371067
374182
371493
371239
373575
372303
372944
375175
375159
373982
373559
374459
374775
371948
370496
372810
370553
374476
373173
374168
371214
374562
371563
369711
372674
373702
374455
373011
372294
372919
373193
373354
371165
373043
375096
373093
371967
374073
371105
373112
371839
375428
371437
371980
373737
372174
372512
375791
377420
373790
372812
373883
370583
374029
371490
375308
373363
374413
371178
371377
370116
370895
374018
371816
373457
374550
372538
376746
374424
372940
372227
372966
374555
373516
372370
375333
371310
370573
377723
372666
373425
373822
372956
374322
375063
373237
373180
374121
372291
375090
371415
373286
374215
371898
375436
373436
371957
372407
369943
372962
372905
373535
371781
374189
373745
372797
374727
372823
374314
375344
369757
372282
372857
369772
372266
374766
373037
374301
372311
371470
373770
373503
374539
371177
375369
374530
372350
372872
374244
373746
370785
371962
373941
372811
373790
373893
372042
374648
373564
370656
374160
377580
376031
371803
371953
375979
373330
372423
371499
373744
369321
372925
373238
370413
375660
372090
371964
375094
372503
375077
371825
372551
376099
374547
372139
373852
371249
369048
371692
371077
375654
370554
372695
372208
372893
374103
376039
373397
372374
375776
370786
373253
374905
370765
372082
371088
370027
373478
374511
372803
374850
374101
373755
372119
373349
374142
372878
372027
372925
374725
374035
372177
372765
371945
376233
372633
372852
372190
371348
373802
373667
373901
373407
372753
373482
378714
375058
372813
375822
371411
372660
372075
373342
371616
372768
373104
372193
371954
374363
374545
371008
373556
371269
372322
372963
371327
377068
372004
372597
374669
373257
371374
372150
371958
372371
372064
376381
375152
373390
372770
371574
371886
372597
374127
376312
374711
371939
372526
369517
368901
373654
374165
373038
374007
374856
370280
370723
374064
373536
374137
373024
372135
372735
374611
374305
375047
376054
372478
370032
375039
373748
369670
371686
371552
371432
375331
373592
372666
372283
372190
371095
374111
371201
373673
373757
372306
373052
370691
373867
375618
371720
372351
374303
371994
373194
371136
374293
376255
373648
372249
371350
375884
373213
372721
376076
376730
374839
372375
374529
370916
375468
373175
374745
376450
373332
369888
372491
372708
370953
373056
371710
376227
373249
375098
372031
375753
373472
376040
371048
370377
373124
371682
370469
373562
373767
373408
375913
373230
373358
373217
373400
373980
373347
371816
371834
372161
373748
372617
371629
373990
370473
372294
371439
371702
374051
374729
372600
371353
372674
373869
372238
372888
374005
375739
371053
370642
371292
373336
373117
372915
371291
372101
374075
372814
372015
372670
373587
372985
372681
374728
371441
372412
371978
371073
372713
373527
371008
373440
376110
373133
374067
371467
372572
375071
371198
374226
373082
370167
373268
372860
375521
373267
372486
372224
370811
372042
372749
371818
373802
371930
377263
373600
371436
374855
371047
371349
372798
373582
370343
372631
372119
373452
374941
373355
375808
372745
372206
376762
371989
372396
372957
373484
374396
371460
372902
372772
371752
375399
374464
373267
372691
373560
375162
375417
374172
370850
371486
373838
373480
373604
374524
374162
370981
374054
375988
371377
373838
374670
371928
371926
371450
373487
369408
374645
373847
373868
371113
372940
371212
372478
373958
371073
374812
374620
373817
374572
371903
373299
374172
376701
372271
374240
375710
369995
376493
373161
371925
371092
372028
370953
371957
370697
371434
370698
371416
375649
372806
373514
376811
374267
371924
375140
372319
374198
369673
375066
369943
372888
373186
372994
370802
374188
372829
372521
371969
371643
372259
373105
373041
374478
371162
374181
374213
370394
375850
371517
372874
373817
374955
375183
370420
372083
371558
372609
374039
373989
376011
373921
373307
371684
372526
374289
372143
373182
369784
372558
374010
373442
370064
375047
374256
373133
372522
372864
370783
371081
374389
370620
373080
371809
374750
371995
370394
374098
375551
375894
372879
374534
369239
373789
372803
374640
372492
371633
372961
369995
375769
371932
375428
372413
375311
372373
377156
372717
374206
374519
375341
373095
373500
374148
372852
373434
373896
373452
371694
371724
372293
372253
373518
375557
372301
370009
372154
373119
373671
372449
373165
370171
371956
370855
372454
374391
371618
376485
373799
374712
377648
374644
373274
372828
371015
372890
373657
373770
374708
372610
375739
370988
373439
373151
374044
372338
376130
376670
369736
375211
373015
372214
372197
375840
371255
373029
370762
373165
372515
374859
374314
376866
372692
375688
371957
374206
373960
373188
371698
370783
376177
370828
375332
374500
377816
373725
372533
375860
373937
373400
373168
371714
373552
371728
373668
372472
371213
372663
373401
373115
373131
375965
372902
375201
371943
373062
375979
372534
374791
376346
370581
372518
373490
372796
371163
372141
374186
372301
369976
371357
373967
373577
373029
372110
372751
371381
373917
374453
371499
371529
370803
374284
374525
375320
370662
375227
373711
376067
374693
373171
373274
372891
374306
374139
373797
372765
374923
371576
373277
372959
372195
371599
372288
371194
371227
375460
373797
373271
372883
373184
371554
373922
374240
372038
371355
373037
372027
373263
375440
371432
372597
372647
372701
373627
373373
372330
375257
371615
372712
370997
370712
374153
372964
375557
373832
374840
372647
372827
374078
371695
376671
374352
374031
371687
372507
372521
371793
372087
371368
370501
372607
371885
372776
371277
375325
373666
371520
372063
373536
371213
374839
370585
375094
372719
372749
374894
375269
372198
372924
372938
373575
373995
372320
374901
373074
374975
370855
375301
370171
371535
370751
371277
375190
374362
374473
372592
371688
372522
372610
375623
374468
374256
375619
372275
370473
372652
371789
376712
371299
374522
373478
369988
374031
373581
375108
378321
372356
377137
369371
370511
369641
372701
373484
372027
372033
371412
371563
373887
374197
375582
375588
375456
375679
371747
373193
372515
374515
371243
371550
372921
374452
371317
370353
369767
370714
370156
374223
373426
376951
372329
373711
372196
372358
374053
372136
372048
372844
374086
374891
375288
373006
373637
373861
373681
373440
372238
373199
372943
372990
372715
375148
371488
371563
372790
374216
375469
374962
371027
374420
372944
372318
373240
373368
375826
373693
372270
373732
374040
374272
372306
372859
372982
375401
372517
375165
375416
372665
372522
368631
374976
372677
378117
371599
373773
371282
374788
371243
372409
373807
377830
374738
374163
375364
373933
375635
371199
372831
375707
371313
372065
373138
373641
372091
372835
373283
373228
374551
373008
375012
373033
372607
373435
374487
373837
374313
371044
372934
372739
373513
373421
372358
374324
372100
374791
372777
373366
372216
370309
373535
373307
374091
371117
373865
374314
371898
375503
371552
375773
371433
374756
373436
372713
372424
373032
370609
374525
372750
371911
373744
373864
373548
375640
374900
377353
372825
372679
373802
372768
371248
372835
374924
372257
371593
371609
372134
373445
372142
374430
372981
374890
372783
374155
374390
374134
373276
370606
372189
369333
371987
372068
376132
371457
374194
371274
370661
373548
371374
375602
374580
375027
375339
371773
370482
372360
375191
372514
372142
372307
372635
373215
374987
374109
373130
373232
372081
372651
372025
372402
375107
377944
375137
373635
370422
375777
372343
373142
371857
369377
374816
373476
371452
377321
370263
373217
374305
369846
374155
375187
373247
371383
372926
374615
373053
371845
370571
373318
372671
371471
373209
372375
373779
374695
371998
370922
370876
374599
375263
373453
373114
368784
373589
373095
372525
375517
373654
371604
372122
373981
373001
371082
373637
373329
368364
370554
376605
371815
372291
373518
373935
373936
372661
372537
373872
374447
372235
373150
369825
374673
370875
371342
374384
374002
374697
376089
373037
373221
373840
372912
372913
373722
371730
372838
372332
375565
373406
373285
370028
374966
373872
374034
374196
370524
373776
371481
373283
372012
372445
371317
376746
372484
375274
371762
370638
379516
371766
374322
371119
372578
374995
373156
372746
372581
374197
372987
375345
375758
373974
371661
373104
373415
372928
373647
370281
373419
372393
371642
371121
373623
373927
375855
370152
371725
375790
370990
373599
375034
373896
373824
373582
372004
372362
376615
371917
372659
372936
371857
371495
373926
372801
372991
371316
373330
375118
372056
370604
372802
375420
374042
372626
372345
374464
372253
372728
376572
371967
374298
371713
372646
374089
372471
374045
373156
370727
372626
372757
374224
371309
374117
371403
374508
374394
374879
370714
375594
373534
370188
370394
371867
372502
370358
371938
374234
371921
373572
374861
370584
374821
370513
371359
374910
374553
373988
370606
370190
370735
371909
372191
373554
373845
375424
378237
373435
372092
374398
371649
373570
373870
372111
372779
372886
373296
372693
374132
369910
375386
374325
373229
374043
372093
375538
372275
371835
373263
373319
373124
373858
371364
376934
371134
372671
373506
372919
369523
377053
373013
369766
371149
372475
372553
376635
372666
373259
373022
375197
374861
371203
370827
371942
372932
373801
372297
373259
374690
374002
370973
372123
373651
375909
373334
374501
371704
372089
371135
372080
371898
374208
374241
373127
371447
372337
372728
372446
372474
372822
369974
374495
373549
371715
374781
371086
370969
373025
372279
372178
373047
375471
371964
372251
372457
372427
374522
373002
373563
371846
373613
373305
372374
372740
372385
376322
375769
370869
372058
370228
373709
372728
371226
374147
374160
372954
370858
371560
376048
372100
375285
372459
373613
374345
372381
373022
373506
372103
371234
373965
376145
374099
372157
373560
373678
371259
375621
376578
372912
371521
374564
372913
373870
375229
371850
371372
371034
374279
371365
374747
373685
373943
372991
371060
372278
373682
369811
371798
373480
373421
371150
372038
373571
374148
377535
374725
371792
371522
372208
372529
373945
371514
374853
373441
371028
370753
369376
373198
376048
371957
373917
371980
373036
372327
372406
371911
372264
373058
373742
373274
371147
370721
373824
371544
372987
374656
371825
372614
371492
372356
375179
373085
371901
373956
371186
371878
373980
374048
376517
374501
370399
371792
373053
373686
373918
376482
372596
371792
375326
372877
372840
374044
372157
371117
372141
370306
370509
371490
371738
373161
372669
371973
372730
374145
370141
372474
371945
373383
374938
375714
372093
369695
373138
373084
372527
373597
374053
370346
371865
374104
373705
374735
373174
373759
372343
374347
372798
372227
373985
375012
372414
372934
373009
372162
372869
372634
371217
369839
372224
375370
371121
373195
373235
372026
373883
371816
375864
372614
373000
374392
371406
373932
370377
374110
373380
375671
372498
371691
375538
371652
370317
374007
374749
370364
377111
373926
371861
370762
371704
373835
375826
371882
372153
374773
372509
370248
373308
372181
371816
373593
371536
373680
371885
371396
372680
374979
373618
371584
370951
374313
371574
373080
371015
374098
374238
372181
371490
374855
373227
373400
372184
371553
375542
374783
373055
372978
371529
374471
374440
372303
372027
374213
372024
370945
374339
372800
373792
372874
374661
373826
375975
372287
370135
373654
374174
372137
373796
372213
374649
374208
372910
371924
375139
375179
373512
373686
372756
372973
376819
370126
373651
370520
372082
372276
372912
373102
375983
372270
372906
375292
372540
372078
370782
372753
373183
374262
372639
374625
371681
370923
370244
374751
372085
372648
372832
375046
373855
372149
371780
371398
375882
374286
373509
371233
375912
373781
370313
371894
373200
373122
373642
372192
370953
372971
372519
373648
373465
372850
371090
374334
374389
373087
374089
372384
371824
373368
371279
376921
373057
374092
371573
375646
374613
371269
372812
376449
375503
375603
371875
371462
371407
372724
373778
371996
374070
372066
373114
374390
372602
374449
374555
375788
372126
371572
372797
375843
371804
373905
372029
373290
372368
371827
374295
368684
372720
375844
372402
373060
374855
375508
370452
372863
372974
373848
373248
372064
370652
370598
373487
371600
372332
370519
373599
373301
373011
374361
371765
372663
377902
373193
372005
372732
372713
372393
370606
372861
371163
371310
377843
373268
374187
372606
372254
369985
373256
372218
371458
372965
372666
373428
373041
370905
374759
376411
371828
374132
371459
374257
373665
371288
374910
374576
370991
370428
371855
374183
372365
375499
372691
371500
373669
374033
375027
372360
374084
374968
374033
373708
371185
371249
372362
371618
373714
374843
374699
374085
374309
371885
373676
374604
374651
373661
374064
374780
371654
373509
375374
373316
375337
370928
373563
375121
373117
371519
376130
374948
374674
372511
371742
372175
375483
372729
371348
373240
370395
375293
372473
373885
373829
370581
371874
374695
373218
372378
375064
373577
372145
372691
370722
373999
370316
372406
369877
369118
371988
373629
375794
372016
373615
374284
372357
373044
373428
373438
373694
372307
373064
373261
376094
373293
371592
372616
376041
374730
371461
373262
371346
372723
372762
373459
373517
371697
372090
373586
371482
373150
374198
376218
371641
373555
374460
374945
371432
372768
373742
376323
370123
375369
374513
371240
371620
372011
374950
373105
374320
372420
371005
372660
371136
372455
371880
372680
371535
374257
374189
372396
370086
371872
371600
372108
376971
374607
377040
373845
373827
371574
372631
372805
371746
373083
373846
376004
374380
375553
373706
374650
370898
372530
371372
374725
371606
370441
374843
373444
375137
373958
372921
372806
374272
372860
375315
370968
374158
373748
373266
371000
371691
373277
372635
373841
372712
373034
371450
371497
370681
372354
369991
372676
374120
373943
374734
372370
369791
373480
372404
372885
371175
372078
371177
374315
374127
370492
371371
374241
373206
375302
373853
375693
373741
375071
373602
371916
374674
372461
372771
371700
372525
372790
372428
374090
370186
376257
371663
375416
373317
371978
371199
376364
374809
374212
370501
371738
376159
369317
372132
376518
371594
374500
371290
373272
374155
371672
371953
371920
372167
371500
372860
371851
374844
374045
374879
373782
373089
372662
372577
375919
373999
372455
369590
373938
373279
374420
371576
374070
372740
373179
370536
370564
370793
374875
372995
372133
374395
372812
371753
373528
372364
370850
373489
372509
375108
371858
373112
371212
373327
371859
371235
371071
375384
372876
374669
374223
374406
372473
372922
371126
371899
371432
374207
371530
374131
371240
375760
373315
373837
375690
373932
374389
370182
369627
373989
372921
373857
373154
372092
374100
372613
372454
372841
375298
372517
373576
372124
373373
373140
372774
374727
373953
376521
372249
373518
374725
374000
371870
373543
370541
373374
372913
371011
373129
370717
370030
372085
372809
371691
373291
372685
377419
374517
374057
372230
373837
372618
378642
373962
376277
370619
372621
374104
374030
371379
373595
374582
375291
373892
374041
371781
373785
373663
376223
374183
375015
372996
374539
373808
372246
374804
373939
373906
373189
371251
371863
375615
373581
374274
370866
373788
373940
374424
372977
371850
373203
373829
372657
373558
375471
373118
372884
373801
370557
375218
373803
375336
375395
374525
371453
372665
372261
372075
370306
372181
372721
371292
373420
370156
371009
373409
373160
373128
371050
376877
370801
370248
371656
372130
374469
372198
372780
376483
372786
371575
374692
372719
372016
371463
371295
376092
375909
372456
373031
372104
371527
371321
372741
372376
373329
370454
376691
375495
372628
374888
372137
373940
375824
373460
375238
372166
374532
371881
370993
370798
374720
372772
374071
369928
372135
373683
374606
373145
374928
370769
371349
374496
372603
375153
375492
372963
373634
371417
372506
370127
372597
373952
375016
373124
372798
372882
372077
374154
371774
373066
374008
372486
372668
372789
371874
374236
371985
373760
372970
369956
373064
372367
372729
373567
373549
373972
371013
374049
372710
373101
376272
372510
373583
372613
374922
372822
372299
372664
373612
375085
371452
374537
373839
370457
372643
373113
370553
371786
372084
373489
375309
372706
372229
369828
373617
372333
375181
372362
375224
374144
372737
374230
371063
374202
370782
374374
373256
375322
373871
372187
372870
374961
376911
370715
374783
373643
373797
374000
372156
371665
373337
374303
372161
372934
371264
370553
372942
371059
368954
373507
371239
372584
371261
376643
373528
373957
373890
375134
372142
372637
372796
372988
372503
373123
375137
373310
372978
372673
371635
372535
372502
374124
375600
370046
373314
372379
371599
374245
371713
373235
374604
373159
373873
376208
370726
373608
374437
379070
375003
372444
372064
371703
373766
376286
371932
374267
370616
372103
370425
374605
371752
373043
372633
371675
372950
373747
374251
378242
370598
373991
372913
377252
373078
373592
374360
374690
373779
374930
374934
374249
378359
374894
370622
375939
372058
372785
373966
372181
373284
374594
375435
372753
373863
370818
372341
372093
373476
369774
376601
372242
375669
373360
374208
372406
372458
373796
374380
373686
376464
371431
374360
373938
372765
371585
375092
370263
371714
374207
372866
375864
371430
377468
371776
373976
374099
377606
372915
371523
372722
372364
375326
370496
372193
372324
370902
373109
372684
376036
372419
373389
375502
373951
376730
370609
373441
373427
373511
376270
373025
373360
370046
371526
373622
373118
373576
374151
372157
376295
372574
374336
374033
376827
373806
374189
372614
372678
373261
374402
372301
368906
369106
370167
371645
374934
374380
372687
372149
372067
370347
370407
377828
374565
372086
371438
374420
372206
371994
375766
373530
373798
373859
373574
374352
373829
373451
371793
374555
372924
372350
374757
372109
374980
373738
372432
373603
371868
373409
373964
374176
374292
373211
373672
373932
372525
371857
374900
374122
375203
372879
371323
370141
375117
372489
370295
373656
371458
373056
373280
372768
373165
372120
370395
374344
371964
374690
371660
373258
373282
371681
373551
371340
371434
374006
371558
371852
370143
374425
372755
371748
374776
374708
370695
374810
370935
373309
372939
372274
374388
372087
374013
371179
370956
375504
373467
371992
373457
374241
371783
375701
376308
374216
373186
374792
373843
371565
375336
372987
372154
373464
372314
370963
371241
375526
372510
374126
373587
373321
372691
375725
372128
371701
376034
373172
372226
370945
374313
372248
370581
371184
370003
373846
372217
373218
372391
373915
373474
373952
371050
371851
375009
372626
372042
371327
373727
373062
373599
370582
371731
373089
372047
369621
377389
369404
374802
370967
372670
377016
376754
374336
372728
375872
372958
372738
372146
372730
374199
371977
375425
371217
371246
374275
373304
374528
369906
371988
375474
373573
374112
372457
373548
371782
374496
374325
373619
372233
375018
374660
371714
372131
371838
372133
374456
377255
375265
373246
370926
373133
373800
372688
371372
372804
377077
373385
376111
371065
376212
371030
370778
371535
375768
369501
371531
372968
371686
370458
374658
372027
372586
372174
373720
373595
376270
374066
373031
373323
369943
371680
373441
372635
376544
370619
374953
375234
374099
371041
374456
372405
373530
371871
372452
375100
370968
375539
375124
370300
371517
374589
375928
370753
371171
372814
372048
372394
374900
371967
371143
374177
374550
374443
371693
371451
373899
372876
373697
370044
372564
373641
373980
372291
372449
371291
373613
372649
373510
374243
377134
373695
372774
371286
375508
374276
371636
372378
373627
374407
372429
373570
372841
374988
372189
372284
373587
372593
372321
373130
374580
371435
371053
373419
373628
371664
369354
371867
372912
372452
372777
373265
372735
372082
370538
372969
370112
375195
373839
371325
371106
375514
371927
372551
371599
373191
375917
374785
371526
371476
373120
371985
372428
371657
371463
375329
373227
371199
373042
373545
373460
372920
373876
375985
372423
372814
371564
373293
373095
371514
372918
374604
372991
372553
373938
374877
370368
372055
373222
372201
372562
369262
372440
374262
373489
377148
374801
372553
372093
372344
375213
369977
371992
371472
370729
374403
371725
373126
374197
375529
373917
374557
374107
370084
372857
374999
373229
370964
374283
371480
371872
371982
373229
374584
372631
372446
372883
377484
369765
373686
372891
375002
374418
372544
372643
373867
374375
372821
372319
373661
372264
374323
374907
376686
372788
372196
372874
373229
373108
373918
374684
373437
373629
373548
369951
371800
371473
374185
372077
371584
373226
372453
374912
372507
371274
370090
373318
374517
371487
374004
373516
369256
373653
373680
375224
375697
372099
372734
372397
374491
369671
374154
371781
372666
375304
373199
372409
373689
372666
373508
372203
371758
372711
374411
374717
374463
371534
372567
371775
373240
372095
373470
372615
371331
374311
374966
374847
373859
372378
374695
370762
372103
374207
371848
374106
374697
372032
370344
372597
373078
370333
374011
373179
371116
374252
375809
375615
373966
372960
369932
374238
372145
375104
371813
372498
372744
372201
373143
372178
371491
373328
374032
371176
373877
376077
370787
373778
371033
373242
371119
371815
372260
374521
373904
373832
374499
375212
374456
375320
372875
372597
373965
371659
374386
376011
371942
372313
377077
374720
371453
374267
373077
373250
374100
371490
370248
370256
373298
373071
373360
371632
373592
373071
371648
370923
374433
373181
372013
370730
373655
373363
374015
371307
372479
373663
374273
375426
374162
374287
373303
375292
370549
374693
373802
372420
373314
373850
375212
373774
372492
374775
372862
372278
371129
372292
373732
376191
374785
372920
371845
374828
372335
376176
370302
373079
370955
371073
371487
372127
372071
375082
372928
373057
373472
375035
374253
371237
375547
371268
373183
374421
373277
374822
373222
375730
373113
373681
374279
374146
377531
371165
373858
371725
370926
369863
372648
371505
373136
372689
376141
371505
374491
374767
370817
373324
373253
373920
375074
374046
374314
374326
373098
372697
372560
371755
371934
375430
373353
374491
372970
370042
371277
372448
371985
373810
371836
372409
370981
369805
371639
371368
372008
371712
374270
374971
369973
373718
375430
372865
374456
373860
369841
375742
371667
372623
371117
371766
371900
375215
371531
373272
371754
375518
375333
372723
372841
372301
376288
374666
374576
375312
370142
372280
374876
371538
370631
372557
371182
374355
372076
372456
371922
373537
374675
373596
370795
371296
371933
371796
372174
373469
371374
374239
373703
371146
369816
371749
370418
371704
373895
372459
372944
375204
376923
370328
372072
372764
373685
372224
371646
369973
378007
374060
374897
374923
370931
372399
374465
372302
372340
373202
372579
374540
371132
374665
371129
373809
371448
373079
373417
372630
374634
372505
371549
370700
372894
373347
371459
375227
373981
375890
376571
371904
372588
374096
372974
376761
373357
374883
369069
372296
371545
374162
372325
373489
372191
374262
371073
371601
373159
370808
372519
370810
375372
374467
373511
374397
372939
371397
370511
371221
375203
375122
373640
370893
372650
371761
373103
370030
371909
373900
373967
371012
373947
373910
374328
372272
371378
371297
370574
372976
373374
373767
372768
371811
372265
377173
370690
371385
373184
374056
374573
370538
372094
371457
371543
371219
374987
374698
375553
374143
371486
371783
372865
374008
376962
372076
374087
372250
374139
373562
372725
372916
374062
371727
372399
373091
373633
374895
371313
372027
375236
374428
371265
370961
373301
373796
372774
372573
375070
371828
371975
375213
374358
372472
371943
372136
371931
372748
373494
375649
370536
373901
373183
377070
373810
374181
374250
378245
373055
371323
374568
373048
373497
370203
373240
373532
373119
371658
374616
373553
372641
372566
373232
372263
375587
372305
372901
374429
373007
372844
371535
375927
372232
376195
374356
372554
371512
372679
373181
375741
373468
372518
373674
370729
374567
374161
370508
373101
372122
372987
371945
374481
373222
373330
371216
372674
373449
374845
370181
373455
372234
372814
372917
371721
372576
372581
373216
373010
371716
376155
371535
374172
371311
373813
372242
372512
372480
373819
373657
377350
373329
374430
371945
372709
377544
371679
370438
374065
371202
372034
373158
372530
373113
375874
376178
371337
374075
373205
374434
373280
370485
373958
374259
376373
372623
372867
371810
373783
373466
370176
374125
373203
372724
371499
373368
373131
373116
373029
372954
372015
376094
371511
376602
373625
376774
372620
375651
371190
370776
374655
373267
373622
371949
372656
373320
376055
369802
370868
372948
371699
373084
373527
377596
374045
372479
371510
373962
373300
371991
373245
373988
372347
370247
372678
370908
371787
372345
373240
375422
372555
374601
368906
372241
371902
373387
373804
375640
373718
372353
376552
375558
371438
372447
372852
371779
373067
372628
374566
378642
371898
370443
375943
372068
371560
373659
374341
373303
371090
375665
375657
375641
373587
373393
373443
372255
371136
374438
373263
369326
373625
377465
372376
372355
374946
370840
373614
371606
371616
373077
376893
372715
375498
371893
372605
371911
372012
372949
369736
374525
371820
374879
373476
372224
374788
371176
372508
373170
373443
370399
371954
374788
371013
378451
372968
370920
370856
374499
374361
375247
373239
371080
373370
373210
372376
374653
373506
374658
373651
372867
372001
374325
370875
373077
374579
371795
374967
372093
372405
370518
372274
373489
373264
369472
371744
372800
369525
373757
373885
376061
374299
375168
374269
372355
370436
373822
373068
374746
369731
372973
370968
372436
372272
373697
375284
373333
373358
371185
373754
372415
370728
372772
374224
376184
371960
373496
374497
375018
372712
372215
372964
375169
376820
373607
374548
372718
373935
375535
372868
371434
372545
373521
374051
376392
370904
371716
374144
374312
373002
375901
370969
376117
372920
374373
373826
370786
370376
372717
377613
375268
373153
374718
374191
372104
373630
375056
375436
373681
371922
373748
371491
372845
372826
376734
373513
372341
369514
375621
374162
371685
372880
373306
372877
371968
372784
370005
373456
372660
371205
372844
372792
373793
373062
372570
373976
375131
374051
374255
375278
375275
373955
374833
373434
373234
371692
374137
371377
372819
373820
373813
374670
372599
371764
374215
374808
369485
373742
373952
371929
375821
373625
372722
373932
371642
372843
374764
370507
371128
369724
375551
374240
370671
372912
374785
375577
375628
369412
371085
373276
372958
370031
371438
371801
373311
375579
372153
371896
372737
370438
370072
371298
371731
374549
372780
371670
374892
376571
372298
373149
373741
376741
372140
376343
371480
374205
372296
374158
375658
372290
373699
374771
372257
374012
370116
372657
374565
372685
370914
374532
374619
375485
371665
370479
371906
372639
372985
371111
370735
373548
375261
374774
376744
372487
371712
373933
372178
376222
372253
373318
371335
373923
378437
373912
373295
372369
370921
369875
371681
373954
375153
373367
372506
376691
371841
374398
374207
372873
373416
371380
372366
376203
371339
376819
375208
373562
371869
374545
373168
370836
375169
371981
373287
375188
373502
371315
372764
375645
372885
371690
372194
373002
376546
373952
371132
375178
374338
375311
373595
372527
370981
370734
375840
371644
370534
371017
371697
373355
375674
373906
373374
373896
373422
373032
374330
371196
370667
375109
373078
372069
374326
375391
371304
373186
373426
372848
373374
373182
375059
374099
373317
372092
373774
374874
372132
372998
375003
372736
371836
372863
373477
374554
373094
373223
372836
372069
373913
373594
371825
371241
371329
370038
373077
371266
373300
371934
373361
370379
371615
371827
372450
375217
373915
371153
373966
371393
373396
374669
371555
370238
374728
372681
373882
371687
371968
370922
374798
375253
372616
372691
372567
374386
371277
372965
373050
375190
375620
372969
373597
371432
372219
372792
372038
372496
371272
372428
369290
373320
373558
376394
377009
374792
375085
373250
372131
372050
374625
372868
375334
375573
373359
375275
371443
371518
371665
370112
370690
372625
372830
371734
373541
371872
371695
371357
372156
373013
375439
372719
374387
371523
372586
369943
371538
372683
371818
372359
371440
374324
373114
371667
375300
373016
373878
372524
375036
369868
373527
371748
372894
372414
370501
374326
370896
375215
375081
374410
376592
372376
371578
374185
375824
371624
370862
372642
371526
373935
373215
372780
372520
372399
370885
372233
369335
372340
374781
372620
374697
374775
372295
372600
370845
372066
372973
372575
372193
373911
370978
371184
373381
370860
371614
373382
371120
374519
375731
374443
375543
370880
369847
371071
373152
371843
372702
371747
374068
372165
372641
370800
371309
371259
371956
376796
372904
374287
373575
374144
372928
373103
371884
371329
373364
371600
373510
371286
374272
372919
375148
376970
372966
374666
370975
372213
369686
374302
371761
372892
373269
373681
373687
373401
374986
375049
372306
374414
372766
374140
372219
373043
373502
375165
371146
371616
371381
371514
375431
377170
371654
374223
375697
371907
371876
371957
375076
371721
374373
371514
374178
371060
371452
372864
374078
371616
373383
373182
376387
373194
373929
370606
373359
373066
375234
377240
370822
371746
371506
373465
376032
371771
370979
374094
372577
374456
372000
375046
374263
373437
376064
377065
369963
370753
372514
372739
374661
372435
372166
371803
373889
371790
373481
373479
370542
371278
371100
371335
373927
372752
375023
371152
371914
373828
377273
369651
370266
374142
376096
370995
369501
376070
374037
374648
372282
372653
373903
371438
373214
372710
373271
373760
373737
372033
374671
374150
373357
370999
375123
374204
373374
374044
374039
373842
374462
372820
373665
371528
370884
375215
376632
372240
373397
373076
374445
371386
372414
370509
372069
370950
369641
373009
372866
370960
372429
374089
371437
371385
373485
374057
373037
373589
374017
373671
371577
375211
372172
373019
371569
370388
375136
369874
373305
375872
371829
370854
373228
373227
373584
374905
371806
373182
375730
372544
373623
372740
373242
374252
371806
374329
375522
373938
372081
376531
375703
369620
375516
374265
378118
372410
374519
373684
373514
376175
373415
370587
373737
373372
371827
373389
376033
373908
373043
374193
372833
373832
373610
373588
373682
370494
374780
376819
373476
370125
373906
373446
373179
373585
374050
370535
370696
374800
371428
371211
373894
372775
372220
372148
376391
373314
372799
370323
373080
370823
371251
374616
373780
373334
373164
372735
372852
372069
370968
373320
372356
371658
373853
372070
374434
370328
375187
371239
371510
375196
372672
373421
373859
371907
373752
371117
372132
371498
375867
372201
373595
373443
375704
371199
374277
370280
372824
373311
372328
372899
372969
371055
372959
373238
372673
371982
374156
374294
371201
374895
373750
375029
372225
374206
375367
373101
373549
372936
375174
374116
372771
370567
375062
374028
372831
372246
373068
374557
371318
373141
371749
373905
370688
374192
371215
374568
371746
372503
370152
375186
372065
371137
373769
374640
371368
372911
374405
370307
372222
374493
375745
372916
375103
374467
373511
374871
372602
374574
376415
373803
371853
372456
373487
372631
371392
376004
375359
373836
373839
375736
372859
371629
371688
371718
371374
371352
372264
374652
372582
376002
376465
376346
375185
372317
371531
372042
373835
372580
374889
375575
370421
372160
373451
374708
370994
373090
372111
370687
373785
372103
371825
372318
372304
375748
370810
374568
373201
374283
371212
372855
372305
371548
373290
372368
370486
371779
371790
373936
373584
373542
369989
373084
372321
370067
372182
376421
374433
371304
371435
375484
373950
373866
372881
375783
370319
374893
371720
372849
373941
372521
371948
375611
373735
374185
372890
373788
373379
373438
373428
375014
373822
374966
371343
372456
372019
371710
374113
371281
376374
372616
377186
372300
372482
375718
372498
374975
373432
373047
372297
375489
374117
372542
373422
374283
372036
372711
373858
370653
371345
374878
371498
374755
370729
371370
370840
373300
372411
373117
371859
370715
373251
372533
372390
373678
372959
372289
370551
373014
369842
370753
375816
374591
373228
370535
369473
371121
372801
374020
371757
373242
374527
372418
373998
373376
371607
371895
371226
372631
374637
374605
376778
371464
372951
374209
370786
373113
373336
372808
373110
375627
371942
372143
373328
370620
374738
372490
373996
373359
374691
372799
372111
372936
369829
376229
373165
374424
372254
373092
372424
374890
372616
370568
376382
369464
373437
377149
371286
373644
373028
371688
372514
371893
375275
373862
370786
374115
375129
378053
373214
373126
373092
373093
375731
372506
375427
377474
375533
370375
374148
370203
373263
373166
373246
373262
373338
374975
374965
370971
377002
373534
371617
373252
373474
372196
373153
371181
371779
373237
371638
373345
370837
373694
370904
373958
374860
376196
373857
371899
374578
372469
372244
372126
373683
372402
373682
369252
376451
374751
373146
370528
374978
375255
372694
374376
370603
373290
372381
371307
374803
373743
376919
372965
372794
370942
375082
372336
371896
373503
371727
371578
370947
373025
373923
374572
374045
374703
374575
374380
370386
372267
373606
373451
372782
373311
371478
375299
373203
373254
370121
371221
374843
371724
373852
370081
373196
373153
374392
374220
374809
373375
373284
370316
375015
375398
376867
374641
373695
375016
370584
374159
374074
373190
372500
375631
372835
373657
374526
372297
373132
372193
376708
373572
374297
373229
371454
371921
373405
373753
374947
370887
372965
375786
375117
374307
371829
373812
373942
372884
373544
373714
373191
373396
373969
371447
371914
374193
372299
371972
372996
370975
373761
371396
373424
369374
374177
371950
373240
373624
374775
374950
374402
371312
374262
373318
369753
373615
373628
373502
371722
371438
370469
374526
372828
374287
375731
374201
373659
376260
373641
372705
373373
371054
369156
373077
373434
372197
373830
374288
373222
371618
371712
374521
373525
374840
374851
372165
371578
375999
372971
369976
374649
371202
374768
374804
373793
375443
372957
372775
372290
373565
372808
375179
372405
373496
372003
373400
373875
373030
372831
372731
371625
372340
372607
374433
371743
371970
377683
374215
374169
371683
371535
375512
373556
372477
374078
374152
371093
374044
371849
369890
369716
370672
373642
374957
373099
373783
373561
375202
372878
373819
372817
371703
371907
372222
371939
374535
372171
373286
371725
371720
375437
373133
372448
372486
372372
372497
373540
376059
374258
374367
370747
374458
372305
371640
371091
374418
374340
373080
374133
370395
373430
372331
370852
373469
374351
372534
375182
372157
371092
372411
374199
375353
373490
372898
373380
371895
375432
376313
376056
372235
375961
371941
373037
373859
372466
370980
375545
372476
373802
376205
370450
373731
373738
373093
371866
374824
373072
373276
376839
375855
373867
374209
370733
370349
371641
373831
370942
370517
373003
373311
371998
371839
375598
372233
373026
373546
374633
373009
375043
370286
371200
373903
372416
375179
376890
371108
371071
371604
372322
372650
373247
371502
370917
371942
373954
375759
369399
371094
371980
373100
376992
371742
374846
370442
370985
372792
369863
373110
371261
374691
373002
375270
375694
372214
374265
373118
374428
371734
372383
376467
373580
370441
373781
372121
377844
373156
373802
370252
371438
373999
371590
371901
374606
373826
373183
376462
374407
374481
374186
370973
371371
373815
373310
375779
374744
373401
374183
371015
374355
373227
371984
369490
376681
373617
372296
369515
373201
375048
375716
371276
372121
372806
372827
373035
375408
374198
371585
371005
371151
372591
372019
375160
372827
371664
374266
373029
374723
372390
373748
370816
372575
370802
374008
373684
372589
373384
377431
370918
374715
374121
371668
373954
371164
370833
373945
370875
374307
373174
374622
373880
371859
372257
373070
372764
373238
373988
374757
371876
372596
375388
371294
370802
369834
370421
373363
373397
373343
376013
371299
372733
372630
374465
371897
371935
374041
375407
375034
372032
371714
374251
371289
372228
372145
374732
371594
369019
374190
374950
373486
376265
375471
371547
368181
369911
373107
369682
375503
373655
372776
374469
371205
371004
373323
373358
370746
374206
372932
372038
372964
369624
370521
373273
374957
375910
374469
374514
374565
370922
372301
374943
372794
378166
370706
374350
376330
371969
370296
373135
375768
374134
370303
371600
376986
372391
372192
372776
374890
374491
374911
370548
373689
371482
375210
371964
373362
375587
373181
370508
375534
371335
376113
370154
373149
372995
371898
376020
373600
372676
374568
371092
374955
373510
371997
374105
371295
370638
375098
371927
373537
373525
372269
371418
371836
371138
374142
374063
375950
372292
372355
372383
374513
372666
373404
370801
373730
371081
372460
372707
372397
373404
373887
373764
373158
373136
373403
371452
370666
371748
372643
372241
372682
374567
374585
373121
371066
373805
370901
374514
374472
372581
373653
370711
371322
372155
373787
374896
372835
375788
374612
374311
371785
369816
373847
377305
374473
373552
372546
373199
376488
371196
372601
373076
371040
375092
374047
372729
372560
372010
369517
373647
373263
374285
371007
372352
375749
371939
371957
372996
371872
373096
372764
373010
375808
372711
372089
369646
376279
371499
371373
373654
371858
373355
377128
371112
372817
371452
373428
371382
373334
371787
371524
373016
373986
376747
370478
374094
373223
374089
372546
374148
373130
372460
374480
370711
373381
373694
371593
372296
372522
372338
374854
372165
373738
373479
370856
376237
372786
376256
370310
372751
369288
370906
372647
370262
375105
374411
373505
375924
372162
371527
372488
374073
373210
372428
372538
369971
370662
374790
371667
370262
374608
374204
375402
370709
373741
373967
374079
375796
371917
374829
370512
376390
371061
373394
370897
371258
376238
375427
372539
371134
371067
373070
371135
372738
377854
373534
374214
373965
371281
373561
374116
371727
373473
373356
376816
370718
372871
374488
374566
371194
371728
372457
373806
374942
374726
374313
372110
371789
372656
372543
374302
372512
372606
373083
373676
375405
373753
374099
375595
375032
373287
370131
371692
372361
369974
372846
371748
373054
372324
372760
371701
373956
376844
373918
374109
371684
372764
371164
372932
376113
375493
372249
370817
375334
372177
371856
378550
372522
373316
371440
372412
371717
373908
371014
374370
373234
373884
370558
370298
373060
375080
375953
371713
373237
375133
375263
373061
370742
371209
370536
373865
374328
376023
371644
371934
376952
370673
375024
372629
373403
374648
374547
373972
371912
376356
372222
374545
372201
372977
373121
374060
371122
375256
372605
373415
370957
371951
373510
372367
371738
376803
371208
372624
373429
375521
372878
375127
374167
378148
370937
372581
371344
371113
375209
376224
375061
372408
375068
373999
372631
371714
375341
370497
376129
372560
374160
372173
371693
373773
374328
372922
370184
371365
371521
371765
375186
373391
371927
372837
372065
372574
373161
373231
372455
371405
373070
371482
371555
372841
374073
373036
374994
372405
372261
373839
370820
375997
374003
375399
371276
372571
372953
372563
372520
373074
372916
371927
373829
373008
374672
372492
373567
373548
372543
372462
372035
372124
371606
373659
373502
372842
370640
372167
373714
372519
370651
370642
371931
373728
373503
373317
375248
373645
370590
373099
371556
370655
375789
372559
372493
373856
374377
371301
373515
373285
371439
373592
370404
371112
371445
370783
371891
374305
373863
372770
373221
374499
370007
374348
373500
374420
372288
373005
373145
375049
372676
372565
377405
374224
373150
376065
371906
369715
372896
374684
368352
374514
372611
374313
370573
371627
374996
372899
371105
372135
372914
373311
374293
373160
376056
374699
375030
370468
377353
374090
372842
372762
374765
370931
372682
372482
371962
371902
369796
371805
376037
371282
371953
374887
375420
370173
376346
373298
371558
371774
374803
371846
369357
371360
370979
371372
372699
375513
372131
374072
372077
369204
372466
371405
370786
374064
373802
374584
373369
372741
371668
373877
372494
370762
377088
373986
375053
372321
372194
371940
373237
373034
371048
369744
371405
375988
372181
371886
371616
373056
373361
370814
370913
373745
375395
371571
372348
376978
372143
373747
371724
372217
376397
374355
371778
374667
378239
371989
374011
370203
372354
374074
372071
372798
371820
370742
369672
373148
374223
373696
372605
372692
370734
375413
373260
371464
372938
371481
372925
372112
371471
373376
373445
372911
372252
373804
371871
371634
374287
376777
374477
370071
374974
372533
371964
374374
373431
372148
373590
373047
373553
373924
372904
372154
371332
376396
375553
370855
371901
370492
370263
374861
373472
373438
371248
372393
373031
373990
373218
374008
375435
373881
376995
370069
372273
372919
373817
373836
373401
373024
372560
373417
371787
374938
372779
374788
371159
375845
374460
373699
374107
374032
373579
370636
373596
371609
373991
372605
373132
373600
371247
375173
373388
372986
374458
371478
373831
372941
374080
369366
371864
374443
372044
370126
376575
374546
372936
370450
371875
372682
370356
372425
374099
372952
373888
374425
371614
373101
377016
372414
372189
374394
372952
371668
373489
375356
372556
375534
371268
372382
372450
375711
374346
372373
372131
373416
371964
374585
370564
373580
371485
371988
374179
373083
378248
375612
373080
373718
369392
373944
373497
372655
372864
369587
378194
373880
370034
372893
371561
375498
375593
373630
373196
375761
373487
371698
373749
370256
375652
371168
375274
373405
374780
372215
374607
371880
372252
372625
372161
371996
375120
371739
373531
372197
372864
371054
370226
373959
371114
373523
370539
371054
373746
374499
373155
373306
374205
373360
369728
370497
374732
373139
372987
370885
374649
372871
372767
369943
369796
372096
373514
374726
370582
371587
374439
375320
371360
370474
372393
371438
372605
372509
372722
375357
375759
374315
371230
372426
372875
375607
375913
371454
372753
371273
373290
372818
376671
371978
372343
371725
369904
376696
371665
374277
372327
371576
374068
372876
372242
371084
373270
374308
372035
372643
372152
374879
371645
373745
369776
375722
375269
373626
372376
370568
372246
371109
372478
373295
372207
373384
375071
371046
374350
370294
372156
374511
373315
373099
373520
377606
374477
375905
375402
372356
373424
375109
373235
376330
372362
373186
372191
373628
371242
371803
369662
373221
374046
373042
372526
372410
371945
371610
374131
371788
373637
371116
373610
373035
370775
373156
371520
372759
370783
372507
374369
373371
373599
372588
371222
370764
373044
372890
372098
373217
371356
377353
371015
371552
372268
374173
372930
373580
372649
372453
374437
372039
373852
370961
374473
374162
375921
376413
375990
371118
371993
373581
375117
371129
371577
372491
371107
371699
373727
371054
369828
376339
371641
373873
374333
375017
373344
370446
373732
371074
371317
372184
372961
371947
372461
372595
376928
377219
373261
371746
372069
374033
375833
371585
373226
372215
373191
374684
372448
370913
372905
373388
371868
374445
372953
373841
372642
374351
375555
373134
373783
372911
370477
373407
370176
372298
373889
374745
371383
371286
370986
374926
374142
373590
374032
374099
374865
371874
374581
373411
371280
375101
374650
371696
373179
371456
369704
373678
371305
372863
371718
374687
371863
370753
375546
375570
373956
374416
370783
370788
370673
373791
373766
373851
374486
371790
371703
372239
372134
374155
374813
372757
373550
370602
371261
372786
374479
370938
371982
371301
370775
374545
372494
371926
371872
377866
371103
374325
371806
373103
371425
374155
371214
374299
374398
370598
371369
370974
373832
371040
374743
375610
375365
370462
373505
372686
372524
373748
372550
374419
372447
373263
373059
374483
374902
371616
375551
372976
374357
373320
372464
375726
374979
371682
375193
372766
373358
373628
374465
373849
373857
371793
371462
373318
373352
374013
373076
373463
374939
372171
373068
375884
371779
373810
372462
369668
374027
373115
371272
374085
370809
373268
371240
371075
371768
371927
372425
371675
371534
373282
374514
373196
374235
373772
375215
372843
373333
370577
373609
373041
373883
370513
372081
370569
372389
372519
372294
373414
375697
374011
376026
372750
372251
372647
372881
374534
370805
372026
371584
372985
374815
373245
373741
375211
371095
373171
372249
372183
371486
374183
374138
373085
370724
371132
371649
373944
373052
376397
375108
371065
374295
374644
371048
372102
372437
372012
376372
373762
372270
375075
372528
375543
371664
373734
371195
373294
371050
372946
372031
373791
373609
375312
373115
375711
372617
373477
371483
372354
376481
373422
371946
374015
371288
374316
373270
371737
371630
376059
371377
374514
372511
371337
376931
371782
373740
372641
371447
373620
375674
371851
372266
372437
376249
374503
374602
373423
369796
373747
371288
371631
373476
375194
371141
372936
375683
371782
374381
371325
371579
375254
371434
373396
372426
372143
373424
370655
375154
372112
371258
373366
372109
374296
372548
373430
372089
370609
372685
372356
373554
370896
374119
370187
376005
371615
372630
374265
370771
373190
373962
375036
372153
372534
370769
370943
372922
373472
373781
370660
376979
372452
372346
371865
374037
374570
372380
375315
373646
371906
370783
372345
374233
372078
375697
370251
372689
375257
373006
372120
372982
372764
371473
375169
374193
372429
372967
370610
373525
369674
375454
372537
372718
372575
371521
375364
373386
373190
372435
373309
373480
371683
375474
374090
374083
375059
371778
373327
373934
372323
375676
372667
370594
370805
370870
376008
371827
375532
374393
371637
373371
373518
373121
373518
373783
376819
370581
372598
372854
374869
371196
373199
373545
371469
369822
373263
374954
376335
374612
373152
374333
372414
370799
370874
374643
377085
374988
370623
373152
377154
371218
372661
373587
372978
372666
372315
375522
371754
376432
376212
375172
372735
373236
373913
370423
373713
374100
373620
373275
371733
373007
370953
372445
372879
370084
372050
374878
371449
373286
372627
373467
374353
374128
371691
373499
373125
372811
371300
371415
371454
371726
375111
376133
374529
373236
371345
373605
373219
375049
372426
372776
373148
374517
374723
374384
374527
371299
374175
376228
373656
375734
373229
373322
373406
370636
374151
373493
373378
372531
370017
370800
372928
374116
372485
372833
373304
376092
375168
371538
371753
371687
373996
374213
372678
370983
374391
374484
375192
370817
371418
368607
376039
375530
370734
371789
374191
374754
376046
371872
375070
373901
370074
370801
373715
373318
372910
372034
371917
372225
375224
371988
373345
373213
370606
371399
370149
369253
375702
371676
370570
371482
371914
373176
373515
371981
371379
371046
374712
370753
375342
373868
373902
373532
376015
372362
373921
373475
372221
373381
374684
375595
371992
372113
374111
375754
373723
373365
373964
372428
371565
372198
374310
372308
371375
371585
371679
371791
373784
373053
370395
374770
373288
373938
371314
374945
372228
370874
372164
372648
376783
375801
373898
375410
371147
375580
371411
376731
372406
371812
369580
375237
372944
369810
371519
376294
374017
370892
374788
372665
373942
372266
370566
373108
372301
373516
370693
374916
372493
374737
372566
373413
372936
373238
372440
372185
370902
373578
373177
374428
372152
373686
372201
371517
373493
373642
370630
374110
371701
375296
375167
374233
374350
370156
375843
374094
376776
374557
372807
374199
373575
371609
373956
374632
373213
373077
373047
372544
371888
377136
373483
372969
372944
370906
373668
373299
375651
372525
375481
372690
371829
374247
371693
371398
375982
374212
373637
372184
371279
373278
373086
371411
374027
370598
374967
373188
372153
372232
370422
372991
374163
373077
374813
373890
371393
371113
371673
375742
372956
375096
373250
374903
372316
371241
372172
373557
371982
372723
372833
371798
370669
375201
375359
373968
371812
375032
372027
371955
373411
373333
371563
370910
374570
370679
372490
372503
370383
375360
372836
371286
374714
373937
371767
375630
374740
372496
372006
375539
374377
374219
373731
373219
371949
373321
370527
372178
373187
373822
371392
371523
372984
372404
373664
372487
372713
376159
372256
372491
374895
374716
372749
372510
372373
375420
372774
372054
372052
375326
376117
377459
372480
371442
371450
373247
371126
371732
372814
373515
370601
372325
370103
372450
373943
372385
374525
372215
372648
373617
371698
371668
372988
375724
374009
374265
371900
375691
371614
373844
371123
371599
373378
372110
373294
372850
371212
371309
371956
377358
372606
371684
374774
372076
372942
373700
372259
372380
372308
370600
374890
372797
371808
370866
372196
373695
370291
374250
369339
372348
372116
373155
372139
373157
373981
370576
373703
373411
374303
376012
373330
372268
371452
371264
372226
373924
374722
375310
372356
371304
375443
370152
373088
373613
373603
373581
373073
373083
372028
376073
371437
372110
373627
373082
376383
371634
371093
371744
374448
374226
372792
373683
371261
372763
372757
373457
370418
375759
374012
371276
371426
369676
372387
377327
373214
373835
376205
372057
373450
373418
372866
374784
373059
373455
371648
371291
372901
372105
374130
373566
372318
373080
375600
373441
371925
373484
374633
372124
372119
374632
371854
374227
374988
373401
373853
373800
376529
372359
376261
370037
373513
373887
371368
374059
369628
373331
371963
375489
373735
373877
371625
373186
374097
371912
372250
375172
372938
376866
374801
372355
371113
373466
371007
372735
373057
372953
376064
374574
372573
374611
372591
373224
373130
374375
374607
375210
376153
374383
372690
371965
373301
369213
369451
370985
372502
372150
373759
373357
374244
373976
370436
372326
370261
373631
374801
371258
372347
371573
373596
373271
371441
372416
371992
370726
370544
370501
374000
371690
374397
374748
374737
370262
372588
373385
374038
371395
376546
371046
372231
370719
371910
374293
373386
373390
371405
375685
373096
373131
374866
372270
373183
375679
370955
369118
373548
373328
373004
373713
371593
373568
374798
369928
369663
374314
371236
371036
371693
375987
373906
373926
372795
371799
374458
372992
374093
370753
371264
371416
372183
371626
370576
371337
373273
372362
370131
371456
372468
374498
374093
373665
375067
373797
373067
371653
371534
373591
370709
371935
373256
373514
371729
374387
373282
375267
370571
373697
376509
372667
373686
373245
373308
374362
376381
371921
373166
373943
370713
373849
374136
371839
374695
373570
369069
371636
372208
371885
375805
372534
376124
372392
375233
376422
373986
373556
371419
374077
371622
371425
372385
374161
373481
372375
376488
372786
370480
371078
374129
371632
374221
370665
369943
377816
374620
373595
372404
374764
374370
373879
372380
373872
369253
372705
371348
372254
372788
372874
372573
371161
373315
372978
374399
373184
371008
371816
375288
374384
373585
374387
375661
371592
371377
374752
373183
370256
372697
373046
370631
373291
373984
371995
376041
376014
370601
372540
372376
373528
373124
371802
373575
374527
372712
370815
371815
370861
371753
374254
368984
372269
374001
371166
375973
372094
373044
373481
370650
373153
371053
374812
374503
374988
372045
372094
371471
373978
372465
374267
372518
372227
371242
371375
371474
372896
373240
371390
373770
374108
371360
370900
371130
372071
373505
373370
376622
373005
372786
372618
371923
374334
373428
372572
372886
370240
372687
372052
371144
375659
373612
369986
371217
373491
373928
374717
372399
372524
373431
375606
375023
370302
371909
372972
373130
373402
372722
372823
373091
373467
369989
372633
369980
373303
373196
375229
371209
371521
370392
371897
370820
375005
377474
371682
373664
371725
372759
369922
371059
371799
372996
373043
373125
372670
374301
372220
369628
373422
373627
371919
375563
373741
374544
373840
376956
370488
374357
373691
372539
372922
372410
371081
371956
374270
375648
374631
370249
374698
373850
372157
376574
373655
375234
374246
375684
372270
372783
374134
372413
371292
373402
372497
375838
375490
373132
373817
372956
371273
370407
372058
372211
372644
374488
373091
375145
373218
371956
371422
373261
373634
371850
372081
372495
372371
372029
371395
370608
374352
374716
374827
371640
371623
373290
370798
372651
373050
376105
375173
374030
375540
371694
371225
376038
375487
372250
373667
372716
371552
372666
372064
372133
374295
371885
372787
371399
372497
373579
374702
372436
374662
372709
370259
372977
371820
372167
370808
371336
372955
372336
373306
372833
370839
372543
373191
374561
370113
370828
370931
372827
372702
373248
371779
369279
373729
371202
372738
372398
374085
370716
372690
370998
373510
372337
372510
372601
374572
374223
372040
374726
374900
371537
375923
372388
369829
372985
371042
372075
373128
374084
373724
372279
372242
372980
370173
371656
372983
372576
375148
374177
372852
370461
370394
370480
374682
371466
372556
370738
371851
374038
372171
370476
371410
370290
371660
372496
373954
371254
374713
373268
373329
375883
372236
374096
374242
373820
370438
375387
372062
371957
371863
373252
371618
373070
373334
372489
371365
372907
374928
373095
369993
373439
376897
371002
376820
375666
375311
373614
372966
372089
376316
372156
372219
374926
371910
374617
373910
371383
371774
373585
370973
370292
375181
372700
375149
372399
372593
372166
371308
374692
372923
369371
370980
374485
376652
375266
374361
369731
372871
372732
370748
374567
372202
371434
371773
372012
375588
373775
371379
374560
373928
373339
371505
375138
374128
373133
370922
373459
375459
372629
373529
370723
374750
370276
375315
373360
374517
375230
373605
371351
370076
371800
374414
369229
375931
375089
370040
372802
372687
373599
371313
372276
370029
378256
376462
375228
372596
369833
371863
374181
375343
372895
373799
373572
370461
370664
374515
371384
374213
371716
373403
372115
372620
373370
373381
375437
374472
373827
370622
374442
372037
370011
374338
373941
371737
374696
372163
371740
374076
371388
373415
374499
371776
373907
374439
374778
373520
370340
373356
370681
369499
372425
371784
374483
370998
374139
372992
372510
373176
372730
371546
374039
372090
374714
373248
370268
373211
373794
373568
371431
373306
374485
375185
373496
375109
371684
374365
370400
372983
374274
372891
374633
369211
371988
371437
371776
370333
374258
375390
376946
375141
373556
375439
374607
373576
370072
372935
377515
370948
374078
372640
371638
374974
372706
372830
372209
373244
372920
372744
372754
371827
372061
371111
375340
369050
372831
372655
372520
374512
370489
372445
373376
370592
370841
372972
370641
376380
372318
376322
371913
374465
371780
371156
372952
371102
371547
374221
372535
372464
373465
372183
372087
372876
374741
372707
371061
370999
372577
373472
373951
375013
372623
371759
372175
372016
371428
373717
371242
373008
372999
373987
371498
372177
371521
374075
373292
371036
374499
372117
374969
373981
374174
372454
373259
371222
371573
375621
369479
374532
372415
375151
373729
372160
374928
374596
375229
369923
373424
378146
371579
370807
374479
374224
373779
373189
371817
371814
371700
374338
371050
373333
373838
374597
372049
373413
370644
373642
371699
371456
372753
372313
377772
370221
372575
371847
376928
374002
372568
374374
372161
375943
373140
373811
375088
373836
372719
372960
370694
373198
370598
371503
371831
372761
374362
377448
373327
373016
373893
370069
371808
372066
371818
372578
373956
371352
373653
370963
374386
371719
371205
375089
371686
371441
369083
375587
374658
370174
372884
371622
375337
373053
369619
377244
373472
372390
372616
375055
374007
374847
371670
371552
373515
373083
373282
372496
371151
371422
374450
372929
373746
371347
371031
372264
369020
374367
373953
374412
372535
371480
369468
373908
371511
373786
373760
372240
371737
373400
369928
373027
372470
374912
372381
371302
372952
369942
375403
372136
373198
372232
370934
374230
370712
374516
372233
374293
372092
372090
371792
373144
369481
371761
375872
373528
375306
376376
371666
370963
372542
371309
372860
371938
370712
373460
375554
373268
371625
377241
370707
371131
375490
373219
373904
370966
374734
370438
371330
372048
374004
373705
374185
373020
375833
374595
370822
373123
370025
374755
370023
369470
374093
370607
371294
372137
374265
371095
374090
374118
374671
375074
373338
371732
372952
374872
370883
374323
372028
374604
375870
374831
373685
371959
371848
374398
374625
373555
374779
375315
371442
373193
371740
374540
371239
373877
373945
371184
371392
372996
372174
372292
373706
371947
373334
373300
372865
371559
370820
372470
373419
373835
377309
370023
371925
372164
370424
372360
376138
373477
373773
373416
371787
373392
373128
374784
374062
371126
374180
369123
372801
371330
373772
374342
373833
370946
374816
373679
373399
374810
371463
372326
375708
372446
372871
373714
374921
375691
370574
371583
375861
374937
372375
372849
372407
371977
371243
373958
374067
373151
370495
373203
373011
371902
373437
373115
372440
371764
371385
369503
373710
373221
373686
369976
372457
371537
372900
375911
374627
371609
372954
372784
373114
371220
372990
370827
373401
374356
373203
374227
373590
372735
371200
372557
370890
376172
371190
372504
370416
371789
372694
372371
373710
370567
371309
371524
369321
372327
374057
372303
371874
372249
372302
372465
371115
371104
372759
372653
373944
370916
373961
370688
373101
373060
373828
375570
374851
371656
372777
373758
374552
369106
372368
373838
374864
374867
373935
370844
374148
372705
371205
373859
373389
370933
371804
373446
376436
371379
372283
375075
372339
376033
372251
374385
374343
371044
373608
372516
374077
373639
370891
377042
371779
374197
374006
375583
372105
371568
371957
374473
370016
373636
369831
371598
373040
373306
372247
372580
374604
372268
372808
373651
370822
373106
372135
377441
373556
372844
374010
373730
372738
371982
371143
369956
375057
374796
370309
375921
372288
373892
372317
371832
376480
375112
373723
369138
375059
372951
371166
371434
372512
369819
373184
369742
372378
371314
372692
371221
371596
371700
370431
372970
372533
374663
374635
370545
374955
375151
372652
370331
373855
371121
374434
374766
375343
373374
371647
374802
371627
369864
375241
372577
373320
371095
371948
373048
373487
374178
370769
371594
372423
372204
371826
371231
372114
370653
374324
371185
372538
373074
369321
373723
372381
372451
374969
371677
372488
373491
375111
373278
373406
374998
370313
372319
371859
371458
373398
370628
372841
373255
373232
371886
373432
374597
373015
375026
373710
373539
373119
370497
371832
371166
372592
370068
373278
370986
372268
372165
372323
373738
372059
372751
373405
371604
369440
372260
372308
370813
373000
372973
373062
375389
373220
374717
373911
373150
375316
373570
373067
374750
372827
374721
373679
374100
370672
376285
370006
369614
373211
371653
373377
373458
374127
375872
371458
375270
372667
371586
371159
374304
373189
374643
374126
373622
375166
370349
375414
373883
374120
370078
372375
372484
374018
370060
371964
373715
375332
375013
369975
372733
373002
374153
373211
373820
373560
373495
371866
370247
372163
372410
371153
372229
372577
371311
374125
374735
374103
372039
372006
371762
370423
371707
373194
373904
374239
372032
374101
373299
373077
373642
373146
373710
373909
372779
372795
372321
375320
376142
371390
374991
371895
371548
373943
372511
377797
370970
372385
372632
372431
374018
375001
373869
373827
373105
373612
372226
373487
374207
371270
372067
374361
372103
372729
372919
371023
376832
371986
372054
373177
373756
374216
376324
373218
371705
371243
370620
374223
372418
371251
373608
372345
373086
371597
373367
372888
371168
372532
374513
374351
371775
371566
374368
370943
373303
374995
372876
371856
372105
374869
374640
372611
373438
373263
375600
371903
372246
374335
369199
371713
371998
376411
374500
371834
371885
373044
375587
370700
372986
373999
372778
375322
371212
372066
372684
373872
371956
372810
374299
372773
371385
373112
372324
372578
375015
373712
370915
372925
374197
371176
370606
373432
371218
374032
371532
374892
373100
371785
371158
371552
371697
371263
370355
372637
372013
376041
374542
371691
372097
373943
372639
372263
373709
374350
371011
375870
373650
370679
373816
373414
375490
373248
374494
373519
372552
375538
370866
374696
371552
373728
373987
372973
371499
375310
373838
371055
372194
373523
374039
371268
371795
372207
375024
373865
373402
370265
373324
371553
373504
371504
373697
372231
372323
374534
373091
371253
374861
372157
375435
372599
372650
373281
369844
373492
372019
375497
373982
371434
373329
375126
372179
370467
369797
372737
373986
375248
371554
373466
371772
374372
371339
371844
374029
372939
371964
371212
374181
374493
374342
371774
373226
370754
370204
371394
374997
371607
373110
371724
373778
373029
375330
372216
372672
374148
371786
371636
373106
373835
373181
372331
375624
369523
374172
373088
372353
370981
375183
374682
372543
373463
371264
375000
372507
375415
372168
372884
372304
370919
369081
371951
373364
373095
373081
374176
373513
370714
374943
373752
373744
375601
375365
372268
371787
372337
373284
370385
371018
376469
372031
374197
372465
371154
373467
372135
376029
372320
370125
374624
371318
373470
371008
369883
368689
371319
371396
374448
374222
371526
371850
374620
373424
372312
374966
372213
373241
373852
373530
377985
374764
373752
371758
374688
372805
370886
371600
373266
371408
371694
374794
373840
374774
371180
376644
372501
375261
371463
375275
372692
373073
372063
373997
377537
375107
372673
375892
375241
373054
370909
373086
371583
375671
373565
375153
371724
372736
373583
376716
374065
370027
374889
375748
374304
372434
371436
371533
372475
369321
373019
372582
373488
371244
374500
372835
371237
372663
371692
369830
375979
372865
372032
374755
372326
372558
375512
373476
376590
372006
373082
375702
373435
372727
370397
372777
375683
371648
374683
374813
369544
372414
373106
372000
374035
372027
375752
374520
372067
373444
371440
373040
374534
371767
374275
372980
370390
372484
371792
373615
371529
374269
374152
372428
375326
373784
374236
374073
370819
372956
373753
372950
370775
372074
374946
375135
371959
374412
374702
375238
371119
373000
375567
371083
371739
370377
374483
373808
372759
372844
377266
373300
374108
371240
374737
374654
372156
371094
375261
376230
375557
370040
374036
373487
373315
376011
376157
371256
375223
373996
372295
372432
372792
371368
372522
375187
370715
373163
372293
371262
371912
374268
374771
373190
372684
374737
371025
375079
371249
374264
372613
375569
377476
373954
371747
375240
374308
374811
374697
372769
375519
374614
372045
373208
370854
373521
373637
370828
373998
375600
372613
370829
372205
375063
372406
369095
371100
373288
372158
376857
371743
373752
372232
372406
372017
372330
373308
371621
374013
373067
373412
372217
373328
371267
374912
372954
375306
370846
373455
373128
371442
372630
372952
371406
372325
374380
368544
372804
370093
374273
374269
372346
374657
374746
372447
374977
371905
371111
375039
373717
374288
375536
376090
370038
373341
371709
374945
372432
372009
371310
372600
370806
376623
374003
370788
374608
374369
374311
372835
370290
371816
374809
371436
371512
371715
372964
373215
373328
372453
371749
372343
375140
374295
375294
377182
371964
373914
372504
371124
373140
374264
374896
372058
374036
372185
374741
376207
371608
371842
372430
372946
372823
374824
374581
371898
373054
372838
372344
369943
373935
372660
374604
373026
373607
372711
371570
374962
373374
372963
372032
374600
372897
372392
371957
372569
370428
374907
374617
373716
371452
373329
375394
375850
374950
373342
373152
378184
369567
371142
373519
371697
373621
373949
374502
371558
375396
370605
376278
375059
373121
373726
371774
375211
374517
372626
375463
371628
376947
369781
374450
370184
371884
377353
370387
372219
372002
372509
375700
369673
375702
370729
373379
370812
372647
373226
373324
371611
372312
373900
373225
373059
372782
372696
371342
374232
372621
372246
375235
371701
373980
373211
372298
371972
373251
372902
370654
372922
372866
371691
372866
372440
371882
372762
372434
372387
372975
378538
369471
370153
376214
372270
371938
372069
375565
371090
374722
373358
368841
373322
373491
371347
373955
373987
373023
373646
371700
374641
373925
374026
373451
375298
370508
372298
374066
372811
371480
370755
373747
375071
372388
372813
372276
371228
373718
374953
376114
372373
372174
373782
373666
372084
372783
373571
374192
374766
372535
375149
372639
372486
375286
373552
371629
374253
373405
373941
373785
374128
369943
373737
373354
371967
369681
374268
374006
371100
373905
372416
370655
373022
373677
371810
373744
374096
371405
374564
371592
373123
375899
372870
371627
373914
372628
372897
371617
372297
375663
372752
374134
371498
371123
373386
372101
371877
372976
371794
371493
376381
372190
372927
374171
370558
375253
376267
374100
369486
373157
371073
370809
375176
373880
373014
371111
373349
375311
370755
373205
371955
373903
373715
375769
373614
372036
370593
372454
372949
374538
370664
373033
374274
369481
370659
373151
373667
372769
373300
372918
371707
371776
375156
370906
378138
371738
376402
372980
371397
371728
371462
372791
373374
370451
371093
372417
374258
370393
373391
370587
372413
373795
372274
371054
373430
376613
370701
377544
372635
371460
375885
374147
374472
369501
373803
375905
373071
375655
376444
372087
374652
370786
370445
372512
372255
372490
373159
373808
372503
370481
372963
373528
374062
370103
373596
372404
371331
371135
370815
374193
375822
370084
372225
374093
375052
371618
375394
373406
370925
379092
373082
373394
372833
372740
370660
374137
374688
372754
371032
371603
373111
372456
373739
375200
375941
374471
375030
371765
373071
373656
375308
375992
373574
371274
372676
373193
372114
374150
372881
375901
375027
373923
373600
373089
372559
373616
375876
372018
373065
373818
370149
372217
376081
372886
370345
371672
371133
373377
373488
374036
373436
375352
370570
372784
370861
373404
374102
370785
371422
374340
371987
375390
375651
371739
372284
372659
370750
371245
370365
372001
372506
374316
372269
376906
373294
372996
370630
373740
372986
372704
371275
372458
369136
372017
373125
370210
374568
370465
373089
372480
371565
374844
374815
371830
374553
374900
374143
374526
374552
374646
373407
372557
374307
375439
372327
371844
375094
374211
371697
375989
373311
372864
376741
373690
375927
376382
376989
373628
373362
375055
373271
369569
371515
371342
372865
373741
374790
373263
375468
371854
372302
371592
372421
371217
373037
375151
375036
375776
374086
373026
373844
372159
374026
373608
375443
370349
372376
371633
373397
373041
372151
374111
372813
373773
370943
372052
370856
375880
371543
372853
372954
372437
370861
370090
375314
371829
371969
371726
369716
374475
375949
373846
372536
372006
375476
372509
371359
372331
371356
373925
372065
372109
373477
374612
373038
370228
376557
374527
376338
372579
373044
374482
371607
374408
368879
373041
372495
374151
373791
371964
372988
373319
373433
373346
372367
371739
374851
374112
373318
371924
372227
372921
372411
371695
371712
374650
371036
374341
374283
374350
374922
374479
372842
373452
372957
374223
372504
375601
373043
374239
371872
374604
373834
374799
371585
368443
375466
373545
374799
374135
371163
374888
372797
374206
372869
377664
372711
374524
372731
372711
374691
372649
374658
373531
373326
373181
371655
373716
371280
369631
373462
374825
372968
374103
372759
373566
371608
374062
372923
373608
371570
370613
374513
372354
374299
373083
372965
370427
371929
374273
373857
371890
374777
375142
372828
374457
372014
373940
375181
374059
371636
374250
373489
372617
372724
373253
374211
374531
373459
371455
374256
373748
375638
373195
371818
369863
372347
369935
369506
372265
376189
372105
372727
374708
375012
374710
371379
371997
376921
371694
372081
372418
370258
370447
377423
373829
375318
374627
373604
370193
371248
373317
371816
375363
373154
371878
372882
372491
372932
371455
371680
373567
373515
374129
371579
370265
376165
374877
373362
374373
371641
372842
371413
372253
373452
377541
369766
375206
373583
375042
374846
370841
372846
371780
370184
374084
375324
372749
376508
373586
375200
373979
374664
373900
371707
372918
373515
373692
371903
372108
372645
373839
374736
371067
373838
374536
373503
372572
373115
370801
372722
374111
376936
371561
373368
372068
373289
374887
374970
373283
371721
373341
373136
373693
373711
375123
374316
375819
378202
372986
370462
370707
372089
371958
371858
374332
376075
372959
373470
371218
372130
371665
369630
375063
371448
375684
373005
373275
373659
373790
373222
373442
373924
372190
375199
371661
374719
375030
372300
374527
374177
375176
376535
372200
371547
373279
371076
374267
370302
370786
374363
377029
374737
377072
370192
372160
371533
369993
371872
372245
375700
370808
373154
373418
372511
371331
372800
371436
375187
371323
374975
373295
371467
371132
372271
372613
374885
372629
372506
372597
373707
373498
373394
375835
372614
372022
373094
372557
375256
373830
372887
372389
372682
371927
372087
371773
372006
377737
370248
374837
373087
375033
374450
373028
373407
375605
373913
372291
371620
372167
376344
375917
373035
374004
372954
372821
369404
374169
373158
372520
374846
373214
373948
374097
374054
375485
372709
372535
374167
373754
373748
375749
371616
375958
372839
372736
373463
373113
371953
375550
371474
371204
370673
372874
374366
370303
373849
374879
373712
376250
374011
373078
372594
370316
372253
376415
375006
373863
373668
373114
372756
371922
372182
374494
372339
371991
374369
373229
372135
371525
377055
373143
371538
375040
373496
373574
372659
371006
371776
374008
373228
373653
369965
370491
374570
374842
371312
372699
371127
371281
371108
370687
373114
374321
374343
376652
372259
374635
371590
372758
374298
373051
370206
373824
370706
375118
372111
372542
370840
373165
372545
371907
371071
371984
372221
374469
368367
372512
373359
372539
372288
372047
373750
370964
370854
374879
371270
372288
373270
372759
372599
375331
375232
374097
373008
371825
374739
375070
371886
373204
370540
369943
373575
374313
374527
370998
372367
372995
374319
371166
373171
371723
376397
375050
373284
370802
375140
372608
374744
376224
374292
372212
371017
372325
373057
373549
373812
372307
376245
375072
372282
373026
373294
371979
376240
370728
374445
373136
375104
370292
373139
372648
374232
373468
370248
373775
374297
372967
371179
372157
372587
374061
369525
375344
370101
372707
371588
374525
374053
373809
371075
370393
370539
372410
373849
374420
372951
375316
375243
373573
372901
372433
374317
369843
374011
370996
373530
371559
372264
373966
373114
374610
375469
374248
372091
373683
374715
373369
371394
375768
371977
372707
374062
372731
373160
372070
374607
371028
373322
372645
374101
371075
374127
375188
375475
373899
374704
372839
372344
371332
372295
375148
374053
372125
372283
370002
372847
372822
372427
371259
373061
374196
372700
373628
375274
375265
373277
372848
371847
371540
371912
372392
370591
372128
373059
372151
372172
371837
371990
372224
374489
371753
373871
372060
373356
372599
372117
371549
370883
375442
371284
370691
371868
372031
373212
374996
373684
372412
373811
372995
373335
371938
371063
376202
374196
373903
374892
372184
371262
368776
373348
371787
369965
371638
373853
373387
371121
375400
373021
374562
372669
372491
373899
373362
371595
372591
374285
371260
374095
373608
372427
370764
379128
372822
374746
373633
373131
371185
371865
371668
370511
372244
372512
371756
371496
370966
372170
373071
370634
373159
372677
372153
371405
372624
374574
373595
371900
372719
374047
372037
375696
374131
371972
373933
372226
373521
373236
370278
372883
370031
371608
370612
369546
372268
371312
373905
371537
374132
372909
373186
370424
376701
374362
373442
372398
370407
376491
371360
372749
373350
374502
373303
375042
369843
375617
372164
372266
373278
373559
374487
372992
370483
371110
372395
373966
372124
370559
371477
376505
371831
374233
373825
374061
372236
373438
373038
371314
373217
373460
369796
370031
372047
370974
374291
374737
372553
373569
372513
373520
375394
372827
373441
372886
374935
374242
373803
373194
373183
371558
371792
373501
373067
374639
374188
373270
371630
374703
372359
374081
374434
371723
372500
370454
373219
373226
371226
372901
370465
371539
373125
376284
375522
370773
371184
372137
371203
373479
372775
376923
373878
373172
375821
374830
371586
376378
373387
374593
371188
371447
372190
371427
372373
371939
373272
372030
374014
375748
373918
373028
371050
374555
375489
374918
373530
371437
370707
372318
372036
369525
374231
372985
372473
372429
375311
372996
374771
374025
376034
373909
371551
374940
374382
372564
370681
373357
370558
374363
373098
371046
372393
376248
372171
376168
371437
372696
370744
372360
371273
373759
375091
374202
374525
372168
373916
373703
375202
372812
371410
372920
370572
370622
373623
374246
374521
373298
375915
371091
370774
372809
372871
374396
371368
376567
370645
373388
373282
373205
373192
373623
372143
372054
373429
372391
374260
372657
370954
373493
371946
373086
373567
375893
371683
374440
372694
373466
375083
372639
373382
371481
372559
370142
371421
371259
374493
374583
373114
369951
375932
374278
369634
372320
372854
373592
371711
370914
371524
374420
370450
371868
375385
371556
373941
372804
374187
374308
370967
370854
373491
372067
373358
370552
373450
372243
373557
372570
373396
374297
374723
370458
375073
374309
370756
370942
372402
371310
371725
371514
371134
371863
371558
373933
370571
374254
370948
371312
371233
372589
370612
370661
371325
374146
372988
374060
373480
373737
374108
375735
373411
371619
371840
375838
374188
369537
371914
371126
372240
371035
373119
375753
371052
374677
375112
374648
374968
372743
372440
374061
376477
372861
372412
374873
373568
374218
371380
373291
370560
370622
372976
373427
374528
372911
372622
374953
372126
375071
374119
373548
374111
376739
370623
374777
372480
374436
374759
374575
373786
373829
373013
373121
373849
371180
373660
372534
371865
375323
369166
374400
376487
371974
372989
371141
374841
374772
373372
373570
371841
372254
374366
371509
372598
373685
374495
372552
373490
372202
373000
374558
373667
372970
374051
371380
371251
371565
371608
374508
373670
377236
370908
374239
374587
370419
374707
374195
372973
374844
371585
370844
372609
371845
374833
372297
369468
370473
374014
371606
374786
373931
374786
374881
373763
376108
373407
371602
372985
374309
376539
373542
373322
375016
374115
371967
373058
373431
372414
373234
372429
371129
372392
371843
374701
372802
372259
373709
372639
372147
375279
375078
371720
370455
370965
373912
373632
374122
372937
371914
373435
374066
371206
372114
373603
371816
372966
373400
373282
370681
371411
375524
371669
372545
373381
373722
371850
375633
371327
372806
371491
371897
371222
375805
375837
371451
371065
372491
371938
373172
372986
372186
373297
371870
375812
374834
375977
378104
373637
374517
373386
376309
373826
371748
371891
373090
374537
373488
371575
371765
373576
373263
374426
369833
373377
373017
374021
374290
371488
375357
374400
373920
371425
372606
369897
374002
373260
375096
372626
374173
372843
371891
372292
375095
374839
374772
374418
372666
372633
371780
370348
371255
371583
372189
374354
373680
371659
373115
375690
370023
373462
373031
375066
370804
374280
371863
373920
373473
371869
372577
374263
371574
374960
375070
374762
371760
373398
373621
373278
375059
374179
374238
375199
372536
375338
374263
376619
374133
372420
372122
372465
369969
373507
371959
372851
373291
373840
373982
372327
370572
374150
369992
374197
371364
373323
375519
371371
371787
375323
373879
375858
371699
373329
371708
373900
369004
371457
374406
375588
372748
372309
374743
371520
372859
374777
375091
371973
372708
371408
374228
373190
369845
372188
372098
374065
374963
374195
373855
374541
370460
371944
371844
372347
372893
369818
371157
371022
371250
372364
373144
374321
373035
372968
370149
373476
375677
372835
372309
371928
372594
374513
372332
374545
374484
375585
374343
372691
372642
373081
372621
371899
374015
370348
372207
375284
370583
373803
373397
371727
372875
372124
371719
373706
372471
371508
374078
371209
371065
372790
373381
373206
371910
375151
369199
371990
371776
372320
372118
373855
375607
372211
374309
373195
372780
371032
371012
373039
374515
369976
373627
376044
371840
369542
371980
369520
374051
374486
369672
372462
371654
373074
373015
375869
374469
370963
374377
375261
374023
371073
375832
371757
371293
375637
373436
374886
376570
374625
373802
371740
370302
371586
376144
370985
372399
374230
375598
370966
372823
373697
372224
370415
373546
375145
374077
372256
371991
372827
372301
372829
374866
377043
375440
373205
372103
372733
372178
379044
369179
372708
377375
372694
372906
378176
372139
372720
373312
373278
369714
370784
371144
371222
370030
371214
373873
374048
373753
371863
372541
372557
373030
371279
371668
372603
372059
373768
373782
375130
376269
373595
372740
371671
374022
376313
376152
374807
372150
374752
373518
372500
371580
373344
369794
375585
372289
370762
372851
372227
374928
374809
374610
371725
371309
371408
373778
373796
371719
371013
371725
373322
374668
372602
371071
372527
373355
372377
370968
378245
375973
373471
375538
375107
371435
370604
373184
373765
372813
375199
376608
369484
372920
374506
371652
373389
376826
373819
372591
374155
374085
373883
372043
372271
371615
372407
374456
370046
374086
376131
374456
371535
375756
372744
371997
375055
372392
373646
374390
372779
372395
372666
374776
371626
374387
373135
370808
371695
374736
373075
372289
373350
370215
370353
373545
374910
372337
370116
373837
373829
373435
372590
371606
374075
377984
373501
376553
371368
370507
372562
375233
372695
371980
372092
370686
372975
374160
371453
369729
375539
370763
370628
372589
375200
372153
372366
370148
372615
372523
373403
371518
371240
373182
374904
372376
374572
376328
375221
371181
372590
372196
373651
372307
372634
374818
373571
373537
373238
371925
373063
373264
370753
370362
372235
372208
376219
370905
372620
375424
372034
371665
374485
373300
376893
372032
375358
372540
371508
373199
373189
373475
372381
372373
373834
374432
372314
374087
373949
373991
370754
376251
374137
372589
376253
371825
372364
375216
373283
374430
371438
375856
370583
374272
373625
374176
374168
376665
374167
373402
373437
373098
372778
370613
371816
374918
373712
372147
372126
371923
371255
374543
371700
372313
375379
368400
377542
371594
375543
372313
373693
374393
373988
376618
372096
371153
371258
372616
372740
374745
371525
373338
371637
372668
375080
370368
375303
374813
371884
374530
373373
374334
370952
375483
370437
373908
372945
371890
370935
372129
371007
372620
374299
373435
371786
371790
371798
372637
369540
374047
374903
373940
374018
371241
372850
370662
375315
373482
375775
374002
372340
374120
373064
372388
372338
374149
374444
374530
374913
373323
371358
370757
374096
371592
374856
372014
373581
371641
371581
373578
372381
371786
373967
372877
369724
373585
372893
371815
372345
371881
372615
371331
373787
371284
370986
375893
372110
372770
372357
374414
375054
376916
370688
374585
374702
373698
371301
371242
374084
375099
372728
373520
373411
371694
374396
372702
374573
370302
372448
375394
373071
370411
372294
371348
374084
375806
371614
374254
373855
373520
372256
371967
373184
372557
374041
373074
373939
372556
375100
373522
376618
370163
372151
372668
373519
373769
371798
371059
372697
373364
373630
372737
373192
372269
375534
370362
372296
372428
372314
374632
371849
370690
373022
371497
371576
373416
369985
373525
371888
374743
373994
371808
372704
373980
377595
375374
373410
374775
372168
373537
373644
371486
370765
373586
373863
374051
373028
371839
370653
372124
373782
369867
372499
372762
374432
373885
373482
369983
374265
372562
371765
372300
373119
373465
373832
375788
373417
372899
373041
375804
375457
370963
373624
374214
371031
374853
371642
375433
373077
372642
374497
371122
371706
374869
372907
370924
372488
372031
372744
373195
372898
371489
373240
374057
374437
376870
372679
371733
372863
373656
373022
374479
374381
373738
374432
373405
372823
375988
372731
371573
370319
371066
373361
371957
371044
371897
372341
371478
373922
371121
374256
373586
374577
371611
371366
372402
371597
374438
370935
371240
374038
370805
374082
373744
370290
374222
373260
371541
375764
372086
372260
372058
372557
372386
375164
375446
372038
372665
373559
369396
372632
373113
371910
372586
372214
374034
374924
375137
373025
372785
372858
373455
372184
372150
374692
372419
373580
371032
371906
371054
370035
372312
375683
369880
372649
371698
374852
374586
373261
371851
374470
369786
374297
374044
373954
376775
371125
371664
374178
369498
375012
373125
372573
372264
370221
370316
371898
373001
374825
374739
371760
371122
372841
371868
374426
372676
372420
374989
373437
373290
371904
373913
373281
374444
373177
374141
372602
