57416
50190
44377
43105
39322
39961
44377
45518
43631
44422
45674
46512
43872
57656
45786
42370
52685
41362
48208
47177
42118
42768
47266
40964
46196
45535
42005
43874
44850
42791
42041
44632
42558
39601
52355
40493
39389
38394
46701
40732
48502
47731
47748
52702
40901
43872
44595
45781
46555
46143
44394
45405
37898
42062
43023
43872
51467
44027
44569
41737
42577
39389
38839
41496
41636
52864
43859
54146
43793
41933
43273
44311
45177
49194
40492
43150
40989
40493
46131
51631
44221
44753
42628
41495
47312
41140
40464
39943
40633
52754
46732
38214
44472
41156
44335
39943
49779
42628
39586
43646
42121
50395
47824
40888
42558
38839
40493
42467
45105
42542
41671
45714
38717
38839
41496
47788
42628
49816
49437
44054
42628
42046
43727
50312
45347
38005
44394
39961
39213
41474
47034
47148
43037
38258
43441
47086
49748
51176
44477
42096
48777
41737
42791
40720
45352
45400
42214
42999
49234
42648
44377
42628
38839
45669
47902
41933
41737
45966
38784
43150
37995
41737
46644
42632
44068
43037
43617
47894
40082
54470
39943
41737
49036
39911
41737
42504
48281
41330
49048
41678
45475
46094
42753
40438
47609
41737
44756
40913
40964
46702
44626
51135
41777
46918
39607
38717
40493
53030
52151
40495
48572
41636
39170
48776
40964
43794
42193
49880
42768
44516
41374
43376
48459
38247
41474
47199
43315
37043
45310
51659
43037
46244
45954
48802
38303
40327
48597
49951
40633
46127
49386
49496
48392
42121
41261
41474
39465
46598
46650
41933
42768
45781
47331
40492
47471
50491
45694
40960
44394
43587
41698
43539
44929
40877
40493
41668
53439
48829
45972
41636
49880
43421
44594
44755
42434
42628
40989
43177
45997
40493
39720
41524
46361
40633
41737
37807
43290
43918
41241
58133
45004
40574
41636
49977
41737
49000
51837
39485
44924
42370
39961
39221
46529
44803
44655
45172
44068
44068
41736
44477
41737
49325
41737
44831
43037
43804
43533
40905
38876
42289
46083
43315
42174
41938
43847
40157
43331
40153
47471
39942
44951
40493
45781
44875
43325
43150
41737
46422
43823
51357
44382
40493
43012
41933
42096
43037
57855
47086
45694
42105
42096
42563
42244
40552
50691
38784
40823
47471
41189
39507
42740
53778
40493
43467
37807
43793
39426
39154
45966
49000
45620
42574
49428
49496
43465
47062
52808
48252
42193
51614
43750
39062
38839
40380
42118
49622
44850
46958
42244
50253
47098
46729
49755
40633
41426
41015
44655
43809
39389
40493
43463
52480
43150
43124
45310
46356
40640
43376
39826
46918
45346
41496
42174
43971
41330
47702
43400
46547
42578
40322
41736
41241
42726
39389
38879
43177
37558
48521
43124
44808
46899
47252
51606
43239
39961
47374
40989
41469
45622
42046
40493
41622
38604
45172
48392
41185
42272
40604
45501
41041
38357
48951
44127
48302
50497
46210
43315
44377
43081
38717
40493
44951
43037
41737
40989
42628
43474
40137
43096
44035
47184
48351
46422
41737
40137
42289
41496
46559
43004
47470
45942
54658
43413
41070
41330
46145
42289
41637
43748
44492
44136
44255
41603
41636
49397
41737
39793
40964
38167
50444
47889
48009
39942
42574
42695
44394
37386
41636
44030
44901
44296
43411
43534
43872
42309
40392
47252
43433
41564
44318
39389
40876
43746
37807
47542
53159
43729
44024
40877
43649
41737
43912
41977
46139
44399
40901
43771
41014
44343
39213
41600
46171
41625
39714
46049
48062
41535
48334
40640
40901
56827
39389
41426
39601
39333
44174
41065
42600
49952
41330
40493
47446
47810
51056
46403
45596
40964
44436
41466
42279
40640
43771
45570
39389
43943
49043
39465
45004
42688
42628
42289
44929
38695
48213
42067
44158
43037
46529
37898
44394
43750
46112
46171
46112
47869
41314
40877
46171
49496
41737
42791
41240
47829
42105
46913
40464
41373
39961
40380
42600
44017
49079
41261
43434
38604
37807
41241
40493
40577
43290
43374
36880
45004
41325
36648
43297
39389
43206
42613
42794
40137
40901
43150
40258
41737
43122
41261
43376
40877
46078
43074
49990
41241
46893
43474
44039
38717
43055
45671
44595
39335
43421
39276
51279
40311
49102
47389
51614
42174
44834
43178
39105
42955
44840
46417
41564
42289
42770
42618
42165
44260
39943
39389
51811
48623
43823
40530
41524
48213
41933
43036
41636
40574
41397
44437
40930
40888
42768
43773
39693
45465
43290
42936
43971
50387
43918
42193
40468
38167
40930
49113
41241
42121
40633
40930
45675
44159
49685
38717
42071
44393
42262
49244
41024
52220
46459
43325
40289
44712
42513
40398
45504
42668
41811
43898
44498
41737
51618
38667
42712
44256
48306
45528
41577
42272
37144
43699
40877
42628
45442
49000
42740
41024
42955
45212
45032
40782
50368
40852
40823
46171
39474
39333
46290
42681
39961
42332
40782
39389
44963
43760
42078
40493
41261
44256
40930
45759
43037
39443
38994
40034
40038
41737
41636
57403
48080
44831
42558
49636
44569
44803
42121
49675
43429
50717
42984
37807
45982
41737
40493
40493
41810
40438
45172
38604
46033
40967
43376
49880
42462
42360
46626
48776
40034
43080
44986
46872
48468
46171
49755
40930
46504
45285
46639
40829
48288
44990
44394
40137
39607
49640
43823
42628
41933
52666
40464
39842
43037
42046
38258
50896
40493
41737
40380
39465
38864
39943
40380
43872
44181
41219
47921
46082
40901
40974
38258
44209
41625
38357
40392
43872
49132
46391
41933
40034
41480
38357
43177
38258
53851
42827
40477
43465
38167
44926
40380
42046
40877
49819
41737
37898
42628
48475
46529
39943
38717
42264
41736
41762
39961
45160
40380
43872
41261
43037
46391
47224
46842
39474
41992
46702
39943
42558
52172
40877
41737
46928
41636
42808
45215
46122
48310
49126
39601
40798
40493
48847
48101
44068
51357
40417
40633
41933
41974
41241
51222
41830
41496
39280
45172
49716
43012
48305
50896
42020
46367
42794
43820
41737
42818
48392
41619
41636
38145
48137
43898
41737
42459
47360
49575
41278
46650
42603
43760
39943
48877
41524
40539
39885
37375
46462
43037
41614
44394
46422
42578
41564
44861
40439
45655
41737
39601
41625
45285
38442
50797
44040
49127
42574
43016
42174
42272
49816
43055
40877
43167
40989
45671
46131
42174
49438
46991
42600
41089
40174
39334
50579
43577
41933
39961
40555
42041
44778
44399
43898
43297
41190
45287
47855
42808
41737
51116
39973
39142
39921
40824
49158
47762
46928
43558
43004
49001
47829
42608
45088
42878
39261
44783
42289
52850
44979
48418
43320
39911
48660
41933
44494
38663
45643
43846
42121
41737
46232
43771
41241
42916
43151
46171
40888
39921
41330
41639
47908
41698
40493
41715
45325
45137
44282
45504
40633
41564
40442
40493
40877
46980
41401
44615
43987
45164
43900
47897
40633
40989
44903
41737
43872
46350
42289
39586
46779
48648
41933
57196
51631
40815
44335
41737
46702
42022
39334
45926
43408
51357
40322
42527
41524
44984
46116
40782
41933
45556
42244
53155
46325
44595
51357
47062
45067
44684
49438
41070
50615
47225
38717
44100
41933
46094
47762
40493
42431
47471
46529
47060
42059
46171
41933
39961
48706
42614
49047
40633
46059
46529
45172
40398
41373
39465
40605
50922
44324
38442
42078
40604
40876
42110
39922
50920
43474
40392
47216
42610
47406
45425
46422
44394
39601
43416
39126
46641
44464
51520
47650
47797
40912
41933
41992
42768
41401
43413
40901
42423
43631
44394
44567
45218
40439
40930
39885
41944
40302
45759
41715
42628
42791
41241
40633
43615
44328
45958
45091
43124
44668
45674
40392
40477
41737
43080
48258
44831
39868
40959
41140
45067
49733
44594
39105
43149
40782
44040
48733
41737
42726
43177
40137
43663
43871
38839
41712
45939
41880
46451
44491
38930
41636
43480
41426
43474
41070
43081
43037
42628
40338
46462
42673
45155
45781
40464
45364
38717
42917
42098
42808
40298
41163
43426
44379
45674
40115
45346
47877
39389
43872
42121
47224
54562
46577
48784
38784
39601
46311
42768
41469
44994
54053
45570
43811
41374
43491
50959
40493
44759
42867
43646
45091
40493
42046
47094
48017
40493
44887
40380
45287
45694
40034
40137
39885
42726
44395
45694
42272
50387
44256
39771
40398
41042
40962
46059
45172
52542
43750
45598
49020
49359
43228
41625
50031
40633
42071
43646
39542
43987
49563
41568
40782
49495
44343
40604
39465
51157
46553
41185
46663
49676
44567
51116
39943
41636
44963
44328
40633
42728
46920
50920
43987
44756
51056
43872
40137
39698
43239
45658
49217
40946
46392
45423
42174
43376
38930
46865
42999
43631
41241
47148
46193
44893
49933
39143
45425
47260
43150
40946
42241
49140
44783
45091
45994
39933
43396
40493
42558
42578
41715
48689
39961
45427
51614
44267
50032
38667
43463
50108
43872
45694
44127
45257
47148
42272
42740
49000
42739
47620
38054
49676
42726
41992
40909
48653
40876
41348
42740
38717
46198
43872
45675
41737
43623
40633
40764
41070
39601
40502
40633
41070
41190
44296
46305
37348
44803
41737
39465
41737
42547
40038
42740
43872
42078
43349
40892
46131
43134
38784
46702
46650
41241
41577
40153
43965
47081
45038
53494
43004
43463
42431
40877
41216
42317
48747
40439
39389
46864
42075
48636
39961
47294
49495
41678
45598
43124
41577
44926
44040
44424
40802
51741
45303
42317
40493
44504
44567
43588
39603
44209
44952
43149
40989
42487
42062
39389
47360
39502
40989
47088
44231
44850
39389
48470
42667
47462
44520
47116
40821
41426
43037
48748
43012
45091
48644
41241
45218
47440
47302
40101
45675
45887
44287
39603
43793
57488
37807
42244
39680
46180
49837
41373
47196
41190
46529
41072
39247
50987
43995
46171
39276
44753
38167
39502
39601
46608
41261
44377
42174
43989
48604
41737
45335
39601
41155
41737
41776
44677
52801
44862
42856
41737
54288
46725
40901
40829
43037
41933
51631
45008
42118
44040
49016
47471
38357
44847
40439
40529
43315
47486
42740
41166
48252
44963
40823
43804
45425
43508
49000
40493
41636
47897
42768
45351
44035
43228
45220
50387
42346
50728
48635
40836
49000
49068
53352
44379
40633
43961
43037
44927
49185
42527
44349
42668
47252
52411
46435
40468
46047
40515
42262
43587
45432
41737
46171
41737
50425
40439
42121
43609
44632
49359
42527
42209
38276
45299
42628
46175
44349
44566
38635
44926
43135
44759
44864
39054
49447
39443
41609
44378
43037
44571
42370
39885
47875
39885
39389
43859
40279
48252
42722
43872
51949
41241
41767
46316
42298
47585
45422
43463
38978
37807
41278
47921
38717
41241
42241
38784
48752
46143
42351
38017
47474
41241
41065
42193
42502
41879
45091
43686
42794
47731
43290
41777
42878
46804
41415
43421
40930
48036
44422
50831
41904
44015
46677
48597
46639
39961
42121
45335
46691
45682
44040
39970
40930
39170
43609
40877
42258
40877
48139
40086
43177
42740
44256
43396
40493
42768
40901
38919
41736
44068
43037
40493
42462
40493
51608
42174
47524
46083
41737
42984
46529
42459
41241
43858
43037
39943
54122
50901
43793
45963
44040
39999
39943
42071
41737
38717
48356
40439
45107
45067
45425
46343
42753
46033
43150
46539
42919
46790
42623
44424
44319
42705
41774
41374
45319
51180
38667
43792
46338
39678
43733
47138
48392
40493
43631
44963
38482
40829
44136
43150
54534
47440
44083
42121
43177
45570
47661
42346
39868
39718
49606
39943
41737
44963
44927
42174
39826
41531
42174
43465
43533
38380
39720
39982
40380
44783
40901
47908
54109
49558
47702
44831
45683
40673
41698
40327
47585
40153
39389
40038
40492
44873
39961
42936
40633
40174
41166
43450
44783
41737
46171
42078
45084
40742
49933
40034
46171
40946
40989
40439
41261
39943
44394
41777
46889
42149
47721
44775
43105
40877
47651
51845
44035
40392
39826
40824
41855
40442
38817
51155
40829
43037
39389
40493
49496
42753
41224
46476
47389
44735
43228
43177
40877
46627
42380
40930
44833
42178
40782
38717
50796
40633
42078
43899
39943
42096
44397
40108
51233
45091
43847
46047
41737
46096
41161
43881
46555
41070
46476
47159
52542
48137
42628
43421
39280
42740
44394
44019
43918
41261
52971
43124
40439
40468
41636
42794
39603
44068
44761
41072
43900
49676
40493
48441
44394
39154
45116
46784
44875
46097
51222
49869
47160
40493
39601
42078
38442
43872
44684
42740
47242
41933
49012
45091
47482
41470
44466
42121
44134
42527
37691
42628
45694
56000
39970
42370
44783
47345
42096
41933
47644
45759
46541
42600
42272
42459
45857
46599
39842
48217
51261
43124
37708
43907
41373
43918
44287
47169
40137
44875
44424
39170
38717
44035
40174
42078
54274
41737
46639
39863
45027
45675
41325
52722
44915
48300
38839
47857
50113
41711
48293
43196
44615
47810
46095
39943
39601
44068
40946
49510
41737
42322
43872
42989
39154
43710
41241
42121
51261
41767
43534
40877
39670
43349
51568
44828
38839
39426
49009
47900
39105
44296
49670
41383
43210
45694
41739
42174
40038
39389
38357
46391
41314
41662
41737
39943
38839
41698
41678
44567
42794
40493
41737
43037
41678
43976
44567
43004
41542
43531
42628
42121
48312
43318
42328
36528
42740
51155
45067
42121
45091
48816
42681
39943
50108
41278
41241
47729
43037
40574
49510
41992
41451
41338
39885
41070
52850
47720
51343
51492
43416
46494
42726
40633
46555
48139
40157
40580
49068
44831
44783
43847
41070
46221
41070
44177
46112
39213
41678
46143
45067
41736
39389
39389
44615
45172
41496
39885
39006
43290
44796
42289
40946
40174
44657
46723
50048
43646
43245
40988
41577
40493
44472
49496
45966
42368
41992
43156
38877
44253
44928
46190
42270
40493
48306
52483
44875
48858
43408
52850
46170
37807
41524
45260
50758
52138
38839
42574
45093
39601
48306
40392
46644
40398
39639
39465
43631
39389
40604
41992
41524
41496
44242
40782
44171
48252
47731
43646
43491
44724
43463
40574
42714
44629
50934
50481
38584
41737
52195
41340
47732
44994
40279
49543
51811
45067
44477
47620
40338
42726
42244
41637
44318
48475
48689
42243
43357
38794
44571
43709
49496
42740
43671
42272
41261
44753
41041
44756
43297
40468
39389
43055
42574
41070
39585
42772
43290
43290
40342
47471
41271
40023
43823
48690
41737
39213
39799
41496
42878
47613
38784
50329
40392
43081
49496
40034
41260
41737
44424
44319
38839
49144
40633
42174
38717
44861
40901
46294
39389
45694
43290
44914
46530
51823
45172
43976
43987
41737
41190
42078
40764
40493
44255
44394
41190
43474
39105
49970
48317
43912
40137
40038
42741
45287
39826
43872
48897
52674
40492
42244
39961
42091
45004
40302
38504
40989
50567
47824
47877
45674
43376
39963
44627
46290
50751
41383
48908
40989
43037
46000
40782
43872
46148
40574
53397
39484
49438
44078
43357
45936
44395
46598
38717
43037
43872
42459
42955
45425
45105
46367
53543
49757
42600
42714
49947
44015
41638
52943
42936
46158
44850
41878
43696
43539
49470
46928
49496
40492
48198
42676
44668
45698
41600
39389
42462
50920
39943
42174
42600
42768
44424
52604
41977
44466
45067
49001
39239
58902
47641
40026
39943
50962
41524
39247
41853
44567
39389
39842
48346
41603
38864
56730
43508
44927
43421
40137
48925
38810
38839
47059
41496
40633
42724
41737
43847
48706
44013
43872
43037
41140
44875
43150
42379
54187
43004
40824
41278
43922
40852
39474
40633
43290
41278
39367
52187
48009
41576
40946
41496
39389
44571
52646
46702
42500
42264
42429
45807
39465
40493
41495
37534
44883
40493
36371
40633
40633
49177
40493
52941
43872
46094
44923
41573
43177
38357
43177
43872
43491
45694
41509
42628
46171
41241
55583
38303
40604
48009
40964
40477
42936
41739
44596
38303
46094
40342
38641
43315
40633
46702
48288
40034
45218
40901
48251
56082
41737
43124
44246
41185
47973
44396
50060
42959
40439
47471
47465
42740
40901
41338
49550
39285
40582
44472
44231
44567
42174
51757
45091
47224
39885
46529
47059
39603
52084
52259
47661
40967
51135
43965
41278
43150
48270
44555
39415
46434
38930
44796
52055
41260
39943
44260
40606
42720
48574
40493
42740
54162
49636
42312
45504
40635
40086
47603
39601
48312
40137
41383
40174
44504
40633
46361
39720
43872
52220
47301
44256
42312
50113
44504
42429
39465
37807
40989
45344
41190
40633
41426
44424
43315
43012
42174
45232
45518
41992
39474
44929
40493
47762
44265
51176
42122
49510
43124
43898
39601
44595
44724
40418
41314
39389
49496
39105
44083
47731
39939
44668
48139
47896
49397
40493
41241
46640
47810
44063
44831
42740
43872
50046
43533
44256
41470
46762
42628
41140
43172
40038
42601
49422
43872
37144
41933
46232
43872
47908
43932
50481
46151
43411
38717
51033
43004
50796
41739
41612
39474
45231
44318
44761
41933
43124
41417
45311
58380
40034
46047
41140
45963
49217
39961
40877
46462
42078
42062
39980
41510
38230
48485
46232
48101
40530
41870
41698
40633
43037
39961
48218
41493
39961
47496
42740
39233
49816
43399
46094
50083
49880
43872
45759
40439
43038
47762
53274
48061
48740
41636
43491
44260
53106
44379
42096
44595
42078
40889
39601
49143
51794
50192
44025
42370
40380
51155
40877
45262
40876
46462
43124
49001
40578
43976
51633
45325
42073
39961
49073
42819
43631
45162
47272
44418
43037
40877
42628
40493
37807
42046
46459
40633
38357
44783
48765
45997
41715
48748
43096
53453
41737
40633
48721
44951
46566
39970
48740
42768
41330
50395
43872
49320
47297
45695
49413
45674
41636
43727
42740
44655
43647
41737
39360
40544
44068
45215
48932
37898
43674
42740
45694
43533
43729
47731
44759
41958
39536
44167
39601
45378
41938
51670
42768
40493
40034
38646
45674
39502
42121
46356
45111
40493
49126
42174
39826
38763
41737
46294
42957
44424
43177
47482
43872
40946
50346
40930
39943
46702
45286
40966
42740
39743
41737
40493
43164
40493
44068
43508
38357
41933
56530
44257
49221
43004
45239
39943
40493
40989
39961
42868
46391
45551
43037
43872
42431
42936
44963
43823
53966
48442
50679
43037
44915
49742
40493
41241
44767
56281
40633
44040
48651
41041
43037
41640
42174
46865
44073
42768
48784
42578
44595
49453
41737
42628
47558
43124
43324
41737
43872
43463
41442
43275
42740
47921
37457
41278
41564
47896
44394
49221
39718
41737
38357
44778
46131
41977
40493
41278
42431
43177
42324
40032
42434
49001
41737
41600
42628
45287
42001
42741
39389
43533
43539
40930
53429
40633
46148
39474
48255
38717
46706
43290
40493
41619
37008
41241
45283
45287
46120
44803
41378
45835
42175
47116
40930
46512
38258
41737
39654
48157
42868
47641
47059
42174
45004
50896
41737
49164
45091
44068
46366
42600
39942
46391
44994
41737
44394
44523
42289
41890
43631
40633
41034
45691
42856
40633
40633
49140
45004
43463
43646
40380
43485
42878
48306
43290
47471
47054
49496
45984
43055
45598
42726
41737
45966
45612
50837
46112
43290
38167
43465
45263
44567
42578
42628
42727
46803
43151
43474
40633
38717
43872
42768
43290
47202
46221
50742
41301
41737
40492
45255
39335
47154
44274
44512
44655
42317
42073
42558
42459
48985
41967
42289
39742
39943
43912
60449
43097
49158
44300
46545
44379
44735
44504
38784
40658
39943
45004
46512
40411
43465
40633
42628
46454
45215
41241
50569
38604
46601
51136
45427
41666
42117
45997
43151
41338
42309
43290
41241
50691
48617
40439
46529
43177
40478
48317
39601
47748
42174
42073
37919
42667
44477
46650
53095
54356
53357
44040
43124
43898
44875
41736
38357
40380
41933
44394
42434
46608
39250
41014
39536
41614
43081
43987
44834
42370
47720
48423
40493
41241
46367
39943
43536
46171
41496
47081
42174
47705
42483
50825
50031
42309
46243
41958
46053
43239
45427
38357
40633
46608
44737
50883
42121
46701
45598
40930
40578
44927
49415
41278
40852
49496
49496
39514
51909
39981
40530
50184
47098
40174
43196
45067
42121
49320
45261
45198
44319
43855
45694
44793
45932
40578
46462
44590
41636
44429
54679
41813
45232
41625
42574
47471
42726
40989
43533
39276
41737
42794
42071
39465
41241
39579
43769
40948
42628
40174
41737
43769
49760
51856
42272
41737
43413
44068
42618
46094
44040
49496
44040
45232
41330
52652
44108
45994
47347
43491
50894
49496
41037
45425
39961
42174
47057
41474
40492
43037
43228
50604
48572
37807
45761
40493
37807
41496
50060
44335
43872
42073
41574
40633
42740
39105
41521
39502
45325
49877
45781
38978
47398
50048
42121
48258
46083
43440
43890
45088
42957
42121
39885
42434
47693
53248
43396
41767
41737
40380
45858
47098
41938
53038
42578
44394
44778
43842
40798
43958
49483
43898
45347
44231
46598
43037
41241
42890
44466
38839
39170
44035
48721
47540
42768
49217
40604
47558
42176
39678
41140
43012
40930
44030
41261
43177
42459
44231
47471
48421
44260
43797
41737
45091
45966
47462
48660
39465
43727
43872
40493
40611
45008
42272
42726
38167
38701
49956
46083
44040
43135
40877
40633
49001
44068
39154
49020
41671
43727
42634
43434
40418
41041
48660
44545
41401
40930
48572
37844
43149
41064
42370
45599
40611
49598
43121
41012
42618
41240
44377
43800
40964
44719
47482
40774
42011
39601
41737
46555
44300
39502
45972
47252
45811
45285
39360
40034
49757
40380
47748
40023
41241
42740
43823
44850
40633
42258
41496
48637
41113
44379
38357
46367
39720
46893
37946
43037
43074
44255
47312
44713
43037
40392
48913
39678
41524
41241
44394
42272
46391
41737
45067
38754
44394
41014
41933
45612
37898
43858
38717
43150
41305
40038
40633
41737
49675
50117
40137
45733
41241
37807
43804
46992
39793
44783
39826
42337
47702
46478
41737
42740
44831
41469
45495
41678
51811
40782
39360
44684
44926
47496
43474
43150
47583
46796
46557
47465
38794
50032
52977
46779
46453
43037
41261
39650
40532
41241
48057
41241
40103
43325
40633
42020
47102
40493
44040
41374
45660
46990
40034
47557
42121
41241
40930
43465
42740
40174
49438
52047
46702
41278
39885
43810
39465
39943
50197
43231
45932
44657
45400
47288
39943
43238
44394
44379
41609
48086
38839
43539
45239
45162
40633
50796
44962
40611
50796
45067
49158
40989
39943
48252
54739
40983
44377
40633
41737
42936
43134
44343
47471
41739
53135
41855
42174
43037
43872
41850
50894
38663
40574
48777
44963
43898
43124
42741
38507
47482
43872
47297
52642
46553
43037
45286
39625
44713
47894
39306
42096
43823
49816
45786
43239
50796
45966
41620
49085
48101
40964
45259
38604
38167
40493
45501
52220
48312
42808
42740
42121
42600
45091
40267
43096
43150
38839
49525
53750
46059
46673
46644
40174
38230
46108
40930
41830
47266
39474
43325
39961
43037
40633
42462
43421
44071
41737
41737
42244
45425
44951
43872
39213
44888
49126
41496
47558
46403
41261
52977
43055
40493
50556
40962
54401
40137
44461
40633
42241
39830
40342
48451
51222
46205
47325
42768
46118
43037
55698
43200
49357
49830
46145
43727
47148
42628
42174
42241
41426
44257
47908
40379
50935
39360
44927
40174
42794
39465
39902
47702
46559
44203
45695
44395
44702
44259
38023
41739
48805
40978
50270
39465
45121
42174
46172
42272
47973
43288
43453
42856
46601
40493
48218
44445
45784
43898
41140
42681
43105
49000
49760
38230
43872
43044
45378
52753
41933
44927
47394
40464
39842
51233
44336
47925
38839
43823
49676
41241
41239
43830
38813
44590
48748
41241
48392
41737
44468
43539
47470
50172
44460
38839
40877
52782
40380
43710
40137
39943
39943
39474
45011
42174
43696
43421
41619
49217
49000
44335
44301
39943
48252
40471
44735
41933
40493
43489
44783
42264
50796
46014
43861
39083
42599
41992
40493
42046
37810
40989
47705
44595
39484
40279
43823
42743
41278
39678
42174
40877
40392
40034
42078
39902
44394
49609
44109
44070
45628
52710
39280
42740
47830
42046
50423
42301
41737
37430
45232
40493
46918
47086
54781
44158
39933
40989
41811
39942
42743
41496
45400
50134
40439
40023
41625
42078
42462
39334
41314
43463
43048
47440
55680
40633
39826
41496
48252
39389
42794
39943
43081
43200
40370
40082
41241
46112
41014
46127
53055
43965
47585
43037
49102
43509
41933
46991
44831
40633
46294
46196
40877
41495
44655
43804
46723
41737
48220
45957
40640
40604
53502
43376
44734
39233
43228
43872
46171
39054
44567
41619
40034
46059
45598
45669
43037
40493
47855
40305
44877
43976
52657
41636
53421
41260
39943
42258
39961
42289
42155
41278
43474
45759
42979
41278
44875
45067
41600
45655
39772
49932
38784
45695
43778
42530
42527
40574
39536
45703
40492
46083
41762
47620
49001
40137
42289
40468
39276
43848
41072
45528
43207
38784
41737
44963
42121
46865
40418
51645
43859
41330
46918
43365
57051
49384
38357
46243
44927
42768
49320
43037
42078
41637
41627
41348
39826
41524
40418
39601
40038
48502
45955
45598
50794
40633
43872
49140
51741
43771
39367
40380
51645
39797
55266
41358
44256
44461
42743
39601
41992
41737
46171
49990
40137
45383
48421
42955
48137
45013
40493
44590
44951
56281
40876
48143
40633
42791
44477
44567
46598
44753
45172
45423
42198
37740
42354
40137
47266
43004
49496
43150
41737
46196
45172
46143
46804
44963
40946
47979
42574
48765
52882
42409
39170
40877
39678
37708
45287
45285
43874
39961
40493
39601
40439
48292
43794
38853
49167
43037
39714
41278
39484
44783
44395
43872
47266
43330
50344
42365
38717
39943
41041
51352
42121
52220
41077
42628
48877
42328
43797
44567
45172
43734
41426
47098
44927
45723
45088
44861
42317
42060
45027
44395
42628
46051
42073
44686
49000
40137
42380
40137
44135
43625
45325
46918
41165
41933
40493
47172
44195
45562
39720
41241
40392
43421
43872
50190
40599
41737
42574
43037
38145
42174
50615
45674
52579
43463
48392
42727
39261
43587
41241
41584
42577
43292
42768
39961
48829
40493
44343
39276
40267
41043
50190
39465
46944
46391
48829
41870
50987
40507
50481
41261
42121
45693
53750
46175
39943
41241
45285
47829
50387
50606
42317
44394
45748
54065
42936
42646
40578
47008
45620
41150
41737
41737
43463
42188
37746
48306
45759
38117
41933
41711
45172
45067
43846
47006
40235
47849
47702
43865
50521
46033
39911
42096
45172
42603
44542
42630
42628
42046
47748
50777
44394
42322
41619
44020
44590
41736
45346
50189
46780
40635
40327
42161
44875
51545
40989
43872
41811
46171
46407
40633
50920
44979
38129
45452
42558
45172
38357
49756
40633
44265
43493
40216
48288
43473
41737
42915
43710
40370
43872
40493
51244
39885
47944
46431
39290
46706
41442
51864
41737
42808
44376
49692
46422
51855
50794
55574
40493
43587
46663
41524
38839
43413
47828
43872
40930
41992
46529
42743
45274
51670
46462
43037
46702
44472
47418
43376
38978
44122
39842
39243
41737
42121
47062
46702
47576
39826
41496
41738
46173
43376
49496
46120
38357
48252
41933
43463
40545
43571
39961
42020
39120
46083
40930
40673
41880
40137
38380
40493
46663
39680
49933
40034
44515
41305
43099
42689
41343
40764
43872
43037
38689
45958
45926
46678
40302
38839
44990
41737
47877
40493
49606
40633
42270
40477
38357
44994
47148
50402
43898
42742
45091
38930
41190
43890
44108
42601
49320
43037
45379
41111
42312
46094
40964
48251
54006
44595
38930
46112
50617
43421
50877
45788
42174
46608
40611
46367
40633
39389
42174
43262
38167
38717
42121
39465
43012
50920
43150
42740
48306
43453
44929
43150
45884
41136
48690
43898
39830
41600
47347
45220
46171
51746
39389
39586
43150
39233
42858
47418
43388
40380
43037
46395
43037
41524
41070
45013
44567
43297
47673
42668
40578
49496
40137
46531
42600
48416
40604
46598
41737
43150
48306
40901
49068
49020
38129
39586
38316
43150
51352
45271
39776
42464
40852
41737
39943
46504
53966
39678
43416
41737
39601
40230
46059
47896
49320
41933
44394
42193
43872
49907
38784
40658
39592
44287
40137
51618
49119
40034
41224
42628
50920
38978
44394
43273
40633
44542
45826
44122
42628
40633
40439
39961
45125
49144
43151
43800
47557
42791
39961
54395
39963
46243
40493
43872
38646
40930
44728
44040
46112
40032
40493
40613
43292
47920
43378
41064
40633
45069
39943
43398
46644
41348
44518
40392
41190
46512
39426
42370
41904
45414
46094
39465
43463
50031
43273
48135
42794
43823
54021
44753
39367
39389
43847
41737
43297
40633
40635
41015
45598
43474
49496
38822
41330
39170
43408
40214
47748
43037
40633
40876
38701
48157
47583
42768
43421
39961
41241
47824
43037
42600
49745
46644
52266
46011
43101
46391
52562
43491
39132
40439
39603
41636
46083
41278
48255
47600
42122
48920
39474
43363
43989
40930
46061
43360
42727
40038
43150
44924
44814
45196
46083
39474
42936
38167
43290
45330
48036
48311
40264
53750
44030
38383
44753
45612
43325
40402
43652
51703
43099
39360
42244
44606
40633
49000
46420
54395
43015
43465
41480
45218
43037
42462
44918
44702
52763
44515
43421
42376
43534
42552
39389
41737
46559
42819
46775
40380
41241
38839
40174
39943
47465
39601
49671
42673
40901
37807
42611
38717
46648
40946
42121
43189
45360
44753
44040
40137
44122
59181
40464
45427
48510
39771
43646
42214
45482
43638
42046
40439
45254
39142
39389
40392
41638
38482
46143
42121
38794
43474
49676
39276
42370
53055
45759
43474
38689
43465
43245
53842
41451
39276
42740
41636
43624
43421
41567
48589
51607
44850
43890
45271
42712
46476
43231
46899
49113
52753
43290
40442
40038
43388
45218
46232
43934
54826
42740
46353
43055
42628
41496
42827
40901
41524
52326
39389
47252
38663
40589
45425
42174
49496
43394
42174
40633
44068
39105
44778
44951
41496
44472
40392
45071
43872
42272
43918
43012
39484
49816
40877
43539
44158
39389
50424
51671
49320
37807
40914
42121
43474
50004
54677
40633
47973
43177
44134
43771
51175
41698
42257
42244
41933
41048
41496
46261
54677
44377
43315
45019
41737
45570
44013
39930
45788
41401
48689
43037
42827
41385
40365
52638
42957
44831
41737
50920
44994
46598
39961
52977
43433
44256
49385
41737
41737
44963
40137
40633
49755
37807
40633
41426
40834
46171
44834
39127
43631
44466
43239
40530
48690
47897
52579
48869
39943
40962
39601
39581
39213
46530
48944
45008
47076
39290
43872
49344
51357
42601
46163
45675
43872
40040
42567
43245
42362
50113
38167
41678
42768
54355
41911
48255
43872
38879
45172
50277
46033
41830
39902
42118
43421
38244
39474
46725
48392
48300
46171
41737
46171
46391
38357
41915
47636
43588
46555
49020
41413
44994
45172
47123
42174
43080
43818
47702
39943
39105
39335
46918
43297
51482
44952
43900
49144
44396
43771
46422
52354
42121
42713
42740
42542
50419
39961
45091
54395
43744
39797
40302
43124
47360
41933
48616
45053
44287
40235
45795
43463
43426
41314
38244
41374
41933
42818
41767
40635
38864
45091
40930
45643
42955
42936
41737
42272
42955
40298
42272
38244
50777
43239
44735
44073
44735
41241
45997
38930
40082
39601
42740
39815
44256
42274
43523
50481
42808
44684
46367
44926
40302
45071
51519
42728
49048
52722
48306
40901
44831
43180
44040
37450
47723
40633
41992
39961
43037
48079
43474
49428
40673
45674
43646
41496
42272
43465
40964
39943
50531
41677
40618
43720
38717
41737
40633
39373
40380
46053
42726
50875
43822
46350
44355
37557
43037
42740
46422
41314
42628
44171
47098
42244
42723
47202
45694
43491
45285
37694
43752
45425
47824
46608
44634
45972
41070
40901
47829
40418
45966
46033
43847
38258
40599
49622
43177
50596
44873
46083
45425
42272
44231
43696
41496
43037
43300
48337
43463
40633
45335
36651
40477
40633
41678
42351
45311
41737
41261
41736
45347
43474
40380
44927
43455
41190
42726
54528
51136
40964
41837
43546
40633
44394
50144
44778
55885
37566
38167
47661
50578
41992
45694
42628
46171
46243
41241
41496
40034
44394
41933
43376
57820
45562
43037
42973
40519
43297
40930
41405
49816
41698
39771
43631
39389
51746
40513
39601
38839
44515
41878
42628
40477
49933
42936
48281
40582
48748
43859
41671
49496
42012
40493
51266
42174
45714
40930
45598
48636
43081
45285
58251
40327
42618
43012
44544
41241
51333
40137
47224
41374
38876
49000
44761
50861
42078
42628
42603
42567
39826
45038
47476
37807
52633
43872
45067
43853
47634
52917
39465
42553
39127
43912
42628
41686
40946
47202
39586
40964
47470
43872
49384
45091
46007
40023
39105
40380
43681
40633
50578
40137
40493
44328
39943
43037
52069
41219
45475
44567
43847
50113
51135
49020
40876
45504
49933
44068
42808
40492
41014
43847
38794
43587
41070
44424
53765
39943
54470
42959
47810
38224
48765
43037
40823
43396
49840
46702
43872
46695
50424
41972
46462
45314
40876
39810
47782
48288
41737
46007
43961
47086
47720
40802
42258
40392
45172
42121
43273
41496
40267
42028
40974
40493
39885
41839
51169
46990
38303
46131
42121
42989
41737
43096
40038
45172
51977
41210
44045
50771
47014
45088
41573
42370
40937
39729
46462
43647
40493
51770
44783
47088
38839
44699
44824
41496
50796
41185
39360
46692
42827
52293
45926
46646
38930
40476
43474
45264
46095
42839
43965
49340
41678
42955
41496
41015
43463
43539
49933
46530
42309
45067
43376
41524
52159
42637
40493
49816
38901
46175
40782
45285
43872
44349
38357
40493
43474
41338
43037
41156
41241
41882
40468
39360
43587
40617
46742
37558
50416
39168
47394
42174
44464
41549
42911
46131
49283
44590
43135
44477
41737
49001
49496
44394
46171
42060
44566
45884
49816
38167
46969
40493
40962
40582
45335
41737
43376
43672
47154
42096
39650
40034
40405
40877
40611
50835
43918
39826
45003
47829
47399
42046
43124
40877
47159
49437
43872
38167
50920
39961
45172
45259
39772
45683
39793
47900
42770
49496
49880
46992
44062
46049
38802
38258
43676
40633
41678
44068
41474
41072
44783
43884
40493
45287
42244
40818
43037
40380
44719
44567
44040
42740
39943
42763
46598
41737
51056
45259
49298
45658
47720
41678
40493
41737
42515
40439
47440
40946
40852
49029
48137
41261
48392
39650
40824
45139
37898
41190
46702
52007
43269
46775
41737
43037
45109
48999
46992
44590
42628
37680
37807
43872
42740
40578
47636
45694
38839
43124
40392
42739
49692
43811
42808
46601
43200
42337
49784
42578
42791
44177
40930
41737
41483
43081
40033
50717
45259
45067
40633
43872
39943
43095
49357
53429
42020
52483
44242
50387
38717
49217
38717
49029
41064
43474
50920
43382
46918
41240
43290
41737
39373
41241
41737
50841
39373
43912
46343
44287
52220
44108
40901
40633
41241
46796
40901
41261
46462
47430
43837
40493
49646
41767
42618
42424
39360
42768
41240
39483
40137
39233
49369
45714
41711
39601
44324
42600
42740
41933
40930
38695
51304
41737
40471
40946
41549
40493
40086
55353
47829
42791
42073
47829
41070
39542
43290
41737
45172
48597
42740
40877
48377
40137
39247
41800
43081
40493
44831
44861
39601
40418
41767
46116
45215
45789
42768
38357
45423
42577
39943
42955
41777
41524
42272
40798
42118
40137
40108
42243
47973
42917
41933
40989
42121
40633
51301
40633
44873
49001
37807
42695
38930
40877
42118
43898
41070
47644
44508
45674
48346
39465
42304
40964
38683
39601
46598
53055
40493
41657
46048
39389
46131
41920
44260
39233
41524
43794
40393
46171
47896
46803
46559
40553
42199
45091
41737
41241
41065
49068
47731
37524
44927
42775
44324
45598
54150
42793
49856
41600
41136
44875
42121
46171
39842
40901
41636
40775
40493
42046
40578
48004
46803
38482
42630
38442
38817
44655
40877
40802
44256
45091
44271
40633
50529
41904
39641
40086
46171
41933
47795
45258
49001
49496
44567
47896
49652
43164
45091
39961
43549
45997
39961
42326
44424
48473
43890
45286
48745
45569
41524
41609
44394
48022
47098
49443
42743
40530
40418
42046
44778
41171
47748
52055
39269
41070
43373
42578
38167
43036
43128
39943
45790
41564
45425
45027
41657
40633
48009
44615
45958
48138
39943
41374
39276
49001
40392
40108
41374
49606
51949
49000
45675
45232
56064
39276
44203
47224
46116
40782
48062
43097
42174
41737
40013
57782
43474
37198
46294
38784
40877
40392
39484
44127
46913
43823
46608
43872
40059
43413
41261
41495
49688
45675
40493
44498
40493
41314
45425
40946
41793
51856
47470
44255
39830
46027
44260
39568
42046
47471
38717
49837
44209
41469
48740
39826
38242
40493
54534
42244
44424
41737
52657
44979
43052
42429
42936
47471
43528
40852
43235
40192
41698
39851
44927
45400
40493
40834
38810
43120
37807
43727
38794
43463
52850
41737
43037
40137
41614
40988
40930
38717
38794
43463
45694
43734
47973
37898
40578
39484
40930
41241
42598
48252
42174
41304
38357
43290
40877
41737
41278
49676
42272
44396
43533
39465
51204
48392
44612
47620
39484
43858
43291
40962
48748
41878
45598
41487
40174
46350
41737
47921
38813
39961
38167
51116
41480
39961
44017
44655
40930
40930
41737
40439
46830
46108
42567
39826
39389
45172
47921
44068
43491
45423
45648
44832
39389
41574
44728
47148
42370
44595
39601
42768
46363
41239
43859
40989
38740
55477
47465
45383
41496
43750
42121
49999
41737
43037
47908
41715
47810
43413
44035
41524
43121
39942
47702
41678
47849
49622
40327
40633
47224
44544
44466
42434
47934
44253
41241
41155
42434
42370
44753
43649
44083
40392
42473
44394
41303
44040
54274
46171
42560
44803
41278
41330
38978
46171
41426
40960
46529
41314
47731
40732
43793
47202
40086
44850
44927
39367
42309
39961
50707
48118
46171
48083
46817
40174
39373
41336
41737
45388
45116
40493
45425
42989
44040
45500
41933
43037
46744
43533
42741
42628
40989
47482
43015
45624
43615
43872
39943
38839
40964
40901
40327
40023
39943
42431
52354
46893
44068
40439
47482
48062
40633
45675
41317
41070
44040
39826
41625
39601
41496
48636
39601
41678
44566
40633
38167
39943
38740
45887
39154
40633
47810
41933
38754
46056
42984
40829
43898
40989
40989
46343
46280
46171
43921
44396
41737
42818
43890
41383
50920
46422
40493
40633
51136
40617
40852
38357
48004
41598
46100
41014
42078
43793
45788
48597
41774
43023
41830
39943
39465
40901
49837
44901
46918
43681
43290
42577
45669
43823
41161
45566
42431
43037
43286
43177
42713
40034
42264
43539
47870
42791
43823
40633
45480
39465
43760
41524
42791
44927
39921
41280
44316
46734
40604
47476
44506
37417
49912
41211
42527
41933
44539
39842
39943
45294
44783
42080
47132
44735
41164
38482
40930
45310
45125
39942
44952
46663
50190
48218
40635
45004
39105
43474
53496
41737
39826
46529
41241
40877
39465
43177
50920
48258
42770
48252
43864
39961
43847
43400
45264
43647
41330
49880
38717
42122
44862
42078
39797
43787
40930
38604
48623
44567
45285
41736
48141
49816
42768
41470
44073
39389
39389
54677
39961
41508
43297
41737
45400
41836
43872
39943
39601
47705
42743
45067
47921
47251
39943
43196
38306
42542
42740
40174
47158
44953
43396
39601
44127
43597
45475
50055
41737
43823
44567
46504
44040
38810
48312
48394
41585
42740
46171
38839
46918
51744
44422
48572
41878
40850
41958
51811
39170
39678
48304
44328
50777
40137
44927
43376
43037
44567
43842
44394
40633
41636
39389
41933
42462
42740
41855
43096
41609
44684
43760
42078
39502
47829
51298
39826
39943
42676
42558
40493
41878
46391
44783
42740
44394
39960
40115
43898
40216
42174
43509
45955
41855
54345
43376
40861
38717
41933
41636
44590
45274
44506
44394
46391
40852
56269
43539
48306
47773
39389
42646
44394
48572
46516
40930
48310
43037
39961
43872
39154
43987
41278
41737
42289
44181
42781
50387
49001
48746
45220
53726
42391
44377
47040
41737
41737
47705
46454
42429
45325
51631
41185
42791
46084
58065
42820
43759
43150
50689
47465
43290
41636
51304
42174
46702
38167
42258
44040
39601
40493
39484
45786
43872
51180
41014
43261
42984
40493
47921
52211
39586
48086
42078
41736
44318
43376
50777
46804
47312
43771
39105
43177
47297
40633
39431
54501
45160
41401
42878
42071
47173
43317
43491
44994
39586
42600
41241
43831
51592
40989
43065
44831
39885
45904
39601
48252
40493
42597
44256
46116
43150
38357
40439
50527
43847
44595
39360
41636
43760
43912
39961
48660
42376
44359
46034
46557
39542
43848
40493
41737
43631
45781
43842
40493
40653
41399
53742
44296
44108
42558
44467
39961
50295
39693
41992
45423
43912
46270
40034
41496
40493
41678
54355
48396
49676
40082
47769
43150
40989
44395
44300
41737
41938
46367
40086
39943
39772
41496
46990
49779
43124
40786
42668
51154
45131
43291
43528
41442
48689
41627
44515
42096
45172
41992
43124
41636
44160
41737
44260
42431
42739
47452
48660
46173
41166
43900
46927
42244
42618
43859
51631
45877
40964
41636
43810
46034
39885
38603
38839
49119
50427
41842
40380
55583
38394
47224
42600
43587
44834
43715
47224
44256
39414
42046
40464
41496
49180
45311
38602
41762
45172
37550
46033
43873
42121
43218
41933
42808
46495
39536
43681
41737
38839
45218
38839
42527
42244
52657
47921
43872
38876
44394
43273
48502
43872
47148
39601
50387
49606
38802
46059
41598
55521
44567
50387
44287
44515
42121
45119
39502
41737
37807
42740
46003
42628
39276
42292
42522
43463
46944
46958
41496
44377
44015
39842
41451
41574
38306
50567
39961
43489
42827
51532
48660
48252
44926
42791
41101
41496
50825
43015
40082
41795
42740
56026
43872
47201
44376
41298
43859
47148
40108
39414
42808
40327
40901
39826
40604
40034
40633
39981
44875
40962
41241
46604
41241
46246
44929
45362
42989
44927
42041
43463
46061
38717
44595
46120
44394
49320
41625
44424
39982
53750
42768
49025
44635
46097
40974
39389
46033
43823
44963
46135
41625
41278
42681
42955
46367
43037
42078
45348
42193
42078
41190
45292
44571
40493
39360
46633
43992
47850
48062
49776
43847
45067
50113
44951
46294
45172
44816
41828
40633
40398
47471
40964
39213
43376
44875
42164
44282
44609
44464
51606
42794
44994
53447
43124
40930
42241
48725
42122
40342
41637
46598
40635
42433
43631
40939
41330
47068
46244
42244
40889
43872
42768
41524
40633
45220
43830
41678
47271
39389
41811
41140
39484
40392
41904
39484
44181
41855
45784
46367
43142
45669
46120
44296
45303
39276
41736
40338
42214
41933
41241
43912
44267
45259
45212
46171
38129
53907
44855
50270
43274
41070
51784
40174
46555
46083
39961
44567
43396
37680
40802
46366
48392
44040
41469
46496
43228
50436
53255
41496
48572
38839
44735
46048
51147
42740
43631
46213
49660
39943
41469
46702
38303
40901
39389
47754
45966
42628
40877
51136
47001
42174
41625
42483
40930
55958
41241
43847
46476
41241
44255
47148
45694
42689
42743
41048
45525
46520
45727
41278
43291
39961
43912
40633
42328
52971
46083
49438
52046
43218
40877
39474
46750
40439
44256
47858
43150
41166
38717
43200
51645
40464
44181
42618
38853
38810
44377
39389
39885
45285
44569
45595
43987
39856
39484
45172
40493
40618
43245
45556
42073
42258
43037
49592
41070
40888
43778
40441
43037
43750
46170
40798
45926
41737
42174
50192
45598
39842
40901
40493
42370
40086
43516
37680
44378
41737
42600
42628
41933
50084
40877
41241
43037
42701
43558
40439
43513
41737
40930
39961
44567
41278
46391
40946
45299
41870
49720
45570
41721
41737
40929
41241
46162
43872
47350
43463
45567
42794
45215
39006
43651
49472
40322
39367
42121
38978
42193
40137
43992
46566
40137
39943
44875
40604
39334
39550
42628
44946
41933
43631
41933
42121
39943
44073
43462
45263
44231
43534
51228
47062
49283
38823
40960
39465
47558
47884
40877
43873
50419
49574
41496
40541
41880
43746
48281
41715
40930
45717
43037
40946
44393
49818
44267
44242
46131
41737
41888
41737
44167
43012
41625
41190
42333
41933
42046
45844
45621
41474
44544
39980
46462
40930
44567
50490
41241
41636
43923
41737
45004
46809
41241
39885
39720
42244
42235
40852
41516
43037
40407
39276
39943
43794
49283
43513
41330
49223
55680
42868
40102
37097
41299
44035
41261
41305
37807
43587
41524
44719
54461
42121
38394
54781
43649
42078
44083
45675
47652
51631
40852
41736
50133
44040
40392
40493
43376
46120
44068
41737
41880
42341
40633
39154
41947
43539
40493
40633
59025
40302
44343
45480
37995
40545
46221
39885
42121
40901
40107
40633
44257
42431
51136
41933
44472
39885
44394
46780
39334
45218
45172
40965
47325
45091
42868
43510
41250
45172
49606
49140
40604
43491
45423
44875
41762
42174
48305
42628
43376
54371
45598
49821
40964
41868
45997
48171
43037
40967
45067
44396
39105
47731
41442
39720
41241
39885
42578
41636
49427
40398
46171
48747
47829
39465
46723
46221
41496
40442
42174
48618
47116
43872
45966
47348
45004
43872
46244
44668
40901
40798
42078
43012
44927
44545
46127
40633
45686
43426
42791
49606
42062
44415
49535
44875
42120
43396
38839
40945
46790
40137
41737
42078
45675
51455
41737
45912
46391
45164
42078
38683
40820
39334
38794
45038
44284
50640
41190
52490
47034
44873
38853
43124
41563
46092
40633
45263
41190
44079
41070
46512
44986
41241
46171
38717
49284
51631
42078
46243
42678
42122
38667
46958
45091
42578
42174
41737
39465
43037
40735
40439
44127
43646
44927
44873
51135
46944
42794
49000
40578
42078
43872
41737
39718
42558
49496
47620
43631
48485
44643
47150
49880
39276
42794
42628
48518
42768
47550
43987
42768
43376
44181
39961
48781
45218
41737
43842
47276
43273
45987
44012
47168
40802
41737
44256
38357
43037
49001
43200
46302
42743
46221
43452
42868
43032
45926
45484
40633
44122
49085
46422
42173
41280
42046
44979
46741
45596
39885
42936
39367
44287
45472
41678
46515
44035
38794
42333
40876
40633
41858
40038
41521
41070
49001
43872
37348
44595
43671
45287
46171
46094
53414
42315
49323
40493
48252
53055
41880
41737
38695
42431
46462
42096
43134
51606
46553
49837
39797
40633
39389
43631
48346
48948
49497
45480
42174
45788
43474
47921
45998
53773
49000
48616
45335
52559
40468
45218
41241
41933
41315
46658
41241
45675
43151
49161
37807
39718
43804
48218
47921
39465
42774
40034
47148
45285
45091
41625
40464
40930
40964
45119
52931
41241
46702
42434
51180
38023
43987
46702
40467
39389
45172
42289
40118
45303
43865
44567
41737
49654
42737
38919
49237
45423
39335
46702
42121
46762
40302
45212
43872
40974
40137
44256
41495
46478
38303
47661
41496
39232
43872
44256
40635
40493
44567
40214
44578
47944
44996
39943
40829
45788
43976
47647
43239
44783
46223
46034
49384
42174
40380
47921
38357
40493
41348
39276
44068
47720
45067
40298
48611
39389
48132
41374
41737
44395
41584
49816
48396
41737
42174
44951
41736
46007
40764
45287
40398
45786
41737
45067
47224
41383
50226
42156
48834
40380
42046
42628
42272
39465
49880
46094
42328
47613
46644
38817
45190
40633
42713
42121
42046
42046
52220
41240
39465
46171
46007
42328
44221
40633
43073
38918
52907
46462
47471
41305
47360
49359
43037
40493
39961
52326
38930
41241
37571
38167
44850
42078
48765
39221
43315
46053
45088
43539
46516
40964
40493
41754
38357
48158
43965
44256
41524
41261
51491
52571
40153
40380
50707
39290
44761
40137
43018
42473
40493
47452
39389
43587
41721
48689
44171
47423
43898
43134
40852
41737
41496
39389
41739
43858
44300
42244
43037
44477
40492
39961
39360
44396
41241
43037
41014
43898
42909
50596
41026
41185
52015
44927
41829
43912
42174
41737
44783
42329
47585
43392
40439
40877
48392
42731
48252
45067
41403
40764
45997
44040
43400
42522
40969
48858
41737
41678
39536
42936
39142
43048
44004
42740
46918
41348
41737
40493
42174
47350
40493
43587
43958
42289
52722
43872
46381
41278
40633
43315
44567
38876
44783
42244
43119
46083
40802
46294
45740
38054
39943
39242
40946
41496
46569
41625
48529
38794
47393
47401
43290
49773
44775
49496
49221
44567
44569
49320
39601
48955
41140
48255
43037
43958
43872
38357
46601
49009
41933
42743
41373
39389
44472
40137
43631
42174
41640
49675
44700
42272
55526
46729
43872
45091
39105
43624
39826
44778
38717
44040
41737
43273
41737
45190
48062
43626
48057
42096
40633
47471
47014
42743
38357
43273
43558
45264
42600
46633
48660
46520
45701
40493
39239
40392
41373
41305
45347
39335
48004
39902
40901
44668
44662
40327
39247
42121
43290
49384
47702
43197
52535
38794
41388
40974
46422
48597
42288
51301
39961
47225
42740
52447
39717
39902
44118
47353
48258
43037
47869
48089
49496
43200
48819
49485
43290
42288
44377
43570
40034
43823
42167
41374
39389
43273
46243
41261
44377
39943
40034
40439
39154
43646
43631
40989
43558
52072
51261
44093
44379
45212
55521
42289
42681
46723
43548
41549
43898
51559
43985
40532
41619
43315
43474
49428
45688
43264
42121
46056
39334
46048
46112
43587
41338
44569
40023
44946
44655
44873
38204
39902
42188
46944
42877
46047
43287
45694
42337
47585
40633
40640
40137
40137
41261
47138
41524
46529
55266
56000
45190
41933
43771
47159
42174
45365
44394
45860
39943
45744
41250
43799
45330
43177
44040
50172
45675
48604
44504
39961
42819
46171
45027
43811
45218
41014
42122
41698
42116
38244
45119
41373
40782
43065
42740
45480
48469
42169
47360
40635
47050
44231
49460
50172
41637
43150
44318
49399
49144
43413
47465
43485
42169
45091
41678
40365
40578
45556
40493
44394
45932
41737
49544
41992
46505
42258
44994
44590
46148
49606
40782
45612
44394
39536
38784
40162
46641
43465
43918
40157
44990
38784
43177
50707
43036
52850
41737
42211
45671
40946
42046
41241
43037
40888
45772
44424
43124
44571
46003
42046
41600
40342
40919
42235
45504
43228
40174
45727
42701
43872
46462
42791
40640
40439
50920
43463
39961
43734
49496
49933
38784
53806
46744
43631
46170
40988
40946
46391
41496
40082
48951
40946
41241
44962
37887
43847
39276
51606
44783
47035
46116
39981
45954
41373
41524
39830
45215
40392
44615
48252
50538
44705
41737
47705
39970
45157
40322
47896
49377
43036
46899
42078
43081
43038
50819
45972
44424
46196
40493
49373
42136
46145
46116
47983
41470
41524
43150
43872
44246
42936
42174
44246
42136
45325
43847
49937
40877
41737
43576
38784
38740
41737
42429
41739
42742
47148
48308
48213
45781
41737
43396
43050
41338
41877
43135
47374
40988
46112
37953
41426
54739
44927
45220
41736
40760
44994
46555
46515
42665
50055
43290
44377
47673
45287
43646
45218
50748
39226
43037
48905
49550
38876
43872
42193
43924
43615
44979
48301
43096
41636
40774
43534
43037
49344
41737
44713
39335
42062
50967
46817
42121
40877
46451
42989
43746
40829
41933
41698
45598
48213
40852
39943
41524
42317
46083
43320
42174
47390
40082
42618
44394
45231
47098
39943
53750
49126
41678
43437
43872
42096
49427
40493
41737
43012
41737
42121
40493
44068
42740
41737
49606
51110
48138
42174
51266
43124
44466
49933
44279
39842
43436
39943
42272
43037
47661
42792
42046
40633
42045
40398
51304
49496
42078
44068
41739
40418
43388
43373
43413
41070
41140
45212
41699
41374
45674
41715
39601
50424
49909
40493
39885
44567
40633
42046
39772
43539
43290
39961
42984
43365
40633
40946
43436
40493
45904
40633
43150
45283
43495
42936
47762
41241
43872
41261
39980
40633
40398
40877
40930
40279
45264
45325
39261
41737
45336
48306
40658
48556
40493
44833
43325
40633
40782
37680
46702
38989
39943
41041
39943
42156
45058
41496
39062
37043
43037
50048
41938
45067
49001
40633
45347
45172
41577
44394
42193
49496
48502
41070
44749
39961
43325
44217
46367
45966
43587
54274
43453
48636
45480
40633
54124
41715
41855
47172
43794
44875
49977
39536
54972
40137
46047
45285
42689
45091
42272
43760
46518
47261
45190
39942
46678
46290
43904
42794
48485
42739
51520
43727
52015
48611
42681
40493
49049
49175
48050
44831
43290
44668
41070
40532
38717
40989
43037
39961
49985
44160
50921
49001
43615
51659
40561
49029
49140
41261
45966
51056
46496
40798
50954
44296
42628
39542
38482
52220
43037
48139
43898
40038
50424
48438
50653
45649
41531
46391
38717
44566
47390
45004
42436
39842
48924
44873
44927
40877
52646
49158
43396
46504
46367
38717
46403
40392
43491
43128
48331
41190
40153
38230
39389
41496
41737
43872
38839
41933
40327
54586
45198
44873
41454
40468
49496
42612
43426
47446
47810
52646
48281
46608
44181
47925
43874
40137
44394
44856
43431
42743
43924
52722
43421
43376
47762
42574
41015
42096
44343
39319
41737
40493
43388
40380
38244
39961
47559
49438
47440
40082
39826
54403
43124
44231
42740
40174
40493
47910
39601
53966
42600
40038
42462
43315
47394
51532
54500
44963
42121
41017
44684
41737
46555
44826
41241
49568
42838
48139
41330
42989
43434
41261
43150
42370
42062
39105
43577
43539
47069
50424
41239
44990
40633
41261
41734
39826
39942
54187
40764
40823
40236
40532
43455
42046
40633
43799
43376
43987
41737
41278
44632
43646
50825
42070
40633
50796
44481
41278
41451
42941
44394
40764
40633
42121
43365
49384
42272
50055
46131
44395
44221
38604
43872
44814
43485
45325
40930
45172
44566
41826
40137
41515
43376
46775
43376
45966
56616
40493
46462
45759
45285
43239
44040
41241
44453
44107
39961
40989
39389
38839
49937
45263
42979
45546
48833
49485
41451
39963
48636
43421
41241
47406
42578
40002
42628
46188
43177
42217
43823
51203
39585
41737
43912
42989
42701
46083
44567
45215
41661
38717
44424
40398
45311
37807
48589
39842
39334
42483
43847
47059
42370
38930
39885
39961
46033
42768
43859
42753
41977
47896
53081
40302
40574
44831
41933
50502
43617
40989
41141
42740
42244
47846
44093
43431
43150
42628
40633
42312
43528
42399
47673
46196
52318
43872
43847
43151
46742
42940
46952
46303
47877
44542
39943
43273
45423
43137
46431
46034
46171
39943
42360
41338
45325
44355
47762
42121
40471
42955
43872
48137
46776
47058
40633
41241
47973
45759
45067
40974
43037
39943
40633
42768
41241
43245
49144
43150
39389
45997
41811
43539
53315
42740
41549
51254
38357
42559
42665
46083
40302
44504
39389
40380
42176
44761
49320
45944
41739
38357
42174
40964
40974
43671
42289
41600
42958
39961
41241
39943
46809
43872
41659
47424
40392
47078
42289
42289
39465
37946
46343
41739
38978
38717
40493
41070
40038
42742
46717
45646
46569
39826
38717
39943
40302
50920
41241
43037
44466
42078
43465
41737
49242
50206
45570
40633
45958
46801
40438
45310
43872
44778
44590
38726
44128
43884
44424
45671
39772
41496
39842
41190
46692
43847
40901
40108
40946
41933
44108
47272
43847
40574
41933
45786
42768
38167
51357
39979
39389
43491
40555
46476
45954
43681
43297
44122
44068
49433
48690
44595
42768
44567
43396
47720
50974
43474
43848
41933
46896
44590
48036
47762
39154
45666
42244
39961
42462
43037
40464
40877
43874
42791
42108
40493
48331
38839
41314
47897
45078
40876
45349
46547
44821
44875
44127
45701
49654
40774
53532
40930
47261
41992
39885
46171
41938
49437
40651
42244
40604
42464
44013
48218
42739
45322
48194
41065
42820
41992
40137
38794
51519
41736
43037
40946
43150
42578
40493
45912
43124
43976
41933
50751
43485
41470
40439
42434
39826
43150
41261
47921
43847
41855
44567
39868
40946
41737
49880
45994
44477
44256
38129
49126
42610
50673
43124
41933
46701
45360
42174
38537
49320
54274
48198
41496
44242
39943
42791
42311
50815
40930
43037
45220
49077
47086
49525
46804
45067
45954
44394
39485
46450
43734
42309
39943
39943
39943
46403
40327
46702
41241
51363
46112
46007
42871
41261
50059
38740
43124
44394
41496
44882
49676
39334
41777
47748
45806
50920
43646
44323
43413
39542
40380
40876
45694
54530
42681
42717
48560
45759
38357
39771
43872
47224
40930
46143
40829
43413
42724
45732
43528
45091
40493
40034
42243
51951
51254
39826
43872
43985
42315
50225
40493
40468
40989
41767
43027
43859
42768
41678
42673
40764
43376
48940
41737
41739
51004
40674
45994
47154
44435
43992
40034
39943
39943
43436
43872
44394
41496
50035
43032
38717
46408
40493
48769
41776
41992
39389
44778
41767
38839
43912
43055
40633
51893
39542
45958
39105
48566
42975
42614
46944
40392
40174
43037
42936
45091
45926
44040
51135
44807
46612
43846
44926
39154
45954
43793
45735
48648
43771
38839
41278
39943
45643
45570
45977
44181
40023
43872
40380
40040
41992
46653
37435
49600
40174
37898
53502
42936
45004
42628
47620
41992
45067
50270
40974
44481
46131
44221
42327
38839
57507
41510
39961
40611
43872
40476
48542
44571
38646
43853
38683
46281
43793
42989
39943
41965
40442
38357
46555
41737
41879
42121
41426
45638
49646
41737
44030
45694
42630
44255
44595
43626
43842
47272
44807
43561
45913
46725
42851
42955
38813
45423
45714
42816
40493
41678
44209
43037
41241
41737
43823
51369
43872
42909
40876
43847
50796
44136
50920
42174
39414
40930
50333
41140
38717
42272
42768
41933
39213
41070
40946
41241
40493
38258
43971
40989
43297
51116
50387
39942
41014
38357
42827
41737
47465
53342
43290
45244
43421
40782
45172
40392
42258
40493
44394
47035
47641
40633
49020
39276
45091
42689
45220
47723
43307
49675
38810
53251
43976
43734
41737
41241
45518
39718
44195
42843
43376
43576
41496
39389
38230
48362
42433
45091
44963
45701
42370
41314
43999
49292
49525
45806
48305
42121
39885
51671
43474
50724
51116
42741
40439
51827
39367
40946
47116
40519
42607
41638
41241
44753
47085
41737
44545
40137
48392
40493
49320
48748
38357
46078
42244
41374
44778
43797
41739
39693
44518
41951
39443
44994
45364
47934
40633
42628
44394
44963
43037
44418
39213
40137
41524
42328
42797
41338
47172
38695
43474
39650
40824
40964
41853
43399
45693
41496
45570
42936
40034
39170
40782
40946
47830
49217
41737
44107
41737
40633
41496
45067
53075
49654
47602
42681
50919
49933
44256
40174
40493
48320
41014
40633
38357
45422
51784
49880
45285
41140
41880
59255
41065
44463
43292
42711
48334
43436
38357
45364
41015
41737
42118
45422
41668
42349
44382
44203
52014
52354
43872
44963
44368
40137
43681
40852
43124
40086
46033
41451
40829
45172
47062
41261
44283
46175
41933
44567
44439
44778
42176
47423
46403
41028
41637
41933
48769
47088
39902
50771
46555
42096
49144
45857
43463
54534
39389
47849
42936
49126
43124
40633
45425
39586
36648
43320
45423
40392
40174
46462
43096
41737
40633
48028
46742
42740
50021
43873
37807
42258
48611
48689
53105
44567
41933
42628
40530
55861
48416
42740
47702
40635
43032
39334
41577
48101
42740
50527
40964
42628
41774
43797
39885
53170
42793
41870
40901
42062
43037
47465
45674
41737
42483
39536
36921
39601
44279
46048
45646
42558
46462
44963
45038
43587
41496
39360
43413
45448
38075
42955
49816
41662
40989
42258
41602
39842
45806
46803
41678
46702
44969
42174
42037
44615
47797
40989
44963
42121
40398
39389
42199
56269
42868
45442
38167
38167
49837
40909
41737
41261
45067
38810
42217
49320
46196
40137
41330
42770
47260
43872
49385
42349
44571
39276
49437
43631
43872
41737
39826
40633
41813
43373
44595
44190
38604
44567
49496
47465
43177
47050
52554
42376
44764
42726
44918
52031
41510
42665
42078
45655
41070
42871
41625
42098
46918
42628
43746
51094
43681
48660
44466
46850
41737
46196
42740
47558
38794
41933
42169
42433
42600
46529
46381
43539
48459
41424
42818
40493
50348
38703
47302
41190
39607
48227
48137
46131
50796
43325
54146
42743
41496
41737
49048
42699
49485
45285
46453
41190
44875
43872
42827
42069
50617
44376
49384
44951
45649
44882
42628
51237
44595
39213
41625
41737
40633
39579
40877
45325
41261
47470
48199
43287
43037
42434
42628
41737
46529
43081
50387
40137
48827
60299
46224
43463
40493
41715
48592
41738
47440
46742
40493
39720
43159
43080
41737
49305
44615
42244
42272
49119
46744
49320
45694
46171
39389
43899
43301
43872
43273
42122
43081
41737
45215
50113
44335
39465
44492
42628
53774
55977
41737
43408
51254
41636
42628
44127
40811
48157
38167
42169
45218
41737
42768
44068
44850
42962
42791
42370
53647
42768
45570
47347
41933
45388
44850
39465
43793
44377
47485
40888
42221
48219
45658
47740
44595
43859
51455
47558
40919
38839
49847
41636
39335
49837
40877
42574
42768
49990
44287
43297
42768
41574
40439
41442
41426
39963
42487
41190
44567
43474
43467
40901
43590
42341
43771
42121
54403
43210
38941
43290
38167
45570
42078
42628
39601
41070
43187
42174
44994
48252
42618
41368
42169
43900
42278
44035
44567
41041
47646
42188
48763
41736
43463
44590
50096
38482
42244
44396
43463
44761
42558
48572
42317
43750
41241
45568
47148
46555
39389
43037
49360
38663
46462
39105
44035
44567
42096
38794
42418
42174
40633
43400
49029
51851
44755
44123
43699
44757
39536
42740
40302
45091
43696
39943
46529
41737
54461
48410
40493
39856
41737
43646
45675
46003
40855
41737
44484
44498
38839
44515
42462
41383
40174
41933
44118
40574
50214
50637
39389
50920
39389
47542
41577
42174
44335
44803
42858
40418
52307
42739
38839
40174
45966
40950
47661
47062
42174
48115
45347
39154
45955
53073
46647
43245
46826
43376
42304
41300
40442
48978
44294
46175
39389
49897
44040
41933
40380
39465
43999
38357
38794
40633
35699
42174
41219
44447
44963
39943
42121
48547
41739
44377
39276
41737
41598
41301
42601
46512
39483
42174
43441
43069
43874
46257
41678
48346
39100
39922
43890
39389
44039
44256
40877
51553
39943
46918
47006
41495
42740
44418
38717
42434
45786
38357
43411
51357
43150
43771
51560
42332
39650
40989
42312
45388
44296
56104
43558
40493
43539
45694
39961
47086
44498
48306
53030
43124
43150
48623
40530
39601
48589
42121
46290
40493
44349
40174
43421
41737
43872
51678
41636
44566
42470
44127
40034
42989
42262
39105
45958
43037
45004
38683
43037
44929
45264
49217
42096
44737
41070
44684
51823
49880
43900
42289
39943
38247
44178
42030
45273
43847
39943
39127
42176
41737
49119
46702
52977
43015
50046
52326
41737
39276
42037
39389
43491
40493
45994
40439
41810
48773
45759
46476
39142
40082
41736
42818
41737
43750
43431
43290
39536
46196
42676
46608
40493
44040
39961
41958
44708
54739
44104
45067
39465
45172
41241
52931
46170
49496
42244
43609
49283
37844
41474
41224
41636
43124
43539
45196
49119
43874
45258
42768
46343
40852
41992
43264
47183
43794
42768
40633
42740
45675
44861
40726
46464
43847
45027
46148
42121
44424
39105
49000
41330
41261
42628
43245
39474
46422
42765
46148
43037
40392
39100
44943
45172
40471
41241
43124
42740
41737
45335
44994
38167
40493
45966
41070
50556
43037
44994
42062
49094
53966
45264
38663
42673
44979
43872
53929
43037
46171
43587
41573
42174
48252
43609
46108
41855
45383
40764
44719
43760
46554
43275
39961
41636
43081
48040
41190
51455
41141
46171
40493
51782
38077
39943
43264
39601
43177
42096
40493
48421
47014
51233
51298
44040
46033
40137
43124
51951
43872
41383
41811
48306
40578
51668
43376
43820
48616
39389
46367
39485
43727
42136
48740
38930
44963
41737
43291
42015
43727
41241
50883
41737
46505
46034
40973
43463
50060
44556
45504
42380
45917
43297
44040
48651
43037
40493
44256
46598
39826
46702
39334
39276
38357
43124
36088
47465
45624
43315
41241
39826
43987
43037
51519
40392
41737
45004
56495
44743
43890
48520
42046
42697
42371
42370
39628
41737
48690
38176
51746
41636
45091
46555
41211
43898
51243
44927
43872
43421
42577
45067
49676
47303
38357
41878
44343
44424
48334
43847
42843
44567
43220
47486
44567
46033
48306
49496
42955
48101
41933
43292
45067
41496
42740
43881
42542
42459
41241
43463
44946
43421
43491
44011
47155
51360
41261
49437
50938
45788
51116
42628
46958
40398
48057
38717
43177
44394
46598
39389
41625
42740
49606
40034
46729
42740
43037
45675
47471
47006
49496
40764
40640
48037
38139
44831
44300
44875
41330
50295
39645
39105
42673
44559
44013
41239
42161
39290
39826
42936
47347
44343
45754
38839
49240
44927
40493
46706
45926
46059
42646
41736
41241
40608
37807
51136
41241
42695
47252
38482
52073
40604
40946
44831
43055
41878
46504
40439
52258
43290
47865
44567
48653
45230
40365
39961
46196
40380
51590
45091
40633
43037
45475
41736
43012
40438
43286
42244
45119
42122
42073
44927
41737
43200
43151
44808
44040
39389
43900
51606
41510
41277
48339
38167
40892
43631
38383
48392
43696
41258
39885
40492
38167
39830
43200
41737
42823
47720
47246
39601
42600
40879
38023
42264
42221
41671
48203
49688
43012
38848
44515
39233
50079
50010
49990
44167
45172
48951
43823
43474
39484
47471
42618
45467
45479
47650
44913
40633
40158
38794
43971
41496
45675
41737
49437
48218
41762
42628
44571
45172
39502
47608
44590
40633
44394
40946
47486
43994
43275
50333
43890
41737
44882
56236
43247
39601
49397
44963
50977
41737
41330
42740
41185
38118
45423
43179
48920
40633
48637
46725
38901
38839
39601
47223
46062
45772
41252
44595
41636
46462
43434
54658
46462
45220
41305
44127
38663
46193
42856
43912
40989
39601
51851
42174
41737
49510
44893
49048
41737
41442
43872
39377
39943
47224
48350
46171
40038
44152
44463
46706
43872
45400
40774
45299
46454
43395
55112
43297
42075
42121
47877
46505
44287
37807
41077
43421
46840
46504
41737
45311
39389
39389
44040
43275
44039
44929
43474
38839
42628
48701
44571
45266
41737
40493
43608
41829
49000
41737
43037
42764
38453
42096
41424
40852
40493
43867
43421
38303
49000
39389
46053
43055
47353
45686
45346
43291
43177
42740
41015
42169
42714
38667
42740
42096
43847
42078
42174
40034
41736
47620
40852
37807
49692
51254
38794
41383
41278
45364
40493
53966
41737
39142
39925
46631
42174
41878
40604
42078
49654
42243
49397
47471
46725
48687
52183
44612
49428
40418
52201
43450
45125
49496
49000
44021
44945
41348
43474
42460
39474
40530
39491
40493
43037
40493
38717
41373
41878
47465
39601
51175
43096
44927
45671
46913
44231
45220
41657
41636
40919
41736
48784
46083
39943
44256
38646
44424
45662
57032
51822
43037
38717
51784
43020
41933
44397
45027
45770
53894
40137
48251
45135
40137
41737
45598
47720
44343
42628
41330
42483
39253
42279
41241
44466
41271
41737
52119
39276
46828
43018
45939
38482
41241
48022
43870
43689
40633
41678
44778
38683
48356
43037
41496
43290
49320
49606
40964
47762
40989
38167
44256
42118
49622
43797
41890
48777
47557
39963
44394
41698
43736
43561
49177
45674
40964
39943
44615
38930
53470
43037
41301
42668
43587
44377
45335
40937
44316
38918
54658
42600
44735
43874
43290
41737
38864
40026
42937
38303
51553
41933
44946
45762
39797
51357
41878
39276
41737
51529
40493
40989
44503
41374
42244
40798
40137
46033
41261
39842
45425
43474
48139
41029
44122
45968
42681
41729
50728
40946
42121
39902
41737
46864
45234
40635
53647
39477
44113
40888
43534
51559
37946
47731
55372
43292
47148
46170
40038
42062
39334
40493
39536
44875
42538
40065
43150
45966
47389
44256
43734
50567
42289
41737
41241
42333
42740
47159
41089
40973
42178
43150
42962
47615
39943
41070
52015
54150
54109
46608
43872
37807
42174
44963
43539
46644
41826
45966
42901
41070
46171
46391
41810
43976
47379
45218
43074
41241
41737
43373
41496
39484
49816
38802
43872
42174
47434
44903
43890
39389
47496
44395
42740
41737
44379
42743
39942
43177
44545
41426
40704
47620
43847
50144
40633
47810
43037
41992
39602
49755
41737
43647
44783
38167
45067
44394
40901
41241
40930
42558
39771
41737
48253
44544
52722
41496
41737
38167
47496
41965
40070
40877
46367
39925
42046
44323
46175
40989
43177
46549
52490
49001
44888
47793
46704
42558
42188
40107
46116
40782
48555
45264
38794
53806
39142
39232
43752
50743
46171
43615
47423
40493
49652
41278
41373
45535
42136
40082
42459
39465
42668
38817
40493
43480
42270
48597
49496
44927
39826
42161
40493
46598
46033
43376
44927
44040
38978
48139
39826
41495
44122
42628
43324
41261
41026
48733
39301
48022
41241
39942
46211
39502
49126
42123
45786
48636
39142
39601
45004
40946
48525
49020
48392
47620
44783
40137
40539
45259
41612
43273
42989
41715
39601
37708
44108
38839
39389
43124
42701
46007
43275
41105
45845
39678
45711
45698
38357
51811
46354
43413
46083
44039
49159
42317
38357
51357
43631
52220
46151
44783
46083
45172
46765
45885
43830
43987
43124
39389
46097
41737
42272
40493
39842
40633
46437
43912
45599
42601
40640
41678
43797
42618
42110
45761
50556
39830
47062
39961
42062
42174
43200
42121
40726
41744
43847
39335
40633
47613
43631
40782
38839
43394
45004
42592
41737
46839
40137
46972
45272
40578
40392
43615
43474
53966
41736
42429
38460
43037
43036
48651
39856
37085
47325
44926
39484
41564
45091
43474
40633
45784
42288
41933
39943
39389
44590
38380
42096
44926
40964
55885
43264
40578
49622
46779
40633
40392
51951
39389
43177
49140
40673
46896
43847
40946
38794
42193
39797
44477
44394
40946
42454
49480
47086
40493
39943
41241
39389
43421
44544
43912
47471
42743
42078
42768
41070
40901
43012
42483
44542
42370
44349
40930
38167
52195
44335
47731
43081
42122
42174
46132
40298
39100
43534
42955
43290
44590
43290
46608
41240
43778
41190
45008
40633
39465
43918
45040
39588
42740
47905
39943
41625
46194
40523
40327
47661
46241
43128
42244
45091
43388
41508
49676
43859
42121
41241
40930
42578
43081
41496
44780
45162
44986
43461
40493
43330
43463
47154
43297
41524
40640
39666
45220
46321
44477
42979
43588
45067
43656
40574
50424
42434
42628
43037
53054
40493
43987
48689
41241
44595
40392
43292
44969
50405
41240
49496
41383
40774
44246
39465
47423
42429
39826
42794
40919
42174
39389
43138
43987
44927
43037
40989
49183
53807
48293
40439
44108
40930
44927
39334
46391
41330
41589
49676
43725
45422
42431
43872
43453
48673
41524
47014
48637
43374
38839
39360
44287
41855
41303
44414
53392
39367
42713
44761
41330
40493
41330
45038
42618
47183
41241
45859
45498
42819
46496
44783
40930
54146
44994
45504
39443
47148
40653
48220
41721
41211
46196
41933
42300
38853
45172
47325
40988
42794
45222
40633
51298
45760
47833
40879
43037
41737
41241
40888
45383
47748
43994
44127
43872
39306
41524
42462
49359
40945
43671
45176
45528
40493
40633
40774
46512
42722
41496
39939
38357
44979
44567
38482
48725
43623
44160
38394
45425
40137
52931
42121
39720
40930
43900
38717
39142
38357
41241
46165
51135
42628
39943
46083
44831
41241
43539
43760
43376
44929
46078
44753
40633
44567
39772
41737
40782
42603
44349
58620
42628
45004
41469
45067
51357
40633
38075
40137
41496
41715
46569
46977
40633
40611
40086
43463
46417
39720
40919
40930
41933
48978
42628
40974
42728
43376
40633
40493
47312
44630
38511
42020
51746
42868
49692
42737
45414
40493
39943
42003
42742
44567
39054
42740
41777
44068
42630
43463
37593
38717
44108
42272
43018
48326
41737
39961
43206
46918
39586
42827
39389
39943
47829
41737
40782
55096
43491
41329
44040
43290
50920
40589
52220
40392
40782
42743
45013
55266
41241
40633
38167
47292
42601
40477
41521
44590
40267
42574
39601
45422
39961
49510
47829
45285
41241
45422
41241
49855
48721
46702
39739
46997
40283
42174
54643
47429
43534
46817
53149
47398
39601
40331
40468
44424
46650
58152
42459
41496
44567
45966
42989
40633
40510
45759
40824
43898
44127
40877
40139
38783
42020
39105
41711
44988
48852
46595
41037
39030
44494
49816
51224
45984
46167
46920
39484
43830
41451
42791
42046
47039
39601
52571
41241
43027
41330
45172
37144
48306
41774
43539
49292
44668
46702
49185
43335
51222
43413
44518
42121
43631
40964
45598
42740
38176
38839
49496
40079
46608
41224
47778
44192
50861
47762
41564
42341
43018
41737
47360
44108
41721
50801
44783
42078
41678
52931
41496
45220
40989
40493
40964
47202
48218
46213
45751
45190
45364
48784
41241
40901
44424
44985
41636
41521
41415
39826
41399
41868
49738
40530
42996
40633
43823
41933
41241
40964
53801
42955
43037
39561
41933
41737
44713
41426
40476
41992
43734
44411
45172
42434
45264
41261
42743
41524
42116
43290
42808
47860
42768
43151
42098
44377
40633
41240
45259
40852
41810
45198
43727
48340
43872
43609
40513
46175
38717
56356
39943
52883
44555
45311
49113
47889
42370
43463
47148
42174
42117
49837
40930
44503
42078
39943
57401
45624
42940
41625
45736
49496
42908
41241
50896
42740
53532
40857
41992
47540
46454
40418
51279
45198
42244
40493
47317
50481
44394
41736
42955
47347
42694
41241
42121
47062
43646
45191
41715
37008
40580
41737
39601
42740
42917
43177
43911
39943
42743
41305
47082
40174
46047
46047
38794
45067
43823
48132
41070
46958
40989
39290
41933
52931
44335
44368
39764
41625
38941
41736
44719
40688
47644
44861
45598
40930
41737
45172
42600
42646
45311
40174
56530
40989
44118
47944
41469
42740
41136
38717
45303
41526
42244
42688
38409
48281
40633
44875
53357
41136
41737
40038
44068
43101
47720
39943
43909
48218
43096
44544
42244
47202
50920
43374
44040
51046
45781
48597
49279
41241
39276
46003
42602
43463
41601
40604
45093
48252
42740
40633
49525
45861
42174
43513
44343
43561
45257
43032
45722
46598
44395
41426
45480
43615
42824
37946
49757
42169
46992
42431
41161
41015
43727
40493
40082
49688
46633
43124
42578
40137
41161
44083
41496
40892
40901
44728
45067
49496
42070
43150
39902
40493
44986
47466
43859
48306
40174
41737
39335
48396
48101
42602
45694
39961
50786
40137
45997
47213
46723
49925
49606
48701
43978
42558
50748
44994
41067
47855
42628
39830
39389
42527
40398
42060
48281
43218
44727
42819
40989
42169
46779
42078
41278
40471
44595
42078
47350
44377
41737
52484
46391
46915
46918
39105
43455
47028
39943
43290
45675
44567
40398
40877
44246
44668
50197
46171
45067
40946
40633
43710
39601
47451
43872
40782
42434
39335
39943
43051
41401
44158
40633
46723
43413
45425
41163
44736
47818
40658
45212
38717
41219
49438
43570
43004
41903
48306
46171
42425
46849
47849
41474
48334
39389
43142
43038
40964
48086
49068
46504
43976
50172
40236
48784
48592
40877
39142
47908
43292
42046
45932
40633
47513
43416
40493
41933
49437
40513
42003
39961
50071
46476
42714
43058
44424
41241
45172
48651
38442
44424
40604
40930
41524
49397
38380
50920
42174
47224
51103
41524
45714
42648
45784
43987
46386
42332
48494
43771
41837
40418
41737
38810
47850
47896
47360
45172
39885
46210
50585
44080
52127
42662
44783
47919
38380
44926
41762
52480
40033
43128
42174
45730
39885
44870
46367
40901
46367
43150
46338
38839
41622
46839
39842
42322
43830
51363
41070
39389
39943
48805
52015
38784
43374
45802
47670
48741
41636
44399
51135
43734
43023
43081
42062
42434
39276
40852
42936
49510
50920
52084
43150
49437
42628
39943
46033
46171
39170
42768
40901
47224
38839
48317
40493
39842
41464
41737
41737
40160
47544
39650
40477
47944
48004
41721
51298
51631
44783
40989
39154
40493
46131
44927
40604
41011
41241
40034
42078
42121
48306
40782
42878
41474
39389
39943
44637
43413
46367
48592
46899
52220
42828
42174
39601
44856
50878
41737
40302
40493
41426
51136
39360
48392
43463
41314
40964
37620
45067
40782
40493
38663
44926
42600
40034
46454
47829
48445
43150
45091
40493
38717
39943
39389
41737
42618
50601
42272
47440
54677
48660
45105
41241
51681
48687
49000
49828
42600
43539
42630
43135
51135
46210
41325
42768
46083
44359
44735
39389
41737
43872
49676
42193
40492
43872
47062
48324
46116
42121
40327
43858
41878
49816
43315
39826
48392
44467
40353
39885
47040
38839
39885
44506
43037
40137
48651
41185
39942
44206
40392
40930
43539
38930
43976
41767
43872
43617
40946
42270
44567
45190
38839
42244
48306
43038
41678
43539
44615
43474
49068
43510
40398
39334
47617
50967
51279
46127
50527
44727
39856
46047
44377
48616
41933
39797
43539
43463
43987
39154
49729
42923
46193
43719
43196
43987
41496
54652
44595
49437
42434
47446
41524
42955
40604
42174
45694
44737
41480
43474
44399
41678
40153
39213
53159
47062
40888
40633
42434
45782
49357
38460
39360
40892
46171
39334
40989
44256
39233
47857
50517
42096
42989
47224
50875
39351
45091
43983
42832
45569
42768
42174
44040
45465
41374
50796
39414
42665
41933
46391
42768
41340
38016
51184
40283
45172
40604
46171
41241
45091
47116
39942
50796
36648
46803
44122
44814
41737
54692
42490
42174
41933
43421
43985
39616
41737
41524
54857
43898
54146
44668
47353
41282
54274
41524
46417
42121
44567
42740
39389
38646
43037
43631
41737
42289
39678
43150
42936
47347
44466
42628
46392
39465
40545
44230
45619
42073
42791
39772
40530
42740
39389
38357
44477
43411
44792
42207
40930
42434
52619
40137
45598
45091
38380
47591
50714
51974
42078
44035
40392
48251
49932
45694
48784
45172
44724
50407
41496
43874
38357
45172
44778
44814
38930
46608
48392
44181
40493
54274
38176
48502
46290
45786
41737
51873
47028
47955
42628
49600
43881
40823
44946
42213
40639
44873
41992
41737
46496
40398
45966
40393
42341
43907
51951
47272
45570
43604
45595
39943
42791
41508
47471
52542
46196
43037
40322
40633
39243
48572
40845
44831
38357
40988
38717
40137
47919
41496
46171
41933
41737
43760
47398
39360
37198
44477
41737
46918
44466
44319
43899
42419
42244
43247
40877
43422
46143
48566
41933
46454
46496
41736
42078
40964
44778
45788
43861
42431
42739
47748
47008
49525
45378
50424
44068
45698
49496
44394
45850
40073
38784
51668
44545
41019
42878
42558
51427
44783
41737
43376
41241
48597
40137
39335
40298
39601
46142
47471
41241
43847
52180
41070
45448
48572
43240
48392
41241
40553
42542
49816
41383
39105
48339
39943
40582
41070
43273
40608
40574
44270
42122
48101
39802
47086
43124
45325
50795
44040
40468
43376
48022
46391
42681
41241
42741
42174
46094
43488
41678
42094
39842
43727
41041
42791
47348
42442
40578
39014
44125
44927
37807
48139
42808
40392
43396
43081
48317
44615
39961
51606
45262
42174
42046
46407
39601
42121
46762
45346
44778
49688
48518
41140
44181
44498
49866
39360
51214
52559
41638
41070
50481
41762
42600
42740
48197
44698
44595
42078
41737
38810
47471
41737
50157
41737
43376
41185
46529
46462
48612
45220
41278
45425
42078
42600
46257
42768
49676
41737
47427
40946
50089
44590
41241
40633
48690
49217
46531
47613
43388
51471
42601
43037
40578
42121
43794
41015
46120
45378
44803
50912
47615
44875
45543
38230
45287
42459
44765
45285
47008
40764
42189
39943
49053
39586
41737
46608
47650
39426
46598
47086
42768
45829
41686
42574
44255
37807
44951
38342
45717
43029
43421
42258
44466
51352
44382
44753
42628
43872
45835
42174
40633
43847
41241
43309
47781
44547
38167
43453
41879
45125
41261
38930
53311
40493
47389
44246
47297
40633
42936
53753
43918
43037
38810
41070
39826
38784
42073
42819
49102
41736
49428
42122
45693
43881
43474
43847
44594
45570
43465
40398
47360
43561
42440
46913
40876
43096
47897
45013
44778
40380
41278
44460
41737
41914
49880
41933
39885
44927
43037
39943
40392
39389
45353
41737
52456
40493
40574
45335
36638
42096
42473
47585
46706
42121
52283
49748
43872
52354
44778
48687
46196
39437
43912
47824
38100
43823
44573
53842
44713
40493
39389
43037
48748
40493
51416
46044
46002
49223
43290
46213
40023
43631
40209
51572
42630
43373
39943
48392
42370
43018
45781
42274
47772
49743
41496
40877
39601
43987
39389
40974
41190
44595
41136
41241
45322
48194
41737
47941
45909
40888
45598
40782
40493
49194
40398
42272
44221
45172
44559
41496
44040
52652
45378
45942
47014
41496
40493
41726
41325
52931
41737
40633
46770
39105
42122
44503
43037
39542
44012
43872
47443
42096
39105
41737
43012
51250
45501
40322
42078
46343
39943
39885
44990
46531
49221
41715
45942
42073
46243
43631
40418
41937
43150
43037
41737
46034
46171
46403
42169
48199
42600
42628
45475
41241
37898
40798
44668
45087
41277
39565
43898
46598
39826
43793
47160
40945
42768
45164
43037
39389
46690
45612
52220
40633
39233
41024
38839
44566
39943
42307
39842
44873
39154
45675
41535
48680
41241
45501
43710
46094
40964
43626
41524
43396
40633
55401
49510
38405
46261
43408
41636
46171
39670
43196
45172
41678
39943
44118
50880
46022
47202
47653
44394
41241
45619
41261
41636
39006
38357
43315
40398
45612
40829
38357
41721
40974
44127
40901
40604
42174
41383
40493
45071
44990
42730
39826
42431
44258
43324
39335
46320
45675
52229
42174
46864
45598
51203
43022
41524
48009
48199
40493
45759
45290
43734
40633
43124
46702
42264
41776
44567
38802
51949
41878
42078
42434
47591
41241
44393
49606
43124
41070
42289
39586
45080
43646
41625
41737
39335
40782
48316
46529
43556
40606
40476
39842
44870
47098
43509
44229
46047
39334
46175
47925
43150
45966
43037
51709
48287
43525
43646
44862
40493
50987
43985
43388
41241
41711
51631
42587
43900
41472
44394
46173
45781
50487
43456
41912
41261
40901
49498
41278
42665
42743
39943
42740
41734
44335
42739
38978
44176
46171
49283
41977
40365
44163
42936
47536
43793
47101
42555
39921
40493
44394
48614
38357
42959
41878
39367
42775
42628
41377
54134
41261
48660
41933
39601
45263
42749
38978
48306
45972
41636
44040
44256
46143
45287
42096
51827
40798
43421
43297
38810
43037
40380
43823
50920
44108
42433
51671
44231
41737
50527
43872
48281
44846
41037
41737
41070
47896
53439
44963
47824
39961
44040
39961
43004
45212
46608
45504
39943
43847
38303
39943
45848
41811
46196
41496
49933
41241
41620
52571
52220
41524
47062
43872
44783
41636
41140
43898
43037
49437
42348
41496
42768
44118
47393
50253
44567
44068
41737
41219
43847
44376
39334
41241
44595
43290
49606
43881
41882
41736
41737
44571
48392
43290
45380
43534
40782
54679
40913
43867
45169
45759
41625
39586
48050
44343
41737
48199
41261
39943
39334
41261
40876
49000
45930
43036
52195
46403
46644
43292
42768
44021
42775
41130
42315
38717
40888
41737
39389
42560
39389
46598
44590
40439
41736
43912
38839
45693
42527
41933
40137
44595
52406
44573
45475
47702
37348
43631
49822
44457
39389
40442
45711
43087
40380
42612
43768
45551
50295
43396
43637
45364
41698
41179
41625
44828
44379
42462
48199
49749
42743
45649
40633
46417
40493
46788
44783
42917
39826
42724
45748
39601
42768
44590
39963
44994
40471
39943
41278
44472
41179
44796
43588
40302
39465
41241
41878
42558
43218
42174
46598
48009
39389
39276
42821
44171
39151
39961
42673
44927
45287
44873
43771
41363
41520
51279
40578
37946
45566
42681
41241
45354
51298
43823
42174
42071
42612
47347
45239
42117
40578
50323
40635
44287
38167
46913
47653
43509
55536
56536
42116
43847
40988
51357
47062
39902
42791
44783
46350
38876
39943
44657
40493
41469
46007
43074
40439
42169
42768
44926
48216
42628
40974
44160
42169
45675
45720
41496
40492
49267
42574
47360
39280
38978
50567
47558
41280
42020
49000
49880
41678
48636
46083
43872
47011
48502
43177
39389
42121
42628
49598
42078
44035
39842
46530
41105
42289
42909
47810
41737
44763
44566
39389
40852
44394
38839
47731
41496
44477
42750
42289
40658
42217
39942
40493
40398
44171
40419
44963
40877
46864
45172
44424
45781
40877
48955
43315
46367
44083
45675
39484
44761
41496
43245
42078
45067
44719
43491
46210
41070
38717
44394
42174
40493
46891
49323
46692
45004
44595
42046
43872
51811
44713
39601
47172
44735
38437
45717
38426
46893
49816
43376
45311
49126
47530
38839
46555
41034
44783
49496
41698
44952
44080
42169
43911
42136
43388
40824
46702
42962
46555
41737
46725
42270
41037
49575
45220
44419
48306
44674
38506
41037
50550
42628
41736
45172
41737
48009
41241
42091
45124
43760
43847
42174
45311
40137
48673
41314
40901
43474
48137
42260
45475
49729
42791
47897
43872
43474
42969
47900
50387
37616
42808
40611
40765
44668
41737
39389
43491
40137
38839
41678
43750
44963
44873
39942
39961
41278
42768
45212
43151
42263
45504
44434
38717
39389
47702
40930
42768
44279
41715
44713
39465
40439
42632
42073
40633
43609
41241
50609
42062
50485
45835
45004
39306
41240
40988
42046
41737
41278
43177
44567
40930
40635
40493
42558
39335
40988
38357
43897
42121
51376
45215
49624
46118
51279
40439
44875
52196
41241
43376
39943
48096
39360
39921
40604
41745
40964
45034
48651
37407
44108
48101
41715
46918
40137
40633
44875
41524
46462
42971
37708
46196
42258
44796
44539
51411
47921
43898
42628
43898
41070
49525
40782
43912
47762
53655
40901
42078
40774
44377
43376
42989
45643
51118
38167
39105
48870
38853
47443
43037
41811
47202
43859
41524
44677
40439
43096
37534
47224
40137
42174
41864
47202
41933
46608
47224
39334
40493
40974
50470
42434
44447
45694
40493
45408
44831
43546
39465
41678
42073
42630
46171
41330
39601
49496
44963
48757
45325
40439
39943
43037
47608
39942
46499
40327
42115
40658
40471
43872
43646
43172
41737
38802
39961
54881
44595
48281
40930
40302
44963
42315
47581
52977
38167
41598
44632
47613
40302
41241
46223
43037
42714
44927
44567
38604
46033
43037
55265
37807
42527
41737
48592
43539
49952
42121
37146
43797
44395
44926
43177
45202
49495
40519
48748
43290
42046
46512
39607
44567
51352
39885
40322
40901
42628
44068
46817
49146
48137
47437
42936
45287
52722
41110
39484
43037
46462
42062
41737
40989
44850
46464
46608
46730
43872
38303
50825
42740
48836
47896
40611
45004
43624
43200
43847
39243
45598
48721
43037
41524
45997
45786
41474
43396
40633
38839
48157
42333
42272
40946
43097
45400
43727
44783
41185
43324
50030
44761
41737
42600
41496
45586
44118
38839
37941
41737
49000
38041
45423
38582
42312
53055
39055
48203
49496
40568
40137
42768
46645
39154
41241
42768
46775
43376
44606
48194
42618
37358
40901
42264
41374
40901
44990
44394
44595
41577
55645
41549
44953
37680
43587
41095
40493
47923
42775
44394
41813
39617
41278
44035
38778
42433
52326
42244
44377
45038
52931
40974
43150
54053
43676
39601
41442
40398
43485
45071
47829
40038
39772
55353
48999
44927
40930
41442
42740
42169
43932
38023
44778
43297
41737
40493
43373
43037
44571
50172
47253
38717
42775
44188
46120
43290
50531
40901
50157
43723
45172
49359
39943
43026
40493
52646
43987
39054
42630
43646
45733
41933
43290
46515
38478
49880
42739
48198
39885
40930
49880
41737
40633
45423
49102
43681
41737
44927
48279
41064
44850
43037
44394
46790
39542
44927
42628
42217
46804
40493
47482
48346
41261
45038
42839
42665
39389
47471
48915
41219
41185
42768
39168
41574
42791
43646
40782
43037
46084
39213
39961
43099
41737
39943
43746
40468
45674
47810
39522
40578
52443
49000
42122
52790
40901
43239
56572
41077
43038
46555
49320
45067
44395
40034
47098
49816
44927
45027
46822
41737
41830
40633
45484
43376
45091
44926
42046
40137
44203
53342
44947
52706
41496
47177
39718
47094
46529
39982
48292
38667
41737
42779
40946
54470
38839
43847
49962
42989
48346
43081
42628
44727
43433
44966
43147
40492
44068
41252
43421
50919
39943
42740
53046
35376
45674
43821
44571
37807
49000
44899
42096
41736
48281
40633
47440
40493
40633
39389
42284
41524
46462
40877
46409
43037
41737
42121
43872
43534
47465
43533
41904
47062
41737
47398
40974
43436
41636
39943
42578
41496
38717
38145
46504
40493
41625
42078
38306
47720
42121
41627
42959
39465
50796
52005
40493
43601
40901
50424
41933
44040
41933
42628
38773
39415
38482
44778
43012
47098
53439
41757
41161
45619
41305
51631
38258
45034
40034
43647
40439
54101
43150
44063
41870
40930
45190
44929
40635
45570
42062
42431
54347
39601
40493
46529
40604
43976
46094
47992
42062
44571
44447
47062
41737
45335
49870
38839
48636
42429
40582
49496
50856
47340
49990
48459
50333
46903
39601
43771
46598
37198
47350
40989
40380
44571
44802
43413
41777
47877
41496
45212
39163
41737
40604
47875
43599
46702
43317
44969
42936
45966
42768
43015
42740
46770
46259
38394
44926
48421
41496
42289
42169
44567
43859
47381
46083
38258
50060
41737
51195
42164
40493
39943
52269
49217
42176
39586
39961
42628
43037
51135
49437
37807
44735
44171
42793
49525
45612
41737
45687
43151
48833
42618
41600
42264
42174
43749
46182
42578
41933
40635
44684
37807
41992
42434
48572
43026
39389
47218
44296
50400
42916
39389
44824
38167
55917
39083
41737
49646
44271
43441
43987
43918
43376
39943
42628
42600
46175
46476
48572
45067
43752
44300
42628
38604
41373
43324
39132
44040
43463
50796
43771
43150
41426
40398
41401
46637
40137
41938
41619
40888
43463
42678
39465
46294
45330
47103
40611
40392
41496
43376
45566
47923
40774
40633
42578
39961
40023
43474
45966
38794
47148
46646
45004
42272
44783
43823
50219
41070
50024
39389
47925
47896
41737
46678
40633
41737
40829
45218
43971
39105
48089
54461
40493
43124
42740
49068
42558
43037
41241
41140
44994
40493
37760
42731
45172
48597
42628
43588
50253
51136
44927
39842
38357
42193
43463
42592
40930
39154
41737
42656
39542
41314
41535
47829
40492
46367
39842
44394
37810
45638
39389
42258
43441
46422
43273
52082
40493
41992
40930
40964
44796
48689
44567
46094
43811
41762
41737
39542
46848
44875
38717
41614
43297
43686
41737
41383
39607
41241
46283
40988
41070
39335
39910
43376
45698
52772
41737
42483
39863
43874
41737
39720
43746
46462
41737
41241
50517
48334
39601
43121
43631
41933
44466
47921
49816
39465
43987
42601
37807
45997
41095
43012
41678
46478
44735
44393
45364
44778
48570
41715
43987
45425
43413
42768
47806
43037
40633
44968
43734
40633
40418
49654
43771
40108
48619
41261
42743
42617
39465
43315
41338
46663
43491
43823
41933
40033
43890
42876
43245
44040
45364
39863
40493
41037
41904
47519
47394
45310
39961
52882
43671
42558
39579
39943
38258
41425
42560
44571
44306
56356
45040
47644
39943
50270
45361
40604
44319
44875
46059
44394
39511
46678
42434
44655
38570
40153
50270
41241
43605
41330
41767
41737
40930
44567
40438
40919
46702
45231
41496
41933
44394
46742
47702
40023
40493
44882
38167
39389
47797
42628
41992
41525
40380
40038
38357
40137
49144
46913
41037
39797
43912
42026
41524
44882
41305
46644
51222
43004
46003
46171
39389
40989
42941
44424
38244
53457
45570
40493
46530
43987
44337
40298
42258
48060
46702
44875
52265
44587
39943
49825
42272
54897
45926
40735
45256
43411
42244
44926
43463
46673
41850
43315
39168
54576
39961
51775
41280
46033
41241
40174
41737
39276
42429
38839
54153
40174
44814
47902
43859
51357
42174
41612
39943
41383
41036
41241
43012
43228
43376
49781
47613
40901
48392
49897
44377
40852
40577
47855
48701
43411
42740
51304
42955
38167
45694
39911
41496
42395
38717
42713
41737
43488
46918
48421
48090
44012
40174
44753
48516
41246
43576
39910
43099
41737
39943
39939
43835
41737
40989
45501
41496
47829
42272
40493
45400
43376
44535
42309
44613
42121
49437
43177
43231
41737
44862
42827
39334
45172
42839
47875
41737
44567
46083
39885
40604
43681
48022
42121
41564
41737
39943
53439
42628
37807
42827
40578
44747
39314
46007
41737
55977
42768
45734
46391
37807
40633
40539
46918
48306
39389
39680
44068
46804
41140
38167
46171
41077
43872
42349
43787
41933
41853
47470
40493
49437
40901
41933
42618
47641
43872
50419
48924
46512
46864
47471
41474
44260
48679
42701
46221
46918
39961
39333
39290
47353
43287
45222
48306
44927
51553
42628
41737
42078
45966
41495
44567
46453
45570
43898
54461
39856
39961
44861
38357
37807
41711
42266
45271
43290
40786
40688
44850
38794
44073
46171
47875
43012
44567
40964
43023
47705
42827
44447
46899
56076
45091
43847
40989
41330
44778
48306
39942
41737
42768
43847
39842
48255
41426
46524
38717
42628
40974
44994
41928
44221
44108
44713
39389
40798
45190
43290
46171
40633
49692
46392
40439
48213
46610
39414
42558
45425
41625
48218
43823
41241
45506
41140
42244
43273
44875
43474
38717
46702
46504
42077
45220
45109
45220
40174
39536
41261
40515
45139
42740
41161
44918
45598
45091
52850
46083
41737
43037
39601
46116
45232
43872
37946
41721
39502
43792
45222
39233
41933
42099
41737
48306
41965
39830
42558
45598
49495
46865
39154
40658
41426
41396
50270
42483
42740
42794
47921
41737
38853
38357
41029
48198
42304
42071
48910
50556
42628
38244
41441
47921
48288
43292
45364
45954
38918
42567
41737
43150
48337
52646
42808
42169
43037
40930
54203
39810
44015
38646
39105
42199
40877
45966
44393
46555
41736
44567
41933
43847
50615
46171
40034
46520
42312
40493
38230
53291
48057
41241
44590
40946
45785
42695
46156
45674
42434
41737
39536
44856
40930
41496
39628
43587
41762
48035
47875
40930
49384
42329
42681
41737
43398
47875
46462
41992
45172
43724
43037
47908
49413
40442
40439
41933
41625
51133
41428
48009
43037
40174
41715
41280
40782
43068
44595
46531
40877
40989
45448
40974
46391
45450
41878
40888
42768
40176
43037
41070
42423
41662
42628
39943
40493
48988
43646
49527
45966
41224
43055
46131
44567
40174
45013
46094
50567
41135
41813
40493
39389
42174
47467
41933
43026
40930
40589
42078
46116
49525
45091
42628
50032
40493
43729
41190
44379
42174
46706
40950
40192
50497
45263
42743
48689
44394
56356
44484
39961
46068
45598
41821
42668
40633
43872
40619
49274
44399
38817
47748
43099
44963
43727
43376
48310
46881
41496
41737
41625
44735
41496
47006
42740
44951
44394
42434
45761
46997
42289
43750
44498
40876
41496
44590
44929
47662
50253
41737
43037
45781
41933
49807
47423
49837
39290
42244
43995
48392
40174
38604
38717
43872
37457
44040
43177
43275
39170
43587
46142
50387
45389
45759
39426
40633
37579
37603
43587
47641
43421
41280
49676
42743
43987
47202
41933
49347
38357
45342
42078
48689
44753
44437
43847
49140
41938
42121
44108
41421
39465
40082
42740
41958
47621
45644
42791
40930
44979
40438
41711
40633
42740
47148
46151
47818
44179
46353
41261
41426
39826
49816
41678
44567
45425
47717
36648
40633
40930
40989
46367
41636
43647
42828
48636
41241
42337
42743
42768
49381
43037
39484
45162
37544
42770
44632
50090
50424
39943
38357
44394
40930
40493
43004
42574
43187
42192
40580
42820
38230
38810
51116
39943
43994
40515
42078
46790
49774
44912
46754
44020
44108
42740
42794
43124
40493
46601
42743
39213
47465
45570
44609
38689
41737
44394
49318
42272
41737
47138
39772
41524
47008
50527
42628
46027
44668
48765
46520
46403
43505
44311
55230
44735
43922
49676
41992
40439
44775
48288
42078
41305
50387
43376
41789
38839
38534
46171
45164
43771
39842
40633
42169
48604
42719
45658
42668
41524
42121
43228
45806
40034
44713
45322
40493
39465
43652
43513
41496
43890
45264
47705
43847
39933
45513
44394
47973
40493
50270
46338
45340
44258
50796
42740
49052
39389
47485
45913
40989
41185
41240
43325
40477
46692
46650
46496
37953
41879
45335
44395
46462
42628
46865
42164
43965
40877
39885
38462
39127
45038
42244
45220
42370
40493
37807
45259
44515
41737
41240
54857
44379
43376
41241
46196
44256
40989
38326
46056
42001
40530
48133
43623
39961
41737
43177
46395
45091
49359
42174
40258
45966
42174
43292
41737
53842
41428
38258
39933
44783
52508
43416
42791
39601
41737
39961
42740
42574
49692
49575
51153
45218
47500
41737
39961
50796
41469
41496
41161
49496
41496
41156
43150
40214
40327
44108
47440
43037
37107
43376
46476
45475
42791
48829
38978
44394
45655
41140
43893
53036
43872
47894
54355
41064
45425
42370
39213
40493
39943
51404
43018
43376
39856
51135
43587
44368
39943
40974
51881
45004
44256
41015
45220
39961
49525
46391
46478
40574
41496
44567
40578
41530
42460
48740
47585
46457
48800
39771
44875
39389
42858
47098
41737
45423
41698
48623
44349
50918
40633
39970
45013
44590
46356
40493
40034
52722
49200
42462
42685
43710
41026
41737
43587
40300
39678
42139
42578
47847
47148
44783
39793
39301
44951
43818
43932
44156
47925
40034
39389
44963
42071
43474
49214
48356
42714
45954
54355
52220
39484
50096
42203
42429
42794
47908
40823
46131
45220
43913
43290
49144
41524
47523
51631
43150
41241
44778
49217
46476
49875
38306
44017
43187
37882
51782
41879
39911
39389
52304
45694
40964
43081
47615
50551
47641
45675
43976
39243
51099
43463
42742
45311
41496
46257
45646
52652
38717
46690
41373
40174
39943
48636
43335
40633
45448
44831
42628
44190
45504
50808
44875
42193
49437
40493
40877
40829
46100
37859
40392
44544
38017
38839
41314
44122
42121
42765
40471
47925
44177
42818
41496
43847
43509
46702
43290
45287
51319
38604
45071
41320
43180
43898
50527
40513
45646
43275
44013
46094
43872
45480
44951
43992
39142
50253
52203
47993
43400
40439
42118
40989
41278
49622
48255
40611
43290
42272
49221
40633
43365
49556
42794
50612
52325
45347
39980
38717
43872
48090
41374
46122
39826
42740
44963
47425
41625
42740
41278
46171
42020
47748
41329
40034
38853
47347
44068
45926
44834
43453
46196
41401
41974
43037
53083
50544
39132
39105
49563
48194
43898
41240
40327
41737
45215
42628
46147
42558
41577
40988
40322
43099
37198
42462
47944
49856
39465
44504
55605
41314
39826
43465
44394
44567
42011
45966
44377
42264
40302
48479
48022
40552
45954
40633
46555
43872
42121
42188
41928
40418
51357
45572
45655
43097
44875
41211
38244
40515
54432
44083
41524
40327
42174
47762
52258
48748
48566
43151
43200
40327
45674
50405
41140
45572
39389
45198
40974
41241
43037
51135
43760
44951
38306
40468
44394
46451
40493
41933
48281
42740
43822
49880
40989
55248
53050
41715
43631
44324
43023
45958
44035
50825
40137
42169
45038
46120
37785
39389
39943
42542
41737
42431
48648
43872
44063
40901
39280
41678
37494
45695
43004
46504
42959
45600
44504
43727
43128
41508
48765
43872
41636
40530
39961
36398
40327
40179
41678
41636
46257
44927
43796
49073
50046
52325
45675
42309
50550
41052
40380
43907
38167
41878
45285
46146
42989
40818
38839
41933
43987
49525
42118
38717
44068
43463
50270
45071
44494
41736
38167
52763
39961
43437
42955
42740
38839
50444
46171
43898
39389
48317
43037
39678
40493
47620
48252
47137
47847
42267
38853
52850
43037
41662
43149
46694
38839
47154
52850
45119
44963
44394
44783
43150
42080
44943
47224
40640
42740
41070
43987
46061
39943
44699
44335
41278
42243
45172
48062
43719
43830
43918
42174
44783
44951
46007
48281
43426
41811
43971
50072
41496
40380
44808
44567
43037
42614
46127
47297
40877
47762
48784
40633
46048
41737
44724
40633
39100
43847
41992
39830
42768
39290
44477
41678
39678
46033
47678
52210
47423
48829
42312
40633
39943
46702
41374
43150
39943
44947
41014
43609
41410
41947
43987
39601
51700
41636
41737
41709
49000
39650
40174
40901
42989
43987
49360
40439
46221
39389
39601
47921
49388
44377
43376
43987
44363
40034
43539
40034
46083
39334
39885
47169
43036
50792
49622
44394
41241
45427
40580
48636
39943
54102
42989
41678
42955
38380
38167
45773
41992
40137
41261
43416
41314
39389
46213
43463
52326
45655
45253
41426
43872
42483
44394
49635
49016
43480
41855
37844
55896
44127
41278
43124
39601
43771
45896
43063
46171
43872
49102
41767
43214
43151
45212
38839
42618
49495
47896
49397
42668
46266
45088
40327
44590
41711
43177
41737
45694
41737
46764
42984
40852
45172
44450
40439
42264
40086
41678
42701
41745
42062
43474
44061
41278
42459
40174
40574
53031
38717
39601
39939
47722
42941
43474
52657
43411
46658
42768
46742
40439
41933
41636
46213
42871
53743
39360
47394
49496
43081
49973
40380
46096
41161
44136
44349
42176
38482
52559
44515
40338
44831
43124
41968
47398
40888
41261
49437
42875
41190
41070
40930
46391
52101
44994
43793
42768
41880
46116
49000
44477
42628
40439
46912
50666
44424
48252
42740
41190
38357
53046
39367
39641
43961
49217
41878
48589
46598
49144
44590
46702
47224
45172
42121
43987
43376
38357
41219
42062
39191
41737
47748
41776
41737
38839
40782
43971
50959
44083
50954
43898
38879
42578
40493
39170
47799
44399
46211
43987
47636
49009
41330
43037
44735
46647
49000
42046
40964
50172
40946
44831
43491
41737
46094
40658
37182
40964
40493
41777
40775
40082
51019
46462
43823
42174
47748
40578
42078
41261
50889
45779
47059
39842
43624
51608
42073
43150
40989
38804
42959
44108
41526
43485
47620
45264
38853
42740
41241
46478
44761
46033
43686
45172
45924
49933
43150
44567
49692
43411
45694
42341
51811
44477
40633
39105
44923
41737
50748
41737
47303
49600
38380
43750
39625
40108
49320
49001
44343
42740
40032
41736
41736
44595
40419
43474
47598
40966
42483
44507
38717
45772
39213
39943
40493
41442
47225
49496
43297
41737
44287
43485
44159
43842
43388
42174
44399
43859
48616
38717
41139
45091
46944
50317
38743
47251
51472
40468
46462
46223
48306
45688
40327
39961
45264
39601
47224
46462
44951
40633
44903
43858
47184
47109
42260
40082
46059
41933
48572
41737
46007
40781
42668
41737
38930
40901
41451
44783
40398
50796
43804
42768
44068
43036
47778
44927
40162
44424
40380
41737
54371
42728
45423
45954
43139
41636
41737
56042
39154
44571
44108
46171
50920
44542
41737
42289
42071
41625
38442
44747
50920
50693
40362
38683
40946
41241
42577
39943
43177
41992
41737
43710
40493
41102
46702
47080
49525
42577
43898
44136
41330
44963
41977
42078
41598
38839
42121
42578
47465
42483
44572
39933
44263
44567
42289
42740
52931
43187
49097
50148
43474
39961
48651
45400
42078
40086
42121
43290
42070
46730
44753
39568
54355
43400
44256
41070
44393
52282
43771
48572
42794
46958
42578
40493
47252
41015
42376
41496
40877
46244
44282
45287
44753
43177
43847
44936
43539
42078
38167
41625
47934
53031
45172
44256
47585
47086
47360
49769
45698
41737
49303
39465
41524
41496
44778
46131
41737
46557
42791
45263
43509
43128
44068
41373
50190
40633
42740
39239
44420
45105
45091
49880
41219
44627
49221
52722
44735
44564
45176
40380
48999
44394
38717
42740
43037
39105
43376
42713
43055
40298
39961
48311
52559
46619
40513
39389
44108
44231
39389
41737
41424
40829
42434
44893
41933
45694
38839
43413
45346
44379
43810
42527
41241
39826
44556
47731
42936
42753
47301
38754
39143
41383
42791
45422
40539
48597
43568
42768
51974
52498
45693
41524
38258
46992
42258
44394
45966
39797
39389
52971
41836
44108
41737
42289
41737
40604
39961
49068
39963
40493
41992
44319
40989
43847
39542
40034
39290
42477
44778
43727
43899
40604
45785
46131
39601
44783
41314
45172
44968
44396
42740
41737
45257
41830
42542
46033
45335
41070
50959
42176
46363
47098
43872
47086
43463
43771
47298
44464
45236
39943
40380
43037
43631
41992
40492
40829
48306
44980
47446
50129
41426
51116
41470
44040
43245
43474
42062
46290
49140
41065
41737
40877
39502
40574
55341
46094
42527
40964
41678
40818
37807
50657
43036
45231
46512
42603
41737
42700
41762
41374
39334
40108
42628
44394
39502
47702
38167
39389
44606
43818
39527
40034
38357
41992
40327
41737
43474
40493
41678
42612
40493
42739
42368
44035
41496
42174
51631
47705
46003
45172
46171
42243
39885
45958
40580
41241
41662
45427
40477
41241
40988
44831
41777
48141
44140
45218
47931
46918
42272
41241
43624
47921
41278
46644
40054
47921
40189
44775
39334
43727
40960
38357
41014
40829
39826
40493
46569
39484
49675
42121
41495
46440
40376
44542
40038
49397
39276
44118
46608
46094
44963
42174
42174
51333
43872
47447
45400
37807
49432
46944
41958
43872
37198
54221
46057
41189
49601
42689
44251
43036
39885
43964
41637
40493
44122
48572
48198
43081
43890
47705
45423
40589
40493
41496
41737
44160
40439
44831
40325
43037
45821
40604
45105
40974
39943
39961
45149
44515
40493
45347
40322
41737
41140
52722
40964
44728
43631
39142
46133
39465
41739
46171
39943
45259
40876
46608
41880
40493
41338
47213
44073
48502
45263
45422
41241
43421
40966
43177
43847
43037
45004
42121
42174
43290
39943
44567
39601
40604
40493
39856
49933
45570
41070
44394
40633
42917
44677
42940
44349
43124
40493
48312
42272
43480
49113
43487
40876
43558
47806
45218
44083
41737
49360
48516
41278
47870
42527
44122
40989
46083
40298
43898
48132
43534
45004
42096
41261
44472
40392
44732
44287
44068
44875
44875
41470
43376
40137
48306
47443
42878
46888
42136
41496
40876
46462
48306
51056
39650
41933
41678
48748
46669
45335
41564
45693
43023
38167
44783
52220
43859
40523
42668
45423
47066
40327
44963
50796
42628
42078
41297
42794
46462
41241
42193
43239
39154
46391
45364
44477
47202
46196
43177
45860
41496
39625
41636
45982
45220
42138
39437
43474
41737
41737
47754
40493
39335
43534
45504
45259
42174
41737
45675
48138
42409
46512
43485
40852
45525
44571
39961
55979
46440
40493
46610
39830
42574
45400
40174
42547
46175
47824
37807
44590
43647
51746
42558
43037
41767
43421
43474
47030
42868
43525
55574
41989
41070
51631
42740
43750
45011
41737
45518
41933
37571
46120
43734
43872
44379
41070
48308
42349
49615
47921
41737
42380
46608
36907
45484
51606
42317
39389
49399
45172
45378
40604
42279
37810
43320
48617
53624
44567
44394
44926
46083
39943
38335
41937
45480
49755
50032
42174
47465
39389
40493
41659
43055
46391
46171
42174
45543
44927
44071
42121
43964
44831
40302
42681
43872
38442
38717
41014
44567
44630
39933
53295
41070
42578
42243
47644
44335
46262
38357
43462
40635
43879
44719
42768
41614
41241
41241
41737
42628
41140
39389
37475
44542
41737
43218
41474
40726
43290
44831
43491
46073
43037
48062
40380
53725
39961
49043
40919
41338
47925
41278
42527
39963
43491
43124
48086
46462
57447
44343
43858
47017
44394
53937
44077
40493
40850
42791
41330
41564
44396
46127
40782
41737
43105
40877
48157
40327
45172
40439
45674
39360
44571
43297
45303
41190
38717
43858
43474
39678
39389
41737
44755
44850
44244
39221
41451
40964
43411
44236
45397
42600
47169
45076
45067
40611
42909
40398
46893
44831
41855
40735
43474
40493
41636
54355
44954
44100
46033
39902
40876
44684
53750
40633
42868
42324
44728
50974
41261
40930
43508
50100
46706
44574
41261
42289
39154
49320
44488
45172
40930
40742
46462
47062
38717
47830
43987
39688
46918
40464
39154
42062
40477
41737
48062
45480
41737
49113
43898
55409
49816
44107
46171
43647
40914
39771
44504
43190
48748
40513
42121
47423
43847
47973
46762
43823
39484
41933
40137
47848
48198
42574
45518
49126
41762
47081
40493
50056
47062
52945
42768
39213
38839
44963
46804
40493
50677
39842
45067
39502
41737
41241
39414
42174
40322
44783
42174
42740
48022
47471
39389
43681
42020
40578
42174
42618
45263
40327
37807
38427
44928
39586
43378
38357
40493
44257
45285
51251
42289
42121
41282
45422
39961
48952
49177
43727
41373
42370
42726
47902
42740
40823
42045
43421
41737
46171
43858
38794
43365
40578
38794
41496
44927
40852
42502
39233
45714
44727
44946
40962
47869
46407
40040
42161
42289
40633
43900
40034
42258
44394
46556
39105
44145
39389
45954
41622
43081
43376
42628
43847
39943
41992
42936
43631
43995
42739
46817
44468
39826
40493
43037
45212
38357
40137
44875
45786
54134
45066
48648
41614
39414
41240
43297
42429
45400
42728
52710
51781
42628
38726
38512
40380
44821
43037
48252
50959
40493
48139
52219
41241
42174
44831
51631
39465
39213
49521
44943
46048
38167
45583
50424
43474
50920
45423
44590
41496
44035
42673
41737
42073
40272
42434
47059
40782
40417
46083
42121
42743
48288
40493
42721
42768
41496
43587
43631
45034
44962
41521
47705
48255
39334
42743
46899
49600
44567
41598
44632
44927
43396
47894
40611
43898
41241
41070
43847
41314
46644
39961
41401
40493
43413
42749
40782
41241
49049
43315
41277
44506
44571
42169
40137
46775
39168
44927
41241
41826
43558
43890
40392
41470
47224
40912
43187
46476
43051
43408
46381
45638
39601
46529
41709
42791
39943
47443
40439
41241
42434
46171
41241
41659
41070
40633
46958
46083
39389
40633
39443
43987
45714
39474
43872
52692
46175
44474
47169
40946
40852
46529
47621
43373
45465
46321
46006
44035
45326
46170
42121
44951
47908
41737
51951
40930
49495
44061
42986
46529
41241
42600
40633
50048
47422
42574
49676
41864
41189
38839
42174
44127
41383
43376
48101
41737
40018
40544
49029
43823
41636
41241
38357
45467
43686
55645
45759
38646
42370
44766
49428
45207
50048
44394
43900
47702
42046
41241
40477
41933
41737
40599
47199
47297
49880
43847
37680
41241
44783
53470
40327
38839
44627
39154
43388
37946
44068
43699
45190
46504
45091
43539
39314
42600
46283
41977
39842
41140
41062
41278
45475
49692
38400
47098
46569
49374
38839
44394
47870
41878
39943
41640
44783
47438
43987
45352
42775
44472
39970
40398
44287
43872
42078
44256
41241
43898
45781
39678
44765
39163
38853
45091
41737
38794
43709
43037
38303
39980
38930
43992
40439
47822
47542
40726
40930
38357
48856
39105
38717
40599
40493
40493
43618
41681
51304
38244
46078
38282
43177
41070
47830
40633
40946
46083
45172
43771
45153
42673
39389
39154
44984
39963
44454
38258
39943
44850
39465
45388
43912
48444
39885
46893
42174
41415
42578
37807
42349
45570
41762
46553
44377
46022
48689
43065
45067
41496
42628
40471
47393
43037
48421
46894
43917
42858
40989
43587
45322
41878
48829
48597
42783
46944
40493
42244
38167
45535
42030
46210
39276
43485
43037
42312
41737
44875
43624
39542
39961
45675
41278
42628
42592
45869
43297
50132
38901
44856
45364
39943
42628
54355
45242
48137
42078
51237
43994
44761
43794
42726
40492
49147
38794
47460
41739
40798
43489
41241
39536
43424
48730
54530
43558
41461
41014
40493
37785
47634
39943
50105
45568
46083
39678
44952
50517
44569
43357
39670
41496
42459
43421
45773
46175
37257
52931
44927
40633
41261
42370
45556
46175
48421
43421
45623
42681
41174
46391
49837
40216
39842
48252
51631
40946
49496
50060
46285
44918
49496
44778
39943
39170
39943
43898
52979
42193
45190
40946
42618
42322
42600
44377
47312
44399
43584
51970
52325
52220
47955
41606
42289
44567
43037
41241
47824
42174
44554
41241
41240
44394
43037
48320
47277
39389
39943
41737
51333
41737
39826
45091
41286
51306
44567
39885
42681
39586
45619
46779
43411
48392
45325
46094
38839
41963
38357
40802
44814
44963
49816
45287
43859
45038
42327
43231
46913
39797
40392
40901
45091
41524
44925
47482
47896
46933
40493
43872
47438
42174
41737
44766
47252
48636
44287
43376
41737
42743
39943
41662
40380
44394
43727
40786
43890
40914
44394
46598
50771
53095
55885
45311
42740
44040
39465
41737
43150
43015
48305
43081
46496
48689
45691
46290
41163
48597
42628
51741
40829
46702
45759
48317
41745
41442
41636
38303
47749
40640
42375
41992
44256
43436
44571
42740
47921
38978
39484
42243
46462
39793
40909
44209
45714
39826
50253
42740
42078
42768
40577
42121
43149
47425
39601
41496
45869
49676
51033
46367
40633
49473
49001
38930
37807
46391
46742
39389
49676
44668
40081
39718
41524
44053
42861
40989
39563
43872
46608
43872
45570
45004
43987
39842
41937
43847
45231
41426
41241
42370
37579
43958
45926
38839
42121
42984
45425
42244
44814
44753
40493
49525
48031
42376
41636
42370
39484
41737
44559
47471
39961
41524
49438
49000
44571
44256
43315
41241
42989
41496
46893
40532
46083
41715
43231
39842
42628
40578
43987
37782
44040
42740
44963
40492
41636
46277
45027
55258
43015
43631
40493
45994
39006
51631
43526
39714
43463
42940
48312
45164
41911
38663
51180
44256
39389
44979
43408
44963
42174
42765
42634
39885
41933
47102
40471
46702
45172
38306
42243
45004
41813
38306
43900
49126
43396
43421
49097
44665
48485
45220
38794
42071
41224
41739
40392
40914
49012
49437
40852
46874
43290
40023
42628
40633
39213
53526
43644
46171
40578
43126
43150
47912
42822
45786
38442
39943
49110
40137
42121
39105
47252
41600
39526
50424
44927
43909
42648
41736
46529
48566
39250
51222
42689
45640
46627
49177
41737
39389
47539
40493
44903
43912
40877
49496
53929
43465
47829
44705
45748
39389
45352
46061
48446
40493
39465
47915
44012
39943
41991
41964
40492
46391
42808
40930
38978
41737
41736
48306
47400
48392
40137
39474
41241
38663
41737
43433
40493
46033
41278
45285
46131
41374
39943
48040
38839
43872
39185
41113
42620
43631
43676
42187
45734
41933
41678
41278
43124
50125
46145
47505
44567
39465
41737
41388
47860
39105
43872
44927
39335
53607
38853
46991
42628
41737
44727
45162
48421
43150
41223
46078
51267
39247
42936
48118
43872
42138
44394
41933
45218
43037
43177
41241
38794
40123
45046
43164
42244
45547
47059
42078
39772
51553
41014
48137
45347
40137
40877
50796
39314
42578
45220
39826
48392
39961
46644
40633
42628
43509
40964
45093
54236
41992
37669
40380
46145
41933
43413
40439
44159
42989
42779
44296
45570
46347
46112
53798
43037
42794
42668
43292
43150
39829
42699
46990
38839
40877
49880
45004
39585
40279
47651
39154
41240
40764
42462
41850
37015
43096
40158
44171
44083
43872
42123
44073
53607
51254
42462
47443
42794
43400
45546
43804
43474
40764
39367
42740
41496
51735
49877
47470
45894
41241
46294
46804
44862
44377
44567
41426
53681
39290
43037
42861
46093
53055
39484
39961
47471
45997
46135
47781
39826
45425
41992
43274
45364
47536
42078
59080
38357
39601
41737
41739
43037
43724
49840
40137
42244
47035
40493
39771
50134
44724
42861
40901
49746
56331
38794
43386
43674
38244
50113
44256
44979
41855
52183
46918
47242
43290
40901
40438
41636
43231
44559
43525
42791
44990
45784
47896
42989
40493
42370
39389
42429
54187
44702
51352
39980
38167
47921
42937
39042
42726
40493
39290
40877
46172
45480
41992
45303
49748
49577
44447
48236
53133
40034
41241
42121
43539
48410
38685
50794
44253
39213
40801
43729
47781
49283
38230
42871
43835
43463
39389
47179
40362
42740
42115
42628
44609
40493
42984
46053
41737
43297
44783
42628
42244
40604
44015
43376
45675
39666
44761
45004
43297
40962
48086
42740
46529
50920
39276
47829
42174
42740
44569
41678
45067
45067
41762
43320
39105
42600
49592
45027
49692
43463
48392
43570
42779
43872
42701
51175
43376
49556
43631
39142
41659
43152
45195
40633
42189
39961
42174
42740
46612
48009
40398
46232
50221
42936
51881
39542
41715
45620
50974
45299
48847
38918
44015
43771
42431
41933
40877
43760
45501
46033
43987
44831
44778
47759
44567
42827
41797
42309
39154
46853
48689
44753
44595
45598
47598
43037
42555
42244
44343
43273
44394
42139
40493
49198
43794
41070
42791
45086
48829
41678
40633
39389
49688
41737
42188
48277
44181
42628
44035
44946
45966
45954
48086
44466
45902
39693
40545
44567
43558
43037
42096
43037
44377
50424
39943
46033
46407
39335
54401
38717
40930
52722
41878
44783
41521
38167
40137
37807
47919
41374
43872
38205
46223
39414
43273
41737
43373
43396
41070
43081
39826
44020
39943
51045
40493
42431
42289
40493
47858
42668
44221
45561
45693
43874
43847
55574
44395
45714
40604
44567
43900
42558
46476
46167
42376
43004
43626
44567
38357
43037
41737
41737
41737
46391
42722
36547
45423
39943
38357
37732
40439
41737
39902
42713
41737
48198
41479
44231
41161
46112
43399
39650
47425
41737
38853
46762
45255
40888
42046
51222
40137
46529
48748
53321
49769
42429
43703
43149
40380
43793
43463
41261
39628
46741
44943
42193
45723
41810
47223
39389
41219
44567
39280
41261
44566
42794
42989
46053
42436
40265
44963
41737
41737
42309
45475
41986
45597
41435
43150
40327
44296
40392
43134
47748
46555
42289
42768
50445
43474
44778
41241
46707
42574
40162
44783
43210
41241
40946
38357
40633
46809
45598
42648
40493
40946
45694
42843
40439
43897
45675
47353
42174
51086
39579
45220
38244
49020
39542
52354
40834
46082
45091
41737
43376
46817
48502
43037
41636
40157
45172
41737
41496
49880
51427
45292
39276
42176
41213
46112
46462
50920
41737
39855
42625
43177
51811
40633
41261
44911
44391
49104
39720
54284
49496
44231
47781
41933
44063
39943
43847
45180
42941
44861
40905
44567
42628
45403
52542
39586
39105
48689
45004
43874
42258
43898
47561
51116
41260
47391
39276
40802
51552
46608
44514
40633
46175
44677
42558
47644
41928
38167
41737
48748
43872
48660
39902
42646
40392
44628
43097
50225
49335
52075
44181
42601
45388
42791
47955
43861
40034
50578
39601
48101
42174
43971
48572
39842
44127
39586
42062
41836
45259
44566
39276
39389
38167
41241
40153
47389
51560
41678
48252
42121
43388
39601
46196
44927
46407
41737
48147
57576
49153
50657
44850
49816
41524
45695
44862
39601
47977
42459
43081
40493
45400
46516
45290
39826
44472
51116
43273
43750
42740
40782
39485
44831
40380
42949
39335
42138
41252
39842
45772
47875
45902
46223
41737
43341
44395
44567
47661
43037
45172
48252
42258
44402
50771
47098
44785
40633
45972
38242
51116
48346
43341
43724
38357
43004
40989
42542
40608
47908
41015
38357
42768
42688
40633
43872
39389
44963
42230
40633
38794
41737
42856
39389
40633
48748
52579
45781
41496
41737
42272
39504
38167
49020
40611
42078
37450
40946
46007
40493
44763
45408
43291
41609
43750
42984
41737
42743
42328
37558
44556
48469
41345
44668
41261
40633
44724
39414
48689
41140
49676
40633
44068
40633
43164
43099
39943
43037
42375
42077
49496
41278
45004
39465
49769
40930
42217
43508
40214
43898
45335
48040
38839
39943
46830
42979
43872
41678
42813
52772
39389
52220
40829
44594
42073
39601
44567
46702
43315
45982
40493
43458
39334
52141
39105
44394
44963
44456
41261
46942
44488
47062
40493
42819
42174
40930
43769
37450
42193
43976
48252
41015
39242
52259
51867
44344
48218
50108
42062
46899
43872
47126
50084
45303
38129
40633
52430
41737
40829
40492
49496
40398
47451
40967
44929
43290
38663
40519
42740
45806
44040
40633
40476
41470
42740
43872
42740
52307
45361
40236
46453
43037
41870
38663
41241
49496
44590
44700
47889
38663
44994
44343
50707
47224
46363
46117
50190
49020
44823
45008
42258
48351
43411
42701
43912
43055
49086
45365
43264
49496
40082
44258
47973
39360
41880
45958
47179
46118
43750
48057
41737
47086
44084
43539
39961
46145
49496
40930
39474
43872
42668
53081
42640
42740
46022
39885
41261
43804
54576
40635
51298
44061
44255
43124
42781
44814
40974
42530
43907
40322
45335
43842
41678
37659
43681
45067
41609
44567
42434
39943
47815
41280
46518
45325
44668
40327
36462
41938
50388
43052
49496
43037
42740
41241
52931
41278
40852
42628
44951
44845
46765
45390
44335
40439
44554
50424
52055
47297
51748
51951
44343
39389
42558
41325
43307
42989
46391
40964
44247
39826
41102
39389
49073
44059
41737
44040
42174
43676
45822
46486
39780
46702
49001
40327
45904
40108
39322
41496
42062
41698
42827
48748
52557
40380
49020
50060
39221
37882
44915
42483
39389
46230
42713
41451
45264
40322
44783
41739
41678
41878
46047
40471
41383
42289
41139
48306
43646
41933
41721
41904
46899
49457
48132
42370
41737
45322
41739
43912
40137
40604
43911
43376
43150
44030
46343
41280
42459
40589
40877
41636
40611
51851
40108
39772
43149
48184
51671
53907
41737
39233
47665
39921
41241
42138
42739
43411
48346
41678
41737
46520
39863
43912
43081
39961
39987
40380
42768
51591
41855
43872
40852
51363
39943
43228
43037
45011
45786
48392
48733
40974
47762
41737
54150
42188
54784
43539
47820
42289
44287
41880
48748
44753
41166
38784
39586
49674
45786
41241
46049
40493
43421
42740
43474
44595
46171
43322
43376
46171
42827
50968
43297
39335
45091
49359
44361
45714
48827
39961
42628
40493
45676
40633
42628
52604
51175
41600
41501
47939
45263
40633
40493
46422
44963
44265
42312
44118
41928
39465
44335
39389
40493
44783
51135
42096
43918
43396
42174
46817
43872
46175
40633
48086
41737
43474
43587
41558
40493
40493
44494
38176
47452
44287
41625
52544
48421
42258
50920
50407
46372
44735
51606
43376
41711
45004
44567
47973
40082
46817
42098
40493
43823
43872
46702
40966
48446
45220
44946
46290
42646
46553
46529
46083
42808
47394
44466
42121
41933
43828
49756
38978
39775
43037
44941
43463
42628
43150
45966
39154
41219
47666
42876
46504
47025
49897
38978
49074
50148
43898
42264
45093
38303
49692
43037
45844
38482
47701
43150
39961
45400
43037
46562
40582
49933
43038
40852
44040
39389
41241
44442
45973
39826
38853
44845
47748
41737
41241
46529
46954
40493
46958
45172
48144
42911
43150
41442
43026
42370
50796
47249
46434
43307
42578
41992
41552
45954
46762
38839
39586
42527
42149
44736
41737
45519
41737
40946
39607
51192
44778
49377
41278
38839
40989
41600
43290
45997
40946
39885
39943
40901
42628
40174
44395
47148
41037
40901
42628
47389
41037
38784
40365
49001
50013
45543
45860
42174
47471
40829
42768
47347
43239
42434
42628
41241
43177
46627
49399
47325
41636
41496
44073
48317
48772
42429
43037
38167
39868
47062
41685
40493
43463
43465
41933
42979
54479
47062
50153
44256
43760
44963
46702
48300
48421
44567
45223
41065
40604
41524
40611
41678
41474
47410
43124
40492
46095
41737
39502
43534
40137
43631
43150
39105
41426
49292
41278
39054
39389
41737
41089
46702
44349
44379
44660
40157
50796
38230
45190
45694
39502
43574
46702
40407
46462
53681
42174
54461
44160
43858
43793
49364
41573
41070
46044
39961
42370
40115
42121
38357
42272
38839
41850
42578
41737
41737
44447
46462
39943
42078
45958
47651
41737
48198
50048
39961
48616
42122
42601
49432
43290
40380
42164
49029
41496
46053
40086
48739
43912
55535
42527
43177
41041
50982
43847
48979
40380
43150
46706
41524
43037
44015
42121
41241
43577
39154
38167
49495
39465
39961
43992
44424
40867
42462
40493
41455
41185
38784
40964
46391
40989
38357
42740
42768
38244
49646
38230
38683
46132
41971
41625
49897
44127
41938
43626
43872
39961
42577
42628
37450
47082
44976
45364
40001
39943
47062
41072
45657
47749
37807
41338
41958
39170
51209
46376
43037
40823
43976
41937
40493
45400
41711
47921
42289
45954
57320
41185
49113
41330
41737
49359
39981
41496
42628
46391
48252
41734
50240
46529
47613
41737
43872
41636
43626
45425
42289
52554
46422
44911
47088
46476
41241
45220
39771
46380
40364
40439
48582
46720
41537
47908
39650
42174
44431
47079
43037
49535
39389
46918
44035
45425
39942
42547
50195
48022
40137
44231
39170
41760
44466
43124
43760
46112
45835
47389
46311
44443
41737
48293
48059
40398
46851
44472
45172
41383
52889
38839
46644
40137
53194
45553
41737
46391
39943
41737
45694
39170
48446
43864
42207
41933
40493
41095
44946
39943
48139
44510
43587
45091
46485
49676
41678
43900
49119
41070
42861
41241
40493
41140
46175
41524
40492
39842
46171
45347
43898
42328
49119
41989
43624
46944
36648
44927
41496
42681
38167
44122
43558
44567
46991
52575
42727
41577
50578
42483
42244
46603
49816
43900
41564
43872
45939
43416
41241
47266
48784
42174
41338
43771
46529
52763
39686
40038
44566
40823
43290
41241
43463
44182
47921
42600
45504
43890
40782
41636
40492
43228
40477
43315
43987
43872
49428
40298
46175
43124
39961
39601
40901
41495
37008
44377
39921
43411
46529
39842
41338
38380
49385
41496
46112
38303
45543
48748
41737
47615
50777
50823
40493
45040
42341
43474
38848
39389
41560
44394
51606
38230
39982
46120
46779
41737
44875
47894
47782
43823
40633
43561
48281
39154
39465
40930
45172
52931
42193
44929
45067
42169
43228
39354
52449
43989
41878
39485
38242
42614
43376
39943
46765
39389
44515
45926
39829
44927
44394
45752
42020
46701
47748
43416
53042
40901
51427
51811
43872
43376
47489
40633
38717
41015
40038
45966
44926
47172
43987
41992
43287
40606
42289
44778
45924
42542
42139
46181
45303
44706
44778
40930
36334
44515
41474
40034
49882
42768
46462
45172
39335
39367
48516
38663
41933
50617
40633
44253
40930
42046
40930
42071
50108
54652
46294
44231
49880
56566
42258
40633
42628
48306
43881
45709
42681
42995
40492
45285
47894
39154
47353
43872
44615
49307
38784
50900
41241
44287
40633
39484
43821
43196
45090
54162
50048
42264
38167
41737
45067
51525
42370
40034
41496
42434
40946
46083
44831
47184
47920
48999
45423
51222
41739
43376
43561
45783
38839
45346
38604
48513
46555
40633
41496
43239
47563
40034
42327
50796
43055
38754
47973
42794
50810
38717
40633
41426
43376
43463
41737
40937
46344
53359
39213
46918
41685
42770
45004
46608
40633
47107
42628
40492
42967
46608
46972
44324
41737
40418
42794
42632
44324
38357
40466
43587
43539
43436
46692
37642
59327
46353
46175
42740
46549
44831
43607
43872
41521
41737
42073
43847
47720
41401
41767
43081
47312
48306
38427
41330
44783
44875
45264
44394
40392
46361
42174
38357
47513
43211
41614
43037
44567
45408
45684
39335
40614
45364
45475
46283
40633
48331
41933
46215
41992
42020
42794
44253
40633
40633
43037
45475
44783
41937
38717
43872
44414
39389
44875
40302
39842
46343
46022
40633
38839
46717
52518
42958
40439
43290
47824
42459
39970
44571
41678
43899
49437
46702
46972
46530
44461
41241
43676
42697
38717
39105
50189
40633
38427
47944
44595
40633
46442
40901
42289
43644
41746
46241
42578
40362
38167
40989
43898
43239
39961
51606
40877
42668
41636
45091
44951
45287
42096
50883
50959
42768
50993
39961
39389
39465
48877
40392
44020
45232
44296
41737
43073
43315
40930
44567
43823
43899
46832
40964
46918
46083
42600
43474
40530
47252
42027
47440
49709
41300
44595
42244
41662
40038
40905
40633
42578
51150
41810
44319
41678
39334
42791
42431
45958
39961
43874
43847
56101
40530
46462
41737
51180
49496
43394
42740
51714
36045
47423
48392
42600
43746
39170
39826
40818
41241
44040
47896
39389
55677
39981
47348
38930
45259
43890
45008
45067
39389
41470
38357
46171
47471
47702
50048
43108
43794
41678
45422
52542
40852
50875
44567
52183
47049
51363
43760
42121
46270
49661
40836
41278
40829
42793
42258
47507
44590
40852
46215
39389
41739
41015
47705
41724
42169
39334
43150
39142
42105
40578
43084
46363
39902
47313
37670
40392
45786
57575
40398
40398
47608
40829
44013
41737
39943
48306
38778
42989
42775
46097
52657
41933
39826
45220
38717
47465
40643
46068
40629
43587
47331
44927
42078
40633
42153
48198
38839
39717
46094
39542
46196
41524
45287
41737
42600
44595
41140
43151
42768
42221
48924
41636
49496
42940
46702
42740
40493
43065
49384
43872
53433
43999
43037
43727
42046
39367
43509
39335
41469
42628
46045
45694
39276
50516
48687
39389
42527
39601
40919
42289
50796
48445
38442
42289
43571
43004
40852
39961
38839
46083
43421
45507
45772
39943
43290
44926
45172
42740
40633
43760
42524
42121
43823
45004
43835
46512
41136
42258
39718
38903
43859
51631
41241
46033
43315
44376
43052
46796
47337
40392
39276
46367
42600
47758
42169
46391
42537
42258
47634
45759
39842
41739
42567
40933
37558
55031
46725
40877
44466
41737
49359
45598
42791
40901
44574
44559
43037
40380
50502
42121
40466
45130
40930
50031
53251
43872
40137
40946
42827
41625
41162
41737
43037
39213
46131
44424
42071
42618
46007
40174
42739
43958
47062
46139
42628
41241
53081
41277
42681
52710
38357
51019
46116
42188
44814
39943
47360
40539
50707
43012
44590
43463
49283
41678
39961
52763
43872
44287
39641
46223
43872
45172
43646
44783
39961
39389
44394
45040
46504
45826
48306
47908
44763
48446
47585
46170
39939
44785
42289
47035
45694
44118
42936
52979
45105
44567
42309
43847
42121
49126
40439
43842
40493
41442
38695
40264
44035
41739
41374
46171
43055
43898
44927
38566
47224
40493
