1093696
1083868
1100654
1101465
1109211
1101760
1095378
1108456
1097134
1092431
1104050
1102542
1087639
1118413
1096914
1093924
1090652
1107536
1116458
1092336
1094607
1094383
1086339
1112806
1088902
1102648
1087367
1082437
1111052
1100671
1107440
1090742
1081041
1087359
1107090
1093416
1100820
1084399
1095050
1095403
1111187
1098526
1082631
1104264
1097247
1099472
1112461
1096252
1101509
1091264
1088983
1107051
1108017
1078755
1084961
1088477
1085470
1093624
1093144
1102888
1101007
1106597
1110334
1090415
1091637
1100649
1099754
1086732
1105521
1090626
1107532
1101827
1093736
1100278
1104976
1090597
1083293
1086313
1102873
1083194
1104858
1090767
1104325
1081608
1086454
1099066
1097602
1086820
1087453
1096028
1102869
1119491
1091275
1110145
1102303
1111057
1077048
1090140
1083877
1080354
1103937
1103629
1101521
1086854
1100718
1106244
1110323
1094537
1088370
1083503
1115269
1091380
1092577
1104917
1108873
1101950
1111040
1093636
1100465
1114594
1107646
1082981
1109199
1085443
1098913
1112657
1109437
1102015
1097551
1090493
1104769
1102460
1080156
1102796
1100325
1097234
1096344
1092648
1084053
1112512
1093885
1102872
1084998
1099755
1110311
1108263
1093151
1096713
1093718
1103675
1102698
1096198
1110273
1087765
1110003
1093518
1086250
1106110
1100715
1101063
1090461
1084994
1091440
1113272
1083409
1109244
1100713
1111485
1101386
1084989
1098728
1099023
1099292
1110290
1093971
1078965
1108432
1095286
1089884
1087093
1095584
1082197
1110016
1089143
1089361
1094022
1093971
1093688
1100503
1085292
1090124
1103954
1093130
1086178
1102756
1100671
1088047
1086591
1103493
1116295
1083175
1096615
1096354
1088113
1100436
1122708
1097195
1088239
1099451
1088429
1085884
1071631
1083454
1086886
1098733
1103462
1103077
1100069
1086622
1091869
1110836
1107142
1093783
1102428
1090897
1115661
1110502
1106946
1084334
1101878
1091849
1101529
1091164
1075755
1124321
1097742
1083634
1090343
1086448
1104982
1098654
1105899
1103976
1089251
1104832
1086493
1113284
1114433
1077650
1094401
1096611
1087392
1120409
1099091
1102811
1098439
1099151
1105785
1092955
1085727
1109741
1098926
1098764
1106431
1095316
1098353
1101429
1080821
1101976
1098648
1096717
1082957
1086309
1094299
1097631
1095487
1110080
1117981
1103136
1070497
1107686
1098490
1081375
1098455
1096252
1111212
1089034
1082349
1087085
1107315
1095813
1104169
1085693
1104059
1082713
1085398
1093035
1086337
1092699
1092033
1104737
1103993
1083838
1112652
1084022
1098164
1096422
1091526
1094754
1095877
1090374
1100039
1099484
1090090
1106896
1093541
1087790
1070910
1105695
1091172
1085330
1077803
1109457
1101820
1113703
1095929
1105966
1092275
1116561
1096811
1108622
1098711
1091209
1090880
1103537
1081388
1088642
1092340
1095111
1103916
1092074
1086734
1084141
1091812
1104284
1079863
1100127
1098521
1107418
1095450
1089002
1100498
1083669
1089867
1105657
1103993
1094841
1107562
1098125
1100167
1092129
1104634
1107102
1080770
1099147
1092070
1095511
1099813
1111407
1110708
1105439
1090803
1095492
1106489
1103224
1100121
1118511
1102343
1096896
1090196
1094515
1097720
1097410
1108982
1081864
1098313
1107438
1089567
1101279
1090266
1098487
1098219
1110479
1100063
1106104
1090700
1104359
1104129
1121538
1100573
1102560
1101127
1088529
1085961
1084542
1103332
1091033
1090418
1110331
1098172
1119154
1102089
1096430
1108758
1108006
1108422
1105626
1098243
1079927
1089803
1111597
1098439
1111308
1104776
1095564
1112635
1097092
1092941
1090221
1084800
1105700
1087747
1095874
1103838
1098100
1104341
1108359
1107495
1102219
1085862
1082718
1084724
1102058
1085303
1092626
1109969
1091439
1103226
1110010
1095173
1107305
1085595
1095426
1089562
1082999
1111769
1105177
1097717
1092738
1104366
1099152
1095908
1108428
1088920
1085926
1098184
1105034
1086876
1104651
1109030
1090037
1084023
1100386
1087039
1087830
1094047
1088046
1109643
1108422
1107929
1112747
1134233
1107005
1088720
1103315
1102521
1095769
1094700
1102838
1093603
1108272
1089725
1111101
1078885
1111474
1098927
1116351
1103165
1098173
1102183
1084081
1098216
1092338
1083828
1106996
1102122
1095020
1080555
1086562
1088840
1096413
1097521
1106090
1113995
1097903
1086614
1102307
1084625
1093224
1101547
1098885
1097579
1080169
1095228
1104702
1086152
1096354
1100799
1099468
1090962
1088903
1099150
1108359
1101209
1102191
1115566
1095674
1091447
1089515
1101758
1113072
1094007
1105286
1093081
1131196
1099349
1103672
1114150
1098328
1107349
1080614
1112099
1079484
1101375
1101671
1096999
1105263
1098522
1099598
1102903
1106684
1095089
1088428
1090543
1091898
1097195
1094506
1088831
1114504
1111218
1078828
1077969
1094806
1107788
1111806
1083618
1093654
1098703
1100072
1103347
1090712
1076818
1096428
1099319
1094907
1098267
1099847
1090378
1103551
1101447
1104741
1111097
1085883
1113527
1093240
1070500
1087383
1092833
1102675
1106967
1101788
1097213
1101522
1105265
1087831
1111833
1092605
1103201
1091385
1105048
1095122
1104649
1098878
1098988
1097171
1101554
1100827
1095194
1090088
1081306
1094427
1113950
1104599
1097679
1088398
1082780
1088228
1110435
1095340
1106605
1112613
1095250
1097145
1095738
1116308
1120970
1084276
1089176
1117695
1100888
1100434
1087187
1110779
1098620
1113611
1126302
1108726
1115079
1100080
1102264
1088474
1108570
1104129
1094217
1098180
1086436
1108615
1093042
1111640
1102215
1101182
1102377
1093314
1110461
1108207
1133100
1094276
1097380
1082858
1104067
1102495
1101193
1098418
1097797
1108068
1094427
1095194
1091228
1084006
1094729
1107290
1091266
1090475
1084572
1086704
1101234
1097680
1117294
1084494
1109824
1104796
1104999
1084999
1088579
1093552
1084788
1105261
1097020
1109972
1103525
1113113
1091068
1090299
1107603
1103326
1093998
1100021
1096876
1098326
1095377
1095628
1090453
1106922
1109960
1106537
1091553
1110423
1094513
1089915
1093960
1073338
1093370
1112682
1092015
1097987
1088141
1102138
1096957
1103342
1106617
1085904
1093818
1087451
1101832
1114600
1093427
1102464
1093374
1113377
1091085
1101346
1110427
1096572
1100508
1096685
1089434
1100080
1094896
1102351
1095554
1105688
1101217
1102112
1094964
1103406
1084039
1105826
1102713
1095956
1086751
1087159
1100424
1101602
1102294
1107498
1091701
1087916
1096553
1107753
1098790
1106267
1106586
1096321
1093587
1096909
1097707
1085550
1107456
1098224
1108464
1101102
1107841
1111000
1114727
1080315
1097806
1084691
1100544
1108898
1093833
1101655
1084104
1103129
1097125
1100439
1097931
1088071
1107225
1103558
1087646
1108886
1095886
1108963
1098253
1101310
1090683
1088206
1094780
1100799
1094740
1102648
1090992
1123846
1093859
1095784
1116281
1096077
1105020
1081308
1110152
1084370
1109870
1094969
1112547
1113315
1100908
1097895
1110701
1095950
1095208
1095731
1095331
1109831
1094602
1089013
1092402
1110962
1093706
1106783
1081154
1104961
1116290
1103591
1101957
1104097
1109270
1106078
1102299
1094299
1103587
1108622
1088243
1065583
1097623
1119644
1098898
1094161
1092925
1086028
1097398
1116603
1087133
1097506
1100875
1108354
1115255
1095563
1097218
1117388
1100414
1099112
1109127
1096724
1089098
1111656
1095880
1089566
1100782
1083294
1084156
1128356
1100360
1095835
1095506
1101904
1099494
1100276
1100101
1105637
1109189
1100571
1105352
1091135
1105781
1096570
1094913
1095714
1104770
1083994
1102967
1084233
1109711
1108027
1099508
1107434
1112387
1112532
1093992
1087998
1118081
1112743
1109200
1105088
1095245
1095723
1092941
1105311
1112598
1113000
1090615
1092974
1090192
1112922
1075534
1096569
1098859
1113246
1087157
1095236
1096522
1100244
1079324
1096146
1095340
1113311
1095912
1092003
1097718
1099144
1067336
1106829
1117471
1097209
1098215
1103902
1105115
1116147
1083056
1106029
1107774
1090681
1127832
1097719
1091890
1096766
1087015
1114552
1082235
1098412
1091307
1104593
1096059
1098991
1102763
1091299
1094592
1121809
1103858
1086059
1103993
1085192
1098437
1096100
1101578
1098649
1098295
1091358
1088966
1112059
1115835
1088802
1098872
1088315
1107767
1099161
1093768
1089269
1097268
1094075
1108361
1099623
1104941
1092595
1111749
1107999
1098502
1098934
1098215
1106933
1103686
1111085
1101762
1115373
1085795
1102738
1083928
1095263
1121936
1094810
1087303
1095367
1094584
1088710
1095285
1110338
1124827
1093975
1104391
1101490
1092656
1098793
1105019
1095340
1107440
1095331
1094212
1121859
1099016
1108222
1097936
1102626
1083886
1091624
1079707
1112355
1088450
1085200
1094732
1091878
1100645
1088518
1099617
1101787
1087075
1110473
1099227
1111276
1103963
1085382
1091360
1089826
1090650
1117399
1080381
1095648
1091078
1086984
1086256
1086336
1088978
1104487
1103870
1088356
1108047
1103709
1096647
1107312
1093400
1101929
1098097
1110185
1083071
1113790
1087189
1102575
1095599
1096733
1093435
1090571
1097433
1100254
1081841
1096467
1089823
1106289
1094611
1106037
1103733
1087718
1095614
1097845
1093819
1090374
1096100
1088225
1104923
1084439
1109366
1105804
1095970
1098650
1106367
1081691
1090131
1090852
1092457
1087333
1079864
1099241
1094455
1097109
1105858
1091138
1114947
1119760
1096531
1097645
1115933
1083441
1107258
1102102
1094073
1106037
1079100
1092825
1088794
1087762
1099332
1087861
1077088
1087097
1096539
1078609
1106235
1091849
1093274
1090961
1102528
1095812
1108978
1106420
1083430
1104737
1103832
1091553
1090266
1096039
1111345
1110909
1086293
1096323
1091745
1095345
1104193
1102031
1092387
1090998
1092867
1093011
1086140
1086872
1094085
1093586
1101609
1100173
1102092
1122675
1098846
1122491
1108534
1084941
1089510
1110014
1086563
1109377
1104920
1090974
1101116
1094707
1113620
1089785
1113729
1088264
1073695
1097576
1100104
1081622
1113149
1105184
1084619
1109115
1106775
1082384
1094646
1090579
1120981
1105584
1106117
1092608
1085222
1093891
1090428
1094718
1103672
1096897
1095856
1089923
1089641
1104980
1118004
1092670
1082021
1102675
1104199
1104555
1085309
1092754
1092344
1094639
1099480
1097599
1086263
1100819
1100080
1089385
1101122
1114782
1095173
1091086
1091947
1082167
1086980
1104755
1091702
1115292
1118767
1116694
1103589
1101918
1101043
1096115
1097843
1099569
1086691
1093055
1099613
1102390
1090481
1131271
1115016
1096585
1104017
1117790
1081132
1095265
1097735
1105789
1085110
1087066
1107584
1085181
1104087
1081879
1101367
1103366
1096737
1100955
1099283
1094041
1102726
1108292
1109904
1094655
1112785
1086760
1089545
1078889
1095900
1082182
1116113
1101002
1102365
1104007
1084920
1095725
1105451
1109566
1093306
1100208
1097789
1097703
1117478
1104506
1093700
1096667
1094488
1107481
1091500
1107360
1102633
1111727
1099195
1096801
1116306
1105761
1112967
1102068
1088224
1102200
1094077
1105639
1096494
1110928
1098220
1112312
1073560
1090092
1091467
1094429
1091310
1087722
1093616
1089459
1094518
1113495
1075871
1106983
1089499
1091161
1102997
1086866
1087302
1103743
1088402
1108957
1087594
1094581
1102440
1092939
1086198
1094917
1098470
1091801
1120704
1116232
1088908
1092930
1095165
1088431
1083376
1101809
1081848
1092360
1103966
1089335
1103925
1087867
1099331
1093830
1100440
1091639
1096391
1095690
1101935
1093226
1086286
1091150
1105672
1101388
1101012
1093658
1090562
1106817
1094919
1112209
1107527
1069792
1136410
1081520
1086602
1106189
1092054
1099558
1093076
1086826
1092124
1090675
1092410
1088294
1095931
1107899
1103773
1072936
1107657
1093274
1095319
1095949
1070278
1113050
1094592
1107560
1083540
1098710
1102498
1102171
1078763
1087348
1087649
1101484
1087733
1088842
1092873
1096757
1098231
1100829
1091903
1109929
1091394
1100495
1083503
1103036
1090903
1102301
1095549
1092802
1106105
1098943
1107818
1096373
1088510
1116543
1087501
1102929
1101096
1083746
1083732
1090877
1091057
1104085
1106086
1097858
1087415
1091508
1109648
1095046
1114814
1097992
1093237
1105944
1080614
1081897
1093714
1093340
1106653
1106834
1091736
1111056
1100013
1094921
1095743
1095100
1115506
1100197
1086888
1099541
1114893
1105535
1113684
1090259
1103814
1099088
1102632
1099669
1098363
1093406
1122538
1096137
1101538
1119362
1095573
1105808
1109369
1111098
1093124
1107292
1093972
1086165
1085183
1086030
1092036
1102857
1090483
1099678
1100453
1085202
1101674
1107072
1099752
1092218
1088828
1075923
1115335
1086092
1115437
1099956
1086016
1089551
1110081
1108379
1100720
1079820
1109166
1085116
1083206
1094974
1104855
1109332
1095013
1098578
1090332
1118920
1105998
1094355
1108717
1098777
1121401
1092609
1107065
1102388
1084661
1099759
1091308
1093902
1102361
1090681
1099904
1131583
1096019
1092388
1096327
1101850
1104922
1104015
1093795
1114365
1107196
1103388
1118692
1104316
1101370
1105169
1104082
1102674
1102589
1086148
1094337
1101345
1091552
1092306
1101049
1093056
1110684
1099895
1096405
1114856
1115892
1084588
1091406
1112647
1102035
1108788
1069770
1077925
1094843
1100739
1095793
1091878
1094638
1104001
1093757
1102229
1109084
1096256
1091497
1094805
1093581
1109495
1113947
1113868
1102021
1097428
1115892
1116996
1078591
1097881
1097496
1097944
1095447
1106351
1088079
1088544
1113804
1083253
1122339
1090977
1108336
1090673
1113641
1081400
1101182
1091607
1103709
1094521
1084918
1093267
1115592
1091739
1108673
1117984
1093364
1090478
1092286
1100710
1106381
1119095
1105724
1103795
1098121
1103614
1099329
1087312
1076439
1089211
1107591
1089392
1091605
1108534
1100989
1092580
1103389
1091698
1107148
1106727
1087484
1099217
1095255
1089147
1090370
1108252
1082963
1110196
1107696
1083872
1090520
1106092
1093741
1098907
1084593
1082714
1087951
1093790
1101543
1114813
1115742
1106438
1083674
1090020
1089469
1098351
1093319
1111329
1105884
1095173
1095133
1101347
1104929
1102232
1080819
1096747
1104302
1090997
1108644
1106671
1115831
1104696
1090793
1092471
1106355
1105971
1099090
1083524
1093976
1088992
1098485
1091243
1106972
1097838
1093899
1097081
1118159
1095492
1098363
1099777
1102351
1076942
1096906
1097716
1114939
1103239
1099823
1109941
1085975
1097449
1084828
1092464
1099400
1079943
1123805
1111020
1105743
1101958
1107678
1095608
1088598
1095585
1108189
1092753
1098942
1098681
1100433
1103695
1115971
1105368
1116928
1098295
1092187
1092953
1115762
1117703
1102895
1099729
1094664
1091546
1101417
1093100
1084152
1095169
1098277
1088703
1100409
1085811
1109122
1095812
1077515
1089185
1099554
1105603
1093124
1101531
1106394
1102791
1107111
1084612
1109150
1104693
1083265
1097063
1089505
1086246
1101667
1091279
1107141
1087612
1087081
1099469
1104805
1085660
1099561
1094779
1084322
1104903
1097437
1094192
1107141
1107614
1098361
1103818
1093828
1080826
1102211
1086403
1106241
1100348
1094379
1104163
1089719
1105021
1103934
1095194
1094364
1114987
1096108
1090118
1086358
1100637
1086392
1113999
1132229
1094620
1094019
1102643
1080891
1084394
1100423
1102343
1098849
1096288
1076211
1115658
1097997
1092957
1098079
1104168
1112817
1089176
1095567
1109936
1097065
1114118
1096065
1106258
1107999
1104208
1115144
1104517
1097228
1108175
1096105
1107042
1091398
1121340
1092256
1084201
1101678
1105739
1095904
1108679
1086861
1099635
1086450
1094218
1092089
1084698
1087892
1083427
1098122
1112744
1089301
1084138
1118704
1108023
1093042
1100723
1109966
1095466
1082583
1090785
1091950
1098057
1097125
1081840
1089048
1090463
1098165
1105952
1111108
1093274
1088057
1098018
1093266
1078695
1084388
1123352
1080344
1103254
1104914
1083836
1091278
1084957
1091493
1097258
1107989
1100780
1098097
1099582
1096949
1085085
1085337
1111767
1107113
1096860
1118814
1093969
1086086
1102734
1077751
1108441
1088295
1111765
1095317
1090355
1121858
1091354
1086399
1105543
1092187
1084260
1087103
1088313
1098008
1097159
1105129
1090155
1104163
1081557
1104618
1072293
1086482
1087932
1114838
1095393
1100291
1105215
1083740
1095419
1082000
1085232
1109042
1103658
1105173
1096008
1079515
1104469
1088246
1094970
1108610
1103534
1091672
1092767
1091458
1108868
1105676
1093486
1101650
1091965
1113905
1098981
1093089
1112972
1092183
1100416
1107618
1094061
1115600
1104594
1101850
1089757
1103209
1106785
1101038
1097273
1104055
1097778
1089985
1108432
1069246
1098932
1107953
1097015
1109193
1112680
1091850
1098828
1082771
1090112
1083391
1092960
1083951
1103477
1095894
1095453
1104957
1106190
1101807
1092518
1100897
1097552
1116853
1108444
1111029
1096853
1094796
1092383
1094922
1097058
1087002
1093156
1106174
1099460
1092561
1101273
1092932
1092439
1100349
1111974
1094174
1114763
1108261
1100599
1122704
1098269
1077212
1094313
1109157
1101353
1093724
1101662
1088810
1093661
1095503
1091170
1118949
1100897
1084966
1095110
1086225
1096644
1103329
1094741
1102780
1079074
1109035
1133549
1086698
1092179
1093818
1109934
1095437
1105474
1107398
1101193
1107494
1106349
1087708
1096622
1110618
1090738
1086332
1092242
1097362
1104893
1117465
1087168
1082811
1082557
1108597
1082581
1099434
1105261
1095729
1109069
1090441
1124826
1101161
1109558
1101432
1116012
1113376
1108586
1099251
1106347
1092519
1106360
1097246
1079734
1102914
1086682
1093958
1098478
1092753
1087382
1093957
1108984
1080245
1100435
1099873
1101487
1095899
1104322
1098359
1096281
1083374
1098525
1110606
1094199
1094692
1101247
1097604
1121113
1098630
1085600
1107595
1093211
1089946
1085608
1096332
1093884
1090871
1115778
1086857
1106017
1096132
1094577
1107532
1090832
1101904
1107678
1092678
1111731
1104169
1086686
1090825
1106911
1108749
1097566
1088904
1121233
1108729
1087990
1090972
1111837
1101824
1113433
1098173
1106096
1092707
1092518
1096302
1108348
1100345
1097617
1096383
1093007
1071658
1075180
1079017
1085335
1098395
1088724
1094659
1096843
1084535
1107616
1106771
1086979
1100657
1115753
1100592
1084118
1077732
1099412
1108705
1094661
1093381
1109221
1095501
1084169
1088270
1103581
1110594
1098614
1083938
1106884
1112310
1088812
1079983
1103115
1094994
1098555
1085073
1085649
1091094
1086101
1081359
1089437
1090387
1088439
1108972
1081798
1103011
1106560
1081552
1099292
1094704
1105747
1105998
1084066
1090525
1097328
1114559
1097480
1107074
1098812
1098934
1076444
1099222
1094684
1098355
1083540
1088055
1082433
1106131
1096169
1085627
1099794
1086799
1100271
1108184
1107053
1106896
1098852
1102638
1091088
1108964
1106525
1106102
1085747
1108087
1108423
1085338
1085494
1092409
1091134
1106209
1114398
1091095
1099244
1096056
1104541
1100581
1099152
1092891
1105867
1082437
1083863
1088496
1118863
1094503
1080076
1085553
1116399
1096095
1089487
1077913
1106386
1098425
1096807
1094986
1104184
1103790
1100194
1092220
1091217
1090593
1099600
1091079
1094979
1096316
1094553
1099827
1089742
1113154
1103892
1089758
1097629
1074734
1097041
1114809
1088287
1092587
1111993
1106067
1097744
1090055
1094009
1107614
1093111
1090160
1098339
1091824
1081918
1104882
1104488
1107358
1102420
1085430
1102366
1103127
1105958
1099336
1091078
1094586
1097684
1098612
1103049
1094000
1105645
1094230
1111848
1095499
1092844
1089554
1104493
1102400
1091175
1107331
1094465
1081209
1108820
1115545
1082899
1108020
1102976
1079316
1106527
1099365
1094858
1114219
1111387
1098939
1095502
1103491
1105070
1099217
1083475
1102887
1091924
1091648
1106651
1095238
1109002
1110303
1110662
1110458
1107348
1094354
1110202
1125931
1104960
1108913
1107635
1087556
1095639
1107853
1103964
1090489
1108855
1105189
1094426
1108495
1093288
1084101
1098741
1104922
1089492
1092379
1090354
1112058
1093299
1097064
1105479
1102151
1092271
1097020
1105803
1107846
1107780
1098225
1090139
1111189
1083194
1111581
1094285
1098005
1103482
1106286
1106675
1094712
1104125
1093442
1109631
1098736
1103730
1094500
1097842
1092375
1112083
1096321
1104400
1118139
1102933
1095647
1089024
1107144
1103812
1081157
1112593
1092786
1091662
1093480
1098017
1090788
1099440
1100418
1093279
1083167
1114399
1102083
1103314
1088172
1104611
1094749
1086559
1084561
1127269
1111183
1098875
1106496
1099514
1094908
1108731
1092094
1106141
1082745
1105137
1092105
1097194
1100216
1103916
1098703
1089962
1092688
1093214
1092047
1097037
1095878
1118200
1107277
1100370
1100747
1096178
1097637
1091717
1104525
1105985
1097706
1095986
1076445
1102846
1084675
1092666
1086373
1099758
1113346
1108509
1090039
1102913
1100445
1094753
1098603
1086244
1092359
1078402
1100585
1094006
1091619
1116411
1091312
1085907
1088521
1071175
1102239
1075326
1095390
1096722
1086086
1102486
1099319
1111067
1095637
1089285
1110846
1106922
1098859
1104534
1097361
1108961
1083637
1102918
1089159
1104326
1083433
1093516
1114473
1078164
1084318
1111800
1098415
1115591
1096559
1128479
1109179
1088514
1082412
1099782
1106465
1106183
1107945
1113082
1116439
1092855
1086535
1110010
1087703
1084754
1106226
1103609
1094089
1081814
1102890
1095620
1099215
1091691
1107639
1111900
1103257
1098797
1097765
1099036
1095507
1097768
1100655
1119167
1110554
1100434
1095097
1097344
1115590
1080222
1087830
1105054
1096571
1093819
1092800
1085300
1116257
1100368
1093949
1119759
1108895
1098248
1097776
1088396
1106524
1094978
1116512
1077868
1111329
1098315
1088844
1102027
1092911
1100694
1094218
1091927
1067570
1104373
1107644
1105692
1084367
1095494
1093794
1102939
1091700
1089325
1098894
1106794
1083155
1104855
1100123
1086224
1103237
1083010
1105709
1096720
1102001
1109132
1104405
1100825
1094875
1107056
1091876
1094752
1084788
1117626
1090966
1097212
1106860
1115062
1108972
1095051
1106835
1104353
1110780
1090807
1106919
1096955
1086317
1100521
1104753
1101898
1091036
1095572
1104360
1100422
1114175
1091211
1106837
1096859
1113546
1098866
1100790
1089640
1088795
1103076
1090274
1102798
1116505
1081929
1102382
1079137
1093488
1106257
1100778
1092176
1089405
1114000
1101412
1107411
1112884
1094543
1098048
1082649
1103761
1114572
1108147
1094635
1098805
1098535
1109240
1114012
1116276
1097717
1105566
1092616
1089884
1096613
1092577
1089141
1101146
1090521
1095732
1089011
1112198
1088208
1094038
1111354
1110913
1097856
1118420
1102011
1085763
1087289
1103820
1090333
1108319
1106070
1095581
1110609
1095625
1093563
1106796
1088750
1107747
1104960
1091138
1105586
1097175
1116595
1088008
1093824
1101297
1095673
1094567
1088913
1091495
1093129
1073990
1089286
1095582
1097035
1096423
1091914
1082069
1106826
1097093
1078669
1085457
1098145
1099635
1092301
1095625
1072751
1106016
1108850
1078170
1103464
1101983
1108209
1089292
1089614
1092730
1081869
1093029
1092891
1089014
1101151
1095528
1100284
1097305
1108182
1090115
1099661
1100840
1090972
1095900
1087224
1101998
1089685
1087194
1095460
1094830
1090175
1109720
1091152
1081835
1092541
1115172
1093520
1100934
1091127
1108942
1106198
1101460
1102872
1090087
1102239
1114180
1080366
1099209
1104652
1095401
1106918
1118972
1101794
1087953
1071430
1121239
1096582
1111595
1115404
1100147
1082650
1108568
1085383
1092868
1097890
1092449
1088894
1094496
1092325
1091911
1099085
1099026
1082439
1101563
1094559
1105565
1095075
1106187
1093060
1099474
1099461
1083018
1094313
1085502
1091723
1097563
1093667
1123691
1097885
1096989
1103396
1094189
1087404
1096614
1103617
1105283
1088985
1093202
1092594
1100855
1096724
1115042
1103051
1120016
1104594
1100111
1092577
1096628
1099964
1085728
1101906
1115790
1098239
1091856
1099736
1090753
1102267
1095128
1104020
1106777
1104786
1100289
1096188
1092096
1095914
1093944
1088572
1095796
1113954
1091134
1101650
1092778
1093544
1095295
1092471
1089940
1116276
1089148
1093961
1093124
1093411
1084480
1097457
1088016
1081519
1105227
1087068
1099684
1086774
1086262
1079504
1100469
1093091
1108956
1106633
1077206
1102296
1097200
1099417
1089291
1091226
1080711
1089968
1112394
1102337
1103227
1109985
1094751
1101874
1092587
1091780
1083671
1101115
1094093
1097368
1097973
1100171
1104487
1108357
1117659
1110042
1092526
1108585
1103109
1121712
1105886
1098202
1088322
1102684
1096535
1093557
1106451
1111609
1094558
1093764
1088962
1095585
1103218
1096295
1125367
1089515
1095442
1085973
1105485
1091982
1106937
1100128
1094861
1106652
1123906
1091764
1081794
1083998
1109591
1108968
1112530
1104958
1105917
1100840
1105156
1106344
1110846
1115124
1107930
1092054
1083750
1097003
1108672
1091109
1104026
1088017
1090390
1085634
1123335
1106964
1101003
1095630
1092565
1103119
1107254
1094515
1102185
1108279
1082389
1105177
1087726
1083310
1083409
1085367
1103066
1096009
1106833
1095036
1130985
1105437
1096072
1115904
1101704
1112729
1109580
1108401
1099721
1080444
1082339
1100208
1091965
1107997
1096907
1095203
1094812
1085516
1108464
1107461
1101198
1088635
1103753
1104735
1085956
1089414
1093262
1097214
1106934
1105619
1089704
1112478
1094580
1104532
1106409
1107497
1093169
1120623
1100703
1104956
1104331
1096706
1100066
1095281
1096233
1118915
1103533
1120155
1105800
1103029
1093234
1092679
1095343
1122348
1094854
1097531
1081893
1103178
1094701
1098097
1117273
1114720
1095610
1103727
1122466
1088222
1087253
1096012
1101096
1099866
1084923
1100502
1078902
1101962
1110644
1109739
1098851
1084824
1116937
1097371
1124159
1083091
1099451
1104668
1080003
1081710
1099297
1094208
1113526
1097165
1111330
1119599
1107988
1099232
1085126
1084926
1100060
1102480
1104749
1106685
1096485
1109818
1086814
1088397
1091488
1103569
1108922
1105251
1114021
1089659
1094811
1091505
1094024
1102201
1107180
1097800
1106721
1098195
1104636
1083940
1105191
1104975
1098473
1074977
1107586
1103062
1085602
1093807
1105988
1093531
1115756
1093433
1110103
1097950
1102586
1114329
1090768
1097358
1089200
1083453
1094713
1102340
1086130
1096675
1102108
1096105
1091546
1097026
1114779
1105696
1102048
1106814
1102385
1084469
1100240
1082800
1115119
1097348
1093282
1092920
1102246
1096770
1089436
1101736
1107677
1104964
1094341
1093605
1102591
1087312
1100149
1097342
1102478
1096178
1090913
1088223
1092693
1090839
1120546
1106037
1106449
1086564
1113299
1078036
1097422
1094702
1089650
1085600
1107218
1101208
1109300
1097266
1109552
1089274
1085194
1093386
1098844
1079267
1094719
1087863
1088827
1113682
1086593
1090620
1106078
1079668
1096864
1094319
1092417
1107937
1098450
1098155
1106739
1087354
1089531
1089797
1092945
1118769
1087590
1087268
1091209
1107997
1084029
1090348
1070597
1116323
1090615
1105728
1085561
1090046
1081287
1094017
1093350
1097257
1094211
1085331
1093060
1095381
1108871
1091071
1098173
1103029
1089775
1081652
1102077
1103956
1090366
1086515
1112143
1095404
1111432
1087149
1095535
1104606
1092595
1105580
1111610
1106877
1097422
1094525
1101528
1086030
1118057
1072702
1106141
1095787
1087122
1111367
1105137
1099794
1097660
1084005
1107586
1113681
1119076
1100458
1095278
1091000
1093261
1097091
1105593
1108123
1086726
1107384
1114716
1091528
1116829
1105339
1083652
1085366
1087477
1086489
1121343
1100842
1106261
1105003
1084135
1106094
1116810
1098912
1115874
1083568
1096437
1095241
1102077
1109858
1096955
1096540
1099843
1083641
1110848
1102690
1111171
1100299
1086230
1095686
1115353
1106025
1099688
1105450
1094868
1098253
1112067
1095253
1106197
1089177
1110512
1095876
1090916
1100212
1101883
1093077
1093650
1095610
1092384
1090510
1081522
1094858
1089639
1092094
1105335
1107469
1099147
1117022
1109417
1094166
1091652
1103020
1106109
1106014
1102723
1106202
1077069
1096219
1115276
1088498
1105974
1103618
1084356
1089300
1096680
1091726
1085553
1077197
1103897
1090094
1095058
1105728
1108885
1092387
1094051
1094306
1101332
1077286
1117322
1100940
1084445
1101065
1102061
1102832
1102253
1083473
1093307
1099838
1099884
1105219
1079933
1099222
1108943
1095852
1083691
1087082
1105767
1086566
1106498
1101659
1122180
1082896
1089621
1100222
1105103
1081904
1085054
1113711
1082667
1083541
1094606
1090103
1084961
1083483
1096492
1107600
1101864
1102554
1093859
1095637
1104624
1111551
1093189
1086599
1100917
1090687
1105128
1086085
1109868
1111038
1093764
1106602
1116536
1103013
1089038
1094240
1081981
1092971
1097450
1108314
1094429
1125260
1110282
1099033
1118839
1086275
1097477
1086331
1106287
1102094
1094186
1098128
1079835
1097951
1091744
1087854
1100094
1107461
1102476
1099229
1075625
1104034
1087011
1093237
1103268
1106491
1107443
1111937
1103683
1109771
1120046
1101184
1094769
1101481
1113728
1087706
1091020
1084523
1102269
1101230
1115426
1098983
1087192
1091062
1087297
1087477
1090020
1101561
1105654
1097595
1102533
1102157
1086461
1119917
1093608
1109675
1106304
1097828
1100040
1114015
1097365
1091516
1101962
1077752
1094699
1095434
1103776
1109095
1076220
1088877
1108187
1100623
1094495
1092601
1111964
1097439
1096928
1101628
1080346
1093037
1117712
1105018
1087182
1101260
1087686
1106938
1099620
1102984
1100419
1090432
1100988
1100926
1105108
1094930
1101447
1101360
1091054
1083355
1100198
1088492
1094350
1099497
1086736
1099178
1109996
1102072
1093037
1103430
1088832
1094356
1091598
1114251
1101833
1089936
1096149
1094894
1103171
1094868
1109629
1079940
1090773
1089078
1099919
1096221
1101928
1104161
1094023
1086374
1092331
1081244
1120228
1099973
1093050
1089849
1102322
1103061
1103829
1103858
1088810
1107758
1107069
1088239
1103663
1100784
1093445
1117127
1095851
1113809
1095052
1094012
1105588
1099511
1107759
1112428
1106549
1102169
1090516
1105438
1084790
1092947
1107048
1106989
1095992
1079273
1088510
1097959
1108453
1079119
1096667
1101559
1104267
1095930
1095217
1100086
1116198
1116155
1083579
1096498
1097481
1101711
1088823
1097122
1093264
1090873
1091090
1086799
1088804
1098798
1100617
1117571
1116955
1101370
1105253
1101513
1082590
1081652
1107697
1104270
1115741
1098644
1110453
1086951
1094807
1090982
1079655
1092655
1092725
1100310
1086674
1087229
1110908
1103699
1089784
1118912
1113943
1102671
1100822
1102870
1086808
1090809
1092339
1105384
1096169
1110955
1092601
1100953
1090644
1098771
1098710
1089809
1088070
1098293
1092841
1102518
1079465
1079944
1100241
1109253
1076010
1112850
1100409
1099915
1107218
1088449
1103882
1098245
1103280
1112430
1093707
1091076
1105197
1091261
1107110
1110901
1101863
1101131
1099815
1075017
1098298
1101549
1091473
1099608
1095600
1105934
1088339
1111667
1085010
1087512
1090477
1108549
1108639
1109817
1090086
1114837
1100912
1084158
1099494
1134381
1098417
1099535
1092046
1108113
1106465
1090955
1110084
1109071
1106108
1105067
1101954
1079362
1085610
1102017
1092381
1101412
1115390
1107061
1095305
1078380
1101034
1086210
1081846
1082516
1091287
1097259
1097481
1105939
1108019
1100471
1106367
1088762
1117339
1105860
1084710
1085096
1109422
1102197
1088022
1085924
1092486
1109050
1090428
1108072
1104710
1082964
1114342
1085498
1107416
1092589
1098432
1110406
1089543
1100209
1088312
1080546
1098332
1104062
1108110
1116443
1102339
1092770
1093823
1112188
1088239
1091711
1094212
1102483
1093658
1101924
1101087
1094067
1102676
1100457
1110207
1086076
1098843
1103255
1093601
1105926
1086775
1110152
1100273
1098555
1102734
1087069
1101260
1077139
1095598
1096824
1092210
1099309
1135264
1111041
1090984
1110780
1102850
1105432
1099043
1100546
1106109
1096454
1094135
1086602
1088427
1101670
1102965
1081576
1104864
1103072
1076378
1095523
1101306
1101326
1089060
1102269
1099198
1110896
1096736
1095918
1098007
1093085
1095627
1090908
1098396
1097504
1096796
1101435
1098031
1101177
1091960
1110227
1093870
1100130
1123012
1102813
1090922
1102833
1091301
1097726
1096348
1115792
1099657
1080061
1097109
1105828
1094586
1117750
1085703
1110950
1094805
1078878
1102030
1108198
1117580
1109162
1096892
1085627
1084368
1084296
1104669
1086076
1104277
1104399
1098519
1107075
1083838
1083955
1102065
1103332
1110164
1098870
1100461
1110536
1098922
1098354
1095966
1099544
1096813
1091434
1092941
1116233
1108599
1093883
1098066
1108498
1084059
1101917
1098676
1084599
1082964
1109341
1101021
1104091
1102883
1103088
1110171
1096829
1103585
1111609
1086932
1109553
1096086
1102883
1111346
1099372
1092034
1094919
1084533
1097449
1090861
1096147
1079429
1118001
1092279
1097555
1092606
1106607
1095007
1093002
1096554
1119315
1091174
1088973
1102834
1088201
1101519
1099028
1112838
1099603
1080208
1088446
1110376
1100578
1089498
1089829
1082664
1088931
1096402
1101804
1119534
1103391
1113472
1088738
1093960
1110027
1102336
1097620
1087158
1104745
1108709
1075165
1123020
1077467
1107510
1092318
1091067
1081078
1099203
1096099
1091793
1099773
1088976
1092721
1093314
1098287
1088462
1098369
1093636
1100501
1106537
1073566
1085900
1088649
1125053
1105238
1106065
1092934
1110448
1107425
1110462
1092625
1102596
1104417
1107589
1091134
1090644
1082061
1090977
1098535
1095948
1089932
1106925
1094353
1106281
1114137
1102286
1124712
1106787
1080572
1096017
1095549
1098593
1101881
1109829
1098228
1104477
1120856
1095435
1087479
1115085
1115030
1097575
1099717
1107401
1083198
1093343
1095531
1084896
1113738
1088565
1095540
1076680
1089242
1105960
1082226
1108156
1103099
1094052
1090987
1090364
1095191
1093330
1105454
1109959
1101769
1084797
1106305
1099706
1092957
1094368
1107344
1104672
1096047
1103187
1105371
1091128
1082483
1096801
1106489
1084778
1099808
1095692
1091806
1105847
1108921
1080942
1116034
1111245
1106238
1102194
1093701
1090878
1092147
1102960
1098957
1110575
1089790
1097408
1082698
1100951
1107127
1095547
1102364
1087598
1101849
1113302
1123508
1094385
1103256
1094732
1083485
1099198
1097758
1107627
1096539
1103471
1099574
1099092
1093349
1099114
1099310
1101019
1101056
1098075
1107942
1094901
1101321
1103243
1088928
1096492
1097116
1100567
1104660
1089292
1105677
1115146
1099498
1106561
1087426
1094687
1070844
1088971
1086015
1103922
1100361
1112847
1087791
1106013
1098780
1095544
1109954
1110413
1107641
1084004
1101448
1100405
1095409
1089070
1089156
1094856
1097385
1093757
1103683
1109805
1099668
1103477
1096133
1110151
1084726
1102607
1099824
1124776
1097156
1113464
1086960
1104629
1103723
1091835
1083562
1115869
1091736
1101704
1091017
1098906
1096260
1107796
1094110
1107986
1099308
1082019
1095420
1104434
1089431
1098940
1109947
1092745
1078030
1095924
1087180
1106039
1093727
1106083
1103186
1109631
1096291
1102809
1101081
1103299
1097750
1084420
1113158
1098114
1110849
1119884
1106214
1099013
1089231
1105543
1096864
1078213
1110808
1095141
1092509
1087702
1073341
1086759
1110779
1112145
1117748
1102431
1078507
1092905
1093689
1081730
1087518
1096595
1096364
1099419
1109594
1101600
1110417
1081934
1096541
1089399
1087490
1096901
1095217
1098109
1078043
1119337
1093986
1099512
1095910
1106668
1100502
1095811
1095986
1079727
1096153
1103972
1104364
1083385
1096446
1109672
1092047
1084582
1112076
1110778
1102473
1108960
1104235
1109568
1110489
1086452
1097075
1106979
1111012
1104505
1092193
1091857
1088349
1083059
1113722
1096405
1089283
1083742
1097816
1114786
1097265
1094028
1093707
1096191
1105795
1100482
1100408
1112477
1105965
1112284
1102887
1080172
1109794
1107610
1103115
1085368
1104898
1102832
1097187
1088528
1093266
1092155
1095310
1086635
1109213
1110265
1125270
1097070
1109455
1094424
1109901
1095793
1105237
1108096
1113216
1104487
1102306
1103080
1087302
1085418
1107409
1099596
1093858
1094118
1095203
1084743
1093064
1078913
1111245
1096098
1097682
1081201
1092883
1117712
1089544
1106619
1097584
1101467
1090067
1106873
1100335
1092399
1116467
1099803
1109603
1082949
1094808
1093326
1106747
1084485
1107728
1102219
1096371
1094385
1093986
1080438
1095116
1091038
1099376
1103997
1097243
1093346
1103240
1098067
1121798
1097540
1092670
1081808
1077153
1094238
1097640
1107573
1105943
1112845
1095394
1099414
1112782
1091118
1099802
1108159
1100955
1094469
1099668
1082855
1086008
1089768
1097374
1076581
1091932
1105465
1092539
1099076
1105672
1101190
1094917
1097207
1105518
1094799
1089463
1087392
1103841
1097408
1112352
1100049
1108592
1101287
1102202
1090189
1104877
1093458
1086421
1094230
1092652
1101715
1099067
1101106
1086091
1092667
1094709
1087552
1089222
1102941
1109221
1104533
1106859
1106409
1104204
1083669
1091530
1110098
1090341
1092971
1099058
1112112
1093455
1084009
1085446
1112279
1097609
1094957
1077442
1086971
1090152
1088998
1100352
1103515
1089750
1080450
1084673
1104007
1109469
1089695
1091906
1083531
1098248
1093398
1122110
1101027
1080426
1096913
1087307
1100917
1085128
1091823
1108107
1090720
1082573
1110267
1093232
1097367
1084338
1114815
1125884
1096160
1078927
1089612
1107356
1104883
1090327
1102340
1087153
1109687
1096773
1095584
1090475
1093622
1089709
1075850
1109946
1096914
1090870
1122306
1106568
1094946
1093554
1087066
1107481
1092686
1104124
1106642
1104930
1088988
1106728
1099747
1087906
1090367
1093309
1103213
1104805
1100945
1114166
1103718
1084705
1083179
1092391
1107427
1097303
1105407
1087332
1093757
1107032
1094357
1100955
1081579
1099516
1087920
1101205
1087385
1103031
1089220
1098743
1111019
1114668
1105440
1103232
1104610
1105936
1115109
1091180
1120137
1089018
1093857
1117421
1100056
1096581
1096220
1103440
1078643
1091518
1093035
1096563
1094897
1096005
1089756
1097926
1083156
1091510
1093533
1081986
1098489
1089316
1113232
1096959
1099564
1110954
1096294
1096594
1086652
1092169
1089318
1093875
1102131
1102542
1091259
1112260
1090452
1121281
1098817
1104860
1093293
1104508
1089827
1097235
1086247
1089520
1073183
1090368
1105399
1107190
1107527
1110490
1093299
1098826
1091374
1081716
1093163
1098987
1096399
1085281
1089387
1109701
1096986
1100458
1108123
1098469
1098148
1096849
1094551
1101121
1087204
1105335
1102160
1099427
1087954
1092390
1093817
1115977
1093581
1103645
1089791
1084069
1089414
1101896
1092631
1111856
1113196
1096696
1095505
1083267
1081923
1098682
1116837
1092491
1089746
1086522
1089569
1106385
1089654
1093295
1096034
1094693
1092477
1103423
1108067
1096185
1099861
1094087
1089473
1102408
1110497
1076592
1091678
1083061
1102538
1103267
1084399
1118055
1111580
1089403
1109649
1102395
1118195
1103195
1091239
1102291
1079812
1097607
1093206
1087385
1091681
1090732
1102550
1093026
1078283
1104204
1095102
1081659
1095179
1101202
1092920
1083302
1102216
1088366
1112164
1107549
1092185
1080532
1105611
1091832
1079694
1118048
1103793
1095538
1100645
1092135
1116490
1113064
1105117
1092603
1110480
1095583
1088281
1116629
1103185
1101139
1098583
1092728
1094911
1103077
1091671
1089006
1089204
1088517
1108929
1091076
1092861
1083638
1093772
1081311
1094401
1093301
1101476
1093113
1092250
1102045
1097995
1099214
1094384
1104486
1101741
1091134
1083378
1097552
1077059
1090062
1086768
1111048
1081055
1114479
1089012
1116646
1095323
1099047
1092963
1083229
1086386
1104413
1098746
1109691
1096292
1126039
1093979
1103866
1105821
1098193
1097925
1087185
1093810
1103393
1087106
1103928
1104050
1087783
1098998
1101907
1117991
1101381
1089191
1114014
1093614
1093488
1116586
1100056
1090164
1089788
1095992
1099461
1104569
1093579
1097656
1109656
1081163
1100862
1100306
1090301
1107646
1096864
1098449
1107343
1117098
1107967
1096603
1092499
1074399
1094874
1097990
1091333
1098198
1084966
1087884
1096090
1077434
1099400
1099013
1118809
1100466
1102277
1082909
1094156
1095639
1094096
1101999
1116442
1093411
1103764
1107637
1097344
1096855
1096439
1103464
1113723
1086996
1088668
1111351
1088020
1102474
1112765
1105795
1106298
1103326
1105623
1099727
1088190
1103867
1092587
1097424
1107443
1093784
1102221
1113531
1109334
1082803
1106526
1098989
1080550
1098686
1093219
1090038
1086409
1101168
1103218
1102288
1100145
1090635
1090669
1093811
1102561
1120789
1109567
1085810
1099572
1097256
1098125
1087547
1101504
1107200
1112202
1098653
1097704
1093695
1097603
1108230
1092705
1099483
1106971
1097588
1110648
1100483
1102116
1116413
1108795
1084815
1110258
1086065
1080711
1094153
1101103
1088903
1093412
1094012
1093383
1118980
1100708
1098586
1088445
1094858
1093119
1099590
1113916
1082463
1098795
1103898
1102373
1097089
1090377
1090381
1097131
1113350
1092174
1107344
1095957
1109786
1105759
1094814
1097021
1084988
1106348
1097749
1108191
1095194
1084604
1088460
1101130
1095783
1105326
1102762
1098125
1111098
1098321
1115990
1113866
1090608
1109684
1090996
1118950
1091461
1080399
1084752
1118937
1102781
1092729
1103170
1109324
1081781
1097144
1099177
1108080
1111269
1097700
1106841
1099812
1089226
1083771
1090648
1088096
1089391
1110255
1102843
1091690
1086847
1078736
1109314
1099987
1089751
1121701
1089625
1084154
1110654
1093082
1109710
1095026
1110979
1097442
1108268
1101974
1087930
1110609
1100334
1105331
1086129
1107096
1116548
1093685
1111869
1081936
1093077
1118499
1106545
1122659
1095685
1108377
1091222
1091053
1088077
1096646
1100549
1101205
1099948
1090770
1118492
1101218
1101075
1087637
1103115
1097823
1112600
1096127
1090360
1120652
1111561
1077577
1089126
1101155
1099069
1102477
1078400
1090666
1086125
1108607
1091009
1106154
1097023
1096338
1094319
1091413
1113246
1111564
1114404
1100329
1112392
1089026
1096101
1112357
1098717
1094981
1097808
1079020
1090579
1088606
1091039
1098985
1091163
1104523
1106437
1099570
1102897
1111926
1112035
1099740
1096815
1093546
1113880
1094328
1089621
1087931
1084005
1108317
1082808
1113081
1092613
1104705
1103466
1090640
1099569
1097725
1100008
1106688
1094271
1095232
1101367
1097481
1090874
1083738
1123320
1085741
1087962
1096817
1105191
1089740
1109927
1084171
1081955
1103170
1105237
1090243
1113462
1118987
1103308
1095227
1092047
1093132
1107143
1105136
1108616
1078685
1092801
1088265
1101594
1104954
1093584
1118394
1096669
1091054
1100568
1104120
1098072
1109384
1096875
1075806
1089932
1096317
1098568
1104544
1089786
1084977
1093358
1102039
1115755
1104347
1087074
1093919
1086768
1106498
1103087
1091227
1106505
1090166
1096290
1117443
1098674
1105861
1094125
1104030
1100657
1104206
1100883
1099588
1101169
1100586
1108124
1096353
1103658
1086219
1098482
1083766
1111729
1080761
1094236
1083436
1107512
1078562
1084164
1082161
1099240
1097556
1111043
1110759
1088850
1076410
1105390
1091424
1110262
1089041
1105648
1101794
1087806
1108877
1081852
1097636
1101626
1090896
1090424
1095246
1105029
1101540
1102616
1088966
1091842
1082337
1096772
1104405
1112534
1095008
1094122
1094304
1090836
1098301
1093606
1089397
1094080
1096337
1103195
1104504
1099818
1089094
1102067
1079600
1088830
1098595
1093349
1095428
1094698
1083400
1093352
1104721
1096636
1127295
1106065
1080109
1102723
1107473
1108524
1095321
1108695
1096300
1089295
1096139
1091006
1101202
1100328
1082451
1101383
1102055
1126149
1102398
1086766
1096167
1096072
1097823
1080079
1091412
1092550
1100413
1091506
1098237
1085134
1101995
1096562
1108645
1092509
1084917
1090170
1087004
1104159
1105670
1100640
1095747
1113887
1111499
1090798
1096255
1100350
1092474
1084118
1086263
1106895
1089430
1081579
1109827
1089614
1104584
1107085
1086989
1114318
1094546
1095069
1105992
1086826
1127128
1095548
1091464
1112596
1087640
1099178
1080259
1110385
1083557
1085134
1120144
1080953
1105165
1102444
1095727
1092157
1096596
1095779
1084771
1110769
1084903
1078087
1096879
1084297
1098876
1088310
1100499
1109530
1094131
1095652
1093573
1104516
1100653
1081401
1100306
1113422
1094378
1114303
1101165
1090664
1087764
1102871
1097758
1091774
1100632
1081634
1108212
1101954
1098971
1102955
1111652
1099401
1087609
1110110
1087952
1090070
1087234
1099074
1100522
1097924
1098924
1101114
1102318
1084732
1109635
1080049
1093413
1097676
1101399
1101097
1090009
1098192
1089736
1111478
1091728
1099502
1100340
1089890
1085909
1085432
1102630
1101776
1081291
1112849
1096984
1099666
1087383
1102349
1104946
1102443
1101360
1083867
1105326
1115721
1089047
1092364
1103997
1115625
1104001
1103505
1095166
1102041
1107882
1085976
1098264
1096138
1084591
1087813
1093182
1097332
1099023
1092228
1086633
1088164
1102955
1094239
1093375
1098457
1106876
1084047
1091580
1095140
1093566
1076743
1103423
1099979
1101067
1116156
1098509
1098907
1086439
1095017
1087383
1108913
1089318
1088056
1106351
1108992
1097519
1084717
1099789
1092351
1098034
1094866
1097131
1086565
1107865
1091101
1081103
1095594
1099070
1095648
1090386
1096832
1075837
1102119
1088443
1103287
1122801
1092870
1090202
1092415
1091667
1087616
1096353
1081088
1106198
1089412
1099013
1105422
1083459
1098127
1084018
1103679
1086095
1098525
1116310
1101211
1096098
1110566
1088300
1102556
1096327
1105877
1097827
1108120
1101574
1102603
1100616
1102397
1091207
1086239
1102522
1091514
1092850
1101013
1102715
1083886
1081210
1096314
1104554
1091642
1099922
1110099
1098767
1109717
1094174
1095673
1092893
1092968
1101841
1097314
1097115
1100617
1079719
1097305
1086280
1089583
1094008
1103186
1098499
1102712
1086033
1099619
1099556
1098290
1106487
1094031
1095673
1094798
1106921
1110805
1094028
1123692
1078518
1103455
1079072
1101773
1093223
1092470
1097559
1105484
1107359
1085783
1097470
1081975
1104642
1102005
1087190
1099213
1092196
1091309
1090490
1095241
1102894
1092264
1087977
1082088
1095051
1093593
1091845
1095370
1091550
1114538
1101700
1099607
1084290
1097947
1122226
1111496
1096734
1091879
1090188
1096911
1083381
1102965
1118426
1113619
1088150
1104893
1086705
1111875
1089739
1104112
1109158
1104098
1097814
1101701
1094868
1118950
1109353
1095143
1122748
1075761
1089423
1077505
1109461
1112637
1112925
1114192
1090771
1096216
1105422
1076970
1089512
1107527
1089785
1103779
1093088
1087347
1105007
1108410
1096657
1109779
1098259
1122282
1127547
1098437
1092246
1088750
1081403
1103291
1086500
1105736
1096145
1092754
1115940
1107055
1097825
1110238
1099397
1106447
1088296
1087324
1085923
1090135
1093491
1087369
1103668
1080049
1091463
1081291
1081738
1096362
1087799
1105462
1119251
1099407
1124136
1106127
1081361
1080873
1099630
1092630
1107302
1119302
1102302
1112734
1105876
1090167
1113994
1083574
1100814
1107006
1096106
1128604
1099148
1088207
1093203
1098553
1088747
1101851
1087981
1093158
1099818
1107169
1090572
1102901
1096906
1102991
1092688
1097416
1095568
1081085
1116526
1087975
1103419
1092927
1093031
1092915
1083218
1094080
1090892
1088906
1104586
1109435
1098198
1089241
1082492
1116403
1102676
1103876
1083763
1083484
1080686
1092390
1129077
1080613
1094132
1090355
1097167
1081888
1106532
1098283
1092553
1113973
1091693
1088412
1090475
1091668
1089876
1101612
1105780
1102860
1101032
1099510
1092520
1080499
1108800
1099389
1106505
1097104
1108106
1089052
1085906
1089946
1094137
1108501
1098093
1116608
1111768
1091739
1093647
1092750
1092693
1099785
1085962
1102864
1108243
1106882
1097597
1094293
1078284
1090056
1109795
1114911
1093402
1104315
1095988
1083841
1086957
1106025
1095185
1102211
1101942
1107562
1102134
1092115
1096505
1101108
1094576
1097497
1094924
1087460
1096684
1090533
1079195
1118544
1111101
1087020
1090376
1108149
1096512
1109340
1090225
1097059
1076805
1114891
1109310
1092060
1095304
1101208
1100160
1112661
1108459
1101823
1097534
1114384
1090166
1108363
1101031
1098720
1090196
1107718
1098440
1102941
1080548
1096688
1093954
1116288
1109843
1091086
1082084
1093787
1100220
1091099
1093239
1114309
1106206
1100745
1102338
1091728
1112087
1109643
1091855
1104564
1103565
1113399
1093566
1112606
1108489
1086603
1104583
1100884
1093247
1090028
1100625
1092112
1080519
1101889
1099062
1094810
1105876
1087686
1103263
1094881
1111582
1108649
1095593
1085330
1099430
1083477
1098787
1113303
1106389
1097257
1098031
1099308
1110405
1106383
1098656
1110820
1110282
1088495
1095980
1091169
1104244
1110867
1103925
1115894
1087043
1089063
1083057
1112086
1098493
1090171
1106142
1100282
1095966
1100641
1093148
1110755
1107175
1093642
1091430
1103685
1115232
1085381
1099945
1126959
1111578
1084806
1096624
1082641
1087799
1106872
1087444
1108020
1105962
1085187
1113506
1105193
1093731
1107688
1108843
1106609
1097800
1091671
1106032
1099686
1107079
1109380
1113285
1112614
1106496
1094960
1088481
1086244
1108981
1091948
1089156
1093295
1109573
1103076
1095014
1109670
1083934
1092128
1092813
1094087
1110860
1089164
1107905
1093021
1091446
1099205
1106068
1103793
1086336
1117015
1089250
1100920
1116132
1108351
1090030
1096277
1089061
1095976
1107324
1113452
1116964
1114959
1111308
1091542
1099343
1115665
1105268
1117435
1100381
1101917
1089711
1090203
1094644
1093511
1107321
1094894
1099009
1083882
1070821
1111420
1110230
1090282
1096433
1100659
1086201
1096385
1089314
1095925
1110615
1098677
1093100
1092927
1116371
1115487
1099849
1109563
1074344
1094855
1097036
1099048
1106236
1102601
1104597
1090241
1098209
1089458
1108838
1089873
1090876
1092574
1090956
1082463
1102953
1086070
1105812
1101939
1103232
1092014
1097724
1090036
1080674
1113866
1121654
1081634
1105158
1093988
1099359
1079572
1100997
1101894
1080493
1101728
1109036
1105783
1095830
1097218
1101036
1106254
1084612
1108462
1099937
1093430
1104508
1100471
1098614
1090725
1094341
1106620
1093716
1108321
1089977
1101770
1088373
1101574
1123674
1102724
1090501
1093810
1106342
1106570
1102437
1086937
1088660
1117821
1104814
1095645
1110941
1098951
1100979
1092234
1102331
1111078
1112342
1098355
1102875
1103477
1107382
1101298
1091050
1086720
1093120
1097668
1102325
1076711
1121998
1100566
1106053
1109061
1099456
1091983
1086168
1078257
1098824
1093455
1092930
1091673
1099886
1096057
1094701
1082175
1094911
1086977
1086263
1103455
1097973
1098889
1091904
1098104
1088516
1088680
1108895
1096313
1104951
1120117
1105661
1108509
1086861
1094024
1109591
1097361
1091316
1098664
1098923
1105762
1088128
1090893
1096901
1089433
1086721
1087562
1091780
1091876
1085599
1093782
1095049
1099313
1114822
1088889
1084949
1079752
1102355
1115520
1087478
1099349
1093327
1080567
1095031
1094343
1107734
1084123
1090532
1099254
1097464
1099392
1084792
1091411
1078959
1095881
1111794
1090183
1095320
1108862
1097562
1084510
1094252
1089721
1087936
1118438
1101901
1115064
1107764
1100474
1101200
1093073
1088029
1118030
1090487
1094593
1100147
1102816
1095691
1102833
1117596
1086519
1094604
1117582
1103593
1101669
1109949
1120720
1112193
1099839
1087068
1111525
1088961
1103618
1101869
1093792
1106546
1103398
1113681
1090419
1106510
1086939
1086237
1090829
1099492
1088959
1095420
1091274
1108291
1088026
1094773
1101999
1113560
1100402
1080350
1095622
1119027
1109655
1125805
1075162
1100432
1114269
1108126
1096019
1100326
1100476
1097079
1108583
1096305
1112210
1094871
1108613
1086631
1089016
1094604
1074239
1090884
1088204
1117243
1117606
1090721
1086890
1090368
1092565
1101027
1102427
1115801
1107908
1117370
1102702
1099461
1097276
1099692
1112913
1116876
1090743
1099647
1095672
1099614
1118530
1087776
1094470
1087900
1114836
1093026
1113952
1094006
1090751
1100023
1103037
1090030
1090894
1089290
1109993
1097398
1121478
1103084
1095514
1113374
1099381
1089819
1095349
1107815
1102267
1090139
1091375
1091411
1089945
1079318
1122979
1109281
1109577
1090162
1105015
1101379
1106718
1109072
1094017
1107959
1109554
1091924
1081256
1093013
1098401
1093020
1090152
1101240
1106774
1112504
1085660
1097994
1107769
1099973
1102532
1105383
1101076
1102503
1090639
1093064
1115770
1106292
1093383
1095168
1100002
1086034
1095792
1111600
1094298
1103585
1093378
1104665
1097462
1090430
1092203
1086911
1104656
1099475
1087773
1097205
1098165
1111170
1108675
1086504
1119163
1097576
1095824
1085525
1104247
1099213
1112248
1096869
1079559
1104350
1114812
1109732
1098623
1077906
1083950
1087106
1094094
1098977
1102946
1118815
1091344
1101648
1088767
1082738
1107188
1094877
1103760
1110818
1088438
1099313
1104525
1085660
1110901
1096279
1103121
1108191
1101150
1096813
1093797
1091080
1072220
1081852
1076764
1110163
1094972
1107758
1092377
1087410
1076295
1078120
1084151
1090935
1084000
1105933
1109815
1100502
1080874
1112590
1119861
1108828
1098984
1095747
1116156
1098806
1103191
1099819
1109014
1128051
1094710
1105228
1105116
1093854
1103676
1081006
1105010
1115182
1086257
1099518
1080937
1096102
1115851
1108251
1076622
1106908
1096377
1115670
1096278
1094783
1084291
1091173
1092235
1080388
1103007
1098970
1092457
1107839
1092256
1115888
1086119
1082498
1089049
1095374
1116061
1111473
1103614
1104408
1082377
1087002
1100732
1092630
1111331
1096626
1084848
1081809
1106727
1093289
1090142
1101689
1109014
1098790
1089834
1098532
1086301
1097737
1098812
1082619
1119190
1097295
1089836
1086723
1089256
1084051
1105872
1102409
1100234
1099498
1091158
1097330
1110332
1096318
1090801
1097175
1125578
1086933
1098100
1111050
1089028
1089801
1104486
1102152
1113033
1082975
1119438
1108234
1126606
1115957
1085618
1084059
1086129
1111869
1098261
1086896
1107134
1095481
1120233
1088803
1100916
1087235
1109990
1103603
1091506
1088922
1098300
1098981
1102307
1085953
1097996
1081775
1098731
1105317
1087304
1093472
1111995
1090723
1083329
1099376
1085355
1099996
1108306
1086093
1093472
1094518
1098792
1098520
1099151
1100075
1092073
1091461
1094124
1095771
1100092
1109014
1086102
1104538
1108950
1109262
1106377
1087942
1099060
1075046
1112049
1096770
1116125
1105839
1084651
1113363
1092522
1098257
1095641
1095403
1097830
1097035
1104358
1108130
1120354
1116282
1094575
1094471
1112785
1093566
1110602
1116341
1106348
1095933
1098418
1096120
1099390
1087464
1093880
1113701
1123894
1088666
1091984
1097152
1101179
1098997
1090068
1088639
1092152
1081789
1098055
1094843
1101503
1114402
1100788
1096929
1094383
1093802
1094555
1105204
1114303
1103300
1077599
1112956
1102886
1086271
1096215
1106078
1085711
1103633
1111636
1096345
1127745
1097089
1104257
1103261
1102041
1108958
1092150
1108917
1095433
1101808
1096347
1087927
1091360
1095019
1099775
1094328
1096005
1109166
1095961
1093191
1098171
1079375
1093783
1105391
1099456
1092874
1097429
1080293
1108376
1104965
1094797
1105458
1079217
1098695
1110373
1095858
1084889
1114867
1094997
1095042
1110329
1095029
1082483
1111816
1098478
1103802
1089507
1096666
1085248
1097861
1122571
1087715
1105447
1102836
1099016
1100389
1114194
1093900
1097179
1116596
1096583
1087768
1083780
1104086
1101037
1089644
1101680
1079520
1102191
1110947
1108956
1108088
1096280
1114056
1100135
1110838
1091000
1096786
1102230
1116991
1097725
1120575
1101321
1094581
1097224
1113248
1096456
1108253
1101274
1084703
1097548
1094344
1101832
1101646
1124273
1097078
1096916
1093632
1093297
1098884
1094951
1098670
1095310
1099031
1094605
1103121
1104649
1100910
1098604
1082440
1103798
1096186
1074500
1089015
1099428
1094234
1102113
1084086
1105390
1098183
1095908
1100991
1089566
1107268
1089634
1087066
1095655
1094715
1096027
1105547
1099524
1107834
1086552
1115041
1111221
1107272
1103041
1112947
1100361
1088143
1094257
1106715
1086739
1107391
1098862
1118994
1103607
1100877
1104694
1110170
1094331
1101208
1107526
1078609
1103188
1094574
1103163
1115607
1101011
1100221
1102195
1103104
1084703
1099811
1098652
1102055
1095459
1096712
1095274
1087783
1073255
1112767
1097583
1108701
1106661
1109561
1087091
1094133
1104141
1097445
1103007
1099715
1075891
1094965
1090719
1106921
1096126
1089923
1094447
1092585
1086175
1096457
1090238
1090298
1105543
1098556
1103075
1088518
1111581
1113237
1081639
1081327
1099675
1107811
1093095
1078077
1103863
1119807
1093116
1077928
1088589
1108452
1102731
1098770
1091421
1089051
1095571
1093029
1099321
1089864
1091037
1110398
1115099
1085759
1116104
1096647
1092988
1094578
1092942
1079698
1094066
1095904
1091124
1107949
1116769
1099759
1094888
1110297
1100985
1085701
1100221
1080179
1118424
1093389
1100738
1087842
1087380
1093286
1113993
1097659
1089669
1095789
1090277
1085715
1098737
1098149
1090390
1091248
1096694
1103561
1085738
1102955
1096371
1093613
1114311
1096933
1096401
1110067
1091052
1088857
1103410
1096514
1088688
1094767
1091089
1092022
1094741
1105574
1101426
1099378
1089358
1089778
1098915
1095528
1100237
1081201
1097972
1094116
1114299
1099553
1102272
1101809
1100366
1090950
1082934
1093639
1094866
1105549
1104706
1100483
1107427
1092999
1080720
1100284
1105900
1090072
1091457
1096209
1095439
1104485
1093666
1090596
1098776
1081836
1104736
1098287
1088615
1096705
1095460
1097114
1111398
1100931
1084091
1092499
1109581
1106140
1106707
1080342
1103867
1098239
1093348
1093321
1084220
1092935
1093999
1103865
1106487
1094129
1077029
1089615
1103892
1108872
1097543
1112092
1095850
1110187
1097131
1107704
1093901
1107013
1097645
1099509
1103452
1078979
1079371
1100597
1105679
1107373
1109126
1090671
1104123
1105533
1097125
1083237
1096700
1090873
1106460
1091092
1087880
1099052
1098099
1099104
1098899
1115224
1103412
1099588
1091496
1102791
1104417
1092978
1090398
1103910
1109725
1102744
1093275
1113905
1078558
1103379
1100266
1097084
1106099
1096577
1085022
1087800
1106758
1111480
1092389
1109204
1086178
1095248
1090622
1096788
1102010
1105812
1083880
1101473
1099367
1091684
1082539
1089320
1105387
1109044
1096798
1103728
1076776
1088569
1089446
1105046
1088618
1077958
1094508
1097023
1090210
1092800
1101259
1096478
1126009
1092312
1109019
1091580
1085047
1090705
1100755
1113313
1098344
1109090
1091297
1082005
1115542
1102331
1110843
1101253
1097858
1098724
1095000
1094984
1109474
1088746
1091202
1098781
1088778
1087712
1093391
1103906
1101438
1097290
1086823
1089124
1117480
1085306
1099869
1082067
1096155
1094599
1095158
1097435
1091416
1105390
1091786
1089308
1094316
1104733
1091925
1117000
1107767
1096857
1090141
1089500
1108674
1113663
1092252
1081427
1100171
1094508
1097975
1097726
1104360
1109817
1086149
1106166
1092259
1100142
1095840
1104043
1108735
1086217
1102905
1104588
1102762
1096610
1102002
1106607
1093609
1113702
1102198
1109695
1099543
1081894
1103069
1100289
1097652
1086754
1096600
1091445
1099193
1086850
1081035
1091177
1106879
1088095
1088504
1093888
1106614
1108436
1095692
1102194
1122611
1102509
1077521
1102076
1102073
1085372
1093719
1080549
1107435
1087396
1105793
1089474
1093034
1098477
1099524
1114633
1113468
1104421
1079747
1098782
1101409
1077148
1108446
1092808
1092207
1093869
1101634
1103880
1089177
1088442
1099799
1086954
1114534
1096439
1091378
1082838
1092419
1087933
1099567
1113883
1097468
1116423
1100619
1094413
1093418
1094212
1108920
1116103
1089809
1088618
1093368
1084261
1086779
1109345
1093376
1109442
1085576
1091795
1099587
1086092
1101757
1116041
1103165
1097405
1099319
1083795
1092383
1103895
1102893
1100815
1103485
1104848
1095963
1104416
1090005
1101415
1102990
1102881
1101202
1094683
1107833
1104431
1105962
1090455
1088102
1091740
1111461
1107285
1102741
1096584
1107958
1107075
1105231
1110563
1096632
1103088
1071613
1111230
1080146
1094706
1101288
1091232
1095152
1088574
1098238
1091551
1079587
1084233
1097934
1094167
1085295
1094573
1097506
1084345
1107977
1081291
1088017
1098518
1090146
1098070
1088306
1101297
1091232
1086675
1094663
1075202
1086620
1085953
1093213
1088212
1110065
1088563
1090979
1089666
1092050
1088504
1100429
1092932
1117339
1099571
1098040
1091462
1106105
1091832
1095026
1105031
1100814
1108752
1090985
1090853
1100760
1102323
1103673
1094880
1094264
1102766
1096310
1106547
1095117
1094541
1114253
1092340
1092834
1101318
1108021
1102975
1087560
1116486
1112147
1108724
1108431
1096211
1088265
1111793
1113414
1097203
1089494
1109128
1110778
1101099
1101704
1105603
1089563
1094256
1110861
1083329
1092992
1107239
1101267
1099284
1121813
1099941
1103674
1096730
1089934
1100428
1098274
1104300
1102271
1098870
1098774
1093351
1094326
1096060
1089978
1083446
1106285
1084980
1095058
1103900
1101666
1083585
1103990
1105844
1108645
1089728
1088145
1087431
1100454
1111286
1097804
1106588
1113288
1099250
1102245
1080606
1119301
1100302
1093351
1091190
1102136
1096572
1094429
1100956
1098145
1100323
1100953
1099110
1098061
1085301
1097331
1084990
1101752
1103515
1095723
1082370
1091909
1095542
1080024
1086938
1092338
1105769
1104003
1083538
1097552
1096838
1096778
1084236
1094513
1101477
1107456
1105032
1096748
1102438
1103749
1063905
1078578
1099112
1098455
1090220
1101268
1110993
1089492
1108827
1120699
1103747
1111342
1104304
1109311
1094053
1096769
1107341
1091423
1078939
1103697
1087140
1108573
1098485
1097786
1127252
1092902
1091943
1104364
1090731
1103826
1097111
1087989
1101030
1083264
1094060
1093215
1111331
1099633
1088022
1118529
1097017
1106845
1082242
1094528
1120498
1082664
1108704
1105453
1061356
1097431
1104152
1115175
1071995
1095200
1095333
1097439
1096251
1088372
1087649
1092362
1101554
1105666
1099773
1096880
1126757
1092956
1087562
1091669
1092655
1090123
1119086
1097525
1096333
1082155
1093271
1087785
1108055
1094726
1125203
1102822
1082879
1095924
1092506
1118207
1098285
1103577
1101708
1098426
1090543
1113585
1095549
1109310
1103647
1114438
1100627
1089916
1084921
1102205
1090759
1105751
1104082
1113924
1101117
1103608
1090136
1094492
1102231
1101862
1100786
1086860
1104097
1095896
1090615
1103590
1109463
1096402
1093098
1100923
1098703
1093881
1113122
1098610
1105009
1107379
1091156
1095787
1103161
1101540
1099875
1093006
1095388
1097378
1095515
1111276
1107200
1092381
1080277
1102348
1090377
1075155
1089971
1098433
1093878
1098335
1107769
1094683
1094523
1089269
1108502
1108329
1100369
1096308
1095866
1105867
1109993
1092981
1095857
1096940
1090637
1105742
1107781
1087670
1091402
1094587
1108524
1095226
1086290
1079492
1097827
1091491
1088327
1109800
1114316
1095765
1113222
1098340
1103930
1093081
1116370
1086077
1095188
1108088
1092450
1106148
1095537
1107224
1087789
1092948
1092612
1092004
1089513
1109770
1084811
1087996
1079337
1092340
1096430
1077591
1102031
1091681
1096552
1093669
1105530
1100172
1092813
1096498
1088252
1103856
1102691
1085874
1100967
1093086
1117994
1105753
1105411
1086632
1088175
1088767
1102762
1088478
1089100
1099723
1097808
1106806
1107378
1093836
1089959
1100571
1095068
1092573
1094620
1094204
1113440
1098900
1101864
1092508
1121335
1095891
1100245
1077089
1101548
1091536
1100989
1096733
1114790
1095582
1096090
1090525
1081710
1080942
1087624
1096491
1099950
1099181
1103225
1110228
1084645
1086955
1097305
1083669
1113066
1103323
1107660
1108660
1088524
1091254
1112516
1083733
1097369
1102783
1092693
1098838
1114712
1092196
1102286
1088641
1088838
1085567
1100351
1089541
1100442
1098060
1093191
1099304
1100107
1108338
1119687
1089118
1115773
1097256
1097569
1097853
1098054
1102304
1091605
1111694
1088822
1109413
1113645
1091761
1096040
1100986
1100460
1094777
1082952
1094809
1097422
1107316
1121599
1098931
1105161
1104293
1088701
1119052
1102069
1114148
1114958
1096440
1109489
1102286
1088346
1089723
1094528
1082364
1112065
1097161
1100756
1088424
1094247
1111634
1101815
1091332
1071318
1102568
1085131
1100200
1086182
1091631
1105708
1084218
1084483
1095786
1093360
1074756
1102730
1090798
1103845
1102353
1097997
1091601
1087762
1111663
1121587
1100654
1093914
1101716
1099951
1102893
1091272
1096095
1094316
1113410
1111871
1102298
1089916
1110157
1110658
1084656
1093562
1097394
1108444
1092797
1114119
1108606
1108493
1094153
1093861
1092755
1091158
1102323
1096229
1094980
1092951
1115591
1107678
1094914
1102717
1097086
1086995
1095099
1079876
1108050
1095017
1094858
1120914
1097829
1085941
1102407
1107775
1082881
1103441
1091111
1090146
1103499
1091971
1100153
1112225
1101068
1088166
1103626
1106042
1116134
1098438
1084440
1108427
1117898
1111910
1100463
1094890
1109244
1106197
1101311
1103085
1094294
1100548
1105439
1110972
1083292
1132270
1093772
1105707
1091046
1100651
1100958
1105772
1098726
1096704
1103591
1092177
1106519
1090999
1101772
1109760
1098768
1094007
1086323
1092049
1106896
1112722
1100426
1102601
1104149
1101533
1115539
1104593
1099569
1097565
1101994
1105150
1099460
1095189
1094980
1089597
1102381
1092857
1072384
1095028
1104043
1105927
1093035
1112221
1096228
1096486
1127653
1093073
1105537
1083639
1094439
1087466
1091707
1108354
1083210
1095040
1121609
1086701
1084977
1091001
1099303
1092383
1095360
1095030
1126415
1110272
1103209
1105934
1096441
1115226
1088701
1115156
1095762
1097188
1105936
1076973
1095393
1090837
1108152
1103425
1095643
1092847
1103868
1099890
1117319
1097965
1096647
1110454
1105499
1108578
1094783
1091657
1105144
1091066
1091686
1101925
1099151
1087455
1084661
1090281
1084627
1110288
1071238
1090848
1096794
1106617
1086075
1086094
1082779
1092331
1103321
1110881
1103555
1097564
1092885
1106121
1119961
1077482
1087077
1094526
1095684
1106201
1104696
1096405
1094854
1120415
1094677
1097221
1097984
1078971
1099780
1090902
1090558
1102912
1093109
1106124
1102069
1093107
1107064
1091537
1101685
1096908
1090061
1108148
1092659
1092691
1115840
1096885
1095611
1096825
1115659
1093254
1088952
1104527
1090996
1116184
1086049
1093908
1079288
1101135
1095477
1099976
1095295
1087776
1105791
1110984
1092350
1101492
1115473
1101421
1095530
1097943
1105346
1079250
1085268
1088500
1086115
1111624
1107650
1109824
1091496
1099645
1096226
1095442
1106580
1110250
1087977
1096545
1090813
1097515
1106063
1093086
1109344
1088819
1089985
1098550
1083309
1094554
1098404
1101140
1106197
1074451
1100403
1101009
1092886
1086196
1098049
1100217
1090339
1104650
1102421
1102228
1089378
1095136
1105597
1098006
1088440
1098541
1099427
1088185
1100827
1084430
1095316
1072551
1116373
1098797
1088254
1076630
1094375
1099906
1095927
1099941
1092797
1082950
1105483
1097140
1100659
1090343
1112818
1102578
1122547
1084396
1090082
1104173
1084358
1113416
1105100
1086536
1083752
1117205
1107874
1095440
1104596
1084501
1103168
1097047
1107286
1102419
1105059
1117974
1102732
1105043
1090334
1117232
1085746
1104187
1099321
1110837
1107387
1088066
1097840
1099626
1091831
1102444
1090599
1098049
1094701
1094894
1098757
1099916
1088085
1093381
1095145
1097640
1076390
1104129
1084568
1100640
1084237
1099378
1097455
1098631
1097664
1095601
1096819
1105373
1113726
1081513
1097787
1090971
1084664
1105431
1086443
1093571
1116707
1092686
1091584
1095728
1097768
1089053
1097712
1086187
1118306
1102729
1094871
1111906
1089465
1085242
1112410
1096051
1092044
1081453
1104612
1093380
1102554
1084069
1095227
1095388
1103181
1078392
1086411
1099095
1096555
1093018
1091741
1098303
1098510
1107410
1101839
1091287
1106538
1101979
1102122
1098281
1079391
1113979
1095604
1090728
1105792
1095667
1087937
1099088
1102540
1088756
1086361
1093718
1089000
1087823
1093475
1108200
1093213
1111295
1122197
1089852
1108013
1104726
1107007
1099474
1105801
1090120
1090376
1108476
1089895
1099508
1095246
1085768
1101893
1103485
1099427
1092563
1081823
1107758
1099719
1091975
1101598
1100166
1103801
1101636
1084281
1083328
1105227
1090327
1098410
1094373
1096525
1082328
1094489
1111167
1085119
1078698
1095236
1095169
1093730
1091091
1090290
1109794
1111025
1083716
1113660
1111040
1103585
1103295
1100463
1089028
1105484
1094928
1081455
1110833
1083702
1099434
1102099
1107087
1111563
1102300
1108788
1095151
1098232
1097579
1109807
1083485
1092268
1103940
1104920
1101683
1095388
1091141
1112247
1104375
1092482
1095242
1083368
1106083
1087338
1098633
1108929
1110266
1094181
1087544
1104008
1094150
1106396
1094001
1108768
1095631
1092873
1097003
1099029
1085745
1098246
1085160
1098280
1126488
1085100
1099252
1088882
1096021
1109308
1112969
1098912
1088057
1095939
1093464
1087712
1105737
1095037
1104219
1091705
1088414
1109796
1094382
1083020
1103637
1077987
1092641
1099792
1090567
1100092
1089314
1103754
1093514
1108791
1083905
1110283
1085761
1104218
1096176
1102343
1107432
1100448
1101904
1100824
1105328
1079785
1105344
1109497
1090381
1118961
1096491
1097717
1087272
1103558
1089858
1095289
1101018
1096136
1102748
1119933
1094335
1100050
1097541
1105349
1103571
1117326
1095997
1100279
1082866
1102371
1090859
1091408
1100691
1095487
1102678
1088400
1106934
1116756
1090066
1105691
1084661
1103614
1092587
1090251
1094748
1100054
1093355
1090834
1104340
1101681
1090341
1102988
1105729
1105093
1091631
1084979
1110531
1101796
1106853
1107076
1106288
1100200
1095246
1092873
1105816
1111254
1091327
1115649
1090531
1108190
1093827
1110248
1094597
1094019
1085242
1090367
1082353
1092633
1113772
1114313
1092016
1097222
1095189
1099822
1112417
1104451
1101560
1088996
1080702
1100492
1103557
1095744
1115593
1094258
1111802
1114571
1090082
1107544
1102197
1103189
1108647
1109650
1085618
1094678
1110210
1098169
1103856
1098694
1091133
1090526
1111909
1104429
1101402
1109974
1099643
1106092
1117360
1103752
1103793
1091815
1092049
1092870
1114127
1092132
1104586
1104916
1102186
1103189
1089828
1092312
1099330
1108194
1092823
1116610
1098339
1106366
1081846
1078198
1102541
1089872
1095779
1091894
1097753
1112549
1101259
1085485
1113507
1094338
1086517
1111095
1120344
1086855
1096658
1099185
1086052
1095805
1110620
1094288
1096130
1111581
1106948
1093424
1087434
1095940
1101856
1087578
1110327
1104524
1082743
1088741
1084635
1099205
1102972
1106130
1092974
1108516
1091337
1097590
1097111
1092652
1094170
1096250
1084939
1097119
1120151
1106448
1089632
1109920
1112842
1084719
1097634
1085121
1098655
1079798
1092153
1109380
1088415
1087106
1079688
1114537
1109714
1104540
1086940
1103745
1098871
1093025
1107332
1086753
1095055
1119385
1110372
1089315
1086358
1095227
1083716
1087298
1099257
1097975
1088341
1089129
1089097
1103247
1106777
1091120
1095446
1095693
1089030
1096858
1101845
1075765
1102082
1110321
1091253
1096301
1090451
1101197
1107833
1111647
1133058
1104910
1093069
1100249
1081983
1085819
1100495
1105921
1096348
1095463
1105344
1102497
1090512
1086824
1107048
1114955
1095288
1102674
1094733
1101621
1111945
1094542
1093202
1086944
1094112
1096858
1099808
1088912
1108972
1104338
1089027
1127994
1095058
1084336
1106321
1086287
1082226
1103835
1103663
1105854
1107344
1093729
1097503
1099792
1102123
1113610
1105924
1097501
1095567
1101850
1096818
1107028
1093324
1109559
1094826
1093426
1104084
1097820
1102186
1103554
1088609
1111452
1092604
1093075
1097000
1079887
1097580
1097828
1091722
1090960
1096573
1094459
1099834
1120452
1104163
1082810
1098479
1091421
1110499
1098642
1113626
1110542
1102253
1094979
1091904
1097659
1095478
1093088
1102008
1104247
1112297
1111871
1087605
1088833
1102325
1123610
1087146
1097958
1114210
1090503
1085148
1089666
1104208
1089480
1100092
1095709
1089861
1085937
1088846
1083798
1095390
1086211
1109531
1099867
1091286
1104395
1096779
1101223
1108129
1119835
1088481
1093670
1097557
1112500
1091301
1090161
1115922
1100574
1087631
1108103
1098906
1098370
1102091
1086573
1104115
1100425
1090838
1088972
1086512
1102798
1116425
1105056
1097161
1096143
1116251
1107836
1096429
1101572
1110166
1096836
1083613
1087790
1087793
1087873
1117044
1098488
1102626
1095513
1092299
1081022
1097141
1089174
1107998
1104070
1098807
1105856
1081928
1100396
1112667
1113709
1101469
1094420
1105219
1091196
1089707
1108291
1075498
1100211
1110913
1113599
1101738
1088551
1109804
1104991
1088715
1100474
1103667
1096544
1080047
1132325
1099803
1100418
1099556
1088869
1083981
1097790
1094286
1099538
1087788
1098369
1094039
1113163
1090320
1095915
1091880
1104150
1100561
1120271
1081683
1087160
1121422
1094131
1086094
1101578
1087465
1096910
1095795
1081176
1108078
1079274
1102349
1099334
1102709
1101142
1091929
1083436
1095955
1086440
1111873
1115399
1103008
1101360
1109770
1089785
1090978
1096585
1093836
1102761
1095453
1111883
1104103
1096017
1093358
1089812
1107947
1090139
1090973
1093184
1081175
1092347
1093554
1089413
1093955
1083045
1088204
1106295
1113743
1102292
1109663
1097985
1108205
1110614
1101181
1089917
1109333
1093646
1106336
1101510
1115774
1113778
1101847
1106988
1095230
1114688
1086867
1102031
1109702
1085514
1091067
1096643
1106871
1103550
1091240
1094544
1114534
1099468
1118112
1105812
1095381
1083004
1090384
1095025
1089802
1097527
1096886
1088037
1094663
1104850
1089080
1114449
1121137
1116732
1099956
1090751
1104233
1089829
1081967
1112764
1103398
1133911
1101387
1094097
1104813
1092006
1104084
1098973
1085482
1101140
1103043
1086768
1096701
1094115
1088363
1106042
1092757
1116378
1105577
1106231
1075572
1096509
1090640
1080689
1095804
1082079
1094664
1103020
1108583
1102103
1096978
1110206
1106368
1105863
1079108
1106946
1095827
1088300
1089804
1102809
1099809
1089739
1083729
1098306
1101516
1094669
1096751
1100236
1113159
1094553
1103256
1108364
1084732
1104875
1112199
1109800
1108640
1098050
1106524
1097591
1097413
1103387
1093022
1095874
1088212
1113109
1076546
1086492
1082724
1076578
1091573
1091786
1103952
1093988
1088854
1104863
1092225
1089341
1114577
1109912
1097311
1102409
1106494
1098879
1100755
1092547
1097765
1095604
1109433
1077730
1106209
1082444
1100811
1091896
1108061
1097724
1093014
1102915
1097503
1110531
1088404
1095690
1081346
1103673
1109207
1111752
1100804
1109957
1112918
1097881
1085283
1092633
1115616
1086284
1102968
1095527
1102121
1085111
1096171
1097906
1090271
1087520
1109679
1109664
1091176
1111488
1100184
1100776
1085952
1101122
1122987
1108917
1095235
1111103
1113834
1085377
1107578
1114519
1092591
1110436
1091845
1107843
1104408
1090688
1097086
1093296
1101182
1090731
1107255
1099310
1098588
1101531
1093747
1109115
1090579
1082149
1093795
1084363
1104133
1090281
1107062
1104631
1111072
1100726
1110378
1086509
1093756
1095902
1104028
1099785
1097295
1104122
1095897
1098363
1091351
1093768
1102078
1091410
1099125
1096782
1098462
1088973
1089943
1097477
1113395
1085671
1083173
1085597
1090077
1111520
1106471
1101187
1103388
1099133
1098275
1107739
1114896
1092359
1101179
1103678
1090754
1107930
1088611
1085326
1111033
1088778
1095353
1085532
1092962
1106602
1111573
1091281
1103683
1078091
1098389
1095560
1093771
1107879
1097866
1096833
1130931
1094571
1102268
1101043
1098996
1114873
1113623
1084557
1086201
1089264
1087283
1114503
1100397
1111215
1094599
1093349
1094291
1118047
1106200
1093820
1110831
1082908
1090157
1076073
1101651
1083190
1103541
1112244
1101903
1087569
1077555
1103660
1095324
1119430
1108170
1082992
1093106
1094102
1092987
1115851
1098218
1092561
1088047
1088973
1092752
1114517
1096565
1075899
1098538
1103295
1099111
1098263
1101791
1095420
1086803
1098372
1084447
1088969
1096651
1084563
1096916
1102215
1108118
1100894
1092707
1122961
1093401
1107026
1098599
1076449
1094598
1094576
1095480
1092723
1100372
1080706
1097477
1092365
1093760
1104022
1108106
1119314
1094149
1102832
1104380
1092871
1103093
1112185
1104538
1114987
1099031
1108884
1103330
1089532
1093461
1103588
1082657
1083935
1094575
1100065
1081627
1105018
1095777
1090455
1102766
1088483
1092652
1105474
1084175
1102362
1087491
1104001
1097231
1104598
1098334
1088046
1072550
1109433
1091731
1081756
1090877
1091919
1091033
1088178
1100133
1080041
1106265
1096460
1112413
1089066
1100752
1099626
1099632
1102546
1083727
1091773
1086434
1075300
1092572
1071349
1090094
1087625
1087016
1105778
1100139
1097737
1090689
1096428
1110630
1118610
1102077
1092513
1108378
1118593
1099294
1085468
1101260
1103362
1099041
1094581
1097923
1089501
1087610
1086694
1092461
1104098
1098801
1095063
1109257
1089874
1094483
1083585
1107950
1099075
1107175
1091947
1094491
1094166
1089451
1095184
1105326
1086866
1089662
1084128
1088823
1099115
1090005
1092696
1113895
1104384
1097512
1102052
1105986
1097264
1102974
1102088
1102456
1113249
1087747
1094061
1093342
1101791
1093653
1104252
1096768
1082178
1111969
1101328
1087206
1094289
1084779
1096314
1105670
1093967
1092160
1107455
1099793
1101758
1108909
1083321
1099511
1102385
1090034
1097607
1080894
1116281
1100043
1088158
1102079
1088435
1121142
1110342
1102323
1094749
1104836
1078834
1097159
1081364
1095550
1098681
1099095
1097293
1100407
1108047
1096052
1100483
1095255
1087613
1094122
1102623
1114341
1111735
1113956
1090231
1106198
1085763
1093589
1102568
1106100
1089484
1099672
1088777
1076281
1095313
1099158
1106642
1099091
1083883
1112396
1091092
1098806
1106520
1090280
1103163
1091677
1093588
1100504
1098225
1106057
1082443
1107601
1114406
1113263
1108660
1096504
1103824
1106519
1101658
1087821
1099287
1080209
1102386
1090264
1101875
1081628
1095326
1091732
1099726
1109767
1121419
1084162
1116609
1094842
1089277
1106005
1107145
1099151
1095652
1110283
1095631
1087565
1097787
1113831
1099691
1093551
1088320
1099226
1103729
1119317
1078989
1097621
1131188
1102551
1077964
1098807
1093254
1107821
1102724
1080579
1099469
1100763
1091206
1095124
1098617
1099488
1070139
1102702
1089805
1113548
1110530
1094337
1123185
1100203
1096774
1084693
1095529
1089933
1089734
1104676
1087415
1114747
1090930
1130673
1101928
1095416
1098866
1095259
1102493
1101770
1108882
1115269
1109582
1094779
1103227
1112426
1097712
1081140
1084470
1120020
1098738
1103737
1085710
1086207
1089539
1102161
1088599
1100787
1100912
1105334
1118921
1108999
1096424
1103055
1106446
1114060
1095850
1105772
1122764
1072437
1109572
1073885
1082050
1101285
1085688
1097257
1113575
1097906
1093357
1082220
1110101
1117831
1085522
1091829
1110552
1095658
1097455
1107147
1081815
1095778
1103432
1092213
1102263
1106972
1109715
1095196
1114171
1104521
1096098
1099632
1088960
1090631
1108153
1096121
1092575
1107408
1088133
1118163
1110529
1109582
1093217
1102093
1092865
1087183
1093161
1085051
1091164
1107678
1098701
1107276
1098030
1130272
1098575
1100226
1107986
1095816
1084249
1088101
1097283
1097985
1105585
1092951
1108116
1101896
1107196
1114125
1085197
1100090
1095236
1098246
1084578
1104456
1096661
1084872
1096748
1112947
1083723
1092848
1098838
1090741
1094812
1111296
1092016
1091924
1098712
1109833
1098494
1093201
1090328
1097834
1101865
1110973
1108062
1104020
1105131
1111726
1084131
1102455
1099533
1103537
1094721
1094750
1078055
1104333
1084739
1103184
1102745
1092334
1099570
1102512
1095814
1099067
1102363
1093926
1092280
1087605
1094465
1119649
1097871
1104205
1112749
1085670
1108909
1093843
1102008
1102590
1091323
1088082
1114527
1102266
1101837
1077612
1116908
1088677
1093741
1105939
1097005
1097236
1095624
1097562
1093469
1093193
1108997
1096983
1087297
1074148
1118195
1092159
1083911
1100779
1094039
1086526
1090567
1104246
1096330
1120914
1105303
1094441
1096736
1092968
1093485
1095211
1095744
1117492
1094991
1105886
1084681
1102699
1090361
1107712
1109193
1098506
1091332
1081489
1103449
1114339
1096152
1087521
1095944
1100283
1099068
1107473
1106809
1084902
1107026
1105868
1092837
1107246
1108477
1091105
1090368
1092416
1095064
1104504
1096977
1103067
1106278
1098043
1087365
1079062
1112562
1086520
1099107
1092292
1087941
1101141
1088835
1112277
1087043
1111196
1095859
1097498
1099173
1109058
1087137
1121012
1093936
1098683
1081186
1083973
1108188
1128237
1107729
1076567
1102473
1086307
1101143
1110135
1110623
1110282
1098752
1119468
1079937
1098808
1099115
1071750
1090319
1078793
1090433
1121059
1109101
1091078
1090962
1100640
1108635
1089768
1089051
1101252
1105019
1080836
1123349
1089931
1102462
1094636
1086748
1108909
1099655
1101109
1098563
1101160
1093544
1097929
1092036
1088957
1106823
1122848
1100995
1098465
1087188
1083551
1086382
1115647
1079940
1101152
1084533
1094571
1096983
1092198
1085811
1096182
1104979
1090564
1100742
1113098
1096684
1107022
1123084
1093705
1119624
1088266
1073251
1102301
1122856
1095325
1091316
1100433
1094888
1102657
1112087
1085194
1101489
1103583
1112383
1106587
1093614
1102949
1105371
1102057
1100431
1074938
1094184
1089916
1092645
1076808
1103396
1089764
1113052
1098950
1105693
1112008
1100883
1103701
1101569
1091375
1104573
1109938
1098987
1089346
1097663
1110752
1080816
1098792
1106783
1090107
1101246
1104649
1090453
1080863
1099817
1094676
1106967
1099847
1094059
1084542
1086553
1106308
1087186
1090436
1093593
1097708
1106061
1097912
1105957
1114693
1100677
1105468
1080219
1087232
1093108
1102883
1100774
1115696
1094939
1092153
1103838
1090729
1086999
1101018
1106208
1100787
1089541
1102050
1090715
1101289
1118680
1098804
1090856
1098447
1095270
1097693
1104547
1097463
1081798
1101479
1075897
1103618
1089650
1092882
1104234
1092435
1086714
1107310
1082733
1095213
1097734
1113120
1082672
1093131
1110781
1091863
1092098
1104326
1092065
1090493
1101823
1079414
1106310
1116797
1100296
1115434
1094076
1099559
1111632
1110581
1101910
1089421
1110283
1107467
1085825
1098506
1095621
1098277
1106253
1092643
1092486
1107640
1113278
1102229
1099646
1088711
1108194
1100951
1108656
1110252
1087101
1084499
1106949
1094116
1103570
1087625
1087476
1089400
1094420
1111406
1102472
1096281
1084084
1096597
1094742
1081654
1096816
1095428
1074707
1103834
1088042
1099221
1100286
1116282
1109499
1101447
1107819
1097686
1086204
1100168
1100288
1086197
1083037
1090256
1105886
1111306
1087700
1093506
1103939
1094789
1113993
1094089
1107112
1098279
1081404
1088648
1084202
1109650
1090875
1091330
1093683
1099902
1085894
1096898
1081611
1081239
1099045
1100785
1100409
1115463
1100975
1081836
1090746
1095571
1090335
1104345
1083577
1082799
1097839
1099156
1109037
1094590
1081681
1094176
1086578
1099051
1095592
1117393
1092934
1095034
1102857
1115482
1104915
1096634
1108842
1096926
1087959
1080370
1086301
1105484
1117301
1089887
1077935
1087726
1106908
1120120
1091283
1104519
1113435
1117686
1102853
1091333
1106064
1092679
1091288
1106660
1096897
1107753
1105872
1105354
1090932
1097193
1105799
1113862
1106860
1112259
1105089
1094896
1103956
1109845
1093280
1120150
1118225
1113540
1093322
1107444
1098215
1096629
1117724
1083686
1090949
1110610
1085451
1080868
1099901
1110615
1100303
1104352
1108652
1092254
1089648
1084259
1098111
1109267
1093018
1085062
1091447
1091520
1093338
1092205
1107859
1108437
1081776
1102495
1084067
1103277
1111340
1098765
1084254
1108561
1092711
1101908
1103659
1099082
1092263
1094468
1105968
1090775
1114842
1108956
1095107
1100718
1083463
1090205
1085409
1098789
1112559
1101496
1086259
1072545
1102088
1099096
1100892
1086370
1076776
1111238
1100023
1094495
1096580
1116974
1114873
1097811
1095913
1099111
1096144
1109711
1095092
1106171
1098264
1113023
1084726
1086091
1091937
1107579
1100466
1095456
1096073
1110337
1103982
1119079
1105910
1099324
1107993
1090689
1088446
1099447
1100015
1095181
1106885
1095959
1098199
1111677
1075889
1102533
1111599
1109848
1103894
1107768
1091365
1093226
1085717
1094819
1101011
1089314
1103365
1110961
1103167
1085574
1120448
1095030
1097087
1082173
1096293
1079704
1099470
1120972
1109455
1112335
1085969
1106973
1096551
1115027
1092148
1095857
1085115
1091253
1097650
1108840
1110745
1095193
1092259
1107390
1111242
1107323
1100287
1103169
1121512
1096993
1086917
1108531
1097774
1086627
1107165
1094106
1083372
1102495
1078494
1085537
1087542
1089301
1086388
1101192
1114523
1112469
1102665
1080138
1085421
1114990
1080607
1105971
1093820
1090085
1090784
1111434
1095334
1086903
1104389
1107656
1107403
1112779
1096080
1093415
1085743
1086674
1095989
1101303
1077698
1097990
1093961
1097492
1076949
1091315
1111749
1101733
1094824
1088820
1099007
1107725
1088126
1103130
1119599
1090670
1083383
1092635
1110788
1087942
1095587
1110885
1091681
1111819
1116770
1082858
1088553
1111760
1101658
1099502
1100653
1103562
1119552
1090940
1089915
1097826
1088745
1079725
1118290
1108283
1103591
1102645
1096314
1095642
1103247
1095152
1097292
1116945
1092281
1102161
1085643
1080669
1088294
1094953
1110900
1114466
1103314
1089470
1112265
1102468
1120005
1113231
1105153
1080000
1074597
1107966
1091519
1075429
1107534
1090443
1101141
1100204
1099598
1111562
1113088
1090319
1094151
1097323
1089640
1092309
1092754
1090839
1089079
1091972
1100699
1096611
1092858
1110683
1101256
1093442
1107901
1082462
1085043
1097442
1103578
1090335
1078355
1090334
1089313
1108187
1113050
1095373
1110440
1103370
1069426
1095749
1120091
1104071
1092083
1101437
1093477
1095665
1122900
1099889
1108750
1087207
1122828
1101280
1101240
1077919
1099984
1104016
1095939
1102121
1105478
1091790
1092767
1097051
1091944
1099890
1083805
1105058
1091378
1092208
1122931
1093536
1094990
1100613
1102021
1104727
1092862
1108143
1077531
1081172
1093087
1101443
1067347
1083224
1092645
1084198
1102379
1097642
1100368
1096431
1096193
1096639
1091986
1099410
1090773
1081019
1091526
1099307
1095921
1087741
1102395
1100965
1088572
1109404
1119333
1093982
1104505
1105759
1090611
1089099
1086092
1092948
1101278
1088022
1091567
1102287
1103613
1098917
1083074
1102424
1074406
1100303
1088688
1124180
1104976
1081278
1100514
1102397
1097458
1084824
1096717
1086880
1094328
1095484
1090967
1088807
1086880
1083431
1101821
1111589
1111122
1086144
1092517
1103039
1098942
1104004
1097236
1104359
1086265
1100721
1097716
1098798
1115061
1097104
1098101
1114009
1096915
1086621
1115204
1117973
1096453
1103758
1115033
1112018
1097418
1098718
1095850
1110552
1086315
1095055
1084350
1113986
1086292
1087660
1103734
1099209
1090415
1107206
1113809
1099089
1119124
1084601
1088962
1091039
1105672
1096899
1088316
1101441
1081136
1109421
1096791
1093422
1098204
1081405
1098427
1084972
1098049
1123539
1086356
1095940
1096606
1088663
1084923
1081640
1082083
1109489
1098156
1090684
1083815
1080197
1105631
1118170
1100785
1101432
1095167
1100112
1102690
1110173
1088238
1108503
1116155
1094571
1093375
1099394
1110633
1092838
1096316
1112988
1103907
1093218
1093823
1093147
1107701
1115389
1105859
1083176
1078280
1085660
1084370
1111605
1102860
1114913
1094593
1096661
1100929
1094608
1094105
1116225
1094619
1127391
1098645
1115886
1099702
1084836
1102706
1099525
1091519
1091326
1098173
1093401
1088811
1095307
1123573
1095441
1095736
1099498
1081154
1108649
1097894
1101724
1090025
1097291
1105704
1081286
1094363
1101279
1095264
1096637
1088866
1109291
1087262
1119321
1101325
1096109
1091736
1093547
1112885
1100192
1093844
1088585
1095867
1107397
1102775
1111753
1110231
1087091
1085114
1099673
1096883
1092932
1113921
1108130
1105701
1100794
1104274
1100318
1089360
1103618
1101620
1126709
1101976
1090274
1102909
1095797
1097438
1110569
1104490
1101095
1092361
1095031
1088836
1103579
1096214
1102195
1098793
1086838
1071131
1095677
1132472
1110723
1100779
1103250
1110041
1082791
1111174
1114230
1091899
1103611
1090430
1105395
1106831
1105759
1097631
1094396
1100882
1110394
1093693
1098261
1103489
1097749
1095873
1101428
1076786
1087700
1105895
1111712
1093816
1104988
1102591
1118211
1101588
1095156
1078480
1099082
1094675
1117314
1104244
1109205
1096369
1088490
1096428
1089828
1096040
1086868
1113258
1110418
1095713
1102007
1105686
1102767
1117151
1095766
1084465
1104094
1100972
1096842
1119488
1098425
1099464
1103937
1114767
1095663
1090481
1099431
1112382
1086592
1110581
1093979
1102320
1099512
1097767
1097243
1092625
1094454
1090882
1089068
1088135
1093247
1097114
1099774
1094971
1092740
1091404
1092769
1093706
1101011
1097908
1097633
1110485
1119389
1093602
1095702
1094410
1082180
1085799
1113492
1091827
1096595
1093485
1104036
1097390
1091563
1111736
1101535
1092492
1082151
1093810
1112944
1080060
1108570
1108676
1102509
1098809
1098765
1093484
1094885
1097914
1085603
1121410
1113280
1107202
1091069
1096281
1107617
1097009
1077650
1101340
1097365
1100708
1108222
1108929
1083581
1101736
1099404
1105114
1120153
1110027
1121014
1107387
1089635
1094035
1103595
1091005
1110714
1102946
1084482
1100653
1095619
1097004
1095566
1095172
1113261
1096832
1087150
1108203
1083656
1100999
1090756
1077790
1096060
1085406
1105125
1092976
1086186
1104140
1125181
1107369
1093228
1091022
1088256
1099315
1090325
1105524
1106866
1090677
1095311
1088100
1092354
1100369
1112875
1082557
1104783
1113590
1088983
1105651
1094933
1101326
1088634
1099623
1104309
1107718
1100184
1098743
1105560
1101375
1104078
1092702
1113212
1088270
1123063
1093186
1094829
1127336
1085478
1098028
1107809
1099041
1085919
1106024
1101700
1103766
1075014
1101385
1109954
1089720
1103234
1100209
1107561
1105056
1093421
1082593
1089993
1093288
1091034
1111321
1104934
1100515
1098993
1105284
1086253
1098626
1103139
1081547
1094225
1121067
1111059
1088080
1082699
1092397
1103155
1099526
1106530
1095587
1095428
1097699
1088822
1105470
1088252
1107030
1088623
1121074
1101956
1108282
1083785
1107625
1095297
1095309
1096776
1100818
1088330
1095179
1102961
1088788
1100464
1101246
1092960
1086650
1125105
1086026
1094285
1104576
1112225
1088034
1120198
1087398
1110320
1111896
1096228
1115765
1094849
1085675
1087670
1087447
1105825
1104412
1109327
1102056
1088680
1096681
1102868
1131936
1098911
1083748
1088257
1088342
1097720
1104323
1092478
1091247
1099169
1086133
1090539
1100135
1088004
1098782
1086058
1084678
1095876
1086813
1097471
1102297
1091839
1093284
1095420
1120413
1102989
1103259
1093783
1097660
1107162
1104903
1100624
1093141
1119129
1087549
1091945
1104969
1089535
1099593
1120557
1098161
1084654
1092790
1110822
1098398
1102998
1087449
1103843
1093752
1091516
1091983
1114642
1098673
1112515
1094004
1107097
1096341
1100436
1090908
1105292
1092637
1094969
1102283
1088935
1098179
1105956
1088818
1106654
1110389
1083948
1105214
1102792
1107129
1084018
1105348
1106922
1115379
1097453
1096770
1118893
1088781
1103948
1102497
1107375
1099553
1100251
1090595
1104505
1097680
1093206
1094540
1096846
1082931
1112349
1097083
1098947
1081584
1095909
1094444
1093230
1111273
1104118
1091749
1091881
1087681
1091680
1100147
1095447
1087697
1091182
1094656
1098941
1085875
1091277
1101881
1105735
1089405
1105053
1088960
1109953
1100198
1083635
1079338
1081726
1072839
1090659
1098309
1109936
1110767
1094528
1092524
1104680
1099689
1122502
1111468
1096667
1107683
1096836
1111555
1079548
1103013
1110693
1104314
1083909
1100968
1104693
1112367
1096313
1097360
1099905
1093104
1095748
1122881
1090336
1096433
1096964
1083397
1099231
1108113
1094030
1125036
1088189
1087179
1091437
1098205
1092815
1101309
1097998
1105247
1113135
1098821
1091482
1085348
1088854
1128602
1091658
1105644
1093598
1095336
1104556
1098809
1113396
1107780
1096337
1090148
1104996
1094211
1102660
1074320
1091352
1105822
1078563
1105754
1087315
1098791
1097083
1084243
1098897
1093089
1101503
1089188
1102597
1102203
1125307
1086011
1094779
1087189
1096228
1097279
1101835
1108072
1100429
1083602
1115510
1087954
1115378
1084995
1082970
1098323
1091745
1096307
1119563
1092391
1097835
1085878
1113114
1103156
1097590
1102833
1106003
1103439
1100992
1094057
1093367
1087939
1107030
1106463
1085478
1106433
1105496
1097324
1102704
1087889
1091089
1116224
1112378
1100328
1089890
1087515
1097207
1093035
1099372
1082606
1092683
1103340
1092394
1110232
1101412
1102216
1102552
1079084
1091528
1108341
1087544
1100948
1082211
1112541
1101921
1093180
1088071
1093100
1096428
1106561
1089635
1119655
1075208
1105437
1088533
1100678
1093780
1122063
1093823
1087377
1092092
1100638
1090389
1102910
1091117
1099045
1095917
1106049
1085209
1076926
1108338
1086079
1093284
1086680
1087958
1106963
1102390
1114661
1087040
1110488
1100878
1112972
1095176
1095052
1099196
1092664
1092579
1104406
1088926
1090419
1097773
1124944
1102842
1087133
1099396
1085186
1095051
1090816
1096490
1100444
1107716
1125525
1106615
1109979
1108085
1113397
1102474
1090995
1101092
1117207
1100150
1096803
1110645
1100272
1086514
1099466
1093006
1094794
1093795
1101791
1095902
1109121
1103108
1094692
1076618
1100200
1106616
1098015
1095534
1099290
1091467
1099371
1101789
1084482
1088980
1103955
1098477
1099881
1115870
1103981
1108781
1087364
1102840
1109008
1115978
1086389
1101643
1106043
1090083
1119783
1094005
1097098
1097790
1103552
1088076
1091883
1084247
1105604
1099786
1090251
1078840
1114529
1101569
1106017
1080921
1092960
1096275
1098661
1089865
1090987
1092665
1107561
1103204
1107048
1105095
1102254
1106604
1102637
1100552
1089145
1100500
1093271
1099854
1113048
1100252
1097514
1113943
1094304
1099147
1103204
1093387
1125826
1089430
1108146
1097928
1118633
1102016
1079962
1112334
1106347
1085640
1088222
1088561
1091204
1100037
1088234
1103955
1082771
1074408
1107797
1101183
1095127
1096555
1093768
1102501
1092636
1113212
1108004
1110444
1112020
1106626
1111113
1104574
1097636
1096171
1097291
1095931
1106486
1093582
1083784
1095561
1107577
1085460
1108193
1126609
1094439
1091254
1111986
1095417
1105046
1095549
1092928
1101536
1102987
1102178
1095191
1094305
1103068
1118226
1089703
1102617
1084349
1088871
1115000
1089041
1097123
1093624
1089943
1103801
1101928
1109300
1106089
1111253
1108562
1104845
1102672
1107063
1092016
1081741
1094107
1101539
1092482
1100919
1094747
1105307
1114000
1127112
1089119
1088108
1103224
1105782
1111536
1091553
1102045
1100064
1081823
1083171
1106608
1105256
1094321
1078069
1104022
1087404
1089764
1106049
1100425
1102998
1100964
1092833
1079642
1106443
1092082
1100387
1097184
1082786
1105616
1101465
1099886
1118668
1090524
1094152
1093665
1089027
1092370
1081266
1109746
1101763
1091762
1105505
1091324
1094349
1099310
1082372
1097645
1087121
1092011
1091112
1103401
1105380
1092860
1094871
1109521
1103629
1097014
1095651
1092356
1090622
1085784
1091651
1098758
1093923
1090428
1100026
1082949
1096064
1092227
1101509
1102268
1096340
1104823
1104401
1086619
1103988
1092852
1104029
1101206
1091135
1100077
1119597
1110280
1109746
1101667
1089861
1092564
1108556
1087604
1105215
1094558
1100673
1103776
1107112
1109319
1087177
1076864
1081691
1079942
1108944
1100154
1093565
1089141
1108226
1083531
1092997
1101520
1096841
1093442
1093329
1104686
1088813
1087586
1096203
1102912
1106728
1091930
1097154
1120788
1100084
1094130
1105710
1102253
1100855
1086414
1109588
1117740
1094488
1089111
1095426
1087524
1090474
1098019
1102021
1100412
1092432
1104575
1093477
1104374
1092953
1120034
1104005
1102290
1105744
1092511
1089761
1113521
1088905
1101933
1088153
1089955
1101319
1096680
1080478
1095281
1095974
1099087
1080923
1111346
1114059
1105261
1105591
1093368
1102289
1089021
1116466
1100467
1102964
1089153
1126900
1098905
1097974
1098131
1104377
1092929
1100487
1099276
1088990
1082349
1109415
1099479
1102292
1111022
1093779
1100911
1099128
1101042
1103501
1094978
1085448
1112904
1095735
1105765
1075555
1089776
1090278
1086189
1090639
1096923
1090654
1097284
1089674
1105071
1091273
1093885
1094012
1092591
1113845
1082619
1098074
1106400
1087609
1104073
1097125
1117663
1095894
1089067
1088652
1092438
1086442
1093961
1091571
1090550
1087726
1093588
1110050
1084562
1086923
1103040
1100348
1111460
1103580
1118815
1087727
1099693
1092772
1086562
1091629
1094081
1109770
1098894
1101772
1084715
1090198
1078817
1082228
1101433
1108995
1093930
1110436
1111031
1092522
1121106
1108538
1101050
1106732
1090090
1109319
1098492
1093959
1097147
1109806
1108497
1106829
1092616
1084012
1100637
1105969
1088819
1104918
1104898
1087012
1093472
1084019
1086568
1083514
1094647
1083337
1098396
1104984
1107740
1099267
1102824
1098420
1095032
1096991
1108045
1096048
1105774
1102149
1103363
1083814
1087650
1092617
1105525
1081641
1102456
1100789
1093852
1076245
1100649
1112580
1102035
1092891
1091107
1101415
1083839
1094094
1109063
1101876
1108606
1091074
1072990
1082753
1090163
1084518
1113775
1096646
1099097
1084945
1099184
1095140
1097550
1094284
1100361
1104485
1107276
1091368
1092804
1084524
1091244
1109991
1100303
1097857
1096323
1094477
1072230
1099497
1093813
1100475
1086190
1102268
1095527
1096056
1101500
1083187
1105426
1093591
1085449
1125786
1101430
1092885
1113785
1078990
1111153
1091020
1099231
1090896
1101493
1097010
1103993
1076990
1117751
1110651
1084313
1104465
1095764
1098053
1095373
1089921
1103733
1086689
1081744
1103295
1081150
1083236
1106602
1096630
1115808
1112753
1087639
1091251
1101372
1110120
1111905
1103027
1091414
1091697
1097642
1095439
1099202
1102349
1092376
1087118
1110527
1081902
1089400
1097266
1102767
1094353
1092963
1110688
1101500
1098175
1092779
1099715
1111165
1080637
1084214
1105449
1091307
1075266
1100833
1097806
1100896
1095603
1083374
1098728
1101659
1096423
1106444
1108874
1085147
1090273
1091017
1096497
1085602
1102952
1095369
1093202
1092729
1103428
1100893
1094461
1132272
1089342
1083455
1092772
1105242
1112368
1107171
1090722
1099627
1082038
1086738
1101711
1095561
1098280
1096165
1098186
1114379
1109382
1106890
1116183
1096017
1103511
1090197
1103093
1092048
1104722
1101512
1098555
1088224
1094757
1106574
1088607
1123248
1095303
1092451
1108216
1104027
1109284
1101201
1102298
1121211
1104609
1118139
1098616
1117943
1112929
1105628
1104865
1105068
1101471
1101788
1095116
1110531
1084227
1096787
1097888
1097517
1105163
1101497
1093950
1089582
1101576
1131258
1116381
1104586
1110511
1090340
1089849
1086119
1106176
1090001
1090609
1092003
1104931
1079818
1104045
1093905
1088711
1096483
1102598
1095307
1097649
1090075
1109460
1105888
1087022
1085450
1101665
1120653
1121726
1103649
1077399
1107879
1116164
1101074
1101090
1099806
1086306
1088301
1099096
1107298
1105129
1089910
1096350
1105172
1089529
1092660
1101663
1090956
1090048
1112080
1102005
1090469
1081850
1096726
1078175
1097628
1091523
1087048
1097466
1093045
1092900
1109329
1088607
1100021
1094165
1094161
1096605
1094266
1097519
1097323
1100669
1081999
1096262
1118809
1097821
1089600
1083259
1097410
1098219
1085877
1096540
1117018
1103079
1085951
1097596
1106501
1089756
1102561
1115193
1086416
1097884
1104261
1105566
1103944
1079879
1095116
1092917
1108020
1092875
1091353
1100301
1108323
1099075
1086384
1111211
1099505
1084164
1088503
1099001
1081849
1082337
1099400
1101739
1094914
1097449
1117651
1105199
1101458
1120303
1087884
1109275
1098022
1079580
1112290
1085182
1095548
1100948
1102644
1092148
1104140
1086501
1096262
1095036
1093293
1089369
1090552
1111049
1103891
1093608
1082196
1105921
1095697
1095762
1096138
1107985
1093669
1092292
1109267
1102724
1076125
1103510
1108727
1094225
1087450
1105554
1085304
1097879
1088740
1105592
1121659
1093069
1082439
1108814
1088848
1114628
1082959
1101165
1092384
1093807
1104554
1084882
1107450
1107812
1090261
1088843
1114876
1104293
1084872
1093547
1097687
1092106
1104082
1100223
1104249
1117394
1111536
1077052
1111420
1094803
1082803
1102211
1078343
1090652
1101214
1113795
1095453
1082401
1080669
1094650
1090899
1098795
1090617
1088990
1105542
1097331
1110865
1104692
1106949
1086317
1083234
1085676
1081707
1096872
1069104
1104582
1110906
1114472
1107535
1105212
1092217
1087345
1095935
1095101
1094442
1113294
1092363
1109756
1090307
1090245
1106052
1109612
1105841
1125818
1092970
1097901
1105616
1120847
1101224
1108874
1095555
1110094
1094297
1100261
1105969
1108504
1093349
1095074
1100470
1090105
1091798
1101188
1102368
1120551
1094431
1088526
1099092
1073387
1082713
1091310
1095402
1103933
1099701
1109782
1098805
1092838
1103620
1098971
1087852
1083263
1092129
1091817
1098059
1089566
1101444
1103847
1082233
1103147
1094143
1108278
1096246
1093227
1105551
1107540
1114441
1096122
1107035
1114307
1089776
1082600
1099559
1117158
1091795
1088580
1095062
1106542
1101110
1092139
1119891
1109651
1089555
1103290
1097393
1086732
1105222
1106372
1095346
1103326
1101350
1093758
1112542
1118711
1090454
1107944
1087664
1133320
1102542
1074508
1114078
1093964
1089095
1085460
1113070
1114242
1081666
1097294
1101235
1079346
1099912
1093607
1101674
1101372
1092755
1088726
1087341
1087045
1082649
1115948
1089138
1098160
1082578
1111410
1104961
1102807
1086507
1111501
1083338
1102873
1107972
1090221
1104149
1105894
1098417
1093953
1091445
1109732
1106506
1091208
1113961
1136938
1088181
1119882
1114972
1096658
1111695
1102281
1100561
1087807
1099762
1105761
1110659
1098689
1103840
1095196
1102548
1093415
1097971
1114814
1093899
1100738
1103592
1082282
1089260
1105005
1119244
1094387
1098019
1094236
1123049
1099926
1093268
1080631
1082488
1116459
1101341
1108686
1092660
1094898
1097336
1102531
1075403
1095393
1105291
1096153
1085776
1086901
1098097
1097357
1100864
1078591
1093012
1078752
1088848
1100177
1083851
1093175
1097081
1106572
1104383
1108744
1096397
1099270
1085326
1093823
1109630
1100155
1116666
1095872
1088339
1094736
1087177
1119367
1085290
1082949
1110699
1084167
1116856
1105387
1109347
1083174
1101982
1091671
1094987
1107269
1102998
1094973
1100360
1077842
1099554
1110741
1090271
1087647
1086276
1106531
1095605
1099475
1094459
1088896
1103344
1079964
1091786
1099443
1085612
1100092
1095232
1118454
1105028
1094828
1091754
1086897
1089581
1083328
1092398
1118301
1094384
1108577
1106797
1103297
1120054
1105011
1109124
1088286
1089493
1104220
1112845
1102037
1111350
1089603
1086730
1105548
1098139
1090088
1089261
1100853
1093866
1084585
1090187
1093039
1085594
1094557
1112252
1094521
1080170
1101044
1105070
1111130
1086515
1109353
1102762
1104184
1092493
1106355
1086563
1093585
1097945
1105089
1093314
1077105
1097266
1085454
1092392
1097847
1090029
1102830
1095249
1094614
1086611
1101185
1115898
1084520
1078227
1080776
1089458
1107698
1097956
1104550
1109116
1121548
1101149
1089078
1114815
1091891
1096359
1090722
1102834
1096004
1110817
1086305
1086570
1109363
1090778
1098836
1092003
1089560
1088144
1084624
1104152
1097805
1076527
1091682
1120844
1093319
1095744
1104414
1082999
1083560
1107147
1098075
1101344
1105462
1083200
1124282
1099827
1098817
1095722
1102872
1106487
1086843
1097959
1100805
1116733
1102040
1100038
1090441
1092770
1086014
1097883
1089401
1096377
1092661
1096262
1098739
1105964
1095578
1105289
1104428
1111310
1099554
1090510
1110816
1093198
1099127
1093450
1097671
1083055
1115462
1109642
1088961
1080081
1105062
1099230
1094577
1104150
1106529
1096898
1111079
1107136
1086996
1097021
1125816
1118559
1106943
1108877
1093404
1101670
1091436
1088623
1091103
1097892
1099854
1099174
1097464
1090603
1085389
1096857
1095137
1093563
1095104
1113737
1088074
1089645
1097375
1093706
1097439
1087682
1109125
1098222
1104609
1095896
1101771
1120609
1092074
1094868
1094138
1097660
1100484
1101112
1112269
1086721
1094790
1084429
1107186
1084237
1084482
1089779
1089121
1095571
1104219
1086958
1092620
1090630
1083831
1097109
1122342
1087378
1106959
1109854
1096869
1089732
1121679
1099525
1105704
1102528
1095056
1090306
1097407
1096601
1118371
1099009
1108441
1100218
1117854
1105397
1109709
1103532
1097392
1103004
1087784
1081958
1083020
1098601
1101109
1092713
1104528
1087711
1099379
1106765
1098772
1106255
1096610
1102683
1084975
1081364
1111200
1110266
1098306
1085030
1086879
1094180
1096356
1101229
1101888
1092168
1103160
1104421
1118538
1099441
1118001
1095625
1091365
1103349
1088930
1090432
1104381
1089802
1097330
1094645
1108029
1093735
1090619
1110488
1092669
1102812
1083937
1097152
1094587
1110735
1099940
1090237
1108473
1103583
1098093
1110680
1106053
1089231
1093948
1102841
1115173
1095339
1098669
1097705
1098766
1108639
1084860
1096873
1084222
1089438
1110407
1104231
1086004
1115306
1122596
1094736
1095938
1100589
1106222
1089426
1099267
1102213
1103832
1123497
1074772
1111375
1101814
1090884
1097914
1098756
1096484
1114342
1094120
1082352
1107065
1092850
1111287
1118134
1105580
1104130
1087527
1100456
1111566
1096721
1099479
1108946
1109485
1095461
1093076
1091452
1102989
1091667
1081046
1098221
1076765
1093250
1102023
1091451
1085781
1081405
1086483
1080750
1101777
1090583
1103310
1100101
1095778
1109909
1080784
1089999
1093203
1101184
1092204
1084569
1097764
1109287
1102554
1098007
1104534
1116363
1123281
1099728
1087816
1091266
1111844
1096752
1105079
1089396
1091387
1083457
1105948
1086127
1088385
1115930
1092515
1103470
1098013
1097421
1115430
1096090
1110692
1083964
1093005
1105580
1098324
1111914
1101210
1099011
1104326
1093150
1099526
1101288
1107923
1104852
1092272
1116063
1088828
1102356
1101196
1080265
1110716
1092998
1086301
1090335
1088864
1101046
1100858
1089549
1094216
1084343
1111237
1108278
1107191
1082426
1098028
1092982
1076482
1120432
1088729
1109566
1103399
1086577
1126788
1094410
1096268
1087743
1103016
1085895
1102221
1110186
1113232
1117505
1101798
1099299
1099118
1085894
1094608
1095056
1121138
1109397
1103611
1092288
1106268
1097763
1105204
1102888
1106068
1086296
1095261
1093575
1114485
1094606
1100358
1102251
1098262
1103454
1102700
1091913
1110930
1085164
1087860
1114255
1105327
1098150
1090053
1112320
1086723
1098746
1113611
1105687
1110109
1089611
1089533
1104353
1100694
1075612
1086929
1091042
1100299
1091365
1099303
1102716
1092128
1098893
1101388
1087618
1084347
1112147
1086990
1099396
1095721
1105041
1097594
1090218
1087329
1080392
1104155
1100087
1102886
1101293
1106745
1082792
1101066
1109393
1105503
1080880
1093117
1087037
1089370
1106769
1107067
1070874
1104893
1087650
1103090
1100169
1100160
1103703
1097667
1090855
1101981
1099730
1113978
1092293
1101541
1089002
1088630
1119139
1102072
1092661
1108072
1104732
1095864
1099033
1082286
1092022
1098419
1096986
1104197
1100950
1086590
1102911
1097754
1083750
1103198
1111195
1098469
1093450
1098279
1091930
1096577
1107316
1110757
1091958
1110551
1095658
1089546
1090963
1118079
1085866
1111027
1082839
1093248
1101836
1091433
1085934
1101920
1086023
1090508
1103675
1092403
1100542
1091380
1110373
1103667
1089806
1107188
1090839
1098617
1091160
1100686
1087179
1085602
1073093
1101092
1088593
1106958
1104345
1095571
1093262
1092435
1094475
1097307
1089801
1109807
1104083
1080788
1100499
1086489
1093711
1087775
1098876
1105412
1098546
1098876
1111941
1093634
1092367
1096869
1094353
1099004
1091043
1100440
1092715
1101556
1113761
1123459
1107123
1101010
1103960
1097424
1088538
1093595
1098196
1091005
1093696
1083238
1098805
1096620
1083107
1099604
1078797
1091399
1093574
1106796
1083236
1108546
1093156
1094666
1095730
1103296
1088010
1101107
1076586
1103592
1095193
1089750
1089650
1096106
1103344
1086876
1087917
1093930
1100273
1089073
1111788
1089836
1102467
1092730
1074446
1093837
1094400
1087734
1085069
1086136
1089101
1091933
1104389
1090443
1100914
1095050
1103200
1104987
1099324
1104650
1086225
1112265
1105324
1112583
1097566
1098605
1088393
1103532
1094235
1107130
1100385
1100646
1122829
1101152
1110148
1101924
1096499
1106469
1094503
1102106
1117206
1111966
1098723
1087625
1119678
1081465
1092667
1096230
1107702
1087544
1098179
1096756
1097109
1094672
1100412
1093772
1093805
1088842
1097715
1088969
1112776
1106348
1101782
1096537
1095365
1093409
1080965
1085917
1097047
1101927
1102296
1081007
1087220
1101490
1115366
1081895
1094413
1092393
1090610
1096003
1092378
1112047
1112716
1085772
1106961
1074829
1094209
1093592
1100643
1106818
1097771
1090207
1094058
1106401
1112576
1101575
1083027
1077535
1107068
1099409
1095198
1115835
1092877
1088375
1104076
1091566
1099785
1100225
1106686
1100211
1112794
1094462
1093322
1106661
1078192
1094268
1109178
1090777
1088858
1118711
1095096
1096686
1097239
1078247
1114815
1087779
1101965
1086466
1123854
1091893
1104111
1096036
1094465
1098021
1089831
1092518
1107951
1101351
1096632
1089389
1107195
1108967
1093955
1096257
1092528
1077240
1085652
1127500
1105160
1096526
1084828
1102285
1100604
1119018
1106994
1099621
1108446
1101741
1091992
1096745
1085894
1090016
1113610
1083241
1112631
1094727
1120231
1115893
1076288
1089731
1095460
1107677
1087397
1081169
1094161
1090928
1089938
1096530
1113725
1104403
1107813
1094326
1108388
1093788
1113807
1101269
1116485
1089718
1093238
1112651
1088819
1098681
1103304
1094571
1102997
1095203
1072625
1095796
1103700
1094082
1094751
1121282
1116115
1079343
1101705
1088668
1088730
1097865
1107160
1098648
1115282
1106054
1099720
1100870
1076770
1102412
1092744
1100988
1100257
1085324
1089072
1077085
1096108
1117430
1082286
1107222
1117326
1107318
1095507
1076493
1110880
1103050
1103870
1093570
1085737
1093786
1109468
1104117
1089755
1102070
1093135
1106375
1085315
1096670
1081177
1109009
1100778
1094867
1105488
1110891
1083365
1090009
1095259
1089878
1105032
1116124
1098034
1096431
1119172
1110824
1108013
1115075
1101026
1106508
1104606
1088482
1093108
1110934
1106273
1094957
1088430
1105640
1113913
1103720
1115983
1081980
1093842
1101413
1093932
1092603
1091138
1093260
1105487
1092458
1091129
1102092
1105427
1105790
1100042
1091197
1081716
1104700
1095763
1097212
1093860
1093078
1097089
1079909
1105040
1092501
1102133
1093382
1088578
1105527
1091339
1092935
1095532
1106629
1111057
1112117
1117916
1115693
1102118
1102656
1100900
1097002
1087165
1106108
1082927
1108571
1099700
1090827
1115452
1102685
1092579
1115486
1115653
1090137
1106238
1097318
1113277
1097485
1082497
1093123
1082306
1111199
1089350
1096225
1092130
1098756
1111581
1094382
1099511
1100560
1095245
1101902
1093284
1088750
1097881
1103342
1108320
1088994
1081052
1112519
1140390
1094604
1108047
1100682
1105662
1077144
1099450
1098836
1100624
1101810
1106879
1092961
1094884
1088887
1092087
1101521
1102270
1085407
1102270
1102758
1120632
1096019
1092456
1088644
1116585
1096595
1095934
1082559
1094763
1106244
1082707
1107191
1094134
1072000
1083411
1095338
1101398
1095008
1091893
1091385
1095772
1096641
1106433
1094443
1101419
1084912
1122729
1097012
1096556
1099093
1094670
1104651
1115475
1083726
1103045
1074586
1100913
1098719
1103480
1084995
1102752
1103366
1094480
1100797
1106783
1099181
1100258
1097966
1099616
1100703
1105801
1102739
1108385
1111347
1098539
1109529
1087963
1093077
1103870
1083663
1104604
1098221
1096334
1118320
1108847
1092005
1088618
1108030
1104892
1087891
1094103
1105673
1103455
1107774
1108165
1106025
1101030
1104500
1088868
1111869
1112155
1095179
1112836
1098915
1105921
1108084
1105357
1094415
1107283
1101276
1087227
1089125
1088346
1091040
1096658
1101187
1097763
1102605
1089342
1090877
1074180
1082039
1091416
1089958
1087431
1095237
1112064
1100750
1102802
1104989
1091079
1092900
1094493
1089808
1113067
1104326
1092671
1087503
1100492
1080855
1099234
1114826
1091653
1090264
1127711
1104703
1105485
1099317
1094398
1095703
1106291
1098774
1104332
1090664
1096586
1091852
1094393
1102120
1091912
1080277
1087453
1092474
1094111
1093085
1103403
1111887
1099942
1098122
1113614
1121524
1090672
1105545
1099745
1106393
1094351
1094162
1100509
1085026
1078898
1079236
1099165
1107183
1100430
1122359
1098228
1085356
1116270
1100099
1101309
1097511
1101886
1094945
1105045
1110165
1098358
1104525
1094157
1082312
1107722
1080792
1095745
1086789
1103712
1117503
1093623
1107947
1087272
1097955
1085345
1092738
1099895
1105287
1091981
1102326
1108167
1103212
1084557
1092568
1097722
1087441
1112179
1097557
1097384
1084007
1099963
1085968
1111537
1097193
1097432
1091906
1096855
1101853
1097748
1093641
1084074
1102721
1078288
1106791
1102448
1099190
1092215
1088374
1090601
1081689
1095487
1087541
1101475
1103613
1096176
1094619
1078431
1104197
1107877
1100527
1103794
1096113
1104763
1080872
1102899
1093620
1103473
1108444
1102682
1122519
1105509
1095888
1105583
1078902
1089626
1070525
1106584
1097296
1101103
1099990
1124066
1102396
1116072
1090295
1101305
1082336
1095597
1092644
1094317
1101047
1119193
1110660
1089895
1089731
1094034
1103873
1099590
1100394
1089633
1112776
1108326
1095727
1127893
1106518
1096682
1081213
1104747
1106251
1078198
1105239
1088904
1103587
1098998
1090643
1077201
1093439
1105557
1084018
1097094
1106332
1106778
1096609
1098981
1079809
1105347
1105978
1102845
1087288
1091992
1086966
1105237
1103483
1098047
1105741
1110500
1116506
1114050
1101830
1101225
1111895
1107884
1102781
1099299
1086228
1099679
1100017
1093829
1095350
1097330
1114227
1107684
1094608
1085553
1093613
1067661
1115777
1104930
1093831
1101911
1091921
1088675
1115662
1094149
1111955
1093126
1094173
1075913
1073373
1109647
1091863
1084407
1105003
1093513
1102982
1110825
1087147
1089639
1096465
1113663
1098404
1115076
1102298
1104045
1083788
1092608
1087253
1085731
1120695
1087876
1118687
1106896
1090884
1100784
1099822
1100035
1108660
1103630
1116877
1090252
1100456
1083428
1080174
1093001
1089829
1097999
1106062
1098053
1097648
1080399
1104864
1104930
1101939
1081796
1115736
1114789
1109529
1101685
1098032
1090383
1097368
1100462
1102061
1096494
1110985
1093413
1091945
1106411
1087427
1085916
1098620
1097600
1093983
1114322
1107026
1093418
1098037
1100430
1090878
1083025
1096178
1097278
1113232
1096525
1086342
1080334
1081067
1107777
1097312
1097634
1099768
1095405
1086735
1116593
1087309
1084743
1081670
1083945
1093726
1088208
1093859
1092245
1092733
1104538
1100513
1095589
1116696
1098140
1104819
1109689
1108289
1095624
1082122
1113529
1098669
1104173
1118404
1086513
1089815
1099876
1095123
1095496
1124303
1103945
1105184
1085115
1086597
1112099
1100126
1098373
1110781
1105452
1100141
1095152
1080794
1081062
1118020
1095162
1088725
1102232
1102448
1086213
1104403
1086578
1107407
1093447
1098226
1106556
1082205
1117677
1103718
1114114
1091889
1102768
1079484
1100053
1101511
1108509
1123297
1093317
1095385
1107191
1094988
1106600
1087729
1106275
1091684
1098141
1094621
1094969
1101581
1099760
1093377
1090587
1087501
1099099
1108359
1097247
1109547
1092576
1098472
1087549
1088446
1103028
1085518
1133056
1102553
1090309
1097932
1087761
1110778
1082962
1100310
1101916
1094145
1092256
1084407
1106087
1091954
1088935
1104079
1107283
1112072
1097393
1113214
1098991
1097346
1097180
1106030
1079629
1106640
1103031
1102442
1105347
1095079
1084540
1096574
1105866
1105064
1102112
1087134
1095823
1102940
1095326
1097749
1097378
1100980
1104015
1095284
1098464
1081194
1103201
1101746
1111594
1104784
1094545
1088492
1111003
1098056
1094067
1109757
1109612
1102149
1083940
1083979
1092536
1110635
1091784
1094933
1108596
1091082
1092537
1085401
1124286
1105510
1099562
1091229
1094709
1089018
1089701
1121205
1090602
1109163
1104434
1083974
1092006
1090530
1084030
1106169
1097522
1106677
1089505
1090073
1114130
1092937
1087956
1101497
1100170
1107599
1109070
1089849
1104910
1088137
1097805
1093696
1102389
1093066
1086129
1111408
1117066
1084755
1107557
1092936
1104328
1102301
1104253
1105119
1085200
1086606
1094140
1100317
1097857
1103454
1100598
1101928
1095927
1100914
1096731
1108171
1083063
1096543
1099623
1098793
1094229
1126851
1100598
1094489
1098343
1097709
1101344
1109908
1105503
1108919
1078402
1102259
1101102
1077561
1081485
1107638
1099708
1103630
1098113
1118074
1109993
1090829
1085880
1109807
1109717
1100168
1101627
1104238
1103639
1103153
1088221
1094045
1089178
1099517
1092602
1081174
1085901
1092433
1099183
1084019
1084504
1100937
1102709
1087709
1092788
1088466
1102502
1091907
1078577
1104486
1102458
1111522
1111842
1097295
1112939
1091014
1082737
1104322
1096794
1104003
1108223
1097926
1101819
1112198
1104802
1099965
1096873
1086114
1087567
1097421
1102124
1100695
1094893
1116002
1099091
1088969
1090893
1109279
1106162
1092304
1095560
1086100
1089499
1091914
1094144
1087777
1093751
1105413
1107230
1098248
1090313
1105117
1091403
1097585
1095022
1099672
1093062
1096663
1101692
1089176
1100080
1097769
1089843
1107190
1109813
1099636
1079520
1088055
1100272
1084839
1097932
1099021
1096365
1098181
1098777
1085693
1094788
1108124
1097189
1092444
1096750
1103055
1100176
1093745
1115272
1104040
1107392
1105998
1117545
1098729
1075166
1108400
1104444
1093108
1081925
1105468
1080174
1116872
1081072
1105855
1100437
1094194
1113328
1097965
1096348
1104195
1101207
1098034
1113708
1109609
1098362
1103570
1090499
1097293
1110014
1099815
1112898
1118524
1108773
1101227
1112630
1086327
1076107
1100296
1086786
1099743
1114909
1096740
1092531
1104763
1087719
1085958
1087597
1094735
1105106
1100399
1100125
1098904
1101300
1101953
1095014
1102413
1113610
1090427
1118631
1096607
1092261
1087809
1103872
1086472
1087548
1123192
1112626
1103344
1092036
1081806
1101015
1105789
1089133
1115046
1097206
1092922
1101994
1109192
1097332
1102942
1106447
1091596
1075791
1091108
1079610
1112165
1086458
1103910
1096078
1102865
1093515
1101683
1088710
1114794
1094060
1084186
1082574
1102257
1079559
1114152
1100122
1091712
1115045
1085489
1077277
1084899
1108461
1114513
1097395
1104270
1096078
1092303
1092286
1082508
1106344
1097995
1090950
1106679
1086742
1100725
1083277
1114706
1084608
1115402
1106137
1089568
1093318
1082325
1090987
1107008
1101263
1102066
1119737
1101938
1093999
1100517
1081078
1101426
1100450
1108984
1088314
1080742
1115722
1086663
1084435
1104244
1088461
1099316
1087196
1101327
1098208
1096812
1112312
1100169
1085252
1091407
1103848
1076375
1100910
1111469
1082487
1100401
1107548
1094849
1098550
1095199
1104287
1091356
1102305
1097403
1088038
1091980
1101039
1080594
1099505
1095916
1092562
1092995
1107150
1099996
1096206
1088041
1105212
1103945
1093737
1105514
1076392
1087653
1101173
1101857
1115235
1099140
1094181
1095997
1111432
1094090
1096026
1095992
1101359
1103140
1097298
1090284
1101574
1094666
1100606
1094561
1118337
1098883
1097181
1086850
1099362
1105328
1103355
1083142
1094164
1096000
1093158
1094528
1090927
1085604
1090043
1074200
1095323
1091539
1110030
1096236
1099865
1113287
1109445
1084627
1117175
1105933
1106826
1106633
1086922
1112030
1086438
1111471
1097956
1114742
1099826
1089997
1100722
1105038
1100361
1085820
1110909
1077924
1087424
1091694
1095382
1092818
1103170
1085196
1097387
1102933
1093509
1099612
1093312
1123051
1106881
1107584
1100637
1076314
1098033
1096243
1092881
1086728
1087143
1111289
1100814
1097987
1093138
1104634
1103919
1100313
1091538
1095916
1108992
1102604
1104093
1082413
1103041
1097483
1114721
1104454
1084558
1080387
1092184
1114470
1111818
1099043
1094712
1073819
1094109
1094504
1107547
1111150
1088244
1103366
1103801
1098593
1094543
1074969
1102125
1107987
1112576
1105347
1099848
1091827
1086054
1098573
1103677
1088670
1120074
1085805
1108280
1087383
1098576
1091822
1094186
1123078
1105287
1096515
1092624
1107811
1090911
1085846
1100187
1073393
1090982
1109408
1096198
1128603
1096405
1102866
1090873
1101608
1086989
1082869
1109567
1093093
1090767
1097745
1090639
1092783
1109705
1076652
1105184
1081987
1088902
1101930
1099918
1107485
1099440
1104406
1105225
1082444
1078175
1087840
1106870
1080902
1100615
1092331
1092970
1103015
1084694
1102838
1101795
1107792
1109549
1088654
1104926
1089009
1090834
1100895
1096410
1086114
1109280
1099046
1112767
1075785
1084615
1099760
1101390
1091490
1105741
1093075
1089482
1105331
1089095
1107481
1092623
1094499
1107802
1089226
1115207
1101711
1093050
1104314
1084454
1090987
1091851
1108588
1092799
1110027
1116564
1092650
1084674
1090088
1091050
1120703
1106775
1111506
1100663
1078497
1092684
1113698
1091609
1107315
1110371
1077731
1102361
1101566
1074151
1095884
1107986
1103392
1103808
1099892
1096523
1109639
1097207
1098152
1098413
1117215
1101924
1101191
1092560
1091892
1093333
1105167
1085920
1092971
1103130
1103128
1108451
1083914
1101589
1106708
1105487
1104857
1110385
1116731
1087982
1080415
1123035
1102002
1093419
1095167
1072069
1103975
1087213
1108131
1078243
1102408
1078255
1106753
1095711
1098020
1100194
1085652
1112896
1103076
1091257
1105475
1106388
1091702
1106605
1102280
1100423
1109953
1099907
1105061
1096642
1100068
1111890
1087961
1093366
1096922
1084474
1095848
1108028
1092588
1102262
1093178
1084098
1102992
1103410
1088651
1096486
1076671
1095503
1100595
1102695
1082576
1096124
1089707
1096191
1089524
1101650
1092415
1094895
1084265
1091795
1094164
1120998
1100402
1102928
1101338
1132961
1102124
1102642
1103113
1101170
1089643
1108595
1107937
1096263
1099648
1092367
1114632
1097432
1106452
1088141
1101442
1093867
1092722
1095815
1088307
1092572
1099433
1077482
1095273
1099851
1117709
1114197
1085368
1099773
1081542
1087281
1098511
1084194
1115975
1105733
1088267
1089754
1098848
1082587
1103859
1098224
1100512
1097917
1104577
1087585
1087576
1088471
1108174
1080213
1113100
1095958
1090442
1094331
1088322
1091721
1080836
1112098
1092540
1094841
1095279
1086227
1096271
1099641
1089121
1098506
1105116
1096553
1093212
1098263
1093109
1093332
1091707
1090108
1109133
1096551
1096500
1102721
1108369
1101205
1076200
1129293
1093281
1091244
1099530
1092555
1098141
1110030
1106001
1107139
1106927
1091171
1085903
1089398
1101226
1107085
1118803
1105930
1105347
1095422
1097442
1087314
1105312
1103396
1108427
1109336
1096816
1107845
1114740
1094343
1096846
1090854
1105673
1103470
1116012
1111041
1095965
1097637
1092177
1097227
1095221
1095705
1086405
1092341
1096318
1104332
1091483
1097222
1098374
1097179
1096666
1105620
1098183
1097859
1104692
1096679
1090562
1104970
1094824
1078470
1087083
1110046
1097127
1105244
1079256
1107366
1092206
1112945
1085106
1093285
1108560
1095824
1094734
1078910
1100450
1102672
1093961
1091881
1101177
1101394
1105098
1100452
1097845
1089319
1114547
1100893
1095172
1095680
1094446
1094835
1107618
1115315
1097440
1113208
1095151
1101483
1093865
1094654
1091104
1094437
1099742
1103930
1105768
1095732
1112484
1079623
1112060
1094861
1103669
1090366
1105019
1094682
1085382
1089969
1087918
1087231
1122828
1086732
1103762
1085605
1085600
1092610
1103706
1115856
1102977
1084166
1087893
1096038
1100240
1101843
1100472
1100920
1112376
1088720
1096038
1094010
1076526
1087777
1099816
1090772
1084451
1110543
1098331
1097354
1097811
1097228
1103951
1092696
1092725
1122750
1119218
1083732
1104445
1096644
1084193
1105392
1081501
1103026
1085075
1096315
1099826
1094832
1110728
1097152
1096792
1085459
1106137
1088780
1108972
1100024
1086478
1097672
1102526
1090231
1112658
1078602
1079916
1091084
1109613
1080082
1085045
1116217
1098513
1079829
1090751
1107591
1091192
1100631
1110803
1107284
1084327
1086920
1106342
1112222
1099507
1098749
1101413
1109288
1083987
1099389
1096076
1109540
1095163
1104796
1090346
1087757
1087658
1085795
1102131
1120341
1103649
1112340
1099618
1079415
1094399
1089622
1102926
1095033
1100622
1101942
1110272
1095659
1103246
1101071
1108409
1094312
1087966
1102894
1094823
1078506
1088122
1109035
1101153
1099717
1117876
1080467
1102198
1100540
1087931
1103957
1111568
1088502
1087877
1090616
1104528
1119383
1107508
1085304
1106089
1101158
1090165
1110092
1081772
1113119
1096112
1088104
1083768
1099235
1093746
1107779
1091769
1094368
1099913
1091642
1105901
1098681
1101848
1105270
1101227
1088588
1101026
1095791
1111021
1098248
1099478
1085353
1093102
1092914
1111772
1095441
1105976
1110350
1094164
1101024
1090654
1080550
1089653
1101605
1114237
1105272
1089863
1093893
1094903
1089652
1092066
1109722
1086680
1086979
1080063
1111238
1104783
1115177
1088529
1086620
1111185
1100315
1104094
1108293
1105037
1106096
1084624
1106509
1093202
1099917
1089866
1080346
1093538
1094236
1084512
1108863
1092051
1105233
1099687
1087262
1083906
1076886
1106405
1099803
1100140
1106877
1101220
1097168
1095539
1086671
1085484
1126903
1095422
1101386
1083195
1116255
1084381
1105014
1104467
1103585
1096588
1114699
1119133
1094601
1112461
1083678
1086547
1098890
1096803
1101266
1091997
1080734
1088387
1089746
1103609
1098101
1098124
1120133
1081979
1093120
1114451
1103606
1092437
1108621
1105330
1126341
1101216
1086219
1073535
1106473
1112822
1098686
1104602
1080234
1099720
1107687
1101645
1100076
1111307
1078256
1110074
1098472
1091704
1093883
1110465
1087581
1102324
1091833
1092968
1112049
1098118
1092010
1100456
1098454
1100590
1085720
1096193
1103316
1093530
1094890
1106482
1096905
1085941
1104738
1096961
1089597
1086301
1096382
1089031
1101980
1090817
1106619
1091214
1111038
1106221
1093823
1096707
1101397
1106451
1121586
1096288
1088452
1115958
1104199
1096053
1098706
1099757
1101667
1109110
1088592
1095198
1102205
1096501
1101895
1104041
1101765
1100606
1105507
1096655
1090451
1114375
1100002
1093792
1099266
1092232
1108383
1094802
1105129
1089387
1099800
1097240
1114002
1084167
1099564
1077505
1107576
1114476
1102355
1109916
1089926
1095126
1112292
1094447
1095804
1098762
1102610
1087530
1085953
1100633
1107554
1110093
1098762
1111845
1114374
1112447
1092429
1089655
1080100
1071961
1091573
1093919
1091157
1089635
1095167
1078841
1111391
1086399
1098144
1091706
1104161
1078866
1092996
1096248
1089095
1091957
1106297
1115317
1093083
1093989
1097869
1102877
1096611
1094350
1096559
1095184
1105648
1100796
1121587
1097639
1098765
1108850
1091657
1103999
1113959
1100421
1102598
1084545
1096585
1106442
1087244
1088921
1105935
1109766
1112714
1107298
1112807
1098799
1122980
1110268
1104276
1111280
1102547
1102618
1089415
1092186
1100190
1097770
1085521
1098499
1104663
1086095
1091698
1120139
1093167
1092078
1107530
1100973
1095835
1088507
1098927
1092985
1098916
1084699
1104999
1100941
1098046
1082514
1094184
1093370
1100956
1103336
1104715
1094449
1097554
1096404
1118244
1078270
1102431
1104108
1096476
1103394
1092300
1119085
1118243
1089289
1104334
1109343
1087657
1088096
1095095
1099182
1125715
1084117
1100132
1081234
1100076
1094761
1097322
1105739
1079656
1097202
1092048
1091749
1104468
1097091
1104888
1084739
1092460
1107481
1115738
1111564
1090850
1115525
1091245
1096389
1132485
1092097
1090565
1092214
1079479
1094944
1098811
1091369
1086727
1090431
1103499
1106656
1105930
1100942
1087719
1097377
1078268
1098387
1116159
1085594
1124708
1084462
1096861
1104074
1085871
1082675
1109044
1107021
1101975
1096016
1100273
1097740
1100640
1090582
1092464
1099491
1114499
1080556
1091314
1095488
1101100
1089710
1086420
1107550
1081606
1093724
1090046
1105764
1100536
1101147
1109263
1094247
1098622
1092849
1107215
1091540
1094649
1092544
1086520
1105999
1115169
1092580
1079216
1093868
1094885
1092182
1100094
1101048
1092571
1102971
1096298
1104136
1092734
1121398
1091798
1102179
1095552
1104107
1088278
1090961
1092909
1099668
1094428
1094456
1098096
1095497
1081516
1085571
1105086
1087038
1100790
1089266
1101885
1103020
1095068
1094716
1084903
1095135
1090665
1090727
1114681
1092771
1083324
1086646
1091072
1078924
1105620
1089884
1088402
1102947
1095763
1100743
1082036
1098955
1100345
1104401
1102215
1075123
1096027
1084773
1104583
1088999
1078093
1088994
1087002
1104432
1100982
1097645
1101344
1094133
1102928
1093119
1111488
1099780
1098761
1087602
1111141
1093332
1098569
1097597
1087292
1091010
1093929
1113600
1106149
1086748
1088549
1102581
1103535
1099749
1112930
1090265
1105629
1099315
1113395
1093236
1093823
1085627
1104037
1106198
1107973
1101206
1101345
1099997
1103136
1103089
1091380
1116679
1078613
1100017
1087664
1092518
1096766
1109220
1101748
1104713
1103654
1125816
1120607
1100429
1091616
1107403
1113211
1081519
1101141
1070842
1104325
1097686
1102115
1103201
1098504
1100756
1109955
1107831
1096086
1097996
1092022
1102893
1113091
1109897
1088576
1108774
1091059
1086047
1099411
1088015
1093483
1108875
1112436
1087022
1110498
1094803
1086213
1087948
1110064
1106062
1094614
1109548
1110373
1096717
1096727
1092475
1083873
1084038
1080249
1093796
1120420
1102371
1114971
1109840
1087891
1079210
1088538
1083228
1093039
1088024
1112245
1102090
1099649
1098849
1102187
1089083
1071548
1102322
1077960
1092398
1088103
1112877
1082132
1095123
1098736
1097617
1075579
1093409
1093974
1100246
1105483
1095602
1102913
1118238
1096948
1094998
1100544
1097366
1098353
1090811
1106245
1105011
1098136
1084455
1095019
1089523
1111247
1090887
1090905
1100171
1087694
1081181
1106160
1089251
1094048
1110206
1093659
1083338
1119127
1097200
1100710
1102903
1107179
1107242
1096126
1097462
1082409
1097492
1113867
1109042
1077837
1092109
1101358
1099218
1098963
1097946
1090335
1100212
1084593
1101663
1077129
1101051
1107247
1087064
1112484
1104144
1105240
1099451
1097653
1089307
1086775
1103756
1090980
1100514
1105906
1086264
1097988
1114464
1108530
1085832
1109473
1101668
1081907
1099277
1092714
1109912
1077695
1091683
1101276
1109871
1099476
1096310
1117013
1098605
1110994
1109436
1095364
1081475
1094500
1103151
1096260
1100044
1100306
1110950
1095219
1094233
1105903
1105048
1086184
1089308
1102926
1084538
1088065
1090305
1104716
1094208
1084307
1118655
1100259
1094617
1072054
1121577
1081926
1083976
1097053
1093068
1109348
1100916
1097952
1096434
1081540
1102052
1088673
1095813
1093438
1084746
1087132
1098924
1099067
1106509
1094885
1094443
1095694
1087639
1087997
1095999
1096985
1082386
1090181
1091589
1091153
1099264
1100589
1093086
1114279
1095287
1108715
1104662
1087652
1101449
1097582
1099020
1097572
1104396
1085044
1100370
1090687
1099341
1092811
1085849
1095990
1101916
1089555
1099574
1105091
1098962
1094115
1110615
1083731
1082768
1092427
1091712
1071191
1099443
1091525
1105594
1103663
1084482
1109721
1108159
1089345
1087720
1102402
1121437
1098516
1094199
1085630
1093566
1103218
1115529
1117447
1083041
1103875
1101096
1095926
1090219
1091964
1091535
1106343
1105770
1095002
1080819
1091730
1088509
1097567
1109318
1106917
1108482
1103191
1080058
1088347
1091371
1106641
1091650
1093254
1098083
1089671
1099769
1102436
1092132
1111208
1102370
1088650
1108452
1102643
1092903
1109520
1114026
1078918
1094070
1107087
1105533
1098530
1108601
1100120
1105401
1095633
1086387
1112241
1100098
1085958
1095503
1091778
1088759
1107767
1083521
1118753
1122517
1082341
1092538
1094081
1090648
1105146
1106692
1097315
1088374
1083818
1092258
1093823
1128134
1082666
1106763
1106017
1082822
1104982
1109744
1095103
1102934
1095467
1114366
1092986
1093901
1102964
1113046
1083145
1100470
1094603
1095774
1101230
1115900
1102954
1101758
1086787
1108839
1088252
1103856
1091931
1098937
1099025
1098736
1079591
1095328
1104834
1089607
1106682
1115590
1098093
1089145
1091355
1099434
1112895
1086974
1100132
1116818
1122242
1089902
1095489
1087561
1105766
1085770
1099645
1099762
1095438
1094159
1088888
1129518
1093364
1095323
1102357
1077994
1098402
1094322
1096620
1100656
1086502
1089601
1076828
1076653
1099013
1106879
1109708
1095778
1101335
1102925
1104183
1101024
1093470
1093596
1101008
1117736
1103362
1081759
1094843
1105698
1105944
1103696
1100130
1082201
1099660
1104882
1087951
1107908
1081499
1090746
1118341
1097605
1102540
1117775
1091514
1101919
1097464
1106566
1097832
1111400
1095828
1127784
1089954
1089541
1093245
1091488
1098007
1100661
1103765
1109197
1108966
1101112
1093007
1107395
1082390
1100234
1109120
1091136
1087612
1080078
1097235
1096255
1110146
1097425
1085834
1092617
1114237
1099580
1102165
1122059
1101145
1090976
1119066
1102380
1083466
1099269
1092360
1108449
1116166
1093715
1103865
1089577
1097836
1101289
1088683
1105625
1086115
1095099
1090479
1100860
1086304
1090193
1107035
1090822
1085738
1094942
1093827
1103126
1089485
1092356
1117704
1103678
1095794
1113213
1075924
1094013
1097749
1102703
1090112
1101417
1083670
1083418
1097935
1092247
1112312
1101392
1104969
1112387
1100589
1097132
1096594
1083996
1081741
1092727
1093711
1100926
1084295
1090678
1081784
1081446
1095180
1099810
1099866
1091141
1086050
1085743
1082700
1098191
1104806
1087465
1114827
1094337
1097640
1098746
1097554
1112557
1096971
1108569
1095327
1096332
1093279
1096422
1115908
1092235
1105715
1089451
1096702
1098400
1101823
1093289
1104386
1105350
1082476
1096979
1086681
1113268
1112602
1080497
1113233
1095178
1126061
1110873
1106348
1087570
1100342
1100232
1088271
1114273
1087050
1103625
1087139
1087936
1107244
1085814
1091335
1110900
1104354
1087802
1087732
1100576
1095564
1102145
1089824
1092852
1086560
1095074
1102394
1108810
1112772
1087151
1116940
1107044
1102419
1111267
1087544
1099627
1082531
1088235
1104117
1085289
1116474
1099318
1086157
1101521
1099675
1099236
1086993
1102103
1093129
1103205
1100859
1099800
1097117
1108433
1087029
1103891
1104460
1097769
1112106
1106968
1105488
1102442
1103194
1101001
1115464
1091238
1081360
1090907
1087889
1084868
1098302
1116987
1092922
1094721
1087807
1110107
1090706
1078604
1107657
1110943
1088150
1098064
1100362
1093835
1088973
1106015
1094983
1104396
1112115
1096534
1095125
1120279
1096213
1099179
1094808
1102818
1075329
1093701
1093314
1115896
1093254
1096522
1117202
1094605
1100606
1099375
1099132
1093996
1082012
1108717
1112264
1087667
1081931
1099302
1091883
1093719
1088134
1097552
1108477
1095909
1090841
1104606
1103736
1085379
1081347
1112441
1097794
1102870
1098626
1100734
1102448
1082556
1086852
1097567
1083491
1121831
1108037
1089385
1095297
1094119
1097282
1090185
1082590
1101724
1096127
1082355
1093871
1094506
1107267
1099255
1108652
1096147
1100377
1081325
1094622
1108090
1111136
1101807
1087884
1122681
1094540
1108726
1105237
1100132
1094758
1099847
1092335
1100151
1082913
1085155
1089606
1088644
1125428
1083369
1126302
1110187
1104314
1102114
1105021
1097390
1091514
1095215
1103874
1094770
1091281
1099496
1109902
1089200
1099887
1129601
1092714
1085210
1101493
1099450
1100168
1100109
1086988
1091988
1095254
1107608
1087050
1096279
1095821
1084704
1077679
1111644
1102350
1102239
1100599
1082919
1092882
1097038
1103639
1113870
1090444
1104806
1109643
1099449
1099820
1103787
1116223
1088562
1093277
1087521
1112158
1097801
1095389
1100958
1079884
1099242
1098281
1107953
1081387
1097741
1104138
1094179
1085443
1112077
1116413
1095577
1070962
1105714
1111993
1100251
1111871
1093673
1094061
1124838
1111036
1085793
1091573
1097686
1095146
1101050
1090457
1099387
1091130
1109494
1090684
1093283
1087485
1097194
1113934
1102389
1091360
1108500
1110427
1105943
1114462
1099125
1090726
1099956
1100487
1088196
1093164
1099094
1099932
1107994
1116201
1109083
1095946
1111651
1106592
1081460
1093678
1091754
1093942
1091473
1085792
1099238
1098075
1083301
1100269
1091514
1110277
1102779
1102754
1082561
1079979
1065241
1112577
1112255
1110038
1106650
1111466
1107336
1103102
1090369
1117771
1106382
1095941
1108423
1104583
1092669
1099114
1108558
1093146
1113038
1091028
1103512
1112653
1108309
1100957
1101502
1105938
1120744
1097733
1094442
1077670
1090529
1097334
1095757
1093103
1124507
1079115
1087125
1098720
1091681
1089892
1075679
1082433
1098278
1104264
1093639
1079193
1098377
1092226
1084359
1103682
1093788
1083480
1110932
1099850
1107773
1100744
1092580
1090013
1080167
1094555
1093937
1097987
1087526
1095575
1099799
1112069
1089071
1104642
1112992
1104666
1094029
1100009
1084063
1092335
1099011
1080612
1094115
1101478
1083110
1092154
1115105
1109545
1074505
1109633
1110011
1089874
1112578
1108847
1093149
1105953
1093709
1108038
1108829
1085095
1101817
1085439
1104561
1093657
1095888
1095514
1098157
1093390
1095049
1102037
1088376
1087652
1121621
1095628
1092183
1098062
1109101
1103339
1096754
1116683
1099744
1098258
1114990
1086272
1113174
1108134
1099496
1093896
1107037
1109368
1109820
1114162
1094514
1092676
1090509
1106455
1104813
1096803
1114896
1110295
1093833
1111318
1097829
1093954
1084894
1102809
1107752
1069380
1083516
1109362
1103090
1108169
1084003
1085391
1114782
1093042
1092439
1090623
1101307
1107996
1094133
1101236
1106685
1106834
1078005
1085433
1093599
1101107
1104946
1131049
1083618
1107960
1107802
1074001
1113393
1094485
1094711
1098896
1113622
1087708
1110153
1085945
1092934
1113792
1109848
1087334
1091341
1085271
1091394
1109908
1095495
1085918
1097773
1091831
1088169
1108612
1118988
1106586
1083002
1095983
1103436
1112956
1098462
1097740
1084655
1109367
1085953
1122096
1095181
1105924
1081156
1107958
1102291
1102914
1082122
1098746
1093488
1095742
1093984
1069961
1097574
1113611
1105695
1080256
1099085
1103818
1101625
1109164
1120138
1102547
1103688
1099440
1110913
1102700
1095781
1077338
1096513
1090314
1097575
1097862
1118966
1093539
1095399
1092561
1098618
1099622
1092793
1100267
1083612
1093957
1099842
1081618
1110498
1107025
1102356
1099017
1084717
1083349
1103203
1102826
1109991
1102300
1094306
1094250
1085006
1091318
1102860
1114066
1106551
1085180
1118999
1080962
1079484
1088817
1103968
1098536
1111795
1098134
1092063
1101682
1093025
1072321
1106646
1101079
1091800
1102943
1091351
1083781
1097075
1115597
1088264
1102451
1093279
1096051
1089141
1104186
1107921
1080292
1095172
1105114
1098283
1102382
1089957
1091795
1109874
1103510
1109525
1105287
1095391
1094145
1099653
1115647
1105728
1107450
1118301
1114644
1093801
1100346
1101478
1111701
1090863
1096408
1085333
1088234
1091064
1089617
1097560
1086376
1090418
1097734
1105272
1119602
1090352
1096325
1101686
1104150
1101448
1102144
1089500
1090033
1087110
1074850
1091391
1076387
1102173
1098116
1105672
1110622
1095189
1089452
1092846
1099517
1109375
1099928
1107111
1084033
1108795
1103158
1104345
1090050
1100795
1081120
1099671
1098970
1111027
1081107
1102473
1087110
1085301
1094273
1101632
1088711
1103253
1101592
1116576
1099320
1087969
1115338
1118218
1089432
1098115
1084787
1104732
1101069
1109957
1096176
1089721
1086493
1078510
1089200
1094416
1097686
1102931
1090401
1091181
1094782
1094258
1106164
1086803
1091059
1097505
1086033
1100128
1107781
1090783
1094833
1097872
1081055
1107379
1103463
1089774
1094368
1105742
1086399
1097938
1100503
1108904
1096565
1086039
1108090
1090445
1108298
1094234
1098131
1099224
1091991
1105360
1089196
1122469
1088195
1089607
1088495
1110356
1103873
1103234
1097654
1092787
1086851
1103863
1095567
1104816
1104877
1091586
1090922
1107780
1078973
1103154
1095849
1095985
1102462
1081924
1108346
1106241
1101488
1091194
1114098
1104095
1069960
1086568
1100422
1094906
1106157
1096641
1097675
1082147
1081914
1109076
1092439
1087953
1107867
1103307
1108900
1092230
1098410
1084604
1106124
1088397
1086344
1098386
1084445
1100195
1109017
1088712
1096280
1078123
1102442
1101402
1086032
1095002
1110457
1114192
1092568
1102303
1107343
1101075
1086916
1109848
1100910
1087931
1093168
1077320
1118533
1090648
1094688
1090736
1096549
1123604
1112084
1081015
1075338
1096900
1101676
1086661
1092518
1106048
1098565
1091734
1092520
1093084
1090118
1089296
1096430
1103237
1088819
1105609
1094241
1086645
1079478
1104311
1084835
1083327
1082928
1097490
1086261
1101978
1101900
1118513
1096511
1094307
1092329
1076493
1087159
1095966
1094605
1096242
1099266
1097561
1105638
1090285
1100963
1090533
1085021
1089700
1083355
1106534
1092138
1090541
1102540
1086420
1099526
1096884
1109905
1096236
1089651
1111973
1095155
1103919
1103007
1091899
1102254
1095387
1086210
1094620
1086700
1089620
1110427
1096762
1089248
1094461
1107535
1112542
1117229
1093443
1091422
1094114
1099475
1096476
1110955
1107368
1101670
1073416
1103721
1081114
1104142
1097250
1099089
1092714
1094817
1096036
1111137
1096531
1107543
1092687
1116218
1105165
1079360
1098563
1095864
1111338
1104470
1108061
1106757
1114797
1103762
1092436
1093333
1091074
1078637
1082485
1093765
1112994
1097222
1110003
1110596
1105757
1095083
1086159
1101981
1092629
1089276
1100713
1081234
1098381
1085312
1103227
1097557
1102869
1084987
1094313
1096046
1107827
1095607
1104467
1082616
1111029
1107969
1092111
1101649
1085578
1089939
1087429
1102320
1109170
1095617
1118130
1082807
1108531
1095313
1098926
1098170
1088011
1074922
1098275
1095247
1096748
1109814
1078852
1098385
1101235
1100706
1093291
1100599
1102784
1081792
1095134
1112374
1082511
1090598
1093323
1104769
1094283
1100115
1096991
1107735
1114399
1080636
1108979
1092391
1097158
1096090
1093392
1111162
1093789
1085627
1084881
1086311
1103734
1117074
1090830
1107116
1093085
1105194
1102791
1119370
1102624
1078950
1103598
1104212
1102634
1085740
1104608
1110872
1116757
1086404
1090512
1092246
1091403
1106781
1092932
1088557
1111927
1094462
1102076
1078594
1109004
1096297
1101602
1092648
1085914
1100177
1089362
1090042
1099246
1116164
1090847
1108357
1110706
1081807
1095741
1102648
1088934
1087262
1106559
1091067
1092960
1102352
1093505
1099553
1102572
1105713
1089245
1102031
1105603
1102904
1104182
1088941
1102989
1092593
1079919
1106576
1108179
1096386
1097474
1106793
1094216
1091154
1105506
1094769
1093696
1099613
1081099
1097938
1084341
1093827
1079673
1107057
1093180
1089706
1088327
1091273
1109734
1093943
1111137
1112266
1096805
1076121
1097383
1071681
1090990
1088323
1106152
1077780
1090110
1080050
1092844
1113599
1094723
1095103
1110753
1101052
1107267
1098631
1097193
1085579
1089674
1103842
1111498
1113548
1093323
1109197
1100775
1099433
1085201
1101293
1078104
1064845
1115117
1093501
1092388
1090058
1098425
1092663
1095108
1084690
1106799
1103490
1110587
1104405
1098674
1084472
1087281
1122096
1113916
1099910
1109095
1098546
1112326
1106676
1094172
1091284
1106557
1105803
1110286
1089527
1123056
1101289
1086704
1105662
1094149
1105850
1086759
1114718
1098129
1092636
1085833
1096197
1097208
1110934
1088799
1108766
1118179
1109801
1080476
1097689
1091468
1103826
1095844
1097315
1083905
1097217
1105854
1116468
1089562
1105719
1104114
1103992
1107815
1089966
1098671
1105509
1100138
1094850
1106176
1101690
1103377
1082759
1076431
1104045
1085731
1103819
1090523
1075819
1103737
1104797
1100429
1070261
1093389
1120413
1110264
1102746
1089738
1103133
1100162
1084922
1102982
1096275
1105239
1114976
1076645
1092370
1083860
1088374
1112572
1095618
1098377
1096736
1098315
1093845
1088526
1094958
1106456
1108864
1116642
1119820
1099794
1106730
1106540
1104776
1106130
1095044
1092800
1091739
1089455
1089066
1100300
1100636
1085502
1121294
1092007
1095357
1112046
1101117
1096732
1105059
1098842
1097166
1094978
1093869
1086274
1084997
1085008
1097304
1093923
1088527
1106150
1096574
1102264
1100871
1091705
1092893
1095119
1093487
1077536
1088956
1093318
1091973
1085690
1097641
1095460
1096622
1093787
1085083
1074487
1103534
1092260
1095402
1098281
1091636
1089568
1103847
1083414
1112283
1099724
1119908
1099143
1118663
1098387
1098367
1100014
1094914
1095277
1108041
1093654
1096621
1093596
1088582
1093341
1102258
1095228
1094065
1093749
1108001
1074488
1116003
1091432
1097818
1101575
1113515
1099928
1116010
1082795
1102191
1096698
1079131
1092587
1102543
1115118
1106331
1087557
1103336
1096193
1096118
1095115
1091000
1096897
1107564
1108613
1103755
1096281
1096626
1099208
1092952
1083124
1086439
1088246
1104723
1093148
1098227
1105349
1091959
1099648
1093910
1092155
1102996
1103646
1105346
1097746
1112965
1090691
1090328
1085903
1085630
1086261
1086876
1105545
1096338
1099855
1100120
1095541
1096752
1085814
1099853
1084434
1100632
1082908
1088138
1100274
1092381
1089322
1109653
1112287
1097293
1088442
1090204
1100499
1094062
1103670
1088852
1103272
1086470
1103569
1095417
1113474
1100893
1097113
1099083
1103557
1108708
1099799
1100867
1102168
1111658
1097905
1099864
1116821
1105830
1093816
1094135
1093929
1108589
1098712
1095208
1089797
1102579
1078653
1114993
1102588
1090262
1111212
1104363
1105716
1085997
1095710
1095942
1083579
1084341
1106099
1097055
1091667
1081380
1087625
1091216
1123949
1079393
1116380
1098612
1105100
1092777
1095907
1114173
1097223
1080171
1094396
1091345
1097420
1081506
1102527
1099143
1094315
1103537
1101126
1087734
1091874
1104357
1100249
1100983
1104786
1109349
1097940
1096151
1111040
1104387
1098653
1088441
1118887
1103030
1090970
1117655
1100391
1128793
1112514
1095638
1111777
1096750
1083748
1093898
1096039
1089896
1115381
1105737
1103819
1088895
1094120
1107026
1115681
1102069
1087938
1098280
1101486
1094338
1105406
1090756
1107960
1128649
1077069
1097059
1092530
1097736
1109963
1095919
1093353
1100855
1094263
1123662
1097084
1098746
1080901
1098914
1088844
1094682
1108212
1102264
1094526
1101930
1087508
1104010
1108441
1094983
1111594
1091277
1090660
1089891
1099039
1094833
1101794
1101305
1086169
1096970
1105667
1092240
1089979
1090501
1093726
1106882
1101596
1110746
1086804
1100144
1102444
1095734
1099137
1114935
1090030
1082362
1080581
1112871
1122342
1104368
1092513
1113863
1069259
1106195
1087949
1075417
1095343
1083059
1086321
1107937
1092881
1088104
1139505
1095062
1114204
1091787
1079546
1095578
1108870
1079953
1092621
1105674
1111537
1084852
1080054
1105628
1095150
1087985
1106595
1087219
1096245
1109719
1096518
1116201
1092176
1106376
1089786
1100748
1101169
1095955
1114498
1103142
1105046
1112740
1098595
1100480
1089778
1115478
1107198
1110870
1095282
1098588
1098763
1109737
1100644
1088004
1108777
1114979
1094526
1091356
1086071
1099264
1091533
1111251
1102132
1085919
1113213
1116034
1087623
1103557
1108673
1088358
1089569
1083173
1085620
1101423
1107101
1097902
1104810
1110789
1091095
1087018
1107178
1108022
1103012
1101564
1085805
1084843
1107441
1096675
1092792
1094240
1105306
1085374
1101004
1086586
1113049
1105814
1092987
1102321
1099623
1105275
1089078
1104516
1082640
1111441
1096415
1084035
1083357
1082435
1080475
1108169
1073473
1105254
1102428
1093685
1108175
1097872
1104037
1081911
1078756
1089177
1094295
1109960
1107143
1090150
1117884
1071936
1098772
1085050
1105162
1093834
1079674
1107932
1093185
1094608
1119878
1106239
1107518
1099978
1103589
1100984
1102847
1103250
1089218
1094286
1114444
1092092
1084887
1098241
1092998
1087973
1094706
1093157
1078162
1085917
1122224
1114721
1086990
1100607
1093833
1112627
1098856
1096867
1090648
1104501
1131603
1080360
1098895
1105052
1110887
1108225
1114855
1089010
1093462
1083828
1087180
1081692
1090860
1084651
1088838
1112939
1090523
1100912
1103656
1113019
1096006
1089835
1093227
1090923
1088715
1089962
1087693
1097251
1114511
1086243
1109087
1087797
1130652
1103278
1095289
1096352
1090796
1117304
1113225
1109565
1089369
1106775
1083183
1082916
1110269
1081424
1096507
1095197
1092484
1091446
1098346
1098763
1115282
1109811
1114574
1102123
1093946
1098976
1089865
1103522
1100992
1086822
1113648
1095051
1093701
1099841
1082610
1091503
1105918
1094054
1097120
1099589
1097086
1097274
1111482
1090417
1107473
1111387
1095070
1081826
1096123
1099861
1084607
1079473
1084026
1105649
1091982
1098155
1090290
1096074
1089212
1110098
1085257
1101347
1110549
1103710
1085519
1115730
1096205
1103646
1087313
1073741
1109743
1104050
1082861
1092129
1080548
1099276
1084057
1099978
1090234
1110250
1101034
1092250
1067442
1095424
1099103
1103497
1105083
1093395
1091350
1095835
1094785
1088579
1097822
1088059
1097694
1081220
1104818
1106497
1091392
1103730
1091643
1106809
1090387
1080363
1109584
1106352
1093053
1112102
1105942
1098154
1086253
1098865
1098424
1093731
1072774
1108830
1097859
1081054
1112425
1082986
1117311
1114331
1094903
1106993
1098456
1107134
1095012
1097162
1096391
1099529
1117586
1092300
1105401
1110749
1096347
1099408
1090512
1080425
1091803
1102633
1099569
1112824
1104438
1108504
1102713
1093529
1093430
1102504
1082696
1115200
1103131
1088827
1107609
1102798
1101667
1101153
1085750
1088562
1091816
1085567
1090089
1098876
1085844
1104240
1081479
1096695
1099826
1099729
1098293
1093035
1110265
1102353
1079507
1089205
1085243
1101076
1101646
1088672
1094953
1088069
1103162
1088698
1096146
1109814
1086611
1098906
1085975
1084963
1088844
1093644
1100384
1087126
1116481
1096384
1086893
1077278
1110342
1090889
1103176
1104986
1081073
1101872
1104926
1093200
1096277
1096956
1093795
1089450
1098467
1077718
1126222
1094657
1100052
1088137
1106099
1084257
1085952
1097229
1114105
1092074
1104074
1097051
1086820
1109876
1089953
1101553
1106762
1103090
1109892
1096134
1100631
1098026
1110735
1113588
1082579
1103680
1091857
1107500
1102208
1106573
1083147
1087647
1108146
1109514
1109528
1107196
1087206
1101356
1109195
1105334
1107479
1113527
1100535
1098091
1102879
1091058
1101337
1098795
1099899
1102758
1087212
1111298
1088384
1114337
1096438
1095673
1101395
1102783
1099236
1094386
1091289
1089546
1095979
1087636
1088392
1127306
1080820
1090798
1106967
1107741
1093573
1103228
1091303
1096984
1090092
1106560
1095546
1092884
1099680
1112878
1124431
1093749
1090133
1098097
1087088
1095701
1113026
1113901
1089764
1117905
1101156
1089781
1092154
1100792
1095800
1099387
1086947
1104971
1096127
1106402
1087273
1085953
1100216
1100561
1105052
1086767
1098904
1080107
1100447
1099059
1103954
1098688
1096332
1096968
1109831
1108396
1085859
1085775
1097473
1095401
1115486
1119522
1103125
1098634
1102525
1074301
1094410
1095827
1113429
1102849
1109426
1082692
1094773
1114592
1089369
1095529
1092586
1095152
1083321
1115792
1091663
1086182
1116653
1122189
1110667
1085013
1100638
1106327
1086152
1114694
1101039
1117993
1089076
1105848
1095527
1106834
1092144
1092835
1073579
1099120
1083893
1101601
1090769
1107819
1110679
1115061
1092697
1097901
1090525
1112297
1090197
1108211
1086994
1088789
1095351
1092397
1101059
1086914
1106043
1095619
1106283
1091328
1107597
1095523
1097899
1088321
1080462
1096562
1112566
1107856
1113840
1103717
1096001
1089071
1087256
1100126
1089440
1089290
1095877
1098908
1101126
1102662
1095866
1096450
1093713
1127498
1081717
1076043
1096924
1105151
1090244
1097212
1116933
1103632
1094159
1092547
1096458
1089816
1087278
1109770
1093663
1103705
1085629
1085855
1096253
1111254
1113545
1086740
1125251
1114477
1102047
1106873
1112116
1089164
1107521
1132443
1117339
1088671
1113682
1113949
1075905
1116708
1071523
1097746
1112678
1105159
1088471
1108485
1106477
1113317
1106040
1103891
1087623
1102692
1103897
1097857
1100506
1084775
1097308
1075553
1093137
1104253
1105623
1089929
1106255
1091930
1103169
1114368
1083456
1081109
1097972
1097949
1121874
1089587
1109142
1097067
1101058
1098731
1102419
1110214
1095690
1102533
1112176
1088832
1117590
1116545
1097982
1100675
1096920
1090685
1093583
1100816
1076709
1108971
1099512
1103388
1086743
1095782
1083043
1077728
1082876
1114172
1102146
1094918
1091060
1092129
1117023
1105411
1114213
1089071
1104008
1088939
1098205
1094511
1099477
1099351
1092968
1089109
1099827
1093693
1107008
1101342
1115064
1106488
1088717
1094235
1112652
1105602
1088001
1101982
1098444
1093364
1102838
1087569
1097613
1083976
1115480
1084004
1094782
1092077
1108347
1096960
1096862
1105293
1099662
1101849
1099363
1093047
1078438
1100020
1079004
1095834
1092963
1098797
1085705
1085804
1098846
1086620
1094926
1099202
1085317
1093387
1099540
1086672
1111390
1093146
1101672
1091789
1099074
1105526
1100936
1101348
1106044
1085145
1096327
1091399
1094991
1119348
1096612
1083941
1098435
1098574
1100094
1104021
1103303
1097694
1101956
1098965
1100825
1092405
1097755
1127536
1107887
1108228
1089811
1083873
1087679
1086254
1092290
1104084
1095676
1108733
1097572
1116144
1092258
1083541
1103433
1097691
1098337
1115081
1082539
1105483
1084601
1089305
1105282
1109183
1095983
1097614
1086995
1090288
1083950
1123163
1095282
1094528
1104420
1088782
1099005
1100996
1112577
1104532
1086071
1101950
1103478
1110880
1094490
1095059
1087066
1077683
1094442
1104611
1087264
1094112
1098009
1109564
1097172
1109254
1092374
1096677
1106935
1096129
1103618
1085538
1099855
1087925
1095399
1099192
1109596
1093936
1096089
1091074
1101672
1106294
1104558
1102156
1117704
1099653
1095029
1098409
1096359
1082492
1116137
1093362
1100640
1094792
1112537
1105547
1089016
1089172
1102188
1081917
1101298
1097481
1093960
1080869
1097620
1107437
1087328
1111492
1091423
1102991
1093213
1084826
1091833
1090818
1098450
1101940
1098125
1084270
1086736
1095012
1093719
1105058
1097372
1100984
1110472
1114749
1114340
1104856
1110546
1078873
1110076
1095545
1095947
1094055
1109752
1087565
1097548
1104541
1091669
1110077
1087141
1095306
1093287
1100687
1092326
1116731
1093951
1104996
1095866
1092470
1095910
1086147
1118669
1101331
1097002
1117022
1097976
1103414
1088443
1114755
1107830
1108208
1090563
1090046
1102238
1087126
1090055
1098597
1094609
1107103
1101905
1094162
1085472
1093893
1093796
1085899
1093772
1089251
1091111
1102331
1100649
1125653
1093970
1105305
1103537
1127787
1108308
1094783
1084674
1089755
1099528
1101339
1095376
1100289
1097584
1091002
1098852
1102084
1091930
1113913
1119300
1099894
1107615
1097494
1083749
1105908
1095486
1090874
1085337
1102365
1103204
1091298
1100658
1087148
1101973
1095032
1103425
1078160
1107271
1099918
1112396
1103436
1107980
1094999
1098947
1097498
1096087
1085483
1073856
1082502
1102965
1097975
1081557
1111609
1116624
1088424
1096120
1102241
1093971
1113572
1093205
1116853
1095139
1109714
1104207
1094966
1102272
1074173
1112210
1105521
1101836
1088739
1090889
1079612
1087235
1088853
1084376
1102328
1098018
1093172
1114795
1106760
1091935
1083403
1100104
1105988
1111447
1113924
1091576
1100878
1094458
1106032
1093485
1083487
1091965
1084194
1088922
1121153
1095234
1099390
1080479
1098778
1086524
1090211
1105432
1100994
1078495
1085923
1085976
1111108
1095914
1105285
1105918
1090465
1096803
1091714
1094640
1106745
1119946
1115967
1094087
1084530
1107471
1107836
1103587
1092012
1087956
1106631
1099258
1098302
1092155
1093543
1090690
1083570
1102809
1114443
1096694
1088301
1112040
1097229
1115300
1078237
1095292
1101003
1101146
1107484
1101907
1096219
1087601
1097968
1085971
1105619
1095313
1086607
1100336
1087733
1088271
1096591
1099999
1108603
1102092
1103332
1104955
1101197
1108113
1091089
1099020
1105473
1095027
1119554
1107372
1090005
1109196
1103433
1095398
1100307
1103653
1101817
1118897
1101176
1105329
1098813
1112360
1101922
1091534
1103444
1114055
1099574
1095427
1093759
1102598
1083663
1092631
1086670
1087819
1107631
1092736
1099584
1086750
1099550
1083550
1096167
1098873
1095461
1113505
1112919
1108883
1086400
1097424
1100733
1110529
1103546
1090495
1101968
1086615
1093678
1084484
1097360
1105516
1102163
1097147
1098601
1107348
1086224
1105330
1094212
1095255
1095525
1092384
1089385
1090999
1089233
1111194
1096456
1076523
1096389
1120024
1088608
1088240
1096781
1093133
1087517
1097537
1117340
1105493
1073470
1088881
1085597
1107498
1084009
1098559
1078288
1092549
1095758
1095752
1112902
1085826
1087766
1085355
1110059
1096537
1079703
1095324
1122272
1099898
1105516
1088347
1104610
1102857
1110332
1095593
1108020
1103943
1092063
1111346
1106589
1079965
1090889
1090868
1100271
1084198
1109063
1095899
1093448
1100665
1095483
1098750
1083872
1112494
1092164
1106254
1079097
1078781
1105935
1107595
1095768
1079214
1105551
1073550
1106013
1089945
1086470
1100812
1094245
1089222
1097631
1107965
1102218
1102409
1089458
1101734
1091136
1101196
1088645
1099226
1118786
1083854
1101861
1094786
1100239
1107361
1108969
1098189
1107403
1094886
1099771
1105587
1093149
1113315
1120733
1108863
1098136
1095397
1086092
1091139
1109377
1087993
1104793
1111336
1093116
1102652
1097680
1100597
1103937
1097447
1086042
1090469
1094548
1103090
1077039
1087743
1087855
1111921
1102585
1091458
1094870
1101249
1091115
1082094
1100883
1096660
1098335
1087098
1078541
1097777
1093630
1112216
1097278
1105533
1086286
1086967
1098368
1096070
1087806
1088987
1112657
1099237
1122945
1083632
1114433
1110804
1107395
1096325
1090386
1102164
1101357
1105753
1106818
1086266
1094300
1094819
1087870
1088270
1107143
1100270
1090700
1109506
1118798
1119102
1113604
1099486
1104980
1092282
1101109
1094646
1114005
1114877
1098541
1093930
1111620
1102467
1101437
1096129
1104261
1095183
1108048
1103714
1084562
1103851
1087146
1095895
1090671
1111679
1082709
1105047
1090224
1094541
1108293
1099069
1089001
1096384
1104173
1102517
1090861
1109954
1103428
1105806
1110923
1105262
1089784
1107812
1102630
1088135
1101103
1080395
1093136
1080410
1089185
1096674
1085781
1109711
1103839
1108616
1095916
1094568
1097019
1114091
1109219
1111517
1105316
1095927
1094943
1097924
1111657
1096846
1106213
1089776
1095744
1093915
1096536
1105838
1099026
1104378
1092244
1085587
1121585
1090028
1113253
1086184
1105198
1116707
1091749
1090563
1100443
1090705
1098882
1098910
1095811
1096426
1090189
1094027
1097619
1107076
1097228
1102873
1110247
1096215
1096991
1088595
1082780
1115055
1109527
1094402
1103394
1123636
1103684
1103611
1103802
1095464
1102582
1107483
1084212
1097692
1087000
1090835
1108080
1112950
1088938
1100715
1108856
1099720
1112776
1104101
1091697
1085561
1102596
1103628
1097374
1096927
1092431
1089041
1091331
1100718
1121780
1093386
1094468
1102671
1092800
1093088
1112106
1104942
1108474
1113507
1106327
1094473
1099561
1109287
1083520
1092818
1091304
1085777
1084851
1089708
1090912
1105986
1121436
1099352
1094559
1113603
1096001
1103375
1085517
1088154
1103835
1090425
1117614
1089047
1119008
1113147
1108295
1108090
1093551
1105077
1091186
1091498
1100543
1073233
1096363
1091089
1095377
1100504
1111081
1106407
1085143
1082494
1108632
1088245
1113302
1092987
1101173
1122621
1092605
1109067
1077637
1108048
1104423
1096778
1099150
1122131
1094875
1100476
1120432
1086294
1103611
1118428
1102759
1101464
1099113
1091633
1102515
1092769
1099709
1100769
1095604
1086216
1096915
1097610
1104025
1098924
1100169
1093937
1099850
1100766
1112241
1090904
1119011
1092674
1098751
1112664
1098069
1082960
1089032
1106381
1105871
1114813
1081830
1098197
1094967
1111148
1096521
1101293
1109350
1105192
1108577
1112942
1095621
1111994
1117442
1093293
1078266
1098317
1122538
1079657
1111319
1104373
1103402
1108510
1104882
1100189
1102605
1093983
1111334
1098619
1095107
1097167
1089319
1107673
1099334
1082701
1111206
1095814
1107672
1101221
1091632
1086563
1112463
1084718
1101370
1103298
1093244
1101683
1099202
1099001
1102016
1099837
1096162
1098272
1092431
1091265
1093626
1105526
1090324
1087871
1084180
1110497
1089314
1107373
1090143
1096855
1083632
1096230
1076372
1100200
1105660
1093835
1086459
1075345
1096152
1104473
1094883
1100913
1108001
1091439
1086946
1094043
1098513
1101302
1087268
1093233
1092922
1101615
1101211
1108158
1094962
1097512
1108436
1104006
1101803
1093004
1088087
1104421
1090009
1100674
1076112
1102715
1097468
1107639
1087875
1101808
1103262
1095977
1093008
1098702
1111753
1094462
1096376
1097004
1096344
1102424
1083705
1096832
1102569
1096524
1101431
1083896
1091516
1077124
1096637
1105864
1089452
1091602
1109863
1112170
1121347
1111490
1089522
1091529
1103230
1096300
1076913
1103785
1097047
1102166
1093489
1105384
1095362
1105669
1113830
1100751
1109137
1089027
1089116
1107106
1100167
1087638
1083578
1120538
1092391
1109108
1099837
1100620
1077377
1091148
1091643
1097224
1101070
1094095
1122250
1098397
1097470
1086918
1104297
1108909
1086775
1094557
1100878
1112717
1086968
1098359
1109746
1097349
1096931
1099905
1100119
1103519
1104959
1083567
1096060
1105022
1089512
1105140
1087887
1107597
1090312
1105851
1098062
1094579
1115142
1101735
1108113
1102188
1098125
1089508
1131107
1090699
1087943
1100567
1107846
1103452
1081729
1095384
1102921
1088146
1089941
1090040
1096320
1100375
1103974
1122579
1081937
1099397
1090026
1097009
1085680
1094266
1095868
1116577
1101751
1115231
1099175
1094390
1100992
1092153
1094861
1111922
1095225
1080176
1087611
1098709
1095758
1091764
1089064
1087740
1101059
1097621
1094298
1087322
1071797
1085493
1102419
1094328
1073366
1096988
1113983
1103419
1093398
1099262
1101699
1093408
1101722
1092294
1089955
1085908
1084767
1101445
1102076
1096100
1124874
1103806
1083579
1102396
1111667
1103452
1084926
1096342
1096445
1092378
1103884
1110820
1084936
1084434
1111698
1099578
1100955
1096122
1095618
1090286
1101246
1105037
1101473
1094045
1094130
1098867
1105409
1110375
1093267
1092672
1087158
1111554
1078842
1116213
1112587
1085568
1114245
1096007
1100128
1092018
1091971
1102000
1087947
1098626
1090028
1106502
1110655
1094577
1119756
1100637
1097001
1106094
1108635
1093284
1096128
1086441
1116230
1085096
1097434
1096743
1106117
1098522
1100786
1107974
1108407
1105490
1098743
1107857
1088163
1097475
1094173
1097051
1103118
1100588
1102611
1100974
1109196
1104415
1096323
1085660
1106550
1101983
1083845
1078446
1099190
1096792
1107735
1092152
1075535
1117222
1103882
1098873
1100495
1112644
1087134
1102846
1112688
1100764
1110395
1076370
1101770
1112730
1112150
1107382
1095209
1105033
1106004
1122561
1090540
1091938
1095666
1103322
1092762
1095505
1085256
1086040
1085999
1087470
1094840
1097889
1094009
1083623
1101690
1101970
1110236
1100402
1100956
1088590
1096500
1087804
1095397
1105289
1108410
1109894
1090489
1116774
1094107
1105801
1095838
1092721
1092305
1104412
1105233
1114295
1105194
1103763
1107538
1104686
1096632
1089470
1078273
1106750
1093201
1094385
1100221
1086826
1101985
1122932
1099902
1105755
1099436
1101104
1100040
1097286
1091209
1104148
1090719
1099849
1096297
1083007
1087759
1109522
1094312
1099936
1114014
1094319
1111599
1105612
1115335
1097737
1091967
1098761
1085284
1108337
1087476
1091739
1099794
1095235
1079235
1110420
1094765
1107525
1088189
1088579
1104845
1094767
1095068
1102073
1095974
1094385
1100435
1101579
1083508
1101737
1092573
1111413
1086759
1083327
1087391
1090763
1080180
1097105
1102023
1099941
1119937
1104060
1090195
1105122
1087475
1100856
1114063
1089850
1093230
1093609
1093459
1089510
1104684
1098617
1096744
1107137
1092211
1090735
1092100
1096200
1109201
1092098
1117561
1103542
1099047
1093074
1100901
1095449
1101768
1096107
1091437
1117742
1077040
1087689
1086848
1096183
1092640
1094704
1089469
1091313
1093034
1091093
1088782
1092458
1097327
1087129
1101219
1085613
1116273
1092748
1103694
1090521
1090224
1097213
1097877
1116493
1105738
1112159
1087556
1095710
1117595
1094119
1104647
1088531
1103668
1118096
1082900
1102632
1090809
1103796
1113502
1088451
1093547
1088451
1089732
1099490
1102058
1099306
1089984
1094665
1094943
1091438
1081060
1090195
1098356
1120693
1095066
1095036
1110863
1102633
1102933
1118360
1108296
1099584
1106342
1086262
1108323
1090343
1087359
1094801
1130895
1087147
1083899
1087112
1097361
1106913
1092724
1102698
1107920
1084971
1093428
1105083
1092592
1082086
1107270
1094607
1101959
1098106
1103724
1107236
1094797
1115683
1098694
1101338
1090495
1085727
1100840
1096354
1104811
1093399
1101118
1114051
1093559
1121632
1096579
1107773
1102136
1084348
1102741
1112660
1114596
1099902
1114246
1092620
1106267
1099796
1096883
1104308
1077687
1096292
1078877
1097179
1107888
1103891
1099425
1107448
1097719
1082339
1100053
1088440
1117504
1116361
1106450
1084505
1085722
1100408
1108925
1096693
1094376
1111011
1089779
1110565
1092170
1097727
1106083
1096817
1097500
1099760
1101057
1120482
1087148
1086884
1112067
1097234
1104188
1073961
1096955
1098560
1090627
1101246
1091455
1114698
1090894
1089821
1088421
1107313
1106765
1100233
1101633
1102019
1103741
1096530
1107013
1105543
1099684
1096060
1078213
1082651
1103487
1094958
1099644
1108201
1095599
1098667
1107720
1099284
1093903
1110535
1112058
1085742
1097741
1082482
1117856
1089879
1096795
1090075
1106973
1071642
1104912
1106920
1095662
1086606
1085662
1096603
1088473
1081476
1096899
1091428
1108691
1093839
1099173
1099239
1084950
1112386
1094771
1074644
1084377
1085904
1097053
1078865
1100354
1115164
1106355
1102980
1110320
1097285
1104962
1093214
1116528
1089243
1090677
1072392
1102104
1088514
1097477
1090543
1096333
1100528
1107207
1087613
1104660
1095320
1098910
1102972
1108615
1079262
1116625
1093987
1087625
1112078
1097687
1110670
1091984
1098312
1079851
1085841
1116598
1119843
1090152
1097736
1094046
1099599
1095880
1094454
1126533
1091030
1100395
1091397
1094454
1098567
1087006
1093031
1097543
1106159
1098980
1095029
1090150
1113547
1093919
1092522
1109695
1101063
1106630
