272666
267106
264837
265870
267139
269842
269876
266691
268484
268463
272013
264805
266862
268216
268903
265079
268376
270688
266961
268593
269362
266589
265055
266233
269534
268734
265863
267897
266806
269071
273582
269706
266468
272815
264737
266942
267004
268843
266996
268303
268534
268540
267435
268233
265045
269565
268468
267239
266398
268774
270404
267665
264277
267126
269114
264049
265717
269888
269507
268383
266401
264796
267034
270247
268896
266055
268343
267123
268284
268978
270141
266545
267105
269038
267378
268036
266296
267700
269273
269247
267070
271717
269211
271110
269008
268724
266934
271132
271669
265283
267914
266300
266733
271906
268628
265193
268072
269700
267493
270536
271384
268154
268814
269289
270119
269668
263889
269099
269353
266411
270178
266934
269212
267622
267207
267428
267626
268554
274273
267508
268506
268016
265749
269192
267390
270980
267676
266981
268412
264859
267399
270466
268725
266705
268799
266826
268527
266144
268084
269167
268252
267226
272432
267027
268610
270003
265645
267374
269033
266907
265598
268233
268210
266813
269226
264103
269871
268094
267064
267105
266275
273697
267848
268026
267609
266188
269343
265997
266042
270723
270628
269968
267251
267650
267394
269563
266387
267028
269460
267201
267070
266457
264229
269239
266423
266915
268298
271196
264411
268872
268219
272931
263601
267247
268540
265419
266033
271661
265673
265997
270534
273130
270747
267767
273257
267233
269735
265730
268884
269765
267290
267508
268841
267676
271462
267336
267991
268951
270042
267410
265859
270502
269523
266996
270322
266128
268156
265427
271783
266164
268641
270243
267476
268526
271493
266842
267677
271874
270078
270032
271426
267766
270810
269451
267003
265250
266514
265713
263609
269837
267768
268294
267626
270437
266282
267070
267276
268587
273806
272503
268444
266910
268801
266841
267622
268760
268299
269477
266450
271343
267364
268660
267914
268065
265437
267645
268428
266716
271545
273113
267968
265625
268564
272601
268489
269313
268676
266178
268000
268118
269067
269418
269155
266471
268344
264193
264339
265458
269324
271123
269662
266365
266333
270542
267207
268212
270973
267006
269968
269871
266000
271564
268218
266076
269019
268237
265488
269650
270535
267221
270263
267432
269940
268846
268289
266611
272360
273107
264267
268314
271842
266344
266820
264717
268928
266536
268575
267942
266561
263057
265895
267979
266252
274131
266244
269380
270333
269968
270407
265624
269591
265369
266277
266784
264247
265911
269465
269244
268211
268185
267134
269380
267050
269614
267582
270748
266592
270141
264915
264289
268958
266820
268192
267408
264776
265837
270153
268348
271055
269942
267631
268077
267967
264595
270615
265472
270873
267879
270756
269911
266621
266803
268014
268276
267574
272363
271788
268540
264739
271146
267914
264449
266769
271215
269535
268251
267180
265409
267607
267156
268094
270750
266809
272372
269503
271650
267948
269844
266217
270208
266654
264857
269367
267271
270100
269714
271127
268404
266341
269724
267272
273282
264675
268110
267159
265299
269034
271647
270412
268907
265357
268336
268938
265047
269086
269737
265656
271074
267894
270052
264689
265859
268836
266517
266796
268828
266689
265555
266376
268620
265221
266205
269272
264091
267723
266850
266077
270534
268829
269711
264289
266458
268711
264517
272866
268032
269101
269092
269968
268066
266390
268140
265747
266183
268456
267850
269218
265978
266597
267948
265485
267967
266313
268582
271551
266822
270430
268681
269157
267705
265801
271909
269012
273025
270021
268852
267102
267893
267365
266486
266427
268695
270331
264974
268899
267826
264737
267694
265939
268927
268407
269794
264782
269499
268598
269397
269068
266561
265597
268629
273675
268137
269906
266155
268403
267655
271845
266036
268135
270198
268331
264898
270149
271464
266359
264161
268427
269235
267137
267139
271123
268091
271804
269767
268053
269589
271878
266649
268810
265659
263777
267141
270923
267064
266288
270377
268054
266212
266538
266142
268603
268656
268164
267701
270647
263683
271453
266022
271511
267172
268878
268831
265293
266732
268549
269862
266741
270793
265856
268087
266922
270336
266413
267979
267551
269213
266993
268597
269706
267695
271645
270966
269201
270209
269298
269996
268472
270534
268898
266344
268188
271235
265671
268738
264277
266633
266807
270361
273121
270751
269886
271422
268787
266446
271287
267238
270162
271092
268578
273104
266592
269543
266572
269124
268903
267585
271628
270727
266062
268833
273738
268869
269849
266725
268721
267520
265029
267761
267596
268636
270480
268032
270156
267387
265699
273502
268969
273582
266223
268468
267525
271814
265873
266183
268584
269757
268472
265737
268784
269369
265598
268501
268798
267980
265673
268466
266099
271919
268538
264859
266380
267647
269852
267849
270169
266446
266942
268235
268835
266642
269310
265917
266942
267370
266794
266872
267060
265229
269727
266204
272807
272207
263761
270488
271022
268460
268152
268729
269267
265262
264085
266172
266993
271832
267678
265336
268034
268414
268257
269821
267611
268244
271957
268950
270284
267893
267190
268912
271726
267654
269689
272116
266574
269241
265288
269956
266777
267266
266818
268314
269964
271223
268590
272121
267813
268852
270322
269829
269889
265180
264935
269407
265805
272281
267726
267602
266131
270621
269156
268500
266018
266459
270819
269211
267100
268808
267743
270428
266850
265081
264517
270759
272329
268115
268271
271898
270354
269762
266349
270604
265095
266673
273571
266943
269662
269786
269922
269779
266712
270350
267237
268696
267138
268713
266146
266105
271409
269855
263525
265949
265247
268778
267997
272411
268621
267586
270574
268146
267935
272356
264903
265231
266361
268743
268579
265918
267456
269047
265797
268452
268913
268230
267338
268409
266417
266302
268787
269744
267652
270354
266564
268495
265586
268848
269620
268652
265692
264123
266676
269230
266243
271611
268327
267560
270396
269298
272846
268414
267407
269556
267604
270243
266938
266783
267044
265943
271874
269076
264577
277581
266174
271172
271415
269664
266853
267818
266408
266926
271069
268949
268233
264728
263957
271270
270483
267925
265714
267305
270167
268069
268808
264608
269123
275096
269112
269897
267359
271756
266616
266931
269132
267794
269791
265495
269659
268714
270003
267374
265792
266152
268726
268173
265567
265521
272596
266621
266830
272040
266986
267756
268590
267688
270226
269617
266392
271976
271029
269646
269026
269825
267370
267354
266754
271062
269605
263925
270331
266114
269719
267820
268728
267932
269845
268265
270409
266504
266229
268932
268520
268921
270261
269567
266325
270714
266319
268622
269484
266044
266055
266055
268333
267913
270288
271789
271010
267319
266166
271045
269876
272162
272265
268348
269673
268535
268411
272564
265866
270854
268496
267554
268288
269951
270773
270911
268932
267940
267042
271628
267388
269224
267445
269176
266446
271109
270536
267487
264517
268320
268411
270979
268155
270502
272350
269506
265863
266553
266376
271761
266531
273601
268361
268288
269270
268624
265111
266862
269439
266516
267081
265511
267038
266546
266329
269323
267561
267512
272027
268603
269670
264337
265441
267676
269500
266542
266753
266481
267502
266431
267563
268222
269058
271505
266993
266851
268702
267550
267618
265077
266720
264049
267102
263819
269613
268597
267936
267825
268529
270012
269175
271379
268670
266945
268039
269971
265423
268590
269180
271931
266107
267010
267076
268782
270354
270150
267470
266408
267188
267510
266317
267572
266880
270091
266887
268720
270641
267827
266397
270185
265416
264299
270283
272068
268425
265198
267137
265064
265880
266524
268628
269633
267361
273703
269057
265626
267455
269058
268983
267008
270846
271090
271167
267025
269057
272744
268222
272661
266876
268152
272297
267310
267066
269063
269168
268164
269226
271508
271517
267394
267581
267084
266484
267640
271421
270113
267869
272171
265509
268446
270713
266989
265939
268930
269292
273571
267456
269585
266415
269746
264654
264049
270201
268090
267445
267735
268203
266523
266907
272116
265310
263329
267670
268174
266098
265452
267535
265999
265410
266113
265105
266724
267771
272410
266280
264887
268940
271714
270265
267684
271328
267510
268962
269172
268110
269420
270945
269650
266383
270522
269058
267568
262769
268633
268211
268828
267898
271008
264971
268149
270635
271662
265495
271019
270483
268944
269722
265299
273770
271385
272502
270698
263995
268885
267537
265885
269710
267668
265534
265804
266621
267084
268563
267281
263789
267748
265645
264915
265753
267478
265335
269859
265883
268913
271348
267294
270966
264357
268508
267256
266503
269521
268183
270213
271224
269233
267556
268904
266878
264517
267230
268542
273306
270648
274930
265970
267240
267092
271071
268046
269897
269498
269306
272461
266577
273341
268747
265962
264247
269978
273342
265919
266108
268216
270132
267632
268047
270712
265417
264289
272643
268932
270391
267985
267393
270467
267780
267988
267157
267402
269069
271622
265671
265704
267234
268044
264305
267454
267822
268297
266382
266495
264977
270985
272412
264337
267103
267672
270285
264847
267258
269987
270060
265833
265144
269429
270092
268964
270752
268378
266204
265027
272327
269697
271115
267358
270270
270485
265121
270819
267837
263707
268775
267851
266661
266066
265137
266954
270369
266049
270437
264178
267095
265151
268846
273502
266210
271447
266903
268364
267673
268687
266160
266124
269007
264942
271003
270782
267892
268965
266397
268266
273238
265933
267452
265032
268231
266343
274803
267089
267239
269431
270901
265249
266630
271825
270509
271133
272769
264449
273852
267505
266538
267153
270551
265812
268246
266940
265477
266936
269556
266958
265565
267754
263655
268116
270744
266505
270433
272025
265095
265936
271390
270147
272712
272008
266702
266046
267728
266320
271930
272165
270033
269295
268807
265571
271120
273390
268634
266925
268326
269393
269504
268309
266175
267418
266717
267537
264535
268698
275509
266204
266885
265389
275367
268954
267081
263975
268028
267492
267349
266963
268715
266125
269893
266740
269345
273413
267957
270441
267928
268172
264049
266270
271417
268303
267638
263777
267855
266069
265844
268469
267450
271180
268604
266389
268277
270557
267004
269687
266796
268056
264077
266001
267030
268408
268329
267503
265774
271303
266948
268350
267777
269575
267509
267930
266842
267861
268186
270859
270451
268805
264337
270021
265688
267282
265655
265831
265443
271195
268180
265704
270104
272599
263041
270830
266098
272456
266563
267816
268817
269483
270492
269191
269200
270157
268871
264517
270018
266559
268927
266296
267460
267560
271786
265862
267610
264712
268457
271182
267718
269497
265610
266401
266915
266341
268986
267592
266530
264897
264139
270345
269271
269782
267250
268043
268926
269711
266353
269170
271933
267469
273158
266921
266934
267044
268163
269943
270035
269023
272369
268064
269483
267444
270589
265609
264627
264640
267647
273317
267153
269149
270565
266143
270132
264565
268502
267319
273056
271321
265111
267835
266919
273165
266141
265893
268447
268630
270876
266572
268930
264737
264661
269806
266326
269432
268063
273153
264803
269341
269292
273736
271509
267699
268862
268415
268098
266066
270881
269685
268036
265755
268337
267611
265323
266574
269303
269088
267606
265010
267023
264177
269306
269211
264776
267109
269422
266956
271468
267330
266285
264325
272923
265663
271220
269369
270174
272113
267877
268728
268913
269293
269874
269764
270244
268948
267285
267256
263797
268616
269535
267586
270548
267967
267216
267821
266079
271231
269005
267920
266760
269159
266300
267792
269564
268985
269581
273161
267769
265317
269647
268884
264807
269548
268800
267135
271444
271547
267902
269568
269517
265346
269305
267563
265109
266782
267725
272183
269471
267895
266460
264456
267903
268633
267938
266448
272591
268131
266362
269399
266144
267915
267917
271216
270494
276206
267454
266567
267700
267500
270563
266996
271275
268462
266528
268846
268722
266539
267213
267042
269472
269922
270947
271508
266674
268073
266539
268026
271107
265704
266127
269918
267408
265684
269601
266695
268523
270755
268335
271322
267173
268196
268241
266462
264249
271061
266095
269315
267149
268723
268876
267881
267864
268033
269251
266273
271488
268510
268260
272669
268047
267654
264814
268719
268425
271531
265187
271553
270851
266124
267296
272454
266628
267705
267603
265939
270743
274058
268849
269150
267412
265885
266262
273144
267742
264344
272702
268874
264995
271425
266110
268970
267275
268402
263975
265895
270944
266588
269294
271401
271514
269969
266756
269055
268742
267656
265992
270244
268578
268770
269764
267258
265846
270059
268009
267138
268273
267455
267460
267790
268700
268196
272070
266742
267241
271037
269729
270007
268551
267942
266943
274058
271804
269565
268383
267040
266510
268816
267964
269169
266682
270288
266946
269971
267288
266113
268785
268655
269285
267770
263441
268928
263525
268988
270451
266347
268576
265598
268384
268843
267898
266156
267681
274320
269078
270033
268326
270490
266951
269776
268741
266177
271226
271128
266357
266747
266104
271177
268814
266491
266104
268027
267337
268060
265171
274870
268154
269015
270630
270606
264597
269432
270418
265730
266605
269836
270027
269150
267857
270078
268863
263441
266984
268318
268178
270800
268672
266792
265193
268326
270306
272668
272976
265219
268326
269460
271615
267040
269992
270825
267555
266945
267518
272931
265803
270328
270889
267103
267726
269262
269184
266742
267170
265029
267794
269036
267823
272105
267093
269204
268101
272259
265827
266943
272106
269961
266471
267897
270256
267352
269284
266551
269671
266419
269055
270691
267443
268780
269603
267854
271586
266384
268377
269568
266455
269175
269273
267075
268393
269878
265789
265846
267237
270560
272562
268601
266244
266866
272331
264577
268365
265934
267097
265856
268929
265906
269100
266860
267948
269958
270228
265648
272022
266408
267232
266803
266379
270223
266403
266264
270743
268186
269331
267335
268889
267461
272008
272191
267045
264339
267350
269192
266091
271869
269986
269684
271899
266509
270060
267969
266420
270232
268394
266204
267267
269140
269777
265675
274934
268902
267985
266512
269942
265915
266943
267962
264627
269763
272301
268335
267189
269381
265855
270906
268500
265285
266379
270297
270912
270998
268342
268411
271831
268892
269678
268933
269453
270042
270039
270224
266760
264449
269010
266900
268829
275133
268309
267473
268582
267378
270402
265851
268948
269753
267130
269653
266572
266444
270140
267534
268295
271968
266017
269295
273412
264825
268998
267354
266602
269250
265111
268816
266963
270693
267157
268638
264899
268648
269054
269623
268317
265027
264177
266466
265907
270097
270230
265933
271823
267551
268150
264177
269311
265285
265854
264495
269754
266649
269182
271831
265429
266196
266302
269983
267657
266216
272247
269226
271534
268736
269112
269834
268639
264161
267014
269018
270044
269443
271723
267311
266846
271961
271366
267250
268622
265564
270550
264195
267836
267640
265363
265655
267615
267972
265944
272124
264085
265499
267537
265416
268218
269010
267948
269744
265043
272406
269184
268582
267647
264517
269436
267491
265585
267064
266050
268240
266511
268308
269018
270479
267164
270580
269521
263329
271917
267852
269543
268274
267898
272869
271451
270808
271423
269583
267492
268874
267860
267099
263237
273175
271165
266183
269264
267367
269598
265330
268112
273283
267982
271168
267706
274223
267633
267447
269056
265265
269043
264823
265730
269834
268672
273123
267848
267323
265336
264895
264899
270345
265866
269641
269488
265557
267528
264411
267812
267797
267966
269710
265149
271678
273883
266696
265367
268140
268319
268844
270397
267408
265139
267183
268071
265884
269398
269976
268020
264801
265992
268408
272490
270469
271256
268515
274273
267735
268375
270822
278850
268681
265898
264859
268393
266512
272926
268054
266205
265285
268553
266458
265249
268863
268826
271440
270598
269043
264748
268144
266723
267245
263777
268821
270084
269367
264129
267290
268686
268635
270051
267891
270778
266828
268092
264647
266040
264985
265165
266796
265660
273437
269029
269201
267466
264129
268070
270090
267247
266413
275768
268698
267969
267715
268430
267710
264001
270866
268566
271266
266759
269421
266230
267824
267583
270110
268840
268843
267038
268240
271959
272048
267515
272103
269544
266366
267942
266018
272140
266237
270174
269355
271014
268328
273149
268750
268987
270544
269837
265938
267717
272264
270163
269036
270888
265827
266970
268874
268112
266818
269135
264643
268607
268291
273917
264849
266430
269298
270419
265017
267491
267278
270652
267332
268504
266767
270693
270896
266961
270512
270220
263237
266913
267826
269567
269985
274130
263777
263777
270634
266066
268141
268525
267489
265285
270093
270396
267351
271218
268455
266944
267256
267118
264049
270033
267769
272192
266270
269603
268446
275794
267897
265884
269086
268187
268245
269037
271762
267510
266521
266332
266655
265505
269346
266240
266266
271671
268121
272692
266496
270269
267969
268053
269222
268008
264565
265142
271857
267188
270539
266603
267227
270681
270145
271112
265313
265929
265950
268427
266860
267535
268520
272129
266514
268872
266358
270858
269153
268297
266530
269637
271715
267940
270354
269269
270228
264317
269268
265253
271063
272370
266083
265437
270195
268888
267822
265019
268920
269305
268094
268892
266639
270121
265377
268795
268922
267742
266292
275805
265800
271186
269576
268762
267854
268807
266462
266734
266763
273555
267904
271310
267166
268494
264149
269297
272266
270851
270136
268954
269851
268804
264443
271061
272174
270138
268507
269824
267991
270180
265753
269551
270166
266165
269621
267524
267244
267874
269085
274247
273269
267559
270730
266404
269891
269010
268883
268527
265684
266951
270807
268434
267684
268894
269162
266942
267566
267985
269132
267957
271456
266246
267552
267672
267134
267184
266754
269343
266166
267984
268426
268887
269894
271709
271108
266700
267999
269757
265979
269893
267915
266397
269644
268900
269438
268367
268282
271597
264645
268671
273959
265048
270843
266655
268852
269155
267849
267426
268154
272528
267418
264609
268476
269556
268816
267559
268667
266240
267904
266300
267690
266148
268237
266885
269461
265905
266712
270389
265295
274579
270195
266183
266196
267723
272126
271388
268905
268197
266756
269948
271246
267438
268064
269152
267287
270472
268199
271325
269439
269409
265149
269848
266932
267592
267832
265580
270743
266316
269234
268988
266756
267352
266430
268468
267118
266761
269444
267231
271566
266900
268508
273805
268185
269336
270228
267192
269234
267065
266615
263525
267716
267114
269696
269362
271781
265150
268734
268443
270103
266626
270793
266849
267775
272333
265149
267706
269391
266355
267033
265509
268488
267043
266812
267741
263881
265033
268393
267625
267323
268784
267138
273670
266157
266165
267772
268515
273670
272735
268088
269040
267892
266830
268250
270563
269520
268613
265225
275025
269363
267380
267257
268431
269880
269125
265252
268466
268222
271353
267188
268489
266009
268470
267445
265279
270626
267520
268623
265536
267003
268182
270727
265106
264245
270127
264571
267892
268315
270152
266474
271465
267186
266476
267206
266700
268834
269131
268107
270032
268523
269713
268115
266848
271422
267814
268630
268953
269308
266217
269750
273947
271070
266923
269192
271245
268203
264942
267915
268520
265745
270060
265317
267728
269326
269109
267418
267476
271177
266971
271254
265483
272172
265644
265345
269996
267646
269209
267497
268109
264984
267391
267576
266608
272086
267953
269203
268185
268284
266911
267788
272428
268965
268855
267641
266515
266466
270253
267888
268613
269387
271549
268794
271679
266144
268608
269619
271752
265766
268612
265267
267771
267132
273329
268256
267962
266935
266673
268172
265327
268610
268400
265419
269255
272843
266469
267634
265984
266066
268872
265945
266270
267743
269493
265875
266037
268918
263745
270473
267735
270222
267346
268928
268900
265383
267362
266338
268477
269413
268416
271258
268507
266616
267767
269751
270501
269958
270959
269082
263941
270819
270905
268281
270443
268177
266050
267580
267766
269349
269903
270385
268770
267699
273254
270329
267898
270285
264049
269647
267209
270103
273430
265055
266802
272068
269295
267694
269089
267330
271932
266233
271284
267206
265956
267059
268265
266647
267972
267134
266622
269087
267633
270217
266426
267966
269214
264654
269026
268571
268320
267771
267409
270168
270706
270835
268352
271891
267123
266397
271873
267335
267272
267908
270835
265598
267236
265275
270353
271419
268785
264917
267042
269125
265704
271257
269828
270820
266227
270823
267341
266325
265933
269026
268842
265835
264714
268903
269087
271441
267495
270687
271062
269226
267454
266563
270450
267311
267360
265057
265820
268701
269310
267253
263797
268713
271567
268264
268643
266590
267608
266919
266221
266646
267237
270895
271057
270311
267963
270018
264247
268602
270501
272865
268752
268004
269808
271422
268965
269648
264645
267914
268829
265153
271319
265055
274119
270718
266313
268632
271481
265781
267926
265833
267828
268948
272467
270884
268722
266523
267897
273152
268890
266891
270686
271286
266382
265611
271574
264725
267380
267171
267139
268819
267744
266534
266325
270741
265975
270641
267945
268648
270804
274130
271313
269217
265535
268153
271412
272053
266332
266965
269217
268366
266728
265943
268025
270736
265759
267312
268326
272515
269576
267014
268881
267582
268444
264049
268824
267546
269239
270076
267604
271130
271863
271214
270837
269943
267458
269605
269549
270851
265517
265319
271505
268820
271026
265946
272839
267058
272076
271549
267314
271597
270824
266833
272019
273249
265704
267912
269575
268345
272445
268004
265550
263619
265993
270214
264473
268030
266668
269183
267443
269902
266675
266332
266867
264849
269750
266783
272129
266698
270449
265455
265198
270616
266102
269538
268598
266202
269562
266012
266948
270061
266337
272280
268663
269093
269691
266942
267775
268462
269016
265443
270255
267549
267141
267952
269000
267034
265475
269084
267520
264865
272349
270525
266437
268151
268916
269359
267411
267090
266965
268991
268429
266053
268496
265863
268843
271429
269177
266487
268959
273493
268142
272379
268945
267956
277146
267464
270547
270274
268281
266605
272419
268357
271152
270764
271120
266243
265063
267271
266448
270816
269633
265528
268079
268404
268583
265870
265596
270208
268241
265836
271682
264697
268926
269150
268357
266266
269939
269386
266106
269853
267770
267930
266146
268074
270181
267029
269581
268346
267500
269063
271521
267029
265447
270268
266267
271176
266597
266663
267745
265064
268622
265752
267652
270454
269652
266880
269416
266178
270224
266869
269346
270168
265365
269192
265810
267038
269605
266832
270631
266783
267861
267894
268717
267641
273030
264245
271690
268728
266968
268872
266655
269976
267180
269378
271055
266647
266276
266812
271555
267806
269565
269274
269349
269992
268684
270144
270328
271483
269491
269276
270536
267042
266316
268568
272785
266782
267492
268737
263401
266382
268333
273857
267804
267588
274430
265858
270575
266802
268467
267165
270015
267525
268456
266360
267871
269855
269867
268625
268682
268069
271330
266532
265955
268920
268467
269109
270126
269587
272913
270508
265509
269155
265077
269458
266991
266365
268558
269454
270018
270025
267259
270260
273486
268458
269101
268168
267984
264019
268654
267394
265650
269553
267378
268680
269120
269797
268090
270316
267561
267492
264984
269223
267680
270636
265857
266566
266607
266424
266432
270414
266563
273392
266125
268066
268939
269330
269797
270786
269706
269417
268288
270094
267456
267233
267030
265720
266954
270557
268774
270165
269535
269061
272783
275679
270222
269610
264179
267193
269774
272055
266126
267382
265806
270145
266671
267850
268658
265327
269651
266166
264907
265567
265096
266183
263489
271410
271225
267372
271202
270131
269936
268301
265933
268956
272946
272087
268756
266226
273096
265665
270387
266385
265486
268545
268840
270659
267202
267279
270380
270312
263777
269223
268239
267288
267720
268407
266511
267068
270488
269687
266943
265511
266948
265440
270643
266955
269663
266571
266754
269190
266999
267922
268110
269902
266384
270038
271058
270792
263525
265605
267248
266569
264757
268301
265501
267207
265379
264049
269920
267580
268541
267139
266125
264629
268859
264816
266588
267345
270475
268097
268037
274174
267360
270563
266810
268702
271540
272019
267646
268516
267215
269022
270473
268340
268498
268661
267533
268938
270117
270004
267600
264744
267359
267188
272519
268930
269549
266426
269224
266492
266527
267502
270146
266154
271187
266572
269320
264565
266216
266310
267324
267723
266814
272857
268623
266001
266552
266239
267230
267912
265244
266119
271556
266286
266214
267056
266905
265927
268173
268318
269512
269517
273617
268268
264805
267410
266233
266597
264805
265196
269704
268557
264339
266172
263969
270040
267171
273693
267633
266494
268032
265010
269658
268610
272716
264773
267672
269266
267161
269888
268681
269637
265605
266577
266863
269069
267230
269712
270914
265895
268617
270569
271002
273139
267498
265443
268764
266907
268173
270788
267652
267814
272110
268774
270190
268833
270575
266883
268603
266424
269982
265249
271685
267930
264847
267368
271705
270399
268258
270417
267231
267415
267796
268085
268013
270489
271827
265902
267061
274179
268725
271917
267572
270027
268705
268807
267619
264775
266787
267835
267320
271161
267564
265141
271131
268358
267713
265195
267943
268782
270072
271616
268914
270014
269572
269489
267641
268389
268326
266606
266825
271409
268789
269633
269781
269695
267196
269314
270500
264049
266440
267251
266361
271889
268461
269701
269933
265873
269660
266572
266481
270482
264937
269026
270689
271681
268151
268317
267915
272060
265787
269621
271103
267989
269212
267893
267916
268369
265212
271536
268765
269771
268443
267100
266714
268986
267099
268876
266527
267348
268608
273670
271192
269675
268497
270045
264888
268380
267934
267426
266536
269847
268870
266113
269399
268851
269017
273178
266987
267519
264587
267586
267138
270068
269394
270712
268216
263057
269972
266983
266698
267574
267233
268025
267310
267042
267252
267655
271306
264307
268236
269127
265299
271923
268198
269120
271052
267604
267156
267482
272425
269262
270414
266964
266784
268071
271263
268888
270073
269478
267151
263777
271197
266659
267347
268418
271582
267243
268041
268037
267113
269983
271885
268898
265749
267373
268572
266612
265261
270061
270515
268190
269196
272400
268696
266879
272118
268618
270762
269827
263889
266143
268588
266448
269315
272346
265851
265728
265555
267411
265501
269207
268043
270829
273198
266104
267838
269473
268464
265950
270984
265829
267933
265637
266877
272859
265245
265759
266460
269085
269249
269176
272886
265589
272707
267182
270085
269743
272918
269851
268468
266394
271229
268972
269058
272096
272273
269888
266170
267886
266554
267004
267138
267897
272367
268304
267687
268309
267906
273248
266936
273269
267109
267157
269869
268035
266899
271353
269489
269177
268442
266866
267408
268087
265452
269331
268299
265911
267653
265817
266003
265257
266447
269857
271785
267771
268188
271406
269754
270599
266220
266879
268590
268879
275904
268669
266165
266387
268705
267083
267265
268671
268914
271366
267739
268274
267537
268802
266064
271087
267865
268005
267608
265167
265157
265896
268393
267869
266127
267660
270104
270722
269810
268959
268206
265965
272297
265393
268122
266651
264789
265045
266308
267471
271122
267382
265022
267925
270727
267279
267335
265710
270439
267747
270255
267836
268922
265516
265997
266811
267526
272060
268839
269656
274920
272822
265299
268888
269411
266465
271584
268487
265875
267776
269076
267104
269098
266157
270004
264897
271341
266930
273444
267071
266849
264371
265699
265409
270889
265076
271384
268827
272488
269028
270747
270054
266721
265009
268346
267933
268789
263329
265638
271127
269524
266264
269490
268866
267116
267396
268978
271510
270491
266874
269223
267984
267838
272296
266749
264892
265663
266172
265549
270129
268021
269562
271306
266709
267835
270475
268085
266797
268294
271518
269587
267460
271381
270638
274543
265180
269602
265084
267849
269605
265810
271527
273753
267755
267967
264597
264337
269984
263655
268830
269796
269252
272408
270740
268717
264571
265562
267590
270697
269756
266374
268383
265707
268461
266457
267132
271913
265717
269647
269962
268288
272471
267216
268623
268025
267332
265681
266232
268920
266740
264857
268246
269466
263579
270003
270771
269380
271782
271984
269017
266136
268668
265534
269356
266720
269462
268331
265705
274444
266768
273122
268272
266572
269471
268007
266282
266717
268186
265972
266194
265375
264904
268633
272012
267676
268396
269229
266618
269124
268121
268707
267726
269618
266199
266468
270653
268849
269263
268121
264776
269946
265623
269909
270233
266373
268843
266055
268389
270941
268078
271974
270783
269117
267372
269561
267465
267676
266142
268903
268596
270961
270610
268112
269066
268919
271117
271015
271574
269243
267979
267498
271953
265315
270984
267186
267066
270427
269299
266519
267492
270513
263907
270214
266136
266933
266536
264049
264882
265373
269367
266199
267937
267556
269862
266205
270199
269130
268668
266954
266536
267274
270319
265177
271190
274378
268498
270589
267960
267094
266655
267271
264607
269287
268382
270843
267926
267085
269478
267256
265864
271446
270523
268623
267052
269644
266264
269596
269755
265481
268601
266244
270834
265877
268030
265678
269066
269738
269958
266311
267904
266685
268069
270337
265725
267670
270298
267122
267265
268849
269029
266297
265637
272114
269784
267716
269965
266718
269494
267669
268324
276609
267228
274388
268150
270046
267718
268180
267480
269594
266181
270173
266619
270843
270042
270106
270035
266409
265589
265741
266577
271424
268926
271855
270427
266822
267750
271534
266233
272057
268333
267105
265966
273009
268740
265582
269439
267963
268469
268475
268049
271925
269405
266061
264818
265257
264812
268603
265515
266291
274431
274366
270245
271572
267267
273133
271485
271734
266423
267521
267671
268152
264887
268295
269847
267002
268700
268606
270063
267872
271359
269125
267231
269775
268216
265346
273864
267309
267738
266564
267226
268871
268100
270075
272166
266037
269028
269305
267719
267897
268373
266548
269252
264379
265922
267685
267767
269472
270837
269011
273958
266992
269438
268438
272152
270756
263819
268618
271160
264753
266810
269163
269850
264602
268465
268595
270874
271643
267316
267646
267822
265236
265566
267920
267515
269234
273199
266050
270875
269220
270217
268114
271085
266316
269483
267422
270498
266671
267350
267990
265804
272150
270655
266288
268887
266853
268491
270089
267266
266543
269538
270436
271497
270445
268552
271188
266055
266721
266205
265199
265704
264647
267040
270336
269020
268271
269050
268134
266345
268214
265657
267711
269832
267188
266030
266697
269024
268587
264441
265805
266069
271326
265892
266075
266605
267840
268143
266504
265327
268683
269324
268291
267430
268061
268837
266245
267814
267814
271992
266667
267222
266172
267582
266277
266609
266264
265816
271088
270357
268266
267943
270980
266905
268398
265894
268242
268163
267708
267858
267769
265573
271744
267775
268906
272836
266741
268958
269681
271082
268740
265736
267162
270998
269538
265743
267015
265725
265698
266865
264918
270227
265508
271852
269149
268310
271244
268320
270236
271184
269122
266181
266786
267311
270413
268696
270859
267288
271738
270123
267221
269066
271273
271269
267220
267921
267450
270035
272273
271228
272359
266209
272739
264737
266087
266774
269624
267116
267263
266555
269719
265886
265421
269811
265207
266097
266282
269256
271166
266482
264281
266273
270935
268244
267531
270772
269106
267403
267280
271024
268269
270814
267343
266968
266390
268628
268113
267456
270930
265533
266868
269248
268074
267224
269046
266355
269233
266582
265205
272669
266627
270936
264065
264887
265768
268295
265597
268426
264577
266817
268330
266333
266996
266587
270104
267043
268868
268005
266787
270011
265057
267138
266398
269606
268817
269594
270080
269469
268067
268653
268681
267642
270701
268431
268834
266084
271103
264576
267414
268488
267465
271984
266005
267588
265753
266364
268148
267735
267397
269371
271202
271781
266001
272917
265550
272742
264599
268972
273019
265851
270147
267146
268492
269708
271171
267226
269528
268778
268705
264449
265662
269260
266041
272616
270944
268895
272476
268525
274281
269423
271904
269017
267319
271601
266943
267221
268080
268806
269539
268725
266177
264129
268930
269667
266694
270283
268128
267503
268580
272319
271196
270630
268266
270973
268668
266690
268968
267640
266158
267242
267701
269465
266804
267761
268618
266532
264177
268374
267666
271597
268863
268947
269376
270219
267276
269666
270507
269307
271569
268641
271701
268905
267044
266100
267794
270151
269306
271047
266837
271537
267992
267295
269047
269123
265201
268639
267901
269284
267516
266025
271463
269186
264593
266579
268118
268002
269875
272087
270395
269942
269240
265455
266532
268336
265350
267850
269431
267235
267395
267075
269093
266466
271767
267569
267780
267298
269006
268131
266691
270428
267314
268806
269727
268891
270906
268260
269234
268088
271827
267457
266680
270076
264977
270655
267969
266634
268367
265858
265926
265278
273437
266820
264865
267914
265349
268960
265800
269115
268136
268753
267734
266572
267587
269827
269591
267451
265479
265096
267868
272628
266942
265224
269937
264293
268679
268693
265215
267726
268513
269863
263723
269745
269259
270939
267232
271324
267775
267239
270225
269996
266754
267625
269221
268651
267786
265452
270808
266210
267100
269329
269851
270432
268549
266268
266057
266159
272458
268364
265851
269203
266624
270289
272516
268180
266810
271085
270496
270535
267852
270130
267073
265870
267521
269039
267601
266784
273133
269500
265624
268805
264629
268988
264805
271323
272805
267848
268193
265249
269239
263777
267898
269054
270470
266248
271213
266002
266596
268945
266683
270752
268185
273122
271721
266977
268637
264519
273106
271213
265128
273570
265805
266114
270633
264607
268322
264193
265805
268922
268681
269335
267235
265532
267215
264985
269180
269679
262769
270126
265094
269058
270919
267139
267497
265445
266952
270629
264627
270626
263777
267832
268426
267890
265851
263525
272105
267001
266837
270541
270750
266266
269084
269527
268480
272760
264961
266920
266867
267268
270062
264427
270303
267445
266433
272095
267488
265598
268635
271963
271475
271317
265943
270357
266041
269138
269571
269544
264579
267718
266878
269180
265743
265064
267610
268001
268029
269480
266279
269401
264177
269878
269354
270393
266543
267071
268372
268088
268787
277036
267087
272769
269730
268406
270967
270138
269215
269114
268567
266411
269377
266463
265621
268524
267964
266735
268915
266382
270045
268186
265922
266837
267630
270359
271163
270203
267475
266923
264129
271641
267112
266942
264107
267304
265638
268552
269639
263687
265027
269906
271158
264449
266868
265246
267302
268899
265485
265895
277621
265485
269148
272720
265511
270521
265636
269517
268495
264229
269920
267101
270825
266197
267653
269170
268508
266572
265197
267852
271350
268115
266340
269923
267501
266645
266854
268482
267518
271977
266266
272581
274862
271471
270291
267550
267253
265336
270743
266220
268300
269058
270294
266382
268553
271702
269766
270713
268671
269449
272595
268165
267297
268073
268825
266190
269896
268602
271378
266950
266365
269928
267826
272254
269526
269497
272732
268282
268248
264691
268972
266163
269022
264627
265447
274307
266287
266331
270121
267259
270237
271905
268337
266156
264715
268969
264942
267819
265269
272918
270407
272551
269722
265598
270451
267493
267419
265992
270049
267928
267267
270062
270186
267820
268790
269331
267839
267626
266862
275927
271767
267163
264811
269762
267273
266965
269705
268787
268654
269908
265970
269437
267587
267401
269747
270038
266746
266963
268062
266301
266558
269924
264627
267204
268842
263525
267665
265827
268636
271878
268488
269291
269312
265870
272848
271636
267411
268866
271245
265691
268264
272164
272489
265187
269182
266513
266806
266864
265836
269461
265532
265064
267920
268516
271281
266805
271538
272444
271865
267719
268924
267556
267469
265427
266437
270499
271041
266034
266680
268913
265129
273369
272248
271699
269511
265482
273544
269508
268302
266866
265317
268706
268237
266868
266900
264904
273401
269085
268404
269137
266398
267411
270685
265848
270407
267845
266821
269971
272940
266177
267556
267816
269917
268809
266428
266109
269880
270984
268673
267748
264309
272716
268068
268853
267511
264942
268886
270161
269233
264857
271088
267654
269476
271917
267036
269412
267761
268152
266367
268640
269887
268873
270504
267474
266300
268653
264877
263957
264087
268636
271333
266282
265765
269009
265375
273029
269504
271890
266358
269008
270319
268862
269856
267233
266701
269106
265732
266680
268967
265677
272324
267112
272743
270483
268382
268346
268879
268394
266928
264757
268301
264325
270276
270747
270094
267913
273108
265994
266685
268483
269838
272934
265709
265745
268081
267908
268334
268742
268240
270843
266895
264593
266365
264696
267871
268723
267164
267058
265479
269447
268794
267020
266218
272782
266401
269219
267442
266782
268948
266289
269115
266904
271394
266488
271033
267963
268926
267732
270672
267995
267161
269490
270644
270995
271521
267921
266120
266675
266447
269113
265556
270106
267515
268141
265517
270636
268951
267780
265509
268107
268702
265940
269704
265533
266668
267942
271517
270151
266824
266590
266072
263729
269086
268417
268939
266830
267922
265231
268141
271075
265942
270113
270907
266566
266589
272635
268609
266167
266167
270840
268826
269542
269636
270624
267634
266003
267742
264878
270239
267850
267143
266865
267562
264293
267248
268970
273470
272940
272422
269128
265613
267380
270095
266186
274105
269306
265921
271212
268509
268241
265448
267797
264561
271541
265104
269831
264607
270280
270482
266942
264589
266721
265566
267086
264189
273356
271447
268910
266412
268061
266572
267406
265917
269150
268859
264917
270102
266732
270004
271210
269565
268094
267459
272404
266286
266172
268645
269458
265367
269904
265416
267724
268693
267695
267125
270630
266846
269276
264761
270329
264229
265749
265182
269240
267503
270982
267653
267557
267377
268484
268499
268664
268123
270349
273322
268167
267277
269278
268247
269675
264877
264049
267385
271801
267534
267121
264609
268479
267183
272853
265167
266895
268907
266087
270029
263525
264895
268883
268934
267130
271397
272770
267334
270150
268120
271407
266593
266910
267385
269121
266833
268553
265953
270577
268872
269594
268242
272800
270798
266982
267501
268642
271048
266764
266648
265915
270396
264715
266215
267279
270612
268201
268230
265905
268659
264916
267822
268482
270185
266204
264129
266481
267595
267094
269235
267518
271609
270767
270489
270454
268128
273766
268650
270284
268985
268437
267985
267248
265587
267357
269686
269619
268807
272038
265891
267052
263723
266338
267426
268432
269827
267792
268949
273301
264517
270459
268545
268118
274758
267197
264517
272276
267988
266107
267547
270487
269623
269463
266175
266990
269193
267076
267441
266872
268169
270963
265841
265845
266874
269221
266172
266946
269036
265877
265463
270850
270319
265897
268870
268079
271743
266341
267026
266030
266504
267602
265588
270786
267509
269432
268395
270658
267602
266932
267161
263525
270277
267238
268733
265437
271621
268298
268581
267338
269095
268102
264820
268247
267963
271596
266649
266365
271534
268800
271403
268208
263655
270047
268436
268881
270322
271084
267029
269531
271699
268007
273545
267383
264229
268980
264245
268095
267702
266178
266372
270087
267665
266898
268541
267982
265445
269516
268016
265809
264616
264987
269137
266193
267888
268343
266850
269844
272376
266493
269899
268006
268679
265348
266178
267532
268085
271247
270706
268551
267927
268555
269164
270587
270037
267265
266750
266771
269414
264793
265972
270355
273302
267518
266776
268975
267530
267412
270087
272897
268082
264129
267561
265259
266605
268583
264878
271143
267234
269940
271007
267761
273647
265802
266388
270814
269946
265767
266270
266308
269293
268280
270773
268798
272934
267389
264337
269604
272981
265843
264849
267578
269144
265008
269451
268016
267944
269648
266023
270034
265964
270412
269209
267755
267241
268438
267022
269899
267910
266172
267897
268802
266547
271995
267199
267822
268234
269871
269912
266321
269854
269296
268508
267114
265587
269994
271617
267502
266616
274242
266503
267728
270190
273381
268617
267766
271245
266880
273278
269253
268913
270023
269145
268585
267957
267160
271942
265085
266932
267926
271113
267302
270222
270704
268598
274025
266738
264757
268023
271576
268064
270285
266066
271751
269460
268790
266922
267566
267640
266760
267854
267706
265047
270938
269550
268195
268136
266960
267878
267438
266389
272593
265927
269249
265393
269098
265367
266520
267308
269174
265187
268948
266613
268998
267905
268205
266854
269809
266590
266419
270594
268167
269885
268685
269702
271660
264963
272574
268152
270041
266199
265077
265693
270361
269381
267162
267394
273366
266744
268797
271924
265598
270124
272745
268351
269838
265466
268866
265856
271786
270808
267354
268978
271926
266691
264659
270079
266258
265308
270071
268244
267644
267208
269003
271609
266094
264611
267159
268864
269967
270043
265155
269509
269147
269474
268190
268895
270455
267156
264451
266349
270141
265447
269810
269256
271166
269120
269162
267324
268089
266756
271007
269018
271244
267060
265730
267654
267764
267988
271304
264616
270870
266830
268395
270526
265864
268025
267253
265624
267354
266519
271835
270134
268272
268535
267699
266605
271200
267726
271331
264349
268847
266316
267682
267525
265495
269505
270697
265659
268120
266582
268185
270055
267762
268545
269728
266484
270924
268491
270888
269757
272562
273997
270463
266064
270345
267895
269962
265016
267126
268289
268825
264611
267487
270989
270874
268581
266333
269410
269963
266258
268931
265589
269179
268406
270346
268854
266565
271700
268557
264193
265987
267536
268648
268484
266846
267598
268301
267006
268910
269626
266269
267251
267428
267180
268828
270583
271057
268934
269411
268600
264245
271958
264987
267957
269051
271002
268370
268618
266806
265432
266453
269827
265637
268232
268403
270141
269353
267222
265207
265707
268358
270480
268160
268517
269299
271761
271101
268104
269109
271518
265964
266099
265253
268808
268747
267599
268113
268382
265458
270203
265369
266927
267013
267488
264813
263041
272581
269545
267369
270129
264857
269462
271799
268619
271271
269010
267721
265138
267470
266784
270959
266875
269320
265522
269596
267353
271039
264389
264942
267625
266647
268646
266158
268269
267878
270297
268585
271404
267155
267720
269359
268893
269755
265533
269784
271147
263761
270766
267518
266426
270522
271343
269665
265775
268833
268893
271125
269039
268463
264947
270519
269003
270673
268950
270395
270396
267240
267569
273802
269351
267006
267755
271238
273009
270423
273087
268886
268718
263797
268426
264735
267658
272219
270263
264987
267492
270114
266982
272242
271508
269602
267629
268422
267222
267528
267615
269102
268148
267297
269045
268142
270027
270163
271996
265841
265064
266346
268510
267538
268721
266746
268643
267239
272566
266952
269675
268791
268370
269418
271009
269028
266668
267079
269536
267258
267357
270025
270684
267749
269578
270614
267822
265959
266093
269225
269394
269737
270135
267172
267959
268800
266916
267092
271345
268492
268464
269419
269560
265738
267602
265898
267070
269910
270277
268517
270447
266292
272302
265717
268151
269931
267924
270184
267544
266348
270242
270077
266331
267845
268276
266852
267750
271486
267432
267038
267912
265984
269370
270414
269507
268323
269536
268085
269378
269301
263959
268899
269896
266403
269017
268653
269630
266075
270448
267466
266905
267919
271609
273265
264857
266743
266822
269548
268506
266136
266225
267992
271180
265875
270246
268577
266786
271184
268372
266205
269530
267934
268752
266729
267521
268026
268840
270759
265457
265799
267683
269445
272412
267071
266583
264178
265715
271881
269167
268985
266638
269283
267809
270344
268260
270130
271445
266698
268826
268240
264897
264517
272468
265027
268423
268999
266354
266591
265389
272111
270382
266416
268368
270635
272047
273912
271911
266936
267774
271169
266888
265740
268751
267221
268014
267979
270291
266249
270773
270646
264359
269685
267508
268455
270519
268774
267881
267998
266644
271301
267595
268549
269339
266940
266280
271376
267344
273228
271988
264449
268799
272343
267758
266687
265128
271478
269515
266610
271453
270335
267741
267201
271126
268253
268948
272235
265762
266273
270287
272700
267452
269294
272620
265064
266869
267469
270139
269143
267894
266775
268054
268054
268536
267048
268604
268611
274789
265615
268867
268416
267500
268808
264025
267782
267999
263721
269207
264049
267354
265594
270139
267022
266626
265869
270571
266885
270263
265704
268771
268492
270689
268772
264245
270259
269263
268956
266135
269294
270930
269241
268765
266632
269219
268324
266931
271496
274864
266005
268266
270669
267065
268726
267791
270109
268736
265733
267123
275562
270027
268701
268938
265900
271356
268589
267365
268632
264869
270059
270658
266165
270644
268192
267994
267873
267669
267231
271452
270317
270003
270868
267821
265085
267027
270402
269107
268572
269575
267208
266514
271412
267361
267071
270991
272248
266876
266681
266898
267520
266720
269372
266066
267333
270227
270841
265945
271680
266253
270917
266837
265781
269436
272473
268513
271125
269333
263881
269988
269295
274601
264707
269213
269602
269614
267986
268970
267428
265704
265743
268103
268349
266976
269487
265064
265698
265896
268170
270211
266482
268286
271462
268676
267264
267077
267183
266327
268487
269937
265588
268816
268768
275095
267818
271565
270423
267346
267033
269892
270206
270451
271317
267793
269390
269187
267414
267084
271574
264561
269039
265651
264417
268172
269183
271361
270956
268312
268649
268027
265533
268645
263757
269385
269762
265129
267622
267236
268240
266860
269329
268526
270349
270275
268811
269856
268193
271926
272172
268328
268205
266834
267056
269771
264737
267937
265812
267539
265614
268895
268271
267552
270274
266623
266595
272054
266834
266554
268535
265099
266701
267142
266544
266277
270502
268832
269838
270708
263489
267746
268204
268870
264443
269116
271323
271312
268588
267375
270679
273156
270481
265013
271649
271519
269157
269401
272549
268654
268540
268455
267898
267992
271879
269473
265055
267273
268318
268440
268008
268961
269037
264590
268192
267589
264319
266390
271170
269341
267330
266580
267195
268150
268598
268648
266889
268632
267573
269110
276102
266389
270066
268349
268496
270386
269146
265956
266824
271772
270381
267328
269196
265907
266809
266144
267480
266300
267024
269632
268582
265588
267441
270632
266700
267956
268001
270255
266498
270504
269384
267565
265637
266968
269546
267506
266033
268160
270116
268988
265997
265573
269686
268676
269397
267012
268526
270457
267312
270785
269537
269183
268892
266872
265335
264299
272353
265863
269306
267948
266542
268113
267963
269233
269594
269584
267184
269033
269681
270051
269538
274122
270024
268654
273077
266837
268765
266273
270599
266069
268552
265598
266278
266763
268420
269170
267514
269444
265730
268495
271073
272130
266826
266178
270206
265346
267746
267172
265341
272379
268653
266603
270019
269127
268839
266483
268170
270646
266764
270187
271418
269748
273666
266598
269252
265005
267065
265427
272907
271071
275284
270131
269159
271097
265094
266803
264061
269926
266813
269269
273617
268781
270556
267647
270350
272538
271613
269782
266227
270200
266851
264587
268710
269081
270783
271007
266626
270924
269204
269849
272240
268164
264775
265749
267390
267864
269379
274464
269595
270816
265207
265336
268021
270920
267704
268912
267363
270875
268518
267999
267640
274402
268486
268150
270112
267502
264859
265095
270812
267150
267863
269381
266524
268617
265367
269214
266303
265010
270392
266178
272071
267803
266553
266607
269346
271718
266048
269061
270371
263925
263925
269115
267658
268230
271225
271124
268255
269826
264229
266074
265544
269356
266779
267391
267676
270322
268153
270250
264178
272775
267640
270218
269856
266578
268265
268311
269020
268840
267408
267831
270388
270882
270043
275308
269557
265410
264807
266897
270361
274145
267445
268261
266976
271349
265870
271094
270166
267566
265949
268068
268719
266409
267094
267558
265490
270239
265470
267603
270981
265207
269296
267770
267475
267145
268579
267656
265880
271044
267251
267921
268741
266000
268451
275359
267584
268565
266853
273241
271404
266352
266492
266148
266744
269133
265115
268807
266055
266961
270828
268360
265911
265659
264757
271190
269376
270865
263777
266421
268320
269663
266403
267625
270906
269665
268665
267748
270407
268662
267967
266309
267708
267008
265875
266763
270455
268666
272156
268219
266141
264647
268136
269322
265064
267535
266720
267073
266792
271804
267235
270267
265366
265710
266669
269219
267198
268326
267480
267767
273456
266113
269508
264535
263041
264139
268543
268162
272995
268487
274428
267664
267322
270171
271980
269139
267250
266426
266743
266127
268271
272406
268217
264605
270645
264149
271159
269728
269884
269870
268680
269963
269985
266659
268408
266482
267386
269130
266440
266419
271733
268468
270192
268474
266758
272451
269153
267284
268606
266491
269013
264299
270215
269567
267870
268566
266157
267763
268813
271088
272562
269882
266373
270700
268250
268941
267016
270264
270559
272151
267617
273215
271028
268649
267982
269816
270176
267883
271909
265429
266432
270318
266376
264789
269014
268400
265509
266935
270990
263761
268769
265047
267001
264517
266912
266124
263889
266059
266691
267817
268176
270681
271006
268968
268905
269672
267165
267201
272974
270523
268414
267851
271502
271404
269628
263057
267432
270404
267579
264645
267013
265277
266313
267376
270250
269341
267662
268464
268321
269359
266904
271139
269302
266688
268274
268402
264984
270683
268151
270018
266981
266338
268696
271754
270614
265561
266401
267010
269072
269143
266678
266093
266477
267934
267970
268824
271106
267948
271032
267195
265783
265417
268357
267060
267299
271261
271649
267766
273053
266408
265416
267726
271062
265111
270312
265884
264576
269626
267797
266146
266901
267451
267717
264899
268502
269225
267642
269401
268592
270299
266211
270636
271558
268722
269123
266210
271346
267520
267340
267051
270713
267361
268928
267096
265708
272238
267486
267961
267863
267497
272238
269076
266103
269181
267080
267115
267849
272850
268394
266996
271296
266295
269568
268344
268038
271287
266857
265562
266417
268565
267931
268592
267730
267315
265751
269367
271903
267776
265209
267394
268315
268582
272496
266642
269471
268752
267202
269353
267179
269408
266342
266568
268643
270893
268290
267169
267706
268744
268386
271638
270375
266014
269971
270505
270076
266532
264267
264859
269763
264179
264956
265093
265909
266537
266626
269216
268057
269417
269659
264049
272001
271100
268297
266385
268288
269791
268478
267666
265464
266449
268056
270279
268814
269920
269996
269083
271513
267491
266738
264882
269151
268956
267672
266103
271165
267957
270602
270754
268259
265252
266326
268519
264177
265820
266622
272094
269935
273810
274711
266981
267039
264569
267858
265563
269527
269991
268590
267914
265055
264774
269508
272709
265273
267650
267940
265624
267930
264807
268219
268755
266553
269866
268792
265704
269046
268024
267718
269621
265603
268575
271023
269172
266374
268459
267049
269855
266799
268775
266597
272242
268022
267693
271078
271709
269618
267586
267710
270812
264039
267319
269839
267387
269470
265499
268704
272545
269542
266631
266356
265837
267969
265599
272405
271063
268139
270708
265077
268255
270018
271761
271454
268153
268923
265055
268243
266908
271788
267968
265655
272015
269368
267980
269036
265673
267829
266066
267230
266851
272403
269046
268971
267573
269431
267698
273607
267822
270943
268011
265936
268546
270681
267520
270486
267211
268608
267540
270954
265598
267038
273056
269703
264576
265288
267510
266668
265554
269006
268138
266408
265626
269978
270761
264049
272744
266860
266160
268668
272444
272507
265804
273060
264321
270827
270712
267643
268051
270663
267992
265267
267919
268570
270403
266473
267515
265724
265045
268605
265532
269868
266239
271198
268690
266449
268769
268063
267914
269572
266360
266674
267827
271531
265961
266935
268806
267077
265187
267465
266163
266859
266524
268531
267040
269625
269999
267567
269607
269467
268845
265315
266156
267968
266068
273400
269333
270217
271645
267172
268367
270087
268889
265655
266687
267110
268677
267403
268020
266709
266385
266273
267474
266680
271758
270738
265064
266066
272087
266634
267095
267822
268923
268779
270313
267320
267474
268157
271281
267024
266616
268654
267350
268778
268640
268812
267365
268309
269276
267302
268907
266820
267933
266984
265741
272160
271852
268688
270306
265929
270382
266414
272098
270166
268085
265310
267328
269959
268182
266750
267665
266834
269315
264359
269609
271162
269152
268072
264539
267092
269605
267516
268133
267847
272677
267083
269574
268434
266967
268894
264565
265350
268234
265310
267030
268850
266133
267408
270691
271775
268276
264919
268939
270194
266505
266626
268933
268744
265562
269664
268083
266798
266582
265832
267694
266487
271287
269723
271823
269209
270205
270256
272945
265998
265016
271627
268836
264993
270684
269281
265405
265656
270224
268375
266850
268792
267538
265704
268476
265013
269507
268940
265978
268988
265997
268498
268393
268795
268070
266074
268310
270261
274591
270347
268108
269725
266835
270713
263761
267368
270642
266130
266317
268723
272352
267375
268477
265346
268593
267177
267034
266252
268939
266659
266871
274313
269058
269545
269551
267800
267633
266513
269420
268119
270578
267221
266914
274269
270426
268603
272799
267836
267376
272178
270671
267103
271659
263457
267188
268367
267411
267565
270422
269018
267938
271286
268447
267617
266073
266228
267354
268933
269507
266204
270769
267799
266474
268338
265410
266698
268148
265288
269216
271197
268937
267297
268203
271418
271764
266942
270120
266893
272275
271178
268057
266716
268420
269883
265197
266311
270844
269277
268377
266501
268018
266716
268712
270058
271846
269460
265097
265886
266481
269959
267634
268593
264229
269961
266264
268207
268375
269159
268727
272636
270376
267956
267843
270957
270894
266583
274926
269513
267559
269197
265692
270493
266904
267677
273123
267279
271772
270973
266062
268953
269408
267042
268111
269516
265870
268522
266597
267925
267888
272218
265530
266174
263525
265633
271844
270098
269936
264984
272612
265956
267150
270747
270820
270024
270267
268570
270620
266149
270492
270131
267231
270313
269310
267323
267578
267782
269647
269187
269852
266867
269188
269566
267264
269197
266962
271185
266904
267875
270420
268217
271945
268660
266326
266404
272317
264373
268650
264105
266659
268548
269304
266579
267331
270396
270821
268425
268974
269165
270302
270659
262601
268037
266696
270715
267413
265257
266527
270573
269024
268595
271850
270104
268655
267096
269145
269520
266634
270352
269825
267394
265336
269385
267523
270881
269515
270318
269670
266149
271052
268212
266824
271473
268716
272113
265511
268588
263889
265413
269648
268367
267234
269682
269297
264899
265267
267824
267565
267393
267278
267640
265804
267531
266950
269786
270767
268462
266677
271482
267542
267928
264375
266818
268614
264364
267328
269220
266630
268322
269232
271457
268841
269301
270742
270560
265410
264277
267121
266633
264719
265699
271746
267868
269880
269169
267854
265509
269275
266925
267657
269880
266037
263777
270414
266958
267826
272768
265727
267194
271508
267882
267166
269586
266365
269130
269550
270945
270177
265776
271916
268239
267353
265441
268462
269172
267220
268348
266087
269562
269133
268849
268328
272398
267814
269802
265765
267348
270617
271496
264049
268043
265691
267969
272948
266718
266931
270839
269934
267525
267050
267392
266474
270801
265956
270861
267557
266692
267355
269656
266697
270597
269761
270949
264849
268824
268482
266220
271028
267183
267231
268168
274941
269390
265356
266474
265533
269274
268771
269554
269851
266434
266272
266012
267505
265325
268142
267047
270033
264789
265267
270691
268123
269784
266408
272139
268213
269083
268960
269182
270377
267753
269395
267512
270247
266578
268939
268809
270081
268160
264517
268434
267040
271150
266850
266096
265727
267406
268555
268869
265533
264705
266928
268216
264791
274576
269639
269688
268150
266554
267022
270118
266064
271033
265796
267588
268218
269513
273044
267258
265807
265111
269046
271266
270312
265441
265407
265805
269478
269728
269993
267832
268406
272001
269609
268900
267657
264177
263489
268938
269930
270733
271464
268267
271118
265516
264616
271313
268929
267993
266996
266471
268226
264495
268912
272509
269410
265598
267916
269122
267825
270533
266817
264267
271111
266243
266570
274127
267161
268748
269744
269588
266165
268092
266370
266484
268861
268343
268071
268239
266460
268343
268636
270611
265910
268735
269012
270171
269959
266395
265613
269485
266364
268367
270361
270037
269355
270274
269417
265323
268994
265385
266964
268129
269599
268272
267416
268152
267970
269137
265370
268858
264524
271845
265740
265599
268318
269605
267458
266760
266172
268915
268152
266562
268518
267571
269688
268960
272443
269127
270020
268998
267147
267195
265390
267015
271023
269644
269908
269745
269874
267654
269461
269087
269168
264139
272175
266884
267574
270227
270771
267899
266952
266089
265662
268286
273121
266062
268667
269679
270986
264865
266810
266408
268455
267625
264542
268416
267835
271486
269745
266019
268922
265085
269660
267680
271684
269815
266764
267960
270102
269717
268452
267738
269769
267213
268984
266890
265597
267689
266483
265954
267087
265493
266355
267862
268466
271719
265045
269481
270299
265213
266675
269105
269256
268173
268686
268169
270645
269769
267479
270558
270512
267191
269314
269738
268265
268417
269768
263041
265995
265742
266172
271753
269094
275637
264307
268704
264337
271237
267980
269321
266134
268508
266760
269575
267410
268231
267150
266497
272139
267550
266598
272051
270858
271755
270918
267858
270541
269360
267070
266408
266028
271062
268985
269614
269862
267921
264969
267098
266554
267362
266531
270608
272859
269667
268328
270067
267284
269297
267721
266365
268500
267551
267688
271197
265677
268230
265621
269721
265732
267478
266284
268426
266900
266830
269358
264899
266812
268239
271657
267237
270575
267669
270516
266906
269138
271392
269843
266996
270697
267058
266084
265221
267423
270655
268410
268935
266229
264193
267377
266398
267001
268268
266564
271951
264177
267863
267925
268940
268138
266519
270610
266793
270333
267064
266560
265341
264049
267085
266813
267960
265746
263975
270001
267525
269003
266851
270350
271803
267370
265027
269499
265499
265573
267030
266097
269035
270519
272140
269556
268258
266962
265248
268705
269276
270437
268637
271194
267752
269037
267562
268828
267080
270650
267988
266142
269105
265961
270879
265877
270735
267193
265824
267830
266962
268403
272144
267555
264622
269588
273514
266655
268160
271510
268502
266477
269720
267233
266709
266929
267093
265194
265525
268453
268485
270365
264627
268449
270749
269480
267577
268709
268279
267796
270210
264443
265544
269175
269506
266083
272941
267556
266951
270201
266938
266767
269512
268224
271031
274688
266652
269748
267643
272475
270469
271841
269727
268328
268182
268537
271393
270835
268684
268486
267166
267775
266093
268063
266466
264049
266739
266914
271952
267990
270231
270943
266455
268124
268995
271903
270945
269564
264785
268638
267834
268711
269532
267132
269524
271526
264479
270824
268050
270387
266983
271237
266278
265597
264179
267557
269064
265841
267148
265797
269734
270751
267017
269547
270741
270034
267596
264937
268668
269294
269130
268268
267594
267319
268328
268760
268885
269406
271776
266575
267460
267602
267975
270247
268540
266622
268894
266579
269009
270392
270296
267780
271616
269185
273921
266659
267499
265279
264899
268168
270680
267353
264222
266614
265635
265176
267345
269408
266848
268034
268415
267146
265499
271555
269904
267474
269979
269486
268790
266824
263723
270345
267350
266366
270086
267245
273253
270693
264943
266009
265992
275113
268877
269222
266745
268138
270449
265636
266674
266888
269333
266430
266230
268090
272250
267786
271019
265324
268647
267978
271896
265781
268382
268337
265493
266805
268846
265109
269643
268720
268896
267771
268123
269292
267832
267253
267354
264942
269971
268978
267237
266040
270404
270156
269072
266140
266720
267150
268413
266107
265889
268617
273040
269343
265691
265753
268583
268862
266612
267774
270205
264161
265039
268266
266062
265778
272093
266071
265223
270129
268452
266765
266303
267318
269351
273639
270155
267807
269279
265495
268151
269259
269181
263777
271001
266113
266021
267588
266935
267382
266345
267807
265946
266493
263609
268596
272731
265243
271461
268647
267466
269702
266211
272304
266979
271591
265813
265093
272190
265533
269676
268026
270121
268285
266850
269056
270091
267175
270988
265612
266719
269760
264337
271076
269745
269343
270318
267337
265804
272794
270499
267394
267284
265598
267290
269388
266833
267850
267723
271393
269349
269210
269345
269214
267706
270423
266557
268599
271305
269416
269317
272211
267832
269365
267546
270330
267536
265717
265533
265895
268081
271559
273622
267516
269597
267362
265667
268462
273943
268604
265177
268315
269340
269926
266244
266276
267937
270425
272959
267560
269035
268087
273128
266885
272387
268834
269118
268618
269441
267542
266633
273264
266958
269950
265733
271275
269238
269921
267391
271036
267310
267726
267640
268404
267412
264899
266512
265805
272029
268866
271112
269056
265288
267266
267508
267820
265417
265495
269710
269793
270147
266400
270163
273003
266135
266152
270139
267256
271319
266926
268850
268381
267126
270285
264796
266720
267305
268492
271617
272413
270176
265262
269486
268677
270190
271725
265727
269918
269113
270621
269377
270829
272648
263237
268159
266596
269185
268010
272522
267738
266071
264369
268606
266264
269282
268833
268303
265517
269075
268287
269653
271418
267034
270388
270521
267946
266677
267339
268659
267344
269891
269365
267191
268375
271152
265459
268495
269858
270720
266698
265194
271221
264879
270575
265426
266133
269436
268971
271404
265285
267392
266061
268677
267503
268520
270258
270325
266668
267904
269866
268159
269964
267299
266693
267552
268490
266080
263975
271224
265095
267748
267063
268813
274413
268981
267717
270619
264577
266375
266782
267087
269384
269892
271341
267781
267082
266383
263819
264878
267755
266066
274988
270233
270223
269650
267699
263857
269378
268733
269782
266419
268623
268325
266220
271603
267569
269574
265781
270890
265193
269449
267452
269073
266882
263889
267733
265096
272392
272092
264663
269103
270230
270029
272446
265627
267098
267246
272510
268951
268167
268707
272526
265466
268079
269346
266635
265607
265432
268672
267623
263919
270777
270269
268518
268987
272246
271619
268671
264663
265432
271483
267668
268426
267443
263891
266925
266294
267997
274177
269366
271655
266606
268830
267233
270154
267651
266666
268453
266933
267199
266480
267168
270705
265610
271824
269789
269116
268089
266093
267355
268407
265716
265783
267337
271039
264177
270967
267137
265851
271015
266985
265626
270211
266687
266266
268589
266261
266536
272131
266842
269385
270683
271851
267146
266131
267937
268404
267512
271355
269656
267270
266858
268672
266472
267792
267875
267913
269011
269549
268048
267208
271475
270500
269648
267586
272771
266574
267070
267376
266965
272178
267701
266085
270850
266457
269207
267498
267083
264856
270980
266922
267437
263777
271931
265245
271107
268185
266338
267525
266828
266551
267554
268007
270407
265611
271385
269175
269215
267716
269698
265839
265244
266546
266544
268459
269685
272280
267145
268654
266380
268481
267388
267206
267913
266655
270013
271619
268273
266435
264954
270496
268701
265324
266670
268107
268225
267173
266577
272199
267989
266547
270998
268894
266857
269971
267484
266788
267648
265537
268963
266851
270577
263857
268547
266028
269277
268033
271213
264997
268667
270130
267527
267138
269192
269368
266098
264617
267788
273349
272390
268582
270588
266066
272078
272020
268748
268785
267114
267995
266025
270365
267984
270206
268675
269605
267048
268882
266887
269176
269013
273737
269145
265364
267520
272577
270850
270335
269742
267146
269717
267478
271595
267956
270196
266428
268990
269378
266363
269530
269546
266088
268632
269569
271370
265180
271248
269019
270369
270297
267684
269255
269471
265112
266982
266295
269240
265931
269834
265064
270132
268304
267883
270268
263777
270151
268520
271904
265921
268684
266114
269699
266914
267900
266147
271561
269727
265077
266840
266493
268075
265609
269229
268135
265785
266506
268126
271466
268870
268262
267833
274321
265315
269203
266724
269817
269366
273783
265967
269502
268363
267806
265924
271111
267897
267150
272130
268300
267954
266830
270121
270098
270923
271173
269735
269191
265635
270107
264179
270001
268027
271934
272214
267627
266463
271371
266204
268297
270402
266941
265884
270329
266906
267895
269047
264797
267192
267336
267011
266989
270013
268156
269334
265921
268226
266617
273293
266110
267795
269629
269112
266026
267468
271815
267813
267948
268041
269210
263777
266985
271088
263975
268841
269043
270380
267796
265193
273891
268288
269950
268743
265779
268657
268752
265756
269032
273127
269595
266005
267354
266986
267576
265479
268657
268957
266449
265456
267280
268368
267932
267328
270112
269503
269777
270406
270494
264517
271294
267083
264275
267646
269143
266963
271999
263857
265277
266271
271015
265564
269025
267899
268653
266715
267258
262769
272593
271262
271876
265750
267184
269781
269902
269349
266400
266537
268886
268216
268856
264139
266069
268863
268260
267073
266332
267743
265317
269233
268152
266671
268946
269111
267060
266827
269815
267486
274071
264245
268297
266471
270281
267791
269897
265450
267163
267142
267637
271789
264645
269243
265045
268746
266809
270959
268712
267106
267330
264607
270312
266985
266655
271567
265515
263851
268170
270600
273027
268764
267504
267561
263777
266085
266602
266753
267183
272868
266671
264568
268046
266039
267828
268023
270495
267813
267748
268609
270686
270217
270098
267913
266663
272128
267361
267685
266564
267418
266615
266715
265084
269156
269742
267555
266861
266622
267269
266691
265766
271265
268146
264825
265176
272145
267093
266989
266683
269018
267799
267008
267523
269785
267452
265877
271007
266061
269293
267447
267642
269556
266766
267613
265509
267903
271956
269916
263489
265421
270938
263357
267518
272401
266255
267118
269036
265698
266820
270769
264449
266884
269671
266794
265675
265502
264193
267674
271271
273374
265812
268890
267197
270979
267704
270529
268102
271012
266626
269251
270267
269308
267905
271170
265599
267128
270015
267535
268420
270800
267890
272323
268832
267995
268501
265095
266888
265960
272711
269344
271630
265544
267293
265613
268431
270739
269321
266274
268861
268383
268654
269310
267408
266835
270068
269512
269210
269544
268656
268258
266093
268695
268112
271794
273876
272318
266920
264375
267180
272423
268336
268540
271484
269038
266178
270592
268202
268947
266655
270659
268987
271168
266563
268992
265556
264833
265790
268906
265502
265443
267309
269399
263169
267938
267180
267145
265876
267596
271337
265973
270276
269477
266504
266438
267592
267654
263579
268180
269104
266981
267730
267433
268109
267735
273719
268948
267312
267312
269828
266505
270124
266962
266897
266738
268483
265976
266712
265637
265621
271638
264597
270839
267996
270023
266273
266902
269541
264245
267378
265699
266646
270273
267891
267793
270435
270249
267099
268164
265567
265927
268064
267943
264453
267477
263761
269259
269981
267735
267973
270177
269177
268964
270329
268761
272137
265725
267332
270691
269775
271369
269336
268441
269461
268802
273287
271097
267593
266872
268870
267465
273104
268350
266511
267117
267408
270324
268015
266225
267907
270209
268586
268301
267587
268326
265299
269708
271764
267344
267748
269796
268237
265410
269645
270299
269830
268713
265317
266674
267604
266771
270294
268165
268737
269552
270418
266557
270227
265575
266974
271508
268801
266632
267852
267826
264917
265832
265257
266924
267585
269168
268708
265241
267448
265155
265464
264849
267604
264833
264427
270692
269636
267256
266962
264609
266905
269853
267603
266719
268158
272087
264690
271666
273328
267707
270222
268178
272492
267257
269387
271809
268852
272835
270153
269393
267042
269457
266837
272433
268002
266170
271259
266192
270976
271483
266919
269687
264917
269775
266945
264984
268742
269211
268563
263907
266411
270998
268133
266085
266204
271699
266167
266408
269160
268560
271373
266490
271431
268519
267568
268897
267517
267072
268057
274312
271380
269813
271182
265147
268640
268697
269873
266045
266931
273293
267866
267637
268212
265829
266733
263907
266314
265870
268088
269768
269072
264647
266514
268476
269168
269834
270083
270651
268623
271674
268385
269049
268464
268808
266572
266389
271126
273397
266815
269663
271262
269429
267015
266808
267814
266925
269444
270981
271107
264524
266095
269701
269959
266205
268699
268987
266899
268370
268205
272260
268015
268557
267518
266636
266510
269758
270807
266619
267197
269229
268309
268046
268913
273603
270271
272595
272177
264849
269974
266900
269420
268763
270936
265327
268434
266068
263489
266705
268672
266710
267863
271664
266591
269147
270376
267511
267464
267656
266158
267740
270120
266668
266673
265710
264609
266895
268727
267716
269500
268040
268980
266203
271758
266750
268902
270265
267080
269354
265560
264917
267713
265827
267880
273319
269203
266536
266248
274329
270753
270722
266738
267060
270748
266205
270195
266546
271661
266313
269143
266251
267164
272246
267346
268953
266565
267864
267627
263525
264056
269522
275124
270281
268698
277011
267960
265432
265982
268460
270540
267465
268280
264335
268766
266978
269120
270909
266033
268865
267824
269837
270059
270448
267076
270278
267732
268402
269571
273167
274921
271911
267521
266119
268498
269884
266894
267635
266975
265064
271220
270874
268597
269150
271289
271187
262889
269005
267773
264647
265878
267878
268620
268309
265581
267454
270512
272709
265982
265761
265730
267538
268252
268528
268367
268114
267438
267008
266833
267353
270611
269478
267116
268659
268162
266914
266654
266822
270028
265597
266874
266597
269053
270043
269564
268809
267252
267101
270053
270432
272871
268217
269343
265709
268688
269800
272375
271930
267355
271856
268716
269423
266605
266153
264789
266067
269681
271515
266588
264809
266221
265710
267904
271167
268910
266904
272065
265837
264915
267157
266560
270428
267971
269446
263639
268178
267922
265704
264179
264049
267574
266799
266605
266315
266822
266146
264709
266220
268217
276648
269326
268893
267371
267471
269553
270135
264805
267769
270029
271511
264247
266712
267206
266258
272265
269051
268252
268219
267334
269672
264049
266307
268999
271497
266478
270705
266333
264645
269375
266107
266842
267098
270676
266696
268961
267793
269915
269024
264337
266694
265385
270924
267696
267624
269242
266708
269667
267968
268730
268976
271282
268262
269105
264517
266245
265545
272908
266365
269916
268816
263239
269119
267382
269892
268378
267228
266386
267607
268737
267666
268040
271923
272227
268404
269854
271256
270221
268482
266314
268222
265804
267369
267683
266160
267666
268287
268766
266285
266658
270098
272333
265096
271569
267965
269531
268231
264899
268164
268804
270855
263721
268110
270509
271122
265976
271565
266601
268110
268622
264737
266411
264987
269200
267613
264449
267945
267829
270474
268824
270102
267156
268891
265579
271307
265804
270216
266886
269050
272399
268444
267079
271044
270276
269389
266910
266430
269017
270325
271202
271967
268867
267676
267617
269259
269167
267531
272867
267426
271361
265144
272448
268285
274468
266566
266398
268026
269662
272662
267303
267978
267172
265934
270699
264289
268717
265845
271905
265221
265281
266834
270167
269924
268370
267076
271275
266008
270347
266670
267896
265533
269440
269950
270935
268257
272113
263057
267838
267330
268645
266822
264931
271645
267651
271912
265278
267822
273778
270014
264307
270184
269024
273367
265826
267896
266652
274437
265928
266294
269459
269504
265848
270586
268145
269041
271273
266079
267694
267257
265902
269733
268590
268029
266898
268025
268122
268098
269578
265935
272375
270660
269538
267618
266689
264517
269546
271505
271649
270141
265745
269449
267685
268218
274118
266871
268830
267332
267578
267292
269196
269181
265887
264808
268588
269918
268155
264849
266844
265576
266553
272592
266673
265145
267484
268811
266846
270457
267992
265011
266563
269803
266350
271227
267691
270214
268837
272223
268723
270949
272906
269667
265509
268476
267530
268506
265805
267804
271328
264869
268590
268435
266508
270341
263891
271901
269133
265416
266489
270575
266424
270168
265624
268327
267352
269782
271530
267872
269125
265185
266539
269853
267898
267753
266017
270398
266954
266595
269732
268509
269687
265810
268859
265577
267611
267418
268971
265531
272260
267324
270553
267380
270691
269762
268366
268733
270531
264137
268777
267954
272586
265419
269737
265842
266884
271397
270243
270798
272939
266796
267103
267751
270291
271203
268654
272124
270051
269994
265551
266554
270852
269059
267351
268347
266096
270089
268133
270085
271353
269543
264517
267454
273301
265310
267961
268495
267947
267354
263761
268856
270992
272197
269075
271099
270534
269146
265958
269797
267272
266967
266440
266662
268641
268440
266365
268866
266038
268013
271042
272943
269457
265445
266801
266125
268445
270703
270300
270247
267574
269042
265870
266475
269547
266100
268460
268500
266704
270292
267148
267072
269176
269906
263925
271325
272955
270639
264767
270438
270549
269374
265313
271978
267073
268284
268262
266312
268335
267122
271001
268043
268311
271036
272677
267999
266847
266666
269044
270243
264139
272235
267144
268168
266513
269934
265896
265832
269441
265553
266142
269129
267109
272794
269330
267816
268935
267814
265269
268765
265193
269811
267735
271398
269051
267728
266517
271165
265417
271913
269585
266972
270665
264517
266804
268413
267988
267279
270869
269639
271710
267460
269968
267267
265141
267998
267839
266996
270793
268601
264608
267391
269882
267996
268280
267619
267220
273681
269001
267725
270389
268045
267188
267621
265911
269147
266333
267888
270903
267144
266892
266659
270822
272197
270422
264857
267363
273433
270847
268421
270408
266542
265774
271826
267264
272260
267164
268583
267910
267864
269829
270412
267883
270165
266081
270471
273412
268524
267036
269966
267299
270787
268460
268574
267612
267634
270744
269750
267200
266756
266552
268792
265938
270101
269090
269345
270305
266815
268918
269183
270691
264857
268150
266104
270723
268340
264757
267332
271075
268840
269746
271675
271303
269072
271142
266399
269000
264517
269718
263329
268409
269832
268669
268897
268817
265378
267296
267916
267475
270434
266935
268492
265358
268824
268457
270925
266869
265837
268001
267393
268947
274248
265257
266891
265477
270836
269060
269041
271077
266326
268937
269754
269235
271579
265671
267767
271171
269409
268081
267144
266736
267694
267142
265009
265704
267599
263841
270168
269019
265771
265905
269300
269221
267224
270649
269597
266149
268632
269086
265249
270886
266687
268182
269696
264942
271727
265806
269469
264139
270071
267883
264056
265278
268319
265325
268979
267461
269571
270285
268171
271477
269453
270454
268562
268527
266613
268714
265944
268286
271123
271425
267123
265662
266440
267470
273154
265091
267005
268222
267872
268236
268475
263777
268604
270123
269425
271407
272204
266083
268844
266494
266467
267535
268529
270870
270782
265715
267108
265051
269628
266822
267658
265625
267914
270204
266916
266023
269630
270542
269106
268249
268506
264579
267719
270474
265638
266980
270081
269016
267879
267803
265851
271772
266400
268435
267245
266400
267359
264443
270651
269311
268810
268985
268387
268528
267444
266884
267523
266634
268566
268951
265013
264899
268270
266398
267732
270570
267459
269894
268945
269785
268848
265422
272880
265533
267060
266359
265376
263435
272111
268131
270467
271946
266934
268957
268683
266252
270428
265726
267305
269245
272399
265416
269091
267387
265336
268444
270387
272275
268158
266930
268894
266985
270019
270272
265644
266563
264935
267157
268611
266273
265555
265933
267446
264982
267802
272747
265533
268911
267949
266338
264523
271048
266689
265443
267505
269633
267640
266904
264555
272103
264777
266408
271763
267993
270174
268650
269121
266658
271692
266174
265355
264517
268930
266597
271765
270265
266803
265812
269954
269674
269496
265598
266382
269761
268272
268457
271307
274632
266943
269178
268010
267718
267152
267328
269308
264049
269402
269293
269304
266293
269877
266971
268396
267179
270491
265345
268605
266664
270016
265795
266149
265459
271805
267096
268252
266698
269585
268448
270078
266161
270046
266338
265783
270411
267545
266093
269136
269702
266104
267637
270643
267212
266819
268620
266655
267196
266887
266507
266176
269233
266335
265845
268360
272870
270099
267643
270070
266756
271887
265909
268266
266036
269812
270793
270334
268270
272437
265612
270302
267653
265935
267513
268894
266743
267915
267807
271100
268126
269669
270665
266038
272652
265948
269752
264245
270901
272564
267003
267647
268918
269251
269276
267602
265735
269025
266805
273654
267160
266341
267922
266551
268982
265129
266000
265917
267731
266119
269196
265327
265949
267965
263527
267753
265047
269492
271333
267029
267857
272848
269959
268522
268045
269813
269719
269469
267915
270485
270122
269608
268482
266085
269196
264337
268960
272967
267288
266331
266899
267700
269126
270113
265900
269399
268839
264517
266849
267680
268929
269569
268242
269285
267518
271261
267273
268248
265187
267823
267668
268886
268588
269224
270625
271861
270624
267258
266379
271476
266066
266520
269711
273427
268261
265667
271419
270887
273298
267611
264882
267627
266597
275423
265598
266604
266361
265765
269669
267387
269990
268995
264307
267233
267492
269201
269344
273249
265556
265783
271062
266172
269048
269873
270097
265707
268297
269090
273650
267448
270435
268720
266434
270946
267743
270315
268054
267241
267005
268728
264529
269893
266454
263041
272032
265794
266800
273204
266336
269727
269028
265236
267864
266597
270361
264339
269176
271733
267371
270534
270771
267573
263797
268085
268026
268874
268468
272503
269078
270465
269395
269888
271265
264994
267123
269813
267064
269463
267020
267735
266050
267676
266023
268625
265317
263617
266346
267292
267382
268014
267062
266854
267124
268920
266338
271178
268938
270624
266238
269741
267608
268696
269536
271023
271296
268972
265982
266239
266002
267370
266824
268600
267814
266782
267539
268227
267593
265753
265908
267640
269361
274170
271305
263239
267676
268754
264085
269037
267915
265982
269196
265727
270206
269846
266041
266511
265327
269976
268491
268319
266443
268834
268590
269181
266115
269378
268805
266793
267925
266553
268415
271019
268952
266996
267873
266424
267542
267787
265929
271467
269180
269248
270954
268597
271720
265477
268167
268657
265029
267485
266073
267785
265138
263057
268278
269859
270402
268633
268930
269517
267528
270933
269075
270804
269015
271838
265567
263525
266307
269342
267461
268936
269143
268260
267738
271585
267567
271674
268275
265383
270427
268546
266954
269803
265533
267602
273751
268323
270626
266332
269247
268077
265991
269893
269777
267742
265972
269030
271958
265475
268774
268047
268232
274120
265278
269235
268647
267050
266871
270275
270584
270895
269417
264749
266267
270805
266624
272077
264807
267544
270031
266433
270070
264866
269329
269584
270341
269315
267729
267993
268546
267382
269986
266626
269047
266848
270606
269382
264616
267699
267259
270986
271584
269687
269705
265282
264309
266731
269953
266092
266273
268418
266582
266872
265932
267143
266686
268567
269799
269510
267810
265346
267150
270296
268535
267685
267874
264049
272597
270166
267909
270087
268797
268188
269391
265809
268881
269504
266136
269871
265783
269026
269406
270507
268750
263255
264539
268401
269147
268565
270189
266700
268341
269105
269079
267680
267234
265742
269295
266932
274280
267729
270141
268506
267522
269060
268064
266884
268960
266855
268573
269999
265317
269464
266950
268798
271057
268869
267763
269358
266338
269050
271371
265089
271556
266142
271399
269632
268542
269518
274378
264610
271295
267721
268374
267652
269603
265549
267538
266177
266468
268332
270311
267433
268695
269049
266617
271343
269929
269205
269605
267771
269469
268590
265619
268178
270663
270531
268292
267548
264289
266415
269019
264829
265198
270957
269262
263457
266529
270157
268913
264903
268704
269245
269093
268789
268203
269494
268436
266136
273408
265729
267867
268526
267177
270256
268848
271021
267076
263057
268027
268824
269031
268476
268622
274176
269016
269596
268790
268897
263777
269516
264222
266273
272411
269048
266325
268423
266454
267290
269178
270983
271771
266098
266368
266339
265416
270601
270804
264087
273052
265111
269301
268452
268838
267645
269037
263527
266701
268289
266338
268652
270972
269992
269761
268176
264977
264795
270270
268801
269847
264049
267843
268201
267988
268431
272307
270114
265299
267046
265013
268346
265728
268222
268738
268821
267728
267941
270608
270351
268956
268222
265877
265800
272041
268770
267669
266808
269847
267655
270489
270147
268329
264245
267939
265509
267463
267993
266790
270736
266729
266300
271934
265972
265150
272333
267224
268797
265956
267090
270415
268987
267643
269802
265985
270204
265671
269683
266742
268464
271084
266105
269037
267962
268675
271371
267988
266974
271950
270345
268930
268518
269645
266436
270141
267374
270673
267332
268981
266542
270342
271472
271262
270607
268087
266448
266398
270220
268055
270256
272558
265862
266365
269019
270484
271675
268671
268844
269850
265244
269715
268238
267912
267812
269485
268778
271181
268130
265509
266172
266870
266968
266876
265640
272974
267464
269942
272893
267113
269005
264832
270102
265281
265111
269906
269113
269675
269610
269897
266059
268198
268257
267836
270642
266957
267237
268767
265737
268021
267699
270545
268598
268625
267338
265884
270213
268088
268892
266772
268617
268013
270877
271359
267959
268548
271330
265675
268373
268546
266142
268120
269312
269144
264809
269358
265336
268857
271081
269893
269491
269079
267940
263617
272543
269269
266519
265379
265724
265430
269544
268797
267000
267522
264197
269067
265765
267371
268278
267759
269061
270796
267053
267402
267610
267980
263975
270713
267528
267013
269626
267832
268719
272246
269506
270415
269822
267151
270041
268556
266914
267326
268120
267525
269914
267977
266100
269817
271513
271022
268001
268707
270150
264971
270025
267095
267995
265902
268541
265516
265455
269735
267476
268671
267414
271639
266001
272062
267539
267642
266488
270743
269107
271232
270208
266514
264267
267383
269750
267509
266081
265998
269661
266274
266492
270642
269513
268510
269488
271005
270036
266338
265765
273476
267346
266518
268892
267017
268221
264357
268459
265810
266618
266148
270181
270407
269095
268117
265409
266450
264587
266238
265870
266067
269995
267413
266646
270658
268218
268397
265663
270321
266493
269171
265852
267530
266340
267706
266817
268862
265471
274121
265421
267864
270675
268776
268731
268394
267104
266825
268779
271391
267629
269902
267528
271052
265288
269870
269574
267138
267548
268657
266945
270903
267528
267987
265111
266560
267279
267038
266913
269363
270637
270580
265722
268257
269174
265310
270226
264487
270233
269248
264373
268044
270804
268317
265678
267353
267775
269973
265967
269103
268535
270213
266923
272597
265107
265909
263797
268808
266773
267803
267920
268121
267733
266848
265077
267792
266044
268219
268292
265884
267399
266858
273414
267430
267108
268010
268882
271212
269663
270505
269224
270655
266110
272567
268219
267791
267630
271030
272159
271185
268799
266712
272403
268922
270634
266141
266383
266333
266733
269167
269402
270676
272516
270518
266952
267896
269134
266160
264627
269939
269086
267282
269194
268718
267764
270529
267266
267780
268310
268637
271991
268301
267232
267158
266972
268393
268237
264812
266466
267728
266615
270880
269230
267835
268589
270752
266639
268714
267845
272581
267556
268247
265796
269619
265626
268564
268514
263959
272911
268904
269452
269571
268565
267068
272322
267805
265597
269675
266654
271416
274326
268904
270521
266267
267253
268038
269578
265483
270560
267751
275931
269251
267876
270406
270204
270944
266165
265443
266677
268092
267035
271757
268999
275136
266115
270810
266941
266930
272055
265866
268362
271746
270831
266750
270171
268984
267520
269424
266299
268320
270617
268346
268782
271801
266778
267306
272825
267371
266614
268091
266656
268620
269484
270265
270293
268697
266720
265874
273861
268684
267201
268245
266532
273079
270119
266633
263451
269437
269841
265598
269893
265645
267871
267456
266871
265587
268797
269040
266718
266041
268339
269804
265299
271301
268199
268433
264137
268029
268818
268596
269514
270701
266582
269670
269365
269468
269127
270367
274654
266040
267721
263593
268586
266417
268443
271971
271318
268495
269100
271924
269946
268491
267033
265259
268906
265687
271535
265378
269223
267986
264103
266243
271099
268581
268473
272007
266574
268085
266047
268284
268154
271695
270991
266882
270454
270758
266752
270319
266270
267073
267202
267715
268994
268628
268056
269594
269680
268134
269692
269498
268753
269371
269324
267824
266683
268859
270173
263057
268709
268388
269381
266935
269068
273167
268040
264699
268143
271386
266680
267172
266581
270887
266899
266980
268481
271622
267851
269121
270448
270496
268679
268666
270028
267287
266615
272541
268716
265636
270305
268717
267306
266168
266277
265743
268535
267490
269782
266596
268612
267214
268119
266866
269965
270466
267859
271738
266934
271449
265943
269230
269982
269972
269471
267917
267674
268388
269899
268425
269721
269668
272060
270484
267284
271850
270381
268751
265885
265195
266306
269610
271649
269947
265764
267896
266579
271781
269826
268550
274015
267935
267865
267366
266833
268082
269358
270850
267134
266604
268365
270184
265613
268210
269515
272332
269911
271023
267206
267216
267212
269581
264571
268873
266577
270671
266234
268443
267993
267292
269416
270191
267492
267112
268154
273648
266785
273667
267634
268229
267895
268770
267258
269460
267867
270027
268218
268711
263057
268050
270948
268382
265509
265522
271771
265497
265930
267243
271914
273272
271126
271323
268651
268106
266001
273023
265940
267847
268679
265432
265440
265497
267924
265325
265122
270383
267728
268482
268575
266429
270931
265260
267751
265057
269359
272068
265915
267668
269911
266802
266055
270091
267610
266964
267718
270584
267320
266655
267676
266817
266327
271111
267016
267272
271744
267540
270995
270001
272808
270615
265259
271485
268096
268514
264479
269323
268369
269042
273024
269526
272496
270447
266720
268262
265432
266940
268182
272682
268223
268160
264737
269766
270774
272375
269745
266510
267550
267758
265704
276608
265671
268249
267862
267557
270648
267609
267177
265245
268679
267830
266382
273956
266570
268393
268177
266543
269426
271256
269683
271077
269729
267544
267163
266586
268569
270944
269442
271886
267237
267921
267730
268432
270295
266555
265057
271183
265974
266189
265730
267610
267188
270712
270513
270923
270353
270605
266712
266172
269934
265025
269928
268152
268571
265696
274880
270362
265597
269100
265486
266368
268718
268041
268657
269665
267473
269088
268617
269266
268530
267688
268912
268487
271116
268413
269608
266402
269531
268100
269668
266236
265477
270825
269154
268857
265870
265894
267931
268885
268042
265601
265097
265846
270138
263329
268463
272421
269018
266934
266412
265039
271985
272239
264651
268182
270715
271269
268470
268051
271172
264879
268181
271287
268137
267254
266666
265749
266794
269164
268694
266577
264899
271615
266844
269476
266452
270114
267844
270355
267721
266608
266792
268767
269603
264590
266424
267294
270666
269436
266297
269610
265360
270556
269573
268102
270670
267122
269857
267743
269378
268649
271027
269454
269667
267266
265191
270389
268420
268867
268853
267337
269202
270190
266931
269882
269247
268312
268118
273046
268618
269462
264249
269114
265398
266792
270782
268308
270125
267195
266750
268757
266225
268798
266670
267798
269756
267625
269407
266774
267622
267238
266616
268668
267672
266610
267617
268021
269114
265553
266985
264337
265886
273547
265476
268851
272487
268220
266423
268533
271183
268209
266880
265765
266332
269840
269436
271611
267542
266361
268580
268671
266750
271499
269193
267800
273804
268137
267402
271282
265339
267813
266350
271329
267684
269579
270036
265452
267103
265215
267370
269311
270654
270276
269273
269175
264437
271102
268672
269654
263057
268199
268474
265886
267420
270474
270217
267566
268450
269937
267642
272623
264001
268879
271371
266031
268476
267363
267302
267535
268126
264529
267454
269507
267766
264937
270049
268314
266690
267619
272681
269027
271319
271770
264857
266484
266933
268966
269454
270308
266113
268798
268147
270304
267556
269585
267476
270686
270281
270539
271677
268641
266837
263797
263979
267640
267974
269957
268420
266952
268972
269585
266307
266395
267226
269843
268360
270215
269346
266064
265935
268423
266269
266997
270670
269633
271874
266680
266822
266114
271333
271496
264647
267113
267134
271323
271003
273113
269339
269781
267288
267052
269601
267078
270357
271684
272861
265827
263609
267028
271549
268663
264339
266779
266746
268443
270691
266921
267443
268545
266843
270715
265115
274220
266797
266845
270052
267606
272980
267685
273529
265922
268645
266673
268602
268339
264888
265911
268966
266932
268774
268026
266572
266537
265710
267285
274063
263777
267489
266570
265889
267709
267505
267930
266893
270046
264357
269395
267294
267802
267755
266738
271198
270381
267594
267374
268342
269512
266242
267792
267851
267922
266723
273068
267530
272574
267012
270684
264785
266824
268950
265888
268709
270311
267131
267138
265327
266467
271353
268267
267317
266633
271995
263527
275744
268815
266136
267604
269448
264296
273314
268400
265987
267503
269473
267758
264005
267642
267394
268014
268480
269778
265464
269082
273925
273369
270262
269074
267926
270682
268695
265686
270238
267892
271456
271469
266954
268936
267464
268588
268464
271061
268444
269176
272323
271451
267234
268914
263777
269440
267797
269618
265364
267033
267446
265419
271628
270302
269619
270233
267710
270122
267290
264682
269411
268299
270691
265644
269553
270181
270956
267774
269133
268455
266401
266544
269003
266904
271823
270816
268768
267632
266510
264521
266206
270201
266261
270530
267759
268094
267078
271561
269341
270206
265309
269135
269143
268558
268288
272228
267611
271260
266371
267946
267396
269292
268510
268835
266834
267684
266084
269050
267593
266588
268273
264989
266592
269130
267544
267322
266614
268975
265285
268598
274457
267900
268547
267546
270886
266716
268770
269526
267384
268052
265912
269270
266544
266276
265390
268614
269760
269698
268515
267875
269880
270143
267219
266060
266267
269233
269331
266565
269969
268453
266059
267618
266629
271216
270432
269060
265597
274088
274030
263185
270350
266718
273066
269534
270086
266499
268164
265689
269784
271237
266750
267528
267076
273029
267235
265909
267467
267460
269527
265804
268047
266822
271801
267211
265655
267386
268610
264281
267353
271338
267861
265813
265315
269761
266897
267816
266739
266606
265909
269475
267282
264629
269796
267717
268376
270039
269930
268231
270523
268296
270758
267647
265395
268740
265765
270829
272621
266395
270857
269877
267510
270836
267112
268130
267295
264357
264707
274100
267136
266575
266400
266530
269767
267695
268160
268781
269738
267944
268067
266300
267476
269826
267336
266100
266386
267743
270284
270843
266484
266739
269874
267944
269275
267366
266829
267573
266782
265877
268180
265809
269695
268690
266658
265150
266837
265349
271212
268026
267692
268843
270440
266015
268581
268611
267365
271205
269923
269320
269013
268780
269164
268842
269429
269789
265387
268379
268409
264689
272219
269411
267236
268938
265970
272157
265655
267858
267695
274578
267879
264577
268011
268557
266920
265225
265149
265886
265841
271065
266981
269913
268118
268464
266547
267586
268348
268373
268178
266057
264049
267812
269207
267558
269198
269554
268977
263617
270975
270794
266804
266716
266801
269614
271736
269186
268727
272132
267997
268785
269921
267397
267403
265327
267359
267351
270859
267756
265980
269593
267178
267006
266927
269824
270700
269477
268445
265365
269687
269689
266986
268772
271643
272722
268032
266863
268125
271899
267790
267877
265079
268993
269999
266552
268248
265978
268811
269634
269505
269042
274520
265765
270165
270709
266692
264909
269529
269636
269859
268905
267114
265135
269190
265607
266332
264495
268532
266505
270490
271139
269051
268594
267172
268164
270249
269833
267607
273843
270200
268370
274245
268826
267058
267704
266700
267381
268480
269512
268375
267808
271154
268667
267780
266726
264517
264049
271923
272734
266127
270695
269669
268702
264049
269311
267858
271525
268570
267852
266851
265252
266430
267760
271374
271515
269437
267717
266819
270889
268241
271427
269192
266824
269907
272562
268406
268558
271531
265013
271293
269189
270679
268799
267874
267321
263525
269943
267157
268166
268300
265643
265099
268311
271111
268628
273297
271252
266867
269121
269733
266784
267258
266015
267017
270332
266451
270536
272943
267725
265981
268551
265655
274874
269805
265607
269753
265045
268302
268218
266697
266264
267781
265644
270646
267931
268302
268652
268447
267923
268761
270427
266727
267370
267181
269563
267073
270610
267460
269336
270301
266422
267058
267272
268358
270272
267466
268475
271926
267742
268369
268778
268347
267717
268451
267708
269182
267998
270976
270866
267780
272313
265553
267537
266673
271142
268402
270811
268498
267354
264523
270568
268610
269280
269789
269081
268160
270162
268589
265826
266453
269318
266417
269562
267435
266649
270125
267356
269867
267625
268434
267540
265063
268286
270452
269194
273253
269029
264337
267065
271495
269792
269382
266942
267432
269226
268440
268240
267871
266619
266700
272941
272670
268797
266855
266818
267849
268151
268553
267331
266270
265914
265917
270487
271771
264089
267997
270856
268172
273189
268914
266727
268554
265582
267464
271065
268799
268857
267338
269478
267370
268482
266346
269575
267374
265140
266372
267319
268452
267917
264773
265885
270126
270973
268415
273727
267467
264757
267013
270729
269381
267731
266931
268116
267940
266626
269411
266802
266143
269498
270732
268020
266406
267574
265851
271503
270936
268012
269584
268294
272686
264467
266634
266199
269625
269134
267230
266372
265275
269615
264375
270975
273773
270497
268321
265465
266277
271089
267765
264917
272381
267117
270756
267454
265259
274693
268447
271130
268067
271018
265648
269906
272063
272525
267077
265458
268092
267979
268173
265358
268998
269480
271949
266509
264691
268462
269264
267684
267121
271091
270516
269086
267349
265299
268978
266993
268340
267307
269708
269100
265736
269568
267850
271569
267662
269339
270888
266536
267207
265483
267455
268257
271635
270459
265740
267272
271311
264247
268464
269025
268514
269729
268044
266975
272670
264744
266717
266420
266334
271021
266553
266908
266582
268849
263569
265873
266015
268165
270614
267402
271894
268382
265945
266727
268027
268998
268259
265327
268574
265427
265678
267756
266992
270586
272761
267927
267271
264987
265511
269422
272039
269062
264835
267362
267447
265908
269773
272425
269900
265617
266214
268360
266562
267775
266560
267547
268287
266022
269681
270430
264455
266373
267137
268898
267525
270380
270143
268475
269803
270833
267876
270131
265810
265211
267413
269476
267921
269294
267526
272445
263865
267348
269335
271082
269742
266105
265893
274469
269188
265842
271175
264616
267445
264987
270893
268121
268478
264337
268438
270101
268874
266408
269438
269544
264245
269368
267873
267014
268211
274972
270374
268343
268460
266875
266334
269098
267308
265877
268798
267762
266909
268764
265827
266440
266786
266533
265418
266557
267363
268129
275509
265949
267114
269740
270719
268731
273000
268436
267714
271853
266602
267160
272377
268861
268650
266270
268343
267866
269699
268292
268756
266141
267817
264481
263907
268285
267849
269766
267662
268044
267406
266474
270458
266480
269137
268439
268034
264587
269435
265426
268285
268140
268851
264977
270133
268072
268297
268065
271006
268548
271279
271086
266079
271102
268138
269505
266152
269924
266851
267981
266832
270885
270040
266847
267264
274319
270431
272845
271628
265058
265813
265756
266974
267860
266831
272133
271297
269395
272271
266720
265317
267882
269445
266884
269983
264645
269134
265221
270456
268763
267400
271001
269536
267850
270624
267860
268032
271989
264637
267430
269292
266266
270367
271368
268228
268986
277245
266746
272556
267500
267545
271050
277392
267189
271221
267878
269879
272744
270679
263525
267608
266037
269230
268444
267353
274726
269824
266482
271185
268240
269490
273498
267420
268838
267914
267882
266276
265805
269015
272683
266458
271940
264137
265851
267446
271145
266066
267254
269665
267730
266664
264862
267610
267456
267150
267699
269539
268598
270263
267914
266852
265252
268888
274210
268580
264325
268518
271267
270875
268241
269030
269727
268594
271313
267868
266834
266695
268025
269944
271323
271160
266114
271380
266039
270587
265047
267738
267818
266095
267811
271395
268960
267760
273381
263525
266514
268324
265131
269523
268560
266603
274165
270990
272248
272235
267947
269030
265753
271438
268144
267139
269927
266695
266840
268410
266120
269360
270000
264901
270580
267269
266834
268732
267254
269574
264245
266230
273205
269320
268923
265485
269353
271948
269816
268751
267512
265310
265591
268692
271348
265197
267013
263593
267110
269380
267285
270470
268551
269321
272452
267672
267307
271795
267332
269354
264247
265443
267092
267939
271054
267237
270313
271692
265725
271690
268339
269548
270167
266250
272465
265466
263255
270084
267066
269451
269985
267890
266437
265915
269996
267672
268188
267658
271410
264465
273864
266865
267349
266896
269031
269729
267110
275389
267780
266146
268720
266748
264856
267788
268514
270468
272369
267435
270356
269806
270347
270736
267399
265814
270320
269702
267948
265985
266790
266613
269310
267962
266158
267364
266490
270127
265870
268681
266083
265157
273555
270407
265804
267202
263489
267562
266556
272361
267833
267204
267934
266509
269131
267558
271487
267728
271409
268412
270181
269627
271435
268593
265457
271282
266610
269165
265908
266059
266683
265325
271379
267560
268230
266495
266321
265989
268670
269661
267839
267183
265805
266401
271616
264195
270234
268639
267583
268270
267853
267262
263797
265837
267633
268281
272199
268792
267508
269015
267233
267177
267019
265111
268853
265137
270057
272374
273116
268634
270027
267500
268511
269774
265300
264645
270010
268653
268364
264029
265532
269571
266063
267759
266698
271476
270793
273607
266219
267023
266739
269569
271412
267710
271767
265943
266160
269214
266961
267701
268810
269739
269853
268135
265914
266416
273746
268689
267898
266775
265432
266648
267790
266237
266530
268243
266772
269357
268976
268442
267100
265987
269186
268814
266753
269064
268256
267483
268247
269351
266602
264923
269649
264690
266824
267322
268003
269627
267690
265727
269914
268295
273962
269563
269693
268504
269601
266002
270417
267266
271008
267860
268193
264749
270252
267234
265182
270875
267467
268861
269824
270345
268436
272851
265985
267353
267246
270095
266332
271498
268358
272237
269805
268059
271368
265533
268789
265317
269665
271424
267334
268616
270258
266983
265529
269384
269722
271830
264153
269696
267197
263995
264805
268558
268803
270851
264849
265998
268940
268316
265387
266161
270260
272629
269246
268506
272254
272338
267339
269156
271281
267407
269067
272717
267116
267860
265187
267858
267630
267147
269157
268593
269382
267354
266512
268058
268451
267843
264858
267285
264587
268513
267323
271982
267956
268186
265529
267363
273423
265485
268014
267264
266710
268186
270442
267145
269938
266555
269840
273844
272733
272466
267296
266475
268416
269668
268165
269727
270254
266975
272172
270712
269435
268683
266329
269503
266941
267934
267998
270134
271193
269182
271187
268694
267720
266433
269522
269398
266237
267296
271162
265578
268222
267276
266584
265797
266670
273840
270842
271604
271828
267248
270348
265913
267968
264878
271526
271587
270908
267069
267436
268976
267081
267863
270668
267848
270331
270578
267772
269554
268091
264849
269418
271687
269156
265076
266069
272532
266650
268386
267142
267408
266460
268634
268371
269230
272174
271185
264325
267538
272852
273128
272288
267406
265645
270079
270026
266273
270183
271337
266655
273465
269341
268420
272349
269082
274350
267768
266628
266110
266711
270042
269363
271892
271653
269646
269341
267865
268272
268694
266669
267912
268933
271254
269779
271813
265985
267301
272211
270234
274345
265610
266727
269257
270332
270501
270964
266520
267331
267644
269781
272551
269476
269351
274045
269852
265459
269446
269621
267062
267920
267510
266875
265626
272354
270162
267366
265212
266052
267836
270193
266158
269634
265826
267362
268076
266875
270600
269057
270741
265515
266918
266933
270200
271226
269488
267557
268108
272529
266080
267844
269231
265976
266175
267670
267354
266541
267684
267574
265150
268797
266679
266800
270335
266066
267208
264895
267475
267995
265317
270295
270374
264939
266003
269871
265804
266958
275825
269186
265972
269479
264977
266474
268772
267477
274501
267649
269718
265501
268990
268025
273783
269857
269853
268084
269597
268665
265935
265198
272345
271575
264391
264177
265826
267140
266104
270619
268312
267092
265980
267066
271085
266925
267953
267591
272345
268229
268587
269763
268164
267187
269676
265946
268314
269780
270823
268701
269051
268067
264663
269740
269440
268225
265662
270083
269962
269812
266015
270072
268041
273551
267585
270865
269293
270562
270225
268631
269202
269668
268496
266284
266271
271321
265708
266644
270233
268806
268025
269008
266876
269486
270640
263617
269518
268137
265213
268614
267189
269275
273307
267538
266024
270778
266907
265997
270151
265740
265482
269745
269988
270026
268715
268178
270887
265288
266720
268047
266364
270873
272843
267775
269596
269080
267486
268372
267087
269496
271266
267328
266617
268082
271470
264229
266130
267586
267488
271504
269102
266814
266066
269261
271049
268117
265105
268487
266063
265519
266958
264449
266700
268736
269439
269253
267578
263239
268344
269149
268337
269686
266079
271058
269859
265245
269796
265485
269240
266642
269306
269861
269547
268031
265623
271719
270258
272050
264245
270924
270087
268579
267678
268795
266144
270024
267859
272769
270252
271470
267456
268623
268250
269984
270988
270101
269273
268671
270410
268746
267010
267643
268567
269144
271127
264849
267771
268171
266057
271016
267396
268189
271008
268981
268124
270995
268756
268304
271211
270288
270649
265245
268564
267326
269413
269455
269648
269331
273008
267927
268132
268906
267087
269178
265131
270481
266125
270659
272567
267889
269461
271798
269725
267510
264725
269290
271281
267417
269110
266457
268818
264344
264328
266913
267216
265943
269692
268583
265895
265803
267266
267247
266267
266954
268876
272270
265747
266624
269598
267701
265185
268259
268127
266081
266943
270697
267312
266491
265753
268601
266977
268020
267989
269712
267138
268019
269085
268919
267492
271061
266214
271310
273072
268923
265346
265437
269460
269109
266262
270267
272969
266320
267097
266872
267353
269433
267563
268821
269966
266537
269179
267332
264825
268782
269611
266233
266146
266129
268031
268356
266172
269371
266892
264049
268002
268340
266765
267087
264627
264539
266088
274086
269303
273072
264827
267486
270339
264487
264357
266459
267440
270003
265383
268552
266180
267876
265299
266670
264849
268022
269826
266536
267270
266319
265598
265748
269397
267449
269174
267317
268000
267296
266905
271740
268006
271671
265394
267975
267374
266637
268503
265667
267895
269306
268616
266563
266176
268831
269290
266379
269304
270845
269789
269361
271426
268367
266460
265725
272226
268403
270183
271013
269880
268494
266432
272806
267280
268292
266001
267432
267230
268040
264539
267210
269354
264915
265427
270055
270571
265346
269480
269220
271556
272253
267635
271449
268060
269009
270659
269892
269104
267420
270731
264153
268424
269682
267634
268606
265612
272452
267339
267633
268893
272267
265325
268026
269044
267978
268938
270265
269857
272469
267245
269153
268166
270253
269600
270049
271118
268153
263329
267618
267436
272399
269927
269087
268693
268206
267230
269361
269496
267239
270938
268641
272847
266581
267785
268724
270051
267285
270775
266430
268335
268244
266084
266720
272354
270263
269496
268268
264161
266336
267149
266960
270637
267480
266024
269714
269827
270732
267631
267576
269770
267091
271127
265672
265709
268561
265224
264535
271876
268320
268568
264017
265943
265866
268828
268590
270131
267110
269036
271143
269571
268221
266720
270347
269984
268046
267116
270716
267653
271405
272083
267748
265579
269597
268345
268814
271653
271761
273338
267910
265516
270855
267346
266282
269355
265732
268710
268160
270074
268470
270814
269184
274481
272500
266279
267841
266193
270629
268225
266059
265951
265627
270531
266158
267658
266430
268121
271598
267807
269367
269217
271275
271058
271073
272704
269718
266067
270673
268711
269206
270336
266532
264467
267335
265896
266113
266105
274382
266146
273970
265894
272731
266744
268064
271692
271688
267353
270303
266916
268440
268624
267185
268163
268572
269527
271218
266663
269007
271319
266605
271922
268931
269496
268931
266373
267230
267361
267412
269442
267931
269667
265243
270813
270996
265805
266158
268482
268983
268502
268677
268534
264639
266045
271399
269721
264812
267530
267741
267167
267101
266608
266113
267274
266820
266296
267257
270230
266282
272176
270173
268630
266832
264820
269782
272076
270756
269739
270442
267250
269265
268130
265817
266544
270071
266119
268515
269144
267700
266264
269849
266207
266000
266828
273447
271926
268737
267680
267810
271920
271025
269919
271122
268648
269375
267112
270343
269380
266626
270157
268300
266251
271512
264025
270386
268642
266663
264827
268423
265057
269475
271486
268874
271254
265387
270407
265207
266738
266546
270776
271489
265778
271201
266995
269438
269306
267988
270453
270504
264537
269843
269178
269301
269633
267853
267874
266473
266932
269297
266471
264951
270429
270053
268467
267305
267157
265521
270646
265979
268507
264849
266578
268746
267054
266037
267833
267202
268142
270542
267034
265776
268044
267250
267129
267540
266924
269934
267240
265187
268128
267228
267022
266655
265915
265741
266216
266386
268535
269005
269844
268636
266309
264667
265346
267269
271332
269549
265679
272098
267510
267188
267949
268923
270241
265704
268399
264599
266468
264689
266583
269109
264807
269701
266832
271007
269222
267316
267192
269685
267462
270405
269599
267636
267188
267311
266977
267875
267836
272029
266172
269202
264744
268346
268665
267928
267267
271515
265511
265700
270239
268566
268412
265863
276762
266481
266061
266979
272120
266277
264814
265379
265517
266884
266740
265285
270856
266606
269569
269995
272927
269673
266050
271325
266660
265714
270390
267923
266751
265393
268518
267290
269669
269399
267601
272112
268105
273566
268618
267973
265842
267889
265011
268856
271467
267639
266264
269614
264876
266918
270042
268494
264961
264337
270809
273217
269566
267408
268922
268564
267806
268089
270662
267301
268820
271103
266705
269499
264061
267627
265789
267162
267925
272286
266429
267690
265310
267208
264161
269267
266232
267142
266912
263383
266948
268131
266936
269557
266968
270528
268579
269939
268126
266720
268518
269039
269886
265111
267592
268085
267334
269480
267868
264985
272094
268741
267654
268232
268134
268364
266552
266700
269167
267041
266940
264859
267176
267891
267957
264289
271510
265877
272189
266379
269037
268310
267738
267931
269450
268715
270709
269376
266465
269007
268437
270978
266960
268732
265084
266885
266786
267015
269759
265282
265317
266419
269449
268487
269195
272441
269512
268849
264829
268247
266113
271690
266734
263609
266777
271807
266937
269682
269021
264982
267879
267007
268947
265953
271849
268694
267810
269940
266170
269324
267245
268438
268133
270364
268199
267224
268956
267552
270952
265512
266282
266876
266943
274227
268625
270692
265870
270405
267292
269519
266876
265870
269494
267276
269302
268328
266338
266500
264247
267200
266566
267992
265175
266001
268374
271488
267185
272549
265072
272226
267791
266127
270133
265582
268698
270055
267188
267898
268818
265727
269209
265046
267557
270544
270827
268129
269439
267000
265245
266526
267583
267828
268178
266886
265366
268304
267113
264641
270709
273246
267215
268301
264689
266759
272191
271124
268823
271131
267637
266768
266532
266357
271848
269828
266476
267832
267510
267999
267884
269832
268859
268615
267683
270101
269563
268805
265525
269213
268284
263473
268034
268556
267157
268211
269828
268430
264791
265509
266921
268145
265064
266349
266940
268184
266809
264859
276460
268046
269700
265055
269261
267043
267961
268395
268317
273127
267801
267094
272832
265860
271184
269210
267230
268838
267190
270593
268682
267201
267361
266172
266605
265981
269680
266961
269084
266605
273435
270756
269370
269790
269544
267646
266365
266501
268974
266274
266474
268289
265973
267072
268673
266104
268515
266597
269621
266244
269343
265045
267670
265516
271001
269988
270567
265805
268528
267761
266273
266578
267698
266099
269643
268349
273398
272708
269709
270128
269541
268396
267934
268655
269020
266045
267054
267788
268180
270336
269379
269701
266703
264328
271779
270327
268844
267330
268722
269478
264178
265976
267649
266287
270944
266682
266277
270528
267806
267151
266374
269092
271215
267926
267017
272273
268785
269381
269020
268462
266961
270114
270971
269647
269343
266611
267073
263891
271996
270699
269286
268294
266600
266842
274023
269799
267141
268186
270878
271689
271043
268659
267521
265614
267641
266170
271650
271946
266784
272575
271003
272641
267186
267753
268244
269117
271322
267476
271261
269922
268187
269164
270919
266386
269917
270764
270142
267022
269733
267415
267795
269346
269302
265580
271815
265944
267026
267796
270069
271576
265866
267771
270806
268739
268886
268344
270140
269620
268810
267204
268168
268526
270400
267882
265766
269785
267318
268211
268929
270562
271095
267666
270909
271193
269875
266561
267840
268641
273192
267281
267142
268836
269253
268850
266474
268022
265348
267092
269418
267012
271206
268666
266264
269978
264197
266524
269107
268985
266672
267451
266057
267188
270366
272390
268455
269085
267105
266081
264847
268970
268506
269005
268906
265812
272507
270883
268328
266563
268649
267988
267079
265193
269676
267316
270697
266411
267739
270346
268463
268869
266536
269557
268846
271327
266177
265277
265095
268059
267160
264103
271041
268270
265922
268153
268305
268129
269266
265879
265672
268410
266914
264049
267861
266492
268519
271864
269016
270471
269899
265933
263629
269371
269357
265375
268507
265728
266733
270398
271675
269848
267070
265064
269554
267716
263057
269278
266704
263975
267166
269067
266290
265736
271943
265707
263457
268618
267653
271401
265689
269490
270312
270205
268268
269182
270721
264337
266089
266987
267892
266510
267112
263797
271280
269182
271583
267667
266382
268046
270258
266905
265175
273287
266822
271512
266334
264899
270711
267816
270440
269929
266365
267208
265564
270967
266135
268675
267018
267811
265612
272681
269288
267342
270434
271175
269530
269441
267332
265187
267724
265826
269938
271218
268718
271358
269521
268493
267913
264502
267870
268656
268325
266872
268538
268298
266902
265416
266901
269004
265893
268426
267386
273912
266874
269265
268191
267150
270306
267087
266229
268578
267016
264793
265288
273733
268992
267010
266401
267841
269809
267997
271404
267159
269495
263888
265349
269445
268881
269729
268375
272458
272269
266991
271134
267138
265919
266885
268320
269374
268396
267338
268203
271991
269813
269903
264521
265516
271231
269601
266869
262769
271200
264449
266530
269237
266160
267526
266824
269490
267125
266964
268401
271481
266613
267223
272495
266340
266606
270885
272515
265796
264627
267848
267026
268284
270038
269851
266083
268301
269973
267146
266999
265939
270224
268668
268989
268690
267720
271899
267445
270687
267228
266137
264661
266629
270068
271346
267165
272817
268178
268646
264526
269899
268225
267033
265129
265787
268693
267478
270538
269718
266646
268550
266230
265065
266644
268371
271546
265742
266932
268087
267760
265598
263881
266326
267288
270580
263237
264325
265793
268580
270165
271485
275175
269382
268379
267354
268287
266041
270618
268482
264823
269429
267245
269973
267371
267861
266996
267325
270853
268972
269076
264721
266773
265933
265509
268636
267402
268289
270357
270655
266417
266410
267607
271058
265313
267383
265564
265367
271195
271491
267581
267961
271171
267455
271731
270557
268098
268519
267823
273679
264899
267672
268803
265976
267463
267478
267952
265055
268503
269033
270963
268362
268360
267180
266522
269634
269070
266603
266160
275111
267456
264857
266743
266787
268837
264256
269481
267923
268321
268225
266302
268603
264627
272196
269903
268963
272410
268946
266010
265893
271205
268799
273211
266658
269345
264879
267266
264645
269568
265980
269868
269024
268635
266765
268117
267906
271978
271136
266131
264565
269091
269027
269161
268605
270339
269608
269642
267347
269446
269745
268571
266291
269352
266546
264611
271621
265629
265797
266210
268852
267910
267410
267251
268351
274196
268138
266734
270793
268734
270895
271353
269172
266223
267239
266025
268316
265644
267726
268951
268999
271747
269115
269651
265837
264089
270326
268619
269923
265245
266508
268498
268356
269580
266119
270266
267163
269280
269106
264899
272880
264849
267305
267794
267503
265536
271080
264971
265885
267770
272171
265245
271003
271250
265084
270549
271403
269087
272445
265697
272778
266012
266455
272309
267647
264293
267880
268663
272515
268212
268816
269242
266358
271634
272434
265037
268244
267172
271937
267498
268266
265269
267684
269639
267488
269357
264821
265628
268933
266814
268730
270052
270297
269956
267101
267974
268130
266855
267884
268952
267846
267767
267716
272217
267164
266736
265544
267973
267650
268457
270191
264427
268752
274073
269781
269044
269275
265457
265193
267326
268834
268872
267616
266832
267590
270597
266489
267044
267655
270034
266962
267310
269355
273248
266044
266320
267476
265077
267012
266597
272033
268546
269271
268467
267089
269466
264568
265064
265367
273411
267770
266916
272326
270545
270778
269935
266398
270424
267872
273306
269171
265003
268200
272167
267250
271596
267699
268127
267092
265278
269106
269252
268326
268425
269666
264987
268624
267438
267851
267827
264924
265665
269539
269433
271436
270991
267890
266550
264247
267637
267404
272311
267088
268123
268925
269643
268821
269553
268571
269819
269280
267222
268683
266928
267183
267602
266382
264517
267526
266938
267258
268686
265495
270935
270066
267904
269292
269383
264775
263777
269675
270838
268711
264877
270754
267229
267577
269162
267302
269318
264765
266270
271419
267253
266664
268942
268056
269448
266052
270305
271366
267909
268868
266773
272388
265241
268871
265828
267256
264129
273080
265968
272129
268756
269800
269476
266443
270032
266865
267855
269184
268301
267972
270070
266248
270943
265516
269177
266756
265517
266066
269777
268318
266384
266941
270375
266502
267556
267737
274539
265579
275414
267946
270255
269627
267023
266875
268533
267008
268699
266137
267062
266494
272736
269848
267762
268654
267796
269936
267843
269522
268623
266115
265987
267339
271150
265369
266682
273818
269006
266578
270034
267851
268317
268447
266459
268024
268361
271681
267607
267705
266754
267113
266448
268319
266264
267518
266416
265128
269425
269020
268398
267359
267420
268273
268798
270663
266866
265293
273511
266709
273066
270271
271094
269623
270046
265231
271410
264161
267473
271165
268450
266015
269692
272063
268231
267569
266820
271731
266739
266588
268925
267890
271350
271227
269072
270565
268753
266750
268241
267793
272579
268981
272070
268409
264894
267961
269605
264105
267486
268180
272963
267072
268838
271827
268795
268214
265817
269167
267074
270878
266410
270822
268387
269548
270972
265639
269778
267501
266229
268655
267067
267805
268383
269961
267228
268769
269384
267820
267145
269400
267596
266142
270240
267276
264727
272394
268264
269571
264857
269610
269139
266568
266146
267492
267053
269724
268931
268846
266894
269118
266801
272979
270363
265929
268287
265777
267619
270929
268217
268491
269781
271430
268022
268875
265348
268827
268975
270817
265607
268200
267190
271279
267854
271222
268213
266617
265723
266942
270314
268535
272376
268015
264049
269658
267018
270681
264883
270631
268698
266146
266139
265927
268992
263857
267221
266628
266790
272420
267960
266487
270223
267064
268943
271133
271568
266654
267669
270098
268457
265099
269567
267971
268324
267290
267539
265777
266269
267657
268913
269727
266647
265029
269432
265641
266582
267593
265249
269981
267233
271169
266719
265829
270056
274835
269117
266866
265675
271851
267584
269163
272161
269474
267676
267981
267682
270497
268804
272158
273496
266792
267915
265517
264645
270457
269080
270478
265111
269900
269902
267716
269569
268385
267164
264918
268234
270043
268526
271600
271605
265137
269130
271103
270825
270764
268353
267408
266050
267249
265043
268135
267830
268808
268559
267811
265662
265521
264424
267056
266996
269789
266177
270245
266972
268804
269724
265866
264577
268764
268412
268420
265481
270581
268978
269774
266780
269038
270620
269482
266838
270070
269331
266985
267930
268839
266879
265323
265419
267800
267179
271407
266522
272043
269704
269421
266659
268939
264915
266347
265774
267674
267401
272900
268134
272558
271503
270168
270332
267674
268115
269808
264818
266943
265346
275107
267353
267274
272130
268215
265736
270511
264629
266294
268261
273581
265870
270945
266876
271126
268370
266229
271004
266844
269513
266582
266898
265960
272359
272496
266958
267071
267613
267220
268558
270757
270828
267698
270286
269460
269922
268661
268919
269621
268671
265993
264517
275036
268407
266737
267157
266135
271741
265845
266311
267886
268734
273674
271893
267332
264289
269326
268032
267823
270755
267800
269729
274503
268363
266640
267759
269621
269128
269594
273164
272105
267604
265736
271538
268156
267353
269495
268992
267683
270291
267530
268208
266789
267022
264949
271384
268694
266583
270460
264859
265785
270977
266833
265979
266447
269289
270953
267948
267248
269040
267000
268864
267265
267840
268069
270565
267430
270267
271586
268127
265486
272213
265614
267073
268268
268442
268606
264149
270271
270268
267916
267539
270358
269227
269069
271123
269312
267845
269645
266484
267469
267960
267429
268540
266958
271377
270142
269819
272283
271826
265281
267869
268553
269576
266030
265111
269639
270714
265834
264161
268108
268103
270873
268677
267287
268382
265356
267333
268842
265055
266711
270631
267593
267177
268908
270136
270084
272393
270240
268578
266484
267712
267445
265122
272989
265111
269101
269750
267854
269030
267950
269740
265064
268810
267332
265293
268218
266727
270781
268674
265529
269908
273563
268586
269057
267743
268169
269181
269822
273586
267060
267626
265728
270226
267268
265327
270508
271520
270361
265539
263777
269942
264609
269064
267397
271273
271879
270745
269878
266172
266104
269234
267590
266125
268277
271837
267820
267397
266227
265712
268830
263761
266558
267768
270383
268802
267584
271151
269079
268757
271816
271225
267782
270582
270763
264849
268744
266758
270349
266974
269154
267830
266822
272281
269062
268282
275377
270290
264599
269511
268215
266127
270303
272637
267637
269390
264728
266095
264335
267427
270149
263761
267459
269360
267759
264899
265162
264337
267676
267964
268038
266339
267914
269654
268330
268971
265324
267922
269498
271926
266103
269028
269331
269723
268364
265330
268791
266041
267973
269310
268613
266192
266046
270098
267284
268245
267312
269379
269191
268791
267406
272796
275171
265150
265731
269598
265627
268491
266789
268636
270797
265445
265182
268677
267491
267804
268040
269292
270106
267977
269029
269755
270134
266333
271423
270768
266328
269173
267288
268361
267935
270581
269752
266718
265846
266192
267416
266093
269812
266876
268499
267841
267074
268195
265243
264085
268137
265137
266831
266146
267138
267666
268813
267078
273792
270326
266430
268190
269262
267104
266954
268586
264691
268262
269669
265277
268706
270190
269684
268593
265597
268215
266708
269521
263509
267957
264085
266466
270684
267295
272169
268069
268476
268885
267864
266146
267127
268412
270740
268983
269642
267703
264915
272783
270232
264933
265662
267883
267386
268816
267699
266338
268324
267650
268890
265541
264647
270394
267581
272881
267445
273040
268705
266104
268861
269384
270506
265438
267282
269494
270381
272070
267714
267786
267658
269376
267685
267720
270893
266501
272643
270727
267244
266572
268859
267551
271130
267462
268992
267477
268230
266604
267598
269702
266167
265579
268968
268606
264049
268844
264977
267521
266738
272783
268142
268348
269013
265016
268362
269063
267905
270758
266820
267750
268991
269250
265346
265959
270138
267082
265704
265917
267848
268872
269575
265794
268547
266782
268110
267066
268085
268969
272777
270148
269959
271269
269353
271053
267454
268860
268463
272133
267921
267764
265624
272328
272303
269293
267930
269500
269759
270511
266876
268247
267700
271364
268711
271777
265626
272131
267942
267179
267348
267754
266398
270189
264357
269685
269276
269114
270688
267854
267150
269097
270970
266128
270446
266560
266993
268486
269493
270175
267381
272386
269195
266887
269550
270782
267315
267413
269957
268720
269789
266404
271907
268329
269152
264587
267658
271786
267150
269308
265481
270655
266990
266396
270829
269697
269666
269360
271924
269490
266866
270299
266562
267892
273811
268076
264179
269812
272229
268258
266145
266163
267071
267626
271547
269629
268383
267402
268230
271143
273251
270636
264877
270310
266968
269185
269951
269124
269975
273591
266769
268302
266064
269338
269607
269933
266858
268325
268611
265521
271892
264344
269774
265964
273368
270833
266113
267639
265337
267709
266782
267139
267271
266967
271500
269684
265886
267208
268657
267627
270899
264357
267429
266615
264878
267474
266876
269314
269980
271476
270014
265902
266796
267306
267343
268600
269436
266513
266842
271832
265336
268181
269506
268330
265971
267002
271097
265678
270125
270538
264851
267606
268631
266667
269129
270725
268658
267988
268681
267189
268044
267066
267000
268194
265262
269560
267955
269750
269700
264449
265863
268158
266678
266691
268590
268041
265859
265980
268968
266750
269926
267814
265933
271338
271283
264712
270568
266837
267324
268060
267478
268305
269403
267384
265336
268152
267336
268777
263329
271229
268544
268574
267469
267150
266016
276039
266930
269061
269557
265598
267264
272068
266709
271330
266338
267490
269400
271639
273726
267892
266810
268843
268878
266612
267564
270957
265144
266971
268854
267675
271599
269956
266548
265085
273698
265670
267965
268955
267368
266690
271334
267172
270144
268539
268422
273056
264169
266661
265995
268988
268452
273140
265481
264503
266969
269392
270647
267592
270068
267056
270848
269855
267874
268682
268101
265242
267346
271142
267608
266612
269178
268724
267822
268378
267792
268329
266028
274053
268942
272971
269397
267190
269039
267369
268963
269634
269249
268011
269891
273548
270653
267493
269877
269813
265992
268625
269558
271619
266954
267588
264049
269636
267873
267473
268473
264887
273033
264942
270051
271701
270549
270437
270298
269855
267538
269400
272864
268400
263489
265249
267265
266427
266503
267138
271320
266169
268648
271561
270642
265416
268358
270684
270571
268769
270947
269724
267070
267318
269018
267289
269047
264878
265605
266487
270093
271315
269642
271091
269832
268450
268114
274016
268202
266732
268599
270505
267705
267862
264878
268625
269123
273714
271331
267575
265560
264859
271161
266866
273355
269086
263889
267459
273974
268742
271385
276428
266349
268201
270747
269041
270380
270817
274951
269430
267892
269729
270835
267150
265805
268472
263761
265096
267124
269521
268619
269007
269633
264344
267444
270708
270543
268420
265176
264029
268675
267272
268490
270146
265567
269550
270246
264722
271518
271653
269820
267667
272111
264627
269095
268257
267799
270031
269891
267646
266854
268877
269414
265655
267981
267917
265150
268825
266146
268004
270541
267150
269076
267797
266688
267569
269411
274091
268297
267172
263975
269029
269681
267362
267727
268243
270522
265277
264935
265724
267073
267919
266851
266920
265064
269228
271207
266158
271374
268641
263959
267536
270397
267685
268373
270567
265077
267043
269395
267419
269000
267716
264935
267854
269193
267608
265705
269800
268374
263907
265383
269945
269924
267647
267639
269725
266394
265657
265736
268131
269061
266190
268809
264977
266914
267754
271087
270895
265346
267194
268584
268244
266932
267172
265842
271042
266232
269188
270734
265229
268648
267959
269955
268377
270376
265961
268907
267106
269094
266850
270215
268262
268327
263489
264245
269207
267855
268901
265765
273408
267155
267106
268123
267350
269390
265848
267738
267528
268321
266588
268215
267398
267880
270520
271202
266265
269178
268865
265097
267803
269087
265597
270275
267471
269622
267508
267771
270539
267935
269099
265310
270790
270758
267432
267833
265976
266604
269782
266932
271053
268712
267697
270535
266923
271817
265293
267922
265697
267274
271740
268892
271103
270628
268182
268366
264245
266039
269560
268118
265533
267952
266545
265045
266869
274930
268190
269925
266448
267665
265205
265650
270348
267363
268856
268666
268146
269063
270600
266675
268082
267682
271711
267422
265504
269261
269486
267704
263959
268135
269611
272145
267791
265285
267257
267026
267634
270798
267428
266797
269316
272299
270248
267512
266365
272941
268409
270957
269417
268473
266517
266766
266739
268126
271924
265532
265944
268806
267026
269265
272834
266678
271293
267426
271240
266337
265663
267625
269076
267346
270164
267504
271990
274695
269265
269636
272066
267426
270937
264866
268878
270762
270256
266273
264940
266334
267856
271316
267840
269483
267858
272283
265211
268767
269414
270527
271679
265557
270977
268040
265707
268302
268091
268317
265585
264616
266681
269782
269013
268515
269353
269130
270994
267849
268132
268285
268410
266291
268153
270039
269465
266325
269602
267655
266851
265003
270508
271355
269244
269851
265398
267588
265858
267430
270311
269639
270377
269127
271163
270749
265709
269458
267197
267249
267735
265880
273918
266566
268688
268472
273283
265084
268007
268334
268526
266317
269449
269004
266992
267753
269072
269166
273000
266077
266885
270458
269809
265961
267967
269484
267420
266077
264561
271939
265857
270700
264577
272071
270395
265448
266772
266980
269866
267601
267776
266402
267100
266334
268110
265769
270636
266045
268280
272402
270093
264609
267176
269634
266980
268174
267717
267489
267263
268702
266395
267238
268890
267258
269828
266582
268490
269061
268494
269761
265478
268188
268264
266338
264853
266142
266390
268606
271153
270006
265424
267415
265095
268049
265565
270759
266502
269768
271731
268701
265655
266576
268504
270895
267507
269026
267995
271240
265499
267546
265635
268952
267136
268974
271570
267512
266103
269168
266832
267563
267411
270420
271358
271855
269159
265299
268185
270022
266698
267632
269033
263729
267334
265762
265870
275977
263579
266324
273191
267926
266059
267270
271881
268510
270335
271876
272074
265027
266597
267205
264269
267355
271995
266081
270030
268577
270830
266274
269573
264725
266396
270443
264696
270049
266932
269085
267625
266832
266342
269912
266626
269372
269194
269059
267036
268330
265259
267313
265976
267732
267037
267683
266920
266482
268289
268683
269177
268489
270403
267724
267505
269882
269989
269389
265445
270199
266926
266331
267311
268812
268690
268463
270398
267422
268798
269316
266391
268271
265265
266996
268746
267528
269836
272918
269075
266545
268578
268154
270906
267627
265597
267778
271077
266907
267356
267700
268599
268287
267492
269545
270773
264375
269280
270658
268200
265419
267768
269147
266267
270596
267556
269959
263527
270679
270398
267780
271041
267608
268914
267047
270489
266372
268350
266869
265533
269680
268603
272666
267920
267884
270397
268015
270357
268835
266766
269742
269687
269366
270688
268555
269601
270791
267469
269699
268339
268968
270850
267428
266567
267402
269772
271539
266251
267753
274229
267645
267926
271599
269723
272503
270637
265916
267782
269806
270183
266248
268207
268983
265841
266463
268791
268929
270613
266776
264689
267462
267859
268419
270331
268292
268370
270437
270030
270043
269830
271683
270568
268705
265336
272605
267789
268112
268067
266106
264645
265822
270167
268699
268652
271689
272522
269485
267570
267045
268844
266712
270487
271878
266571
269571
269891
266628
268063
265914
267421
265423
267125
268150
269893
264289
270251
268855
271662
268154
266637
264517
264737
271378
269318
267050
265211
265517
264979
266555
266670
267237
268303
272470
268560
264827
268840
268773
267202
266833
269780
270834
267867
267998
267572
270542
269589
266495
267380
267047
264805
266262
266099
269128
271675
269152
268787
269911
272718
271253
267625
269610
269290
268147
266244
265659
273178
267747
266851
265859
267765
266309
266563
269620
271319
268326
266396
265063
264337
265781
270339
267755
270683
270083
266767
266789
268045
270253
268025
269385
267652
271767
271148
268157
269110
268085
268358
267520
267895
266678
266312
267074
271587
268841
264995
271095
265804
270605
266504
265956
269648
271395
266389
267868
269031
263237
266367
267520
267091
264979
268825
272997
268797
271120
263777
270182
268679
270159
268515
270034
268536
272530
267498
268045
266686
267030
269742
267597
268685
273068
269399
267381
268972
274322
267136
266421
272701
269954
268358
271395
273978
272083
267125
269243
268660
267395
269950
269342
265136
267330
266195
263255
268362
266584
269318
269025
265246
271712
271159
268224
267007
271030
269998
265107
265994
266611
270785
272908
266217
268388
266488
266412
267908
264267
267141
268056
267763
272091
272378
264977
266754
267932
268348
268236
268376
267678
268431
266742
268163
265850
270288
271269
267094
268162
266450
270254
266706
268101
269484
267430
267119
268194
267960
266230
269945
270149
269478
267139
267188
267123
267150
269339
270474
269668
264667
270697
266837
279173
265813
271361
267810
272095
267179
268954
268130
264245
268996
266694
265597
266287
269530
269649
267683
266757
265550
269267
270099
269518
267216
273047
267998
270653
268192
267043
267988
271499
267506
269010
266546
266681
266663
269094
268629
266680
270037
267960
268387
266072
269393
266274
266267
265997
269283
266308
267535
270279
271529
267125
272631
270023
265225
269351
268203
269323
271441
270050
268410
270855
263489
267925
270056
269078
267070
272120
267849
266390
271387
266568
268891
266380
267752
269889
268393
268852
269748
264906
273654
270546
265168
271835
266834
267125
272817
268428
267364
268446
273908
267331
268138
266282
270789
266016
266942
265524
267129
265929
269388
266660
269556
266810
266952
267615
271259
271873
267816
268222
269241
269590
269733
273796
265182
271831
264709
270964
267312
264447
269979
268748
269128
265747
267947
267618
271346
271122
266592
270076
272578
267748
267338
268192
265577
264908
270388
266341
267343
265657
269122
267304
268672
269394
270373
265550
267397
272684
266232
264915
266743
269052
268244
270694
267791
270385
269288
268176
265890
269695
268732
266096
266830
269244
266679
269838
266732
265409
267563
265383
268714
267695
266001
270979
267392
268194
267851
265336
266403
268994
270257
266656
269034
271014
269947
269205
266477
266976
270030
265998
267981
270093
271458
271147
263617
269730
269246
270971
265713
268684
266810
266583
266419
269603
265310
267299
269667
269442
270351
267537
268227
269404
266382
271385
271263
266273
268913
265804
268736
267923
267172
268997
268322
265908
267120
271646
268462
266282
267343
268888
268934
270362
268387
269252
269215
271007
265580
269814
265704
269637
266558
268825
271281
268054
271971
265366
266620
270181
268597
266830
268700
270003
266954
270515
271537
268699
266539
265045
268477
267522
266688
268939
270517
271485
269272
267186
269568
267868
263907
269275
266580
270014
267128
273945
268662
269796
268806
266662
271972
269113
270589
268875
268793
268083
269434
267685
267764
267363
267848
266855
267704
268854
271939
268265
264935
267306
270332
265229
268801
265724
268339
268404
265176
266748
268227
263525
269568
265055
271202
265443
269482
267872
270938
266440
270599
267576
267902
269553
270195
266991
270383
267654
270847
270777
265898
268008
269128
269537
265684
266244
264647
267602
266926
269965
267950
268380
267105
269266
269256
267386
268587
272109
270113
270222
270052
268289
270158
266920
269208
267957
267276
268271
267276
268260
265257
265356
265533
267240
268399
270216
266830
266262
268299
269663
270705
264129
269850
266674
268333
269434
265369
270023
269482
268010
270530
266837
269875
264878
270849
269585
266706
274302
265442
266950
271408
265505
269655
268476
266398
268948
271892
266560
268792
268647
268524
270542
265410
269876
267377
266710
267546
267026
267794
264609
265731
270891
267083
268291
267521
266144
270265
268655
267627
270304
264857
269099
267001
268793
270643
265763
270777
266365
270644
266364
269131
265287
265165
265165
271984
269022
266885
271540
267675
266794
268961
270044
271519
267432
270986
268379
265819
265639
266834
268663
270433
264857
266895
267445
268888
270997
269486
267204
268318
267231
270428
267765
269959
272271
265828
268453
272197
269518
270104
266970
268893
266828
269010
266414
268337
266554
270132
265972
268041
268428
267646
264327
267970
271524
268328
268212
267704
270790
268114
271145
267506
270036
269133
267608
265630
269232
267982
265455
268040
267598
265972
269553
266666
273819
270506
270738
265336
270580
268234
269803
269822
269535
268673
264590
264443
269241
268111
268843
268850
267113
266484
265816
270119
266755
268957
268237
267132
269269
267276
270928
269909
268352
271214
267468
266120
266976
266633
267454
268697
266924
265323
271369
265264
267067
268630
273105
272763
268232
270232
269206
267849
267144
267619
265851
265667
267556
269817
266152
264920
263835
266202
265866
269374
268265
271877
266365
265005
272106
264289
267259
265693
268278
268817
269061
267637
264512
268002
271912
265176
268914
267296
270678
266452
268025
267568
265855
267397
268156
268341
264993
267238
268373
264637
264177
270136
267948
269910
266976
270255
265390
266654
271746
267935
271906
265811
268567
264859
267102
266789
268274
266977
270908
273640
269315
267645
267803
269655
269223
271526
267985
268274
270420
264049
269799
268128
270736
269308
268490
270714
268859
266055
272277
265330
270973
270455
266515
269719
267522
267632
272392
265431
267929
269579
268897
267595
273131
266607
265970
271715
269262
267307
268733
266504
268688
267367
268996
270646
267182
269597
268352
267036
266510
271396
271849
266738
268118
270157
264085
270816
270712
266827
266863
270415
265838
265405
269224
267187
272045
266934
270935
270128
267851
273005
266719
274355
272917
271642
267430
266758
266932
271678
268104
267020
268442
264375
265559
263777
266306
270741
270376
267403
265905
268020
266938
273987
269348
266488
269100
267657
268161
265820
272622
265626
268707
267999
264696
267463
268924
266866
270035
270202
268368
265070
266954
268176
269849
269473
268203
269523
270170
267331
267670
267429
269412
267342
267572
264507
266331
272537
267524
268640
270952
267825
272322
267358
270728
272216
266267
273922
268439
269367
266095
266902
266440
265615
266512
271601
268686
264915
266646
268910
265638
266750
264757
266332
264517
267247
268888
270587
268980
268017
271296
268893
267486
268345
266898
266398
266889
267654
270697
272449
266597
266540
267928
272018
269681
266568
268923
265760
269185
268233
272347
271635
266795
269254
273494
267840
267997
268667
270664
264575
270983
271057
269911
270881
265948
267514
270772
270823
267408
269406
267662
268328
265905
269611
269150
268363
269285
267092
267907
269296
267589
263873
269322
268460
266302
269109
267130
276729
266810
272772
266596
269597
269351
267012
265995
269098
268571
267276
268788
267669
267408
266986
272498
266350
269473
269101
270494
266140
271899
269976
266816
264848
266398
267540
271696
266943
266321
271238
267798
270280
269414
271895
267859
275566
268530
267707
264609
265021
264923
266311
269461
267227
270078
268470
266394
266380
268052
269135
267055
265511
266944
266267
264654
274560
269702
270982
271477
265565
264517
271853
270314
272248
266947
268930
270037
269316
270088
265366
271025
266691
267988
269806
269535
269192
264539
266300
268943
269797
267078
265982
266221
265256
268565
267193
266033
263957
268858
268636
270993
267243
269312
272553
267538
265273
271961
269166
268131
270285
272407
265614
267480
270254
265582
264542
266001
267665
268131
266452
269611
267972
270789
268635
268280
267180
268989
267269
267914
265875
266848
268023
265587
270371
267012
268304
269548
273635
269374
267748
268103
267643
264859
269458
265889
267144
270669
267522
266626
267913
268412
269941
267391
269855
265244
265185
267916
269506
267108
271147
266568
271427
266889
265753
272110
270570
269536
265774
265646
268618
268669
266202
269266
268818
267094
268606
264645
270131
264245
265809
269061
267607
274611
266745
265909
271617
265310
265419
269668
267629
266993
265895
266862
270068
268185
269345
267655
270160
267511
263457
267916
268918
266205
268435
270831
264349
267179
266664
271602
267031
266282
267272
267916
268114
269280
267865
268710
269193
267008
271364
267166
267158
267465
271509
268910
270810
265621
273071
267514
267858
266605
267364
269905
270737
268244
266502
267664
266521
272129
267910
268073
269357
269654
265029
273410
270701
268435
271659
265813
269741
266216
270181
269142
267896
265863
267065
268749
271218
269609
263777
270816
269521
267283
269591
264789
270320
264977
270461
267166
265695
270597
271704
265732
267858
268246
268732
265612
267429
268563
265379
268849
268374
266475
263957
268066
268150
268208
267948
268116
268177
267445
268425
269525
269837
264989
263797
269088
266649
267566
268520
269617
273615
266840
269650
270212
267343
266135
265268
266925
265817
266249
264568
267076
270530
267382
276012
271567
269013
264823
271645
267510
268266
268298
270219
267238
269547
266931
264597
267960
269591
266700
266733
267497
271590
265715
269568
269486
268602
266363
267155
266430
268940
268365
272064
267207
266328
266746
268863
265442
271451
267606
266085
267937
269698
266843
266338
266655
269016
267287
268863
266717
270735
266687
266394
266872
268475
268635
265309
263057
269253
263329
265804
268318
266142
267922
268387
269896
271479
265933
271397
268633
266816
267754
267268
267245
268168
267602
268399
269108
266504
268854
266689
264690
271587
268717
266435
270748
267629
267963
268057
265863
267135
269063
268681
268046
264849
267363
269317
267082
270277
269692
267204
270359
267917
270350
266816
267514
269561
267228
267732
269716
269477
268687
271557
266520
268783
266646
272752
268719
267462
266990
269733
269048
265262
266437
267004
267828
270315
272385
269690
268703
267523
267393
269134
271744
270168
264899
267237
270039
272438
269153
269046
266465
268790
265506
267812
268639
270321
267354
267594
267541
267284
264597
266578
273311
271056
267938
265272
267544
268203
266413
266172
270421
270111
268772
267253
265900
267973
266932
269825
265043
267232
267565
269920
265508
267604
268026
268384
267344
268778
267603
265432
269170
265612
272816
265477
265804
267180
271385
269038
270538
265007
272623
265495
265910
267092
265880
269136
267368
268318
263905
268462
268326
266366
267166
267131
267510
265930
268123
271696
269236
268071
265827
269026
267439
271707
272744
266562
268036
