853369
850716
847007
853631
851959
857182
858680
855793
854653
855943
857976
856011
853041
858860
857239
851316
850810
861127
851040
854136
855139
854467
854520
859052
857609
858706
855607
856681
851689
855980
853591
854987
854292
852983
859303
851018
854608
857322
855831
858529
862161
856252
859681
851513
852852
853308
858092
862557
855841
854400
858473
854824
851116
849923
857567
858580
853097
860238
854026
854612
856220
854191
855809
856694
859831
852891
851350
857183
862281
853101
860553
852410
850138
858760
857164
852347
853670
852924
851047
852207
855890
854242
857364
858722
856834
849575
857897
859601
863113
858624
852709
864250
857700
852040
856509
850240
853733
856125
851699
856207
853469
853979
854992
851439
855073
854713
856550
858810
855060
851390
854782
854964
851011
854431
851022
858064
856315
855726
854555
863433
853075
852377
858067
854989
856396
855246
855064
857277
848885
854379
853546
851641
849476
856124
856345
854398
851963
857099
857274
852088
855250
853135
855057
860311
856099
851833
853528
854598
856611
858393
851983
856635
856424
852834
857292
852457
853397
853967
857835
853772
848946
852353
854091
854892
853406
857620
852869
854513
858370
850117
851189
848956
851918
849750
852835
857976
853228
851423
856911
856946
855591
857816
854650
852097
848526
853972
858436
852531
860184
854577
853976
851863
861683
852791
857664
854620
853869
858960
851000
853386
853535
856232
853816
852148
853260
849460
849074
853870
852977
856910
849596
851869
851659
853170
853157
856017
858182
852946
855521
855853
855055
850952
855289
852500
851256
862557
853668
851897
853837
854176
853381
861684
858590
849193
855683
856596
856417
853644
853444
852856
851360
850784
856722
856521
854904
849999
851360
851404
851926
852864
857559
853542
855936
853023
850408
854731
854390
855883
852071
860437
850603
853187
851152
852735
852872
852592
852212
856964
852618
856829
849590
851199
856503
851595
854709
859720
858493
861255
858826
853914
851994
851604
857761
854056
853965
854536
850475
855557
856015
857649
860765
852481
854462
857769
857299
850921
850132
856402
856676
855337
857897
858489
852786
859779
859743
852525
849558
857316
854234
852987
855830
851319
863187
849693
854318
853937
859209
847570
859153
853246
854409
852003
861035
855858
849906
856309
852285
851073
862801
851273
862601
852174
856203
851533
861392
854681
862966
851549
853103
852352
853229
859586
854988
854305
852117
852439
852512
853133
855090
851643
853574
855700
852463
848276
859429
856583
852446
854036
850389
857661
855053
857547
855240
854170
857291
858334
854913
853364
856916
854345
854502
859848
849089
862061
856819
853105
853024
856055
858749
852721
851576
851238
853498
860463
851890
850690
850077
856120
850586
858200
854657
855196
855703
857618
851091
856661
851446
856227
856415
854238
855104
856364
854336
853242
854422
851906
849801
855463
851352
852677
853578
849446
849780
851636
857917
851631
856775
856512
849619
855260
855430
851445
852592
851275
852709
859980
853052
854279
853044
856097
859505
855383
857991
852778
853925
851448
853882
852589
853429
852555
856157
851976
851387
855603
852049
854434
851489
852588
852705
852759
851764
852411
857616
856490
855331
853007
857209
848827
855206
857466
853090
852949
854248
849742
858756
854359
854806
855191
850937
849582
854246
859159
861259
854715
855278
853843
858760
850581
857125
854782
854073
856324
857470
857171
850995
851256
854193
857265
853347
852578
854026
852173
864432
859206
852315
855025
858446
853332
857735
853770
859121
860164
857649
853733
854026
849836
852653
853605
851007
855507
854597
853652
853105
854770
854372
860168
858072
852269
850479
854598
853794
851619
851330
855713
852075
851354
857371
852288
852424
859519
857057
854614
860035
855214
858417
854889
854620
853404
854902
855162
851749
859089
854751
854012
852865
855006
855623
854657
857812
853561
851347
853897
855893
851570
856037
859856
852790
852885
853153
857605
857202
852592
857736
856606
859991
853759
854585
854303
862165
860115
852917
853411
856656
856978
853113
849623
850087
854130
856739
851322
858687
853938
853411
854318
849236
849687
853414
852312
851736
851949
858815
852130
856157
853139
852638
852380
860994
852207
856986
853430
856135
853741
858720
856695
858613
852536
858919
855911
853988
858758
854611
850069
854113
857400
855280
848833
854017
855331
852993
857877
857901
855308
856885
854474
858947
856675
855641
853201
855768
851768
852853
850943
853139
858671
853610
854414
856053
853166
859743
854244
852877
860410
852172
853793
851472
854648
851483
853543
855327
850192
855579
854634
853715
859298
852760
851693
851812
853235
858251
854969
854762
856300
854252
849876
851712
853600
853521
848709
852117
855341
858000
853165
859810
854353
852890
852770
851523
859501
851575
858907
856058
854913
851069
859931
855834
857543
850919
853692
854899
855131
852452
848831
852416
856555
858703
857733
851281
855591
856770
859267
858088
852929
852185
854337
857391
856311
853597
852843
850841
860098
850931
855239
854449
851277
852683
853315
854506
850792
856584
857870
858648
854696
853360
854512
851347
852211
854548
852334
857581
857833
852815
858544
863389
858122
855708
855648
855367
851303
851811
852302
852224
862885
854550
856885
861294
861736
855903
856675
856297
852617
856657
849517
851080
849909
850496
854800
861910
857487
854972
850440
854146
856716
859356
855027
854450
848806
855530
855850
854568
857056
851780
855122
858237
857632
850816
851287
854363
854144
852801
852924
854742
853705
862396
856766
849397
855612
860415
854599
857197
854658
855541
856641
853091
856384
857932
852174
856271
852676
853570
855506
852527
857439
862005
851966
850061
854674
853873
860606
852557
848636
853230
853348
856733
854112
852246
855290
855483
853083
850556
855006
851844
851540
851909
849907
850488
854611
857899
852991
861995
851013
851358
852283
856317
856277
850550
853453
852948
851854
856157
852743
857989
852146
861434
850317
860324
860115
849855
856737
848262
851749
853996
861613
856409
861454
853141
854243
851848
860331
851550
862051
861984
850824
849655
856179
855862
854052
857220
851556
859583
853572
859180
853917
856416
857029
852511
858673
854041
851220
851302
860472
852295
851848
856620
856353
855622
851333
856878
853051
851843
852594
848394
852549
854955
857128
850719
853903
855049
854327
860353
854575
854322
855511
851680
852533
849788
856541
853767
854159
855250
854111
856231
849582
850945
853113
857857
856962
855186
858545
855813
853048
852224
852622
852868
851986
849410
853733
857061
846883
850543
853637
853854
853692
857218
860548
859336
851984
854349
855975
857091
847278
857570
861180
855843
851964
855190
852057
851700
852078
852852
856015
853067
858253
853911
853757
858078
854827
855931
852521
857942
850988
852149
853404
861330
859242
856130
847799
854089
852017
855641
856160
854992
850363
857807
851674
852360
856584
849371
855371
858293
855649
853565
850558
862150
856719
854632
854115
863030
855385
853719
855168
854480
848550
855108
855246
857506
860894
854993
858970
859600
852526
856536
857031
851161
853420
850214
855213
848810
855393
859172
855478
863335
849034
851293
853559
853250
855604
851265
849227
854020
849278
857479
858764
851621
853599
852704
852219
855146
853497
856440
855947
851260
855797
853646
857541
851652
856095
850740
852405
853612
856031
852688
856019
856629
851453
851611
855359
849898
855734
856945
852683
852770
852303
852450
859296
856731
850804
855975
853703
851287
852786
856281
860857
855059
855706
854414
856459
860534
859781
853128
857865
852582
848896
857670
857465
853464
854462
850263
852321
851908
854045
857239
848364
851453
854150
855475
855882
855466
853649
853445
851183
851982
849356
850817
853447
855490
854352
855561
851777
858772
853838
851788
856792
849337
852846
856448
852181
859725
858239
850960
856895
857296
863140
855414
854802
853683
856265
856244
853595
853443
853376
851351
856917
849830
852640
851843
852831
855783
858552
853766
852438
862109
857618
852700
850448
856558
851842
856308
861020
852478
857615
852544
856120
849785
853551
854864
855459
855697
856041
857420
857127
854601
855764
859180
849749
854323
852642
857778
855113
855871
859468
854682
852322
854629
854717
853802
853254
853274
854084
853136
853173
853993
851758
847931
849554
861098
852872
851537
856864
853577
857288
851745
852735
851409
855202
852674
855640
849627
853262
851755
853659
854196
860464
852322
855328
856793
862714
853660
857218
853309
849112
853266
859172
858505
858976
854915
854766
860395
857285
858675
858128
857389
849731
848562
849725
854769
852442
853300
853943
849175
854886
859297
857903
854031
850864
859542
849301
854749
854206
855817
855989
858976
854833
855783
859676
856495
853534
858734
851264
853080
853558
850611
853648
852581
854073
850458
854786
859623
854620
854722
854037
849767
855092
852797
850780
851170
853711
849510
857256
855654
861842
852730
851212
854033
855317
852713
852786
861161
856135
852288
856507
854759
853846
852421
852883
857658
850715
852600
859949
854850
851646
853328
857033
852371
858589
859005
855038
852905
849502
854099
861501
853780
854625
851765
858935
851905
850795
860039
853887
855956
851976
856893
852215
855078
853600
853272
852191
857385
855229
853594
858002
854136
857545
856047
853609
853954
856939
854154
859967
856056
857012
857337
853087
852202
849523
853042
850430
853374
856366
851925
859321
857216
853090
855268
847815
850136
857340
862955
857011
851931
856802
856879
865666
860066
854336
852829
853150
855644
849173
850239
849699
859046
854764
854072
855760
850285
851356
849645
849301
851878
852222
855797
850985
853589
851704
854907
855683
853330
855013
856667
855546
851935
852036
857793
855098
854049
856403
859945
855187
852287
855195
856177
853694
861136
853963
855542
854685
852710
853830
865104
857095
852962
854579
857262
851457
864438
855727
852700
857668
853407
860470
855696
856264
856285
860012
858008
855589
856052
854079
853604
851725
856525
852486
851708
859958
855803
853197
860831
852476
854272
852859
849799
856281
859255
857962
856658
853636
855419
856024
854347
853419
857922
854950
852331
856074
857414
858032
849763
862341
852509
856067
853070
857323
854660
849600
855671
856453
854785
859905
852245
854176
852080
856240
852171
856434
853294
854575
854402
858542
860432
856845
851552
856147
854451
859442
857987
853471
852209
857815
852297
854925
854882
857075
852259
854326
858670
852334
859500
856157
852321
848647
853904
850665
853550
851861
853591
852191
851994
851486
858589
854855
847258
861410
853963
848948
857293
853928
856862
856234
852149
853357
854636
852327
862644
854711
853922
857605
851308
854414
850442
854546
852275
853659
853097
853447
856880
849516
852477
852502
854441
852559
857578
854439
852412
851626
857101
854875
852586
853263
852994
852704
855888
861106
856822
860669
855791
851292
856316
857763
851696
858762
853249
849837
864141
854901
855547
854973
857822
856594
852060
852736
856830
854214
856228
858058
854249
855620
860546
857126
852659
859151
857431
856477
854699
848970
850097
852595
856653
852969
856249
852315
851714
854242
849359
861478
854008
851150
852721
852998
850505
851422
856850
851683
849175
854115
857883
854958
860653
857502
854850
853615
852924
850595
857756
855190
851782
850876
852453
850946
851844
855117
852505
855227
851572
851429
852563
851849
853655
855024
852293
850765
854572
856476
854393
854141
851212
854932
856298
851569
854494
860429
859335
853974
861434
854113
853141
858984
851933
853105
853942
852740
849320
856226
852517
855389
854929
856663
862343
852967
854846
852701
855090
855562
852751
854426
854777
852434
851996
858075
851073
857003
849332
855827
852328
853793
858926
853664
858949
853888
851626
853933
853127
853273
856169
857352
849790
853969
848871
856855
850358
857004
854691
859651
853597
852075
857685
847571
854447
858753
858749
855226
849652
852277
856834
853089
856469
860871
854713
859507
855060
856410
856273
847071
853766
853693
862993
863392
852155
861670
857443
850226
855035
858575
852085
850877
858891
850489
861163
856817
854098
855954
851681
854583
852820
860178
855845
856617
855831
851385
859407
848357
854653
857959
863094
852648
855740
855880
856466
851294
855546
858626
850809
857413
848115
851676
851359
855318
861669
853681
858864
853723
855324
857837
848074
855763
856457
856410
857280
854684
861158
852022
849843
859264
853701
854043
852300
855456
851544
858037
858916
853932
858585
851271
853515
851503
854545
861505
859789
852854
851237
857278
851277
859939
853861
858189
855279
861519
852416
855784
853553
860666
858509
857227
852711
860744
855468
856425
849199
852304
854567
854788
850797
850450
855015
851599
853234
862340
851115
856355
854582
851806
850465
853505
853465
850912
853799
852238
855059
853237
856623
853580
860317
849091
859866
856537
856044
853538
854587
854628
856712
852933
855780
853768
848060
858051
854620
858217
853777
851622
855738
856690
851424
852770
862821
855049
860556
850465
855467
856150
857177
858939
852832
855988
857051
852138
858455
853127
855639
853578
857210
857825
856411
848313
857493
853031
848628
854522
851933
855747
852601
855132
851553
853182
849745
860357
852945
855261
853035
858256
858789
850716
850090
853523
856410
857439
854392
856309
850946
856412
851077
851319
851473
854403
856942
857730
860541
855239
858472
851696
851213
855558
856640
847846
851884
859707
856175
853051
850453
853308
852617
857533
855437
858912
856893
849150
853037
856840
860298
852863
857339
853891
853120
862749
854561
847807
855444
853961
858147
854439
862528
856258
853628
849696
857018
849551
853203
852922
855715
851374
853798
857778
854225
852394
857552
849567
856831
853632
857507
856055
854473
853690
856365
854998
855155
852112
859972
857919
859696
855744
855293
858402
849616
853175
855480
852897
853646
848307
859775
856727
854920
851534
853842
862014
855854
853890
851542
857720
851978
855337
856382
856495
854276
859558
852936
856171
857891
853942
849840
856707
852768
859358
854335
853832
854289
853667
858891
860192
847928
854776
852984
854626
857275
853697
853171
853726
857117
852696
859258
855393
857560
853729
857367
856950
859752
852874
858604
853463
858122
852565
851566
856646
856582
858485
846249
855583
855098
853709
854943
859199
855751
852681
848742
852955
859062
856909
851821
859833
851418
853818
853982
852657
855243
853907
857969
853661
859921
856250
855523
857927
853392
857412
852779
859420
853383
852611
855953
852254
859949
852514
857981
857771
853232
858973
852701
852863
854601
855079
856086
856189
854513
853305
856723
848722
853637
851180
856313
855044
853487
855809
855991
859296
852893
853980
851802
853396
858297
852543
854028
857254
857551
854196
852081
848969
854702
851450
856615
851534
851767
850996
853311
855918
858436
853992
854738
854544
859919
853371
858383
848048
854032
853227
853174
850881
853318
854286
856397
851471
859758
853643
851724
858124
854997
857490
854783
855466
852553
850930
860466
859123
854231
850880
851621
856382
855178
861150
850158
854884
856396
856891
854846
850564
853480
849803
856203
858458
853265
852752
851015
856957
853775
853522
850347
850923
860672
852117
857903
853435
849438
859314
860287
857060
856876
852090
850741
854973
856365
856085
853875
857636
854075
862302
854367
849654
857451
853166
855607
849438
858199
853777
857226
852008
853082
857555
858936
854870
851732
855829
854441
856455
856003
855731
857900
859287
851799
851094
851322
855806
854157
859744
855236
855850
856143
850548
854925
855621
849984
850749
852069
850706
852409
855923
858413
853117
852719
851426
849604
854737
848257
855623
856677
859928
857389
853657
852310
846581
862449
853329
853963
853559
852808
853926
855732
853354
850331
854841
855830
850455
852629
850268
855067
855967
849600
854119
855996
854983
855212
851072
851320
859863
859076
854094
857890
860183
855321
855385
856499
862805
856858
852814
865007
853762
852758
857572
852571
848569
849965
849969
849929
853467
852902
854528
856274
849509
853531
853041
851582
858519
859904
853548
858886
856608
852126
853405
857265
857280
852965
852474
852846
854244
848300
854865
855631
862036
852526
854347
855189
856097
855235
851982
854706
853687
855458
859277
854323
858980
857634
860353
851567
855336
854273
848828
852606
857912
861540
850772
865103
858520
860670
857898
855748
853732
851987
851788
853829
858338
855544
850396
857999
861972
860010
856800
851959
855775
856317
852167
854032
860915
860363
856313
854301
859304
861332
851843
854294
850717
854155
858963
855683
855574
852863
851336
852600
853761
853205
853998
848911
852586
857762
854772
852574
853882
855499
856490
860205
854497
858045
853768
856391
852320
850521
856996
855804
855003
855780
851698
853017
851797
852087
855433
854713
850940
852398
853865
850099
852783
857702
849325
850108
852285
852348
857773
850346
854785
858976
855058
852952
858883
857126
853263
851354
850407
852159
849114
851322
854697
859403
852753
847767
856637
853426
857122
855611
854361
858575
854189
852756
852605
853094
857936
854449
853201
849828
861200
852491
853444
853765
855564
851298
854440
854711
864485
846887
849833
861205
857991
851201
855446
853996
855406
849828
855882
859826
860112
858283
860844
852526
852584
854820
857065
852362
857198
852889
857708
853055
861729
852407
849944
851715
853601
853122
859155
852633
853016
858153
851903
850487
854873
856155
852531
853557
855858
856440
848971
854340
850625
856669
853235
849949
852951
856871
851018
853897
852943
864321
851981
857669
853180
855758
853881
853163
857177
854000
855165
853263
851769
853575
856932
857140
851016
855555
856796
857802
850612
857289
852943
851514
857265
853984
856772
849609
854932
853632
860546
856972
851906
854481
850332
851617
847729
856926
850611
848741
853934
853818
852871
856969
853442
856957
853676
856496
851466
849963
857264
851120
854170
853789
859528
849464
850718
853203
850305
851688
858168
851454
852173
849253
850941
854988
857552
851904
854720
852683
852945
856296
849609
852141
851894
851670
857952
855648
854114
855022
850659
850783
854804
851101
856033
857145
853667
852813
856420
857953
858172
852949
854909
855348
854897
848450
850146
853165
860719
854250
859317
856919
855553
851905
857591
855164
855842
852750
850573
856917
853275
854750
857808
856573
858807
853919
853225
852445
858898
856769
855773
857902
856282
854101
853045
856502
854507
853112
856837
851375
851074
852417
858622
855711
856445
853680
858247
863054
857827
853120
854828
853557
856542
854003
857569
852165
853744
852665
856089
854325
852491
860496
850894
853119
848774
855473
852782
856151
856157
860225
852568
858599
851589
854456
856535
861195
850851
850779
850931
856400
854308
851458
849817
853362
851770
852088
851732
851626
851685
855249
856561
851095
854333
846554
851903
858119
854235
852004
849642
851021
851788
849875
852322
856611
854176
855333
862395
855616
854488
853541
858058
852954
851741
855686
854467
852599
857795
857559
859423
854718
855509
854586
852534
857245
851046
853457
849627
856595
854158
853057
852853
855319
849302
858732
850759
855013
854773
852223
856985
856395
858254
851317
854574
863132
857287
857379
855984
850352
851618
852197
854433
851602
850603
855116
853866
853662
851367
853439
855595
853051
858957
853702
858206
857389
856343
851494
856632
852000
862119
854545
857134
854642
861100
855898
853548
854814
858378
855654
852455
854315
850044
852393
858767
851027
852108
850705
859128
853390
858097
854183
856562
848569
855773
857603
853050
856367
851942
854471
856593
862954
851043
855975
851642
855786
858896
861524
852223
853278
854888
855938
853234
848818
852226
854521
855755
853477
851486
849969
862001
850020
851565
856232
853905
852583
856239
854067
852660
855527
856182
852720
853147
856258
860422
849551
854093
854030
854688
850219
856857
849826
859003
850941
854002
854025
851626
854827
854686
853574
856703
851164
855449
856045
850811
855482
858058
854121
856093
855306
855163
854166
856365
860276
859230
854632
853428
853728
851636
856007
855034
857643
856293
855010
859636
855156
856451
851812
852330
851021
853890
854592
853956
855830
851673
857171
849574
855235
858377
854319
848464
850112
858432
851916
857515
853135
849565
852881
854560
856105
860299
849485
860334
855809
859609
851652
852716
851923
851876
853838
854243
850819
855282
854605
851002
853071
852514
851932
856896
853571
858522
853773
851652
849706
849527
851546
857931
854045
856152
851740
854583
852350
851422
854954
853887
858612
849597
850741
852544
854228
854438
858506
859379
857984
854743
853150
849471
858300
853420
856690
852939
855338
850927
853075
852111
853689
855981
850136
853556
854093
850691
857744
858052
851808
853893
859623
851783
853864
858326
854166
858170
856473
854712
855643
858977
859292
855103
847845
858736
850732
854520
853430
855876
854715
853807
856469
852516
858209
859736
857145
858764
854003
852833
852243
854420
855835
853457
852104
856912
856415
855096
857993
852890
851622
849053
859004
853092
849083
854329
849535
851234
853385
852470
856967
857569
852121
853842
852408
855802
857477
854198
849941
850328
851296
853008
854741
853197
849321
852878
851936
856555
852448
858735
854199
854631
855255
854007
853366
858574
860795
855213
858569
856376
856219
850289
861717
849880
867557
847913
850180
856135
856459
857962
853587
851533
857264
853616
852170
854961
853753
860392
850915
854762
862887
856646
859608
854378
851610
852980
854735
857418
859790
850789
855637
856460
854155
852502
861540
856700
854913
856102
859948
857504
854005
854355
858328
851107
861823
853792
849548
855379
856631
856509
853025
854305
851948
853072
854056
855292
854822
850564
857663
849210
854226
852849
851153
855501
851104
853705
858130
850906
857622
853425
853805
859760
853122
855851
850399
854190
853906
853437
862909
850151
851543
853098
863140
854096
856083
854889
848442
854849
852689
850077
854340
850361
849337
858219
857807
854857
856974
853144
858820
858028
851224
857692
858713
852455
853402
853126
856299
854505
850791
857819
856813
857062
854122
855723
858229
852290
855034
853184
857122
853903
854683
852977
858350
850205
856428
850563
851720
854885
854591
852922
853745
853745
857834
854039
855997
853300
852135
848422
858737
854644
856203
858187
854911
853972
853399
854340
852362
854302
854862
850068
849215
853866
850808
851128
857871
857652
861177
854318
860093
848115
851490
855180
849847
855773
851988
854106
855711
855453
855696
856527
856351
854118
855800
857562
852459
854072
851119
855281
855413
853537
849559
859159
853049
857778
857330
856988
856382
857047
858710
858534
858421
851429
853322
856076
854105
855579
856990
854811
852363
857243
858368
857220
854710
858694
852242
855562
855618
854961
851803
857137
851976
857094
857187
852877
851531
857086
858596
861000
854867
848565
859835
852850
851026
855636
852995
858964
852434
852638
853340
849363
860771
862393
853122
856453
857529
851010
858325
852903
853576
851476
850993
858236
851363
858712
854834
856589
854308
847348
852885
852157
856037
853805
853686
850092
853438
857660
855369
856740
851122
855306
852610
851460
855484
854212
854699
852715
849332
859228
852782
852297
856714
855706
863525
851997
847551
853659
854085
855144
856836
853182
848788
848881
851623
856111
853555
855162
851023
848902
855436
850616
855720
853616
850804
854241
850360
857921
849089
853025
855422
852078
852353
852065
849695
860100
852695
855676
849378
853313
852526
855755
856507
853548
855497
856282
857242
856494
852293
850440
859604
851800
855742
853381
854871
850723
855157
850214
851588
857968
861737
850627
851453
854419
851823
856094
855605
856480
854096
854773
856655
856922
853221
852037
857907
857385
853148
853898
854100
859324
855268
856358
852681
850870
853217
854534
853300
853508
857779
863033
853769
858118
852497
855914
849780
854787
855122
854397
854694
849446
854606
857311
850693
852398
848833
848751
855788
856717
856078
852589
858562
851139
855423
860621
848760
858271
855981
858236
849254
860007
858728
859368
851951
853219
855368
853802
855718
851088
849855
853076
852689
854077
857319
858774
855974
855527
849613
853037
850520
850228
855196
853795
856692
854831
856576
853952
850884
852380
852065
857239
853069
852819
853270
859572
855490
850952
853012
857881
853266
855165
855119
856950
851586
861099
854135
855871
856558
852828
854523
859149
854311
853459
854086
855710
855637
854933
853761
859331
850310
853909
853292
853231
855577
853757
853103
852277
853911
853240
855427
851353
855273
858193
854748
857563
854138
855170
855473
858586
853658
856804
852719
855583
855272
850656
855794
855499
855881
854430
852337
849809
849020
849762
858646
851117
855475
853109
846062
857854
847781
856251
850368
853082
852583
854166
856550
853209
853492
854956
853953
858615
851542
855644
852439
858364
850338
855960
859771
853631
851942
851657
850672
852516
856846
852710
852801
852537
852633
853996
855286
861487
852069
857054
856180
853566
851774
851946
855995
854096
858039
860274
852521
853076
854184
859000
854262
851865
857712
856808
855407
854896
855799
848765
855073
851750
854416
858002
852636
860534
851125
855874
858098
856486
855310
855564
851152
851193
850593
851143
854098
853452
855500
857061
850264
858401
857429
860972
852673
852363
851843
849842
858202
857523
858289
854765
851663
851907
860463
855559
853771
853009
854219
856857
858717
853279
855427
856058
853703
849639
849783
854419
859264
855764
856281
850102
860429
860982
855723
853313
856765
855733
856772
852427
847830
854780
853931
854617
848501
857885
854905
855736
851963
852248
850667
852026
860659
853949
852235
850581
855547
852959
853052
855748
858740
856006
851802
851989
856945
855602
855267
851561
851753
850887
856000
852837
853436
855677
854816
854712
852609
856493
858712
852316
850868
853282
857063
853574
852945
849867
857364
857427
856071
861189
850046
851818
851771
856927
856417
851228
856395
853320
854979
853918
857386
850923
858043
851478
853041
851853
854562
852604
855877
848353
855420
860381
857102
854702
854328
853762
851743
852732
856988
851309
855437
852519
855664
855356
860230
858746
855018
852760
849151
853406
859091
850155
857879
857350
854952
852511
852571
857103
858035
858942
856266
853685
852428
851400
854545
855704
847681
854576
855489
852989
854360
854540
855252
854124
855343
854324
854068
860569
845840
853115
857855
852314
858388
858860
854416
850908
853918
850068
852124
850210
853033
850981
851792
854943
853278
854535
854744
854295
853852
855046
854894
848895
854376
854916
854672
851626
857718
854961
854085
858107
852276
852250
854012
859648
849624
856980
854212
856528
852760
856039
852921
857601
856147
851922
854019
850681
849944
852798
855406
854057
853496
852364
852467
855874
853119
855942
852078
853399
845927
857638
853519
858611
852268
853932
858724
847381
862934
850801
853722
850882
856208
855179
853134
861267
852548
856313
849312
854816
860372
853692
848216
850915
853493
850761
854458
851572
851637
847621
856643
855262
852462
862028
853577
852274
853765
856557
847508
856901
851301
852575
853308
857066
852795
851230
850911
854754
862663
858203
851158
861165
857573
857348
854959
853978
851807
859034
855141
856291
856586
853385
852780
852166
851930
856808
856007
853968
860315
855199
856785
852899
850003
848408
853853
858052
856685
855459
857299
853814
856126
854883
859040
852138
853364
852214
852571
851114
857476
855353
855319
855294
856855
855464
853575
851653
850630
853836
848346
854965
860813
856090
857630
851230
856874
852328
852291
861546
855701
855816
855941
854076
849072
851676
854120
852448
856325
850360
851064
853170
856127
855591
853297
853421
851117
855345
852918
853110
853924
852829
857289
850502
857576
854809
856385
862197
855935
854035
852295
857842
853573
851079
856105
853299
851518
853980
855704
851664
853281
854765
855159
853258
853729
855647
848863
859888
854341
847320
851483
854165
856297
859727
851837
856671
852559
856524
851651
848876
858497
850956
855674
856608
852010
856406
855372
850708
852643
852043
856396
857868
851521
846968
852703
852249
854805
851706
851984
860734
864575
854006
860342
858366
857481
855543
852513
857958
848154
851787
850744
853072
856661
850763
855634
854051
853449
850975
857254
858577
853483
854310
860653
851874
852711
851953
849432
858855
851459
849025
852530
854294
856567
856997
855187
852265
860650
849030
857746
862352
856601
857385
855042
856280
861217
853357
856541
854460
849451
856750
860541
854443
854471
857389
854263
852969
857361
854805
849799
851414
852531
852356
852310
848533
855388
852823
858565
850412
854229
855561
850006
855576
853221
856237
855283
851272
855885
854890
852625
851469
856276
852933
854693
857201
850229
858673
855151
849396
853361
855844
858907
850707
854077
853570
852381
861011
856540
851669
853513
859733
852006
855617
851263
855454
858247
855843
848864
859088
856534
860271
850729
853313
853424
853746
859724
856582
862622
856180
851724
858649
851673
852756
855259
855317
850715
852093
858376
858797
855421
852380
853747
858904
860894
854998
856089
853622
853366
857264
857340
849351
852232
851079
856350
852534
855577
854954
858149
854559
853336
851624
855871
849598
852743
856846
851275
850794
853029
854603
848929
857647
853145
856108
861112
851774
855126
858762
856869
854624
854956
857241
854840
856642
856323
852190
856049
853507
855427
862084
849652
851506
857393
855403
857095
850426
855461
855036
858689
849119
853520
854843
850906
854105
854023
850360
854819
857052
854206
858832
855763
855271
851988
856094
852932
867019
851732
849869
855167
860609
851745
855151
855517
856938
858162
855340
855422
853954
856922
851035
855003
856308
858613
860369
851546
854941
853496
854356
849886
854713
855645
854468
856419
856548
853784
857833
858429
856113
854125
858965
854554
859322
854941
852286
854246
857046
850618
850969
852487
855249
854267
855389
857742
857783
860074
850931
859058
853122
849930
854735
851971
854290
856418
859977
855585
850531
849962
861097
852521
850994
852336
853065
858601
856139
853157
850755
852929
859941
860248
853664
850698
857451
853168
850314
852064
861087
850139
857864
849601
854310
856299
853051
851556
851771
851258
859462
853406
861097
859390
851894
857333
849336
850423
853679
855273
857099
852432
858713
851248
857510
855897
851759
855485
859594
854089
857781
858859
853040
857603
853491
855843
854387
852719
856096
849985
853393
852629
854787
852129
856154
849430
851300
854019
855622
855231
852347
858596
852597
851931
853327
858340
856611
853509
857399
851896
854559
854230
855880
851436
850152
852475
852297
855580
855270
861528
855868
853329
851727
854133
851131
850317
854210
861737
853468
852110
854907
854752
852350
849959
853644
855823
855739
853920
852657
854129
853171
857499
856179
855851
854144
856429
858575
857554
853628
851687
857064
855418
855856
845739
855195
853664
854118
853224
847322
852558
860113
856564
858109
856754
856209
855131
853239
852412
856979
858493
852642
861850
855353
854759
855481
857554
851481
857736
855956
850709
857358
855869
853545
855510
857119
851102
856569
859081
858527
858516
852177
855698
858979
859721
854235
852008
853685
853910
852068
857511
858546
857221
853299
852661
853118
858457
847301
857406
852147
855361
853043
852454
855116
851820
851842
855966
856831
857575
857174
857223
853969
848840
859865
858368
863106
858637
851332
859428
860110
859324
852162
849908
851019
854860
857934
851486
857343
856607
856562
851018
853622
853564
853772
853262
850229
855780
853778
856394
857762
857057
854713
859407
858733
849020
856338
858890
854492
855841
849952
853771
852185
853934
857048
853731
854300
852306
853008
859354
856910
856865
852687
852756
854653
853710
858526
853728
853703
850241
852480
856785
851902
855012
849657
851390
853002
853958
851464
855896
855314
851200
852453
849381
853099
854322
859773
854952
857279
851769
856238
854994
853719
850651
852614
858707
853003
853004
855208
856154
855215
857896
857338
854722
857775
860288
860910
857478
853766
857162
855300
857630
852115
856236
853058
853262
850073
856973
854152
859243
853875
854469
855193
854721
853851
848779
850529
856458
863703
853007
852068
854143
857878
855195
858570
850771
850420
853793
855141
852013
853051
857599
856436
853910
856188
854954
855129
851161
855587
848830
856163
854047
856237
851895
854903
854914
855815
852088
854718
849428
849790
855297
853995
850830
850640
858521
851041
855126
858020
858759
853804
858409
857536
856296
852353
847656
851990
856122
856344
852003
854340
858875
853527
852504
856347
854611
850900
857020
856039
851948
851734
860753
853358
853202
852572
848517
861434
854695
858465
853220
856376
851402
858702
855016
858408
854339
857951
851179
859894
856020
849595
850185
854069
849659
854185
853292
855321
852115
850013
856038
849263
856306
857181
852840
860266
857455
853943
856285
860418
859892
849442
856793
854693
852107
860256
853164
856810
858343
858856
852527
852587
853558
861411
856144
856826
856750
855999
851076
855426
854760
856971
853443
857422
858596
851781
851269
852861
852490
855880
850416
855787
851851
852128
861072
860578
857600
859510
851600
856418
855016
856003
857998
853642
852387
859829
855542
853875
857786
854808
854275
858781
851461
852233
857254
853852
859115
856342
853448
850648
858174
854552
851465
859890
860445
856215
859944
853916
856418
853499
849599
855184
847734
855440
849524
856897
852900
857191
851562
850214
856556
855899
856976
849099
848813
859912
854971
853308
851626
849628
851294
849329
853226
856684
859112
857136
858397
856943
856455
855331
852833
856084
853912
851933
852158
853662
854525
854762
852862
855338
852005
853425
854157
851751
854986
853331
860498
851599
851874
854660
854054
854423
852841
857971
858177
851276
856155
849324
855692
861186
855688
846261
860509
860713
851077
853722
856506
854506
854178
856910
852418
857022
856268
852389
852372
850534
856623
851245
854012
854045
856047
858073
863143
855366
858994
853374
855769
853890
860224
856014
848109
859094
853554
854352
852081
857581
853214
852442
851096
854017
856248
851758
859871
854157
855056
856851
852406
855842
853531
851962
853670
860315
849994
862086
854738
856205
851131
855413
855121
848448
856871
852611
855652
853300
857734
851153
853842
850423
852876
852889
851165
853594
854037
851390
857859
856199
855827
854574
849869
853230
855765
851909
855639
856044
854124
855736
853847
851518
851251
857429
855030
860013
854446
853405
854374
852766
851841
858655
855333
852408
855046
854378
855157
852720
850735
849114
852818
849084
854928
854932
856358
856660
850889
851431
853057
848401
862265
852226
853102
851174
852886
852946
858175
858745
857096
856184
856346
856348
854339
860796
852115
852956
855261
851832
857464
854908
851505
851801
858277
860950
853593
857584
858818
850199
852757
856599
856166
855086
852036
851030
858809
852620
856423
854638
857218
854267
853479
857581
852531
853227
856234
852325
853204
856964
855723
848917
855334
860432
857924
855475
859934
858810
857096
852788
855569
854252
852968
855502
857849
849846
853896
847504
856761
853072
855829
855649
854675
854157
852203
855835
855414
857589
854811
855737
856825
851275
857750
859382
852317
854770
856101
858309
857950
849383
853809
847956
855258
858466
856098
853148
851519
856478
856337
859307
858786
849609
855619
857731
852486
854098
859503
856345
858222
858371
853775
861158
858134
854189
858284
852245
852328
854453
849519
856641
851116
854031
860695
848837
852768
854074
855020
861235
855160
854205
858391
852924
857725
854277
857740
851921
858689
854218
853747
850183
862582
853665
859415
856415
851768
851375
850542
858245
853816
856184
855279
851247
854402
855831
855241
850242
846761
853562
853846
845931
858073
852137
849144
855953
855737
859589
852584
849711
850367
855185
857409
855198
853568
858676
852040
853626
852186
858218
849343
855504
853280
855573
850886
851165
854285
852819
857486
852061
856700
854474
857601
856502
849730
857358
858335
853991
851621
854227
852775
855576
855462
857700
856543
861415
848355
853035
856828
855049
852046
851749
854144
846987
853812
852413
853998
853367
858393
857037
849455
855594
854614
852216
851700
865273
852665
861982
851138
853858
856277
858225
850579
861991
849792
857213
856082
854218
861403
853591
853019
853456
858186
856081
854090
855225
857313
854935
856188
859644
851032
856081
852753
850340
856452
858153
860555
858518
849855
852276
856771
851966
854525
852778
859434
858467
853284
858483
857042
852083
855164
850604
854492
852320
856643
849152
853831
855272
856955
849169
853960
854554
853054
848646
856623
857799
848623
854104
858577
853805
857010
853137
853508
856870
853434
854828
858225
853045
852131
855076
852153
854359
851733
855703
853885
858953
851837
851041
860154
855019
858147
849883
861279
850858
848237
852351
849955
851684
847248
854976
853458
852290
854346
856891
856814
856229
853633
856653
848934
851379
853821
849111
852329
854777
860226
858635
855882
855821
858217
855921
850791
850735
852856
850979
853078
851672
855833
853909
851709
852683
850865
859753
856090
854956
849623
855692
860011
850610
853764
855487
857093
858987
851333
855098
854013
855992
857272
857188
851610
855733
855965
854296
855811
857345
854929
851121
851063
858542
853547
852477
856340
851770
852298
853227
851058
855236
849603
857968
860161
847222
856240
857301
856871
856795
858837
853470
858010
858760
856937
851312
853765
849730
856216
853558
847010
853236
852999
852300
853396
854166
852804
855237
853888
856013
851213
857979
852728
857736
853438
856976
860581
852815
851826
853110
858133
856944
855741
854718
851296
860399
855941
853209
853856
861752
855842
854814
855050
855499
853303
853261
852627
855130
859012
851573
855120
850487
853661
848975
860261
854891
857918
851338
856059
851870
855162
851559
862781
852754
856843
859132
855498
849336
856162
858225
854060
857695
854343
851009
856494
848726
854082
855424
849524
854992
847574
854849
853741
857983
853591
851626
849891
855710
856154
853722
854023
854446
856814
861029
853065
854480
854527
853356
851379
852235
852413
856264
854277
857851
859154
852114
849841
858930
853290
851383
855487
856329
854951
859870
853256
853525
854205
849946
850829
854904
857708
853769
855181
852013
852108
859900
853178
853774
855777
852470
852938
852365
852040
858948
855548
856235
854179
856804
858486
857055
851787
851818
852562
856023
857010
853149
850965
850491
853985
851731
853269
855307
853377
857394
855146
863330
855403
856267
852136
856874
857891
854535
856269
846483
850832
852569
853150
857100
854464
853124
851936
861971
849098
857479
855742
857130
853460
854500
858535
854560
853613
850394
855531
855268
852051
856811
851841
851728
857752
852068
852819
849152
860673
855269
849185
853130
851527
858383
854170
857359
854631
853234
853532
848684
853142
855083
855116
855441
860203
853245
849997
852377
859775
856283
851469
851481
852701
857329
857702
852597
850535
854587
859470
853355
852915
856118
861241
861493
852048
850637
849868
859882
855225
851247
857062
858674
854358
854397
849018
852467
854375
855151
854333
853291
856445
854380
856059
850139
852179
856379
854435
854665
856059
858749
855991
859795
854028
858834
855534
852209
848497
852363
851811
855202
853316
854970
853371
852948
853562
855030
850788
854568
854299
855933
856572
854670
858731
860886
855542
857115
856607
854221
850617
853823
853741
855234
851128
850859
853885
855803
855662
855249
853959
857727
848681
853939
853902
854707
854383
853329
856771
856792
857894
860421
850096
856407
850972
853263
858506
851717
854530
853937
856330
849069
857538
854000
860792
852689
851606
854078
850278
855025
855971
848446
853011
850522
855856
852693
850905
853099
854138
853573
856035
851366
856662
853520
852728
852525
860520
849999
858197
854357
856025
855851
857849
852899
854920
852847
859667
856819
853615
854094
856734
858758
852562
854861
851571
849210
850476
857319
854159
852880
854603
858407
852576
856184
853258
855489
849113
855124
851358
850853
861172
851344
853943
855088
854190
859477
860784
858868
848370
850311
859768
855053
852597
855290
855621
849535
853858
855066
856868
859702
851888
857051
852274
853454
854869
855461
852356
854789
853790
858534
857340
847944
852296
857630
854436
859067
851870
857280
856773
856738
850628
854178
851494
856407
855121
850146
857652
854901
860198
856041
857957
850927
854102
857715
853937
855355
855010
857813
855613
851438
858358
855275
854858
856842
853547
857607
855352
850126
859928
854752
853633
852818
852046
851591
857212
855104
855360
856310
855643
865145
854522
861976
855262
854970
856695
855745
850179
857314
854119
854256
856103
858276
852157
848469
853900
852767
853499
856305
852690
851500
853468
854292
855830
855583
856650
853288
851774
850762
853218
848699
851943
851415
852332
860183
855320
853243
853522
853509
853625
853022
857644
863317
853505
855862
856862
856041
856628
848730
851060
855438
852990
852022
853333
857624
847952
856961
853786
855222
855200
853062
855085
853241
855476
853671
849574
851880
853830
855145
851962
855916
852732
852978
854374
848732
862845
854737
854057
856382
857029
851523
853496
853919
856668
850120
852944
868313
858000
848691
853092
855679
853643
854916
856758
854291
853772
849705
852788
851830
853878
846875
852501
855532
855540
852431
851252
854019
853795
850183
854482
851362
850940
852206
849649
851381
860301
856276
855692
852297
857541
854906
850486
851483
852140
855260
857793
849312
857977
848364
853982
853785
855181
857946
854626
854977
860403
853572
853650
853211
855775
851914
854698
854827
854027
855851
854418
850191
850088
852143
857738
851463
857313
861710
854750
854766
855638
855997
854100
850731
857640
856726
849964
853143
852878
853441
852454
855684
860206
853058
851787
855815
853164
848809
853705
852203
855989
855957
859896
852684
857614
859869
852269
852232
852553
852949
857242
859257
855609
851439
850642
855907
854723
851764
851330
856364
851174
850248
859197
856969
848828
853024
849916
854384
852976
853757
861649
848354
852859
852064
854646
852637
852495
853737
853481
852346
853110
854126
850005
862282
852957
858394
855817
859816
857766
854544
858557
853394
854712
853666
851059
850273
854377
851855
854458
854844
853314
849414
854892
852325
854048
853812
854076
856001
853618
853330
854099
849839
861047
854135
855965
854268
851270
856148
850564
857731
857531
850907
859243
850295
853379
856051
853001
854522
858942
849773
849804
853115
852516
855073
852982
855065
857574
847468
850902
855892
857785
860970
858563
860121
853291
849848
852682
857613
850257
855591
850567
859103
851883
857263
851855
854980
853494
851646
853242
852741
854476
859872
851941
854199
851038
852229
853726
857054
850003
853956
856107
857671
852432
856072
853865
851831
850576
858637
859022
849625
855741
852192
852632
852666
855157
852149
853043
849964
857466
848493
850308
853887
853713
854237
852633
859550
860933
848570
850634
850627
849487
853756
854000
861067
856524
858833
856838
854392
857393
851607
855966
852263
850174
855185
851195
855295
851834
856077
859430
857434
850793
855711
852972
859255
848885
856806
855586
853330
851937
857823
861162
855964
853294
855714
850414
850434
852354
852998
857934
856749
849841
856235
851700
853521
856167
861972
852023
851051
851462
853288
849710
855064
857379
853353
853865
851057
850055
856173
850592
855844
850007
853701
852793
855998
854502
863036
856049
852243
853714
853287
857815
854063
855757
852297
857277
851557
854713
858307
855638
855923
859421
848171
853672
846761
853751
849415
856258
855756
858084
858066
852534
856244
853281
855011
853312
854865
854697
854548
855281
859374
851049
853478
855481
854103
860026
851804
856402
853642
857478
853567
855957
855279
858652
854550
858080
853659
851658
850777
857083
852871
857367
850902
857736
852193
854890
852781
854123
860750
853523
855690
849540
849671
852892
856139
850381
851224
857432
853607
856781
852649
858113
857786
851977
854569
852903
848820
855107
852965
859430
854747
856563
856227
853065
858281
855137
853333
855209
858317
855375
859436
854065
853022
854773
856224
851121
853881
860766
847973
856182
850055
853624
851113
857929
854544
851930
860319
853054
857750
859733
850318
856283
850952
851286
856022
853801
859498
852615
854613
856541
852047
851911
858152
858375
857636
852548
855642
861030
855948
854620
853604
850467
853974
857257
853532
850826
853281
854665
855395
856892
855194
852116
855301
858240
857224
857204
852101
853795
853610
849337
855161
852784
857338
853962
855170
854945
851732
853265
852245
851245
852334
847050
855964
850308
853391
853928
857046
857749
850106
857802
849321
853430
852920
856008
854635
853152
856360
853502
855291
853818
856566
860356
853935
860370
852643
851808
856790
853673
851442
854015
857755
851364
858823
852524
858127
848953
858346
851362
856603
860576
852898
858851
852710
858567
856155
849481
853011
857765
855949
852996
852595
854268
856747
852046
850361
852721
851934
855003
853369
854826
854268
851615
856997
854708
852756
856421
853529
854988
857206
850352
852937
852237
855077
856901
849597
856891
855430
853078
851025
857600
858077
849825
852018
854515
850671
854270
854037
854494
859065
854240
855507
849376
855135
856707
855976
855233
849338
853362
859945
856669
856676
858431
854996
853930
855203
856984
855234
853598
857699
851664
852529
858219
856345
856601
854896
853819
851603
855808
857968
856841
856696
853486
855002
854758
856616
851768
853906
852855
850532
853676
853784
857640
856658
850213
850092
854259
855697
852372
850981
849886
848199
856279
852403
853278
855547
858726
855329
852571
853179
853503
855642
853721
855410
849742
861534
853607
852018
851307
853304
852617
855361
850267
853236
853715
856609
855170
857367
853071
852990
855960
865431
852207
858511
856924
854751
864802
853403
855550
858599
854098
855467
856165
853030
852915
853386
852684
849059
856831
852640
860324
858249
856017
850894
853663
859712
853926
856887
856240
852620
852656
855531
853837
852275
853501
856794
859409
857245
852310
858281
850782
852813
854648
855978
852597
857236
858572
855206
853799
850906
856073
854586
856302
856826
852415
853172
860668
859824
853753
864872
856741
856112
850923
855662
852643
850442
853085
857119
857063
854689
855817
852992
852399
854917
854373
858981
856269
851522
858310
857266
856400
855162
858505
848307
853171
850329
855438
848909
851149
853561
852198
860085
852641
856839
860152
848483
853130
857246
853379
854950
855688
857234
852207
852901
856957
853445
854685
853564
857070
850772
854198
855972
850183
853339
861277
850135
857964
853612
851492
857210
852094
856874
857166
854904
852559
852296
853287
849931
854362
859202
855124
858787
853545
852974
854361
858103
857613
856392
855320
858237
853634
855955
852586
852531
861358
850456
857141
856001
854477
857738
855670
858276
851964
853431
853607
851748
856249
852124
857533
854863
849642
854159
849746
852248
853231
849210
854431
859353
852196
853241
856306
848656
855295
860762
852614
849506
851149
863203
850757
856051
860675
851454
853130
856112
851845
856273
851878
856703
856086
855535
859088
850402
856343
855615
851845
853226
852954
856398
853023
858372
849709
856483
852879
854214
853711
852197
854371
857278
850835
850821
852642
858288
851115
861557
854763
854230
850082
854297
856849
854305
848137
853085
848231
856795
850880
854220
848290
853242
849435
852083
852605
851441
850343
858460
855487
855116
851937
856699
851363
854670
857422
853582
857193
851729
855028
854300
850809
853432
856132
854919
856262
857507
853856
854958
858340
855883
851180
856292
853707
857406
853500
851625
857944
854674
851209
854806
853839
858986
854118
849291
851975
856436
855874
851515
854275
853499
858319
852347
849180
857304
849577
855631
853305
855076
854778
853843
853755
853892
860357
853188
852411
851210
853814
852413
858391
850244
854564
854865
853355
850073
860256
855174
857706
855660
855158
858219
853789
857274
851616
854759
852960
853889
854722
858230
853844
854537
853049
855369
861260
851707
856975
856519
850552
852242
856518
857606
857117
858526
853628
855399
853201
849651
856667
857346
855911
855009
856512
852396
850338
854607
856476
857083
858569
848751
859322
855482
858922
856433
853449
852932
855927
856835
858047
860873
853726
853711
853876
853689
847083
858319
853528
851690
849217
851454
853752
854130
849495
853904
851647
851102
855448
863264
855950
853010
851566
852135
857769
856966
862952
853520
854582
854984
851553
854905
854184
854916
856660
852547
851909
863731
855873
850410
851358
852669
858323
855297
857625
858093
854701
859028
857080
852994
852947
854253
852441
855837
855641
857958
854715
852856
851625
847633
853353
859661
857176
859900
852561
859456
853551
855379
854701
859057
855054
856686
858567
856841
851977
857464
855742
857898
853764
855544
855047
856162
854941
853942
855915
851800
854597
856469
856963
852365
851633
855232
852632
853208
853744
852774
851401
852187
853820
856232
856858
855523
852596
851532
852494
853605
854787
857446
856884
857125
857367
853746
854986
851564
854600
854121
851954
855968
852897
857332
852863
858124
858074
852026
856761
857651
854227
850061
857229
851852
860457
854805
863611
852095
850394
860149
851350
856244
857257
858184
854109
850984
855152
851546
854304
855507
854428
851650
862223
851071
854456
856338
856560
849076
849178
856636
854821
854010
856116
850766
856046
851333
850659
850595
853004
854031
851385
854959
855716
852080
850905
859394
853026
855089
858394
850416
852248
855641
851429
856190
848578
853381
852110
859340
860194
850579
854437
858088
850264
851332
850896
856308
857970
852991
855051
850255
852371
855321
855405
861515
847795
852728
853214
856536
854622
854276
855828
852487
854575
846558
855322
855674
855252
853364
852753
855968
851921
848242
853634
852013
852143
853711
853806
852795
854894
852844
857396
858434
854079
855463
851580
855575
852305
857566
853489
855069
862696
855068
853018
855590
852301
851189
852131
856686
856620
850658
855740
854543
853416
858762
854353
849607
860804
856323
854425
854888
859647
856570
850413
852839
857408
856137
854758
854947
851610
852932
852670
854576
858571
854516
855489
864401
854638
855907
854372
857895
862118
857636
857082
854091
857753
856053
855065
855174
855120
855631
847900
858411
854133
850823
850599
857725
851014
849751
855892
854836
855809
855263
848403
855526
854425
859416
856376
855408
856881
856362
854548
848878
853966
853302
852747
856510
851062
854923
858044
856953
851549
854617
854218
858678
852533
856856
859087
853120
858324
855533
853206
858275
854505
851194
853656
853666
861584
858669
856827
857323
847941
854930
854750
857300
849962
856215
856430
850743
853280
852296
856458
850185
855311
860701
857960
862755
851885
854400
849980
853212
852993
852382
855180
852346
856580
851278
853360
854246
853853
849984
853360
849908
852209
862281
853984
855844
857370
858685
851864
852016
860506
855759
858123
856374
856037
850796
855973
855617
851754
856138
854567
852170
849607
852503
852175
856076
852128
855020
852679
853524
856574
855581
851345
855447
858439
854472
856299
855274
853820
855752
851453
854119
854024
858802
849140
855548
847667
849992
853503
857304
855881
854000
857482
851874
858423
849563
858268
851106
854614
852349
853628
852690
855738
856887
852595
853953
851631
852353
858210
853985
853775
851961
854903
849403
853972
853055
852881
851698
857423
854369
856452
855978
858303
852088
852028
856517
849942
856016
855855
856820
854611
853110
852409
854445
851971
854577
849410
854819
860335
847539
853195
851078
855608
855939
857707
849812
851967
853201
852550
852078
853859
851112
854615
852241
856603
854687
853627
858362
855167
853386
854892
856672
853057
850966
856393
857462
850970
848218
852832
852571
857332
858561
855033
856015
855859
856514
857680
855753
852941
852418
854704
854233
859605
858402
861239
856999
852073
851739
856782
850417
853647
857937
860413
853518
858604
851648
852314
857701
855020
848946
854892
855196
853530
847813
854869
851186
849569
856617
852370
851711
854693
861717
849440
859285
851606
855555
858486
851620
853000
861945
856867
856488
858078
860663
851148
849537
852005
849655
853855
850132
854376
861241
859341
849195
853661
854039
852413
852348
852659
859685
856349
851402
850902
852717
854568
851122
854104
857626
856115
853353
854355
853468
860605
854770
861439
852236
853102
854943
852469
851767
860304
858760
856965
855473
857581
856364
854746
852707
854477
859404
851480
853019
853522
854750
858107
850555
856048
855400
854264
855211
854364
855275
853372
857228
853726
853759
859581
860221
850259
853130
853423
855550
852439
855078
855576
854304
855388
852575
852883
853601
849856
856878
858078
859759
851506
853362
854415
854257
855098
847775
866278
855289
856194
855963
851561
855164
855709
849449
851203
851616
853694
862938
855123
855002
850163
858516
862514
857558
852123
856870
861826
855669
852428
860289
854754
860251
855592
852828
856291
855657
857094
853604
851271
850867
854086
851848
856513
848288
855145
855697
855472
853126
853623
848340
862352
856030
860451
852416
853701
855660
862645
857081
856186
859932
855058
854771
852842
855430
851135
853953
855336
859673
853454
850642
857007
856458
852382
854434
854205
852003
856514
856696
853802
853798
857939
854671
857239
850781
857753
852255
856593
855490
848625
856950
851439
858751
849003
856802
855272
852105
855755
849891
856740
850691
852870
851900
856377
853029
862794
859900
851164
853454
856374
858231
853421
852192
852563
851969
851752
855390
849239
852408
855538
851494
852944
854229
854266
858634
858070
846910
854342
857003
857908
853331
854632
851663
854586
854831
852275
853108
854371
854635
861180
854016
856459
860025
849583
860464
858307
851400
855349
851300
853041
852143
850587
853340
851608
852972
857159
855523
854014
851440
852746
853753
857088
849721
848751
856076
853395
856651
854779
852117
855213
849993
854399
858642
850426
851988
856847
853016
856826
858391
856357
849676
853181
854190
854288
853959
849750
858016
852387
849575
855512
854852
855474
852426
856327
860771
854266
852561
861515
861925
852389
852558
853291
852819
862432
854754
850195
856455
848022
858294
855097
850419
851194
855963
849465
857058
854888
852815
862395
859526
857650
853198
852257
855645
851176
856197
856955
853812
857354
858357
855134
851825
852453
859286
854130
848820
856654
856107
859706
853732
851993
853092
857606
852147
856083
850689
852110
849849
856152
854111
852676
859446
853821
862637
854886
857152
854994
853141
851330
853441
854988
855189
857288
855063
853376
856341
858243
857743
853328
852510
859296
852017
858422
848089
856712
854186
853701
853597
857065
852707
857800
852815
856409
853565
859652
852486
857917
853653
857537
848446
853584
854554
851997
848798
853071
854540
855338
852030
858203
844706
854785
854856
849482
856377
855191
856375
855636
855260
852375
849900
851625
851971
854796
856116
858381
855429
852471
854645
856634
852281
852620
854010
854267
850226
853645
850961
856076
855598
856294
858382
861530
854120
852522
856035
851455
851994
848514
853213
855588
853713
856327
854853
855639
850959
853655
852757
854105
854094
852815
860300
852506
853283
854714
856394
851428
854545
857674
855905
850804
858641
856204
850813
856775
860051
855065
852883
853025
851710
859175
858331
853473
854630
853521
850309
846495
854972
851778
855735
853283
855377
848657
851953
858468
851748
853197
851554
855820
851242
854835
851540
850341
853411
857349
852397
854095
849626
852627
859436
855639
856774
854371
853623
859370
854141
851466
854390
858876
855179
857764
857725
856603
857327
852427
853551
855269
855719
855906
853443
854478
858708
847986
853361
851787
852177
854883
850310
853024
851814
858171
848375
859750
855321
855891
851480
851116
850141
853240
851317
855982
854569
862068
855737
855526
853484
852748
858578
853288
860217
865640
855639
853511
847232
859136
857640
857449
852057
858685
855051
856212
854287
854403
853664
853485
856257
848998
855439
851886
856915
856659
853185
854529
860345
855151
855465
854193
855875
856197
854495
855839
852287
856384
852915
853980
848878
862001
855622
855245
850671
859684
858463
858270
854024
853823
853483
853056
852893
855557
857946
856793
857555
858763
854700
862633
853358
850905
856476
852693
857120
853529
862597
850471
853544
857186
848310
860262
850328
854001
849564
856885
858729
857752
855856
850720
851992
854489
853527
853252
852446
852596
853660
856757
860454
852523
856700
857506
861470
857625
856305
853007
854784
852307
852324
852117
852520
858916
854413
854289
861549
849305
856923
859645
854362
856839
854409
857248
863381
854562
853552
854797
858315
856839
856239
854362
855974
855782
857275
854985
853804
853770
851766
851550
850056
853630
851477
861737
852980
852911
858559
850229
857557
857342
858223
853431
854597
855012
855108
852001
857125
854466
859061
855632
856704
854165
853766
853134
854292
855905
857328
860679
854889
855653
856736
854872
853046
858715
851244
850092
855971
856447
852459
852917
851196
854597
861444
853694
853945
853116
857865
858490
856024
853335
857152
857768
854609
852340
857208
852455
855258
851980
854367
854059
862050
853111
856090
854281
856433
862005
852935
851243
865098
854561
853849
854640
856070
856293
857838
859488
852724
859043
859142
855288
851553
852316
854681
853423
854055
850273
862680
855557
852936
851623
852214
859255
861984
854199
852700
861769
854052
860370
848753
853456
854940
849301
864363
856004
851901
859287
854991
852042
850673
856420
854836
852923
855043
855283
854129
855256
854792
854358
856898
850017
852057
853793
858853
855263
854153
853272
850319
854981
858726
852690
854295
853710
851438
857977
856865
851557
856134
853926
857583
857088
857294
852858
855769
856586
849381
853953
856818
855598
852996
854891
854712
853836
852976
854546
855484
851206
852371
852332
857448
852137
851648
852629
850963
855521
859074
854813
852539
855300
851373
854458
854409
856144
858939
852442
850181
854380
858298
850236
850290
856756
857303
857012
856500
861448
851991
853697
851980
857652
851131
857104
852887
853479
856288
854687
855154
858012
852302
860410
856329
849982
860104
857511
856232
853819
851852
854719
857547
851817
853379
858325
856341
852613
852533
857600
852658
858100
847434
855099
853133
852572
853841
853420
849181
855459
856257
852437
856096
854793
852746
850593
853647
851920
853414
855477
857316
855210
851834
854259
857634
849838
854076
855758
854151
848828
863511
851385
852817
858427
852897
854394
855076
859765
857323
852452
848526
855633
855970
856161
853874
859576
852020
852762
857612
858432
852873
854225
854709
853373
852564
856469
857114
856537
856251
854506
855731
851062
853228
851857
851432
856542
853408
850571
851664
856984
849562
859470
855899
854053
852088
852976
853561
850546
855369
854530
859096
849432
855783
851428
855331
854635
855579
851538
854711
852757
851963
850175
855315
857788
855678
856136
854090
855840
849329
853224
855568
852547
859744
861984
861532
857197
854806
851170
857973
852918
854030
856177
851828
848793
855657
850782
853489
859706
852494
857576
856044
854867
855549
858072
859010
859697
853124
856844
853490
853744
854730
855118
859618
854862
852958
859411
855379
853781
857617
853580
855884
856527
858815
852970
848991
848571
859447
856999
850320
854485
851279
857763
857665
856592
855751
854187
855296
856628
849050
851817
854115
850875
852519
865157
857828
856581
857076
857943
859682
857503
855474
853929
850747
854002
859132
856256
849940
850620
851943
853616
853666
855288
859018
852589
854478
854637
854450
851738
852559
852826
851569
853729
850000
857338
849287
850266
857502
855732
854077
853694
855536
857784
858580
854971
852518
849961
856152
851473
853985
862127
858370
852494
849238
853214
851395
851488
858653
855693
849513
853808
856472
853218
853194
851843
855979
852052
855942
852004
855728
860085
855079
856919
853890
851180
854994
863028
852008
849142
855351
860818
855251
852621
859297
848872
852640
855299
854413
855973
850788
857555
850878
856557
848980
856620
848112
849623
846296
859956
855525
849495
850990
860310
850834
850971
857131
856315
857923
853229
858777
856096
851672
856612
858188
855707
850280
849049
853892
855650
854482
850713
857971
852107
852029
858737
854238
853422
853120
855030
854677
859626
854869
856001
856134
848271
851569
850667
856901
859212
849189
859638
852669
852086
849294
855019
852684
856221
852183
857331
859141
849466
860969
852035
856986
856304
855394
855349
852606
853899
857293
855745
855684
861531
854730
855747
850877
858959
852035
853194
851584
854642
854202
851761
854200
851863
857964
858853
853220
851728
860820
852170
853877
851968
856220
854694
853740
851318
857654
856370
847726
854469
852897
854637
855572
861303
848086
855348
856986
861573
851156
854232
848605
848930
858856
853947
853387
855177
848108
848431
860083
855658
855671
852714
853347
851725
859676
855292
850798
850251
857595
859649
853286
858269
857607
853074
856248
858309
855198
856539
850981
851351
852011
857135
854078
852469
852424
851322
854567
853604
855918
854817
856966
856271
859631
852111
851371
854507
859441
851675
851214
855619
856807
852911
856285
849810
855574
858130
850144
851317
853055
857074
852898
853408
854895
854124
855729
850036
851184
856298
849408
854297
852857
858163
853758
860726
851661
853253
854141
853891
853046
853176
859958
863231
854978
855090
856692
856792
852946
851103
854681
855297
857888
852834
857918
856562
852389
852392
850785
851925
856495
855544
850855
852672
863800
858984
854064
854982
852446
853755
852120
854499
853478
853225
857567
847248
851964
858458
853905
855106
854928
854846
853187
853386
853431
852479
857681
849466
859331
852851
853216
859350
857757
852589
851366
857244
856316
854157
847780
860340
856788
860285
851964
851034
856464
851436
855174
852793
850839
852643
856619
860733
850280
851421
855579
854975
849245
857990
854584
853216
857511
854864
852736
855129
853226
851882
853867
854773
856558
851698
854600
854681
853075
862404
857420
856155
858702
852698
855286
855447
855425
850041
852617
849512
850829
850800
856353
851965
852540
857288
853228
864286
853296
849682
858206
854251
848671
849947
856531
855538
859563
855255
852305
855444
853513
860185
855700
854109
852305
855573
852130
858065
851918
852610
859292
854790
851605
852407
851719
850709
852428
854902
856390
856154
850423
854030
858537
851857
857319
856572
855019
850560
859898
849003
852534
854483
852043
856722
857604
849846
858377
856179
848619
858404
851368
848920
851621
857542
850720
858994
852244
851579
853859
854927
849546
854971
862155
854864
855785
857440
855168
851875
853459
859861
852849
853084
857551
853746
855023
851744
855467
853607
852901
849684
851159
852274
857622
854158
854428
850886
854770
850449
855175
854392
852195
851677
854969
856933
852833
858819
854534
864309
861668
852079
856700
854512
854054
856799
857408
859328
860477
846874
854795
857908
862687
851922
849906
850239
854063
854229
861010
856353
851296
854564
854140
854118
860633
856831
853838
853543
853230
855587
850511
851083
860249
862021
855282
853642
859951
856313
853401
856843
856086
856122
854019
855193
854663
858669
854536
847146
845766
853206
857246
855782
854427
852463
856794
854534
852798
853060
859020
854506
852604
852999
852639
854295
864481
853611
850171
850655
857538
853306
854820
855065
852021
855049
849572
856441
855641
855882
857066
854979
850626
852377
855977
856061
854785
854183
858942
861015
856951
856597
852179
853261
857947
852618
849579
857132
857029
848789
851811
855014
853784
856980
852613
850776
853849
856599
853084
859816
850959
857474
857750
861616
856439
859165
854286
856518
852331
853170
853545
850115
849627
858101
849202
849299
853075
852475
850428
854609
855772
848845
851377
856817
855103
856040
855370
853627
856084
860754
849090
859868
851413
854048
856732
854427
856285
855248
858489
856747
851791
856000
852309
863931
855974
854328
858402
856304
857105
851931
850957
855162
856329
854061
854567
849668
856323
849670
858991
853521
852652
856278
857479
852035
855822
859575
848672
859425
849368
850553
856950
858730
850625
857436
853893
851616
855419
855029
855850
854076
849864
852512
854539
855366
850221
854504
856692
856645
853083
853933
853765
854637
856005
852812
854569
850049
855346
855538
848644
852047
857855
854457
855178
855480
862040
852254
856670
848962
856002
852834
853758
853658
851222
853622
853722
851555
856729
858292
850156
854287
856633
853499
854202
853943
854349
854639
853330
850392
852257
858129
858168
857868
859796
852732
853189
855467
854839
855259
853877
850107
850180
851831
855093
851743
852034
852017
854127
855003
852014
851688
854511
861289
862682
853572
852793
858799
853445
850621
854383
855159
857045
856362
854478
855105
849397
855819
856958
853929
856058
861416
858371
857281
849231
852420
856138
856474
852512
856073
857683
852010
853822
854121
851882
856101
857014
861491
854432
849980
853177
857177
856417
860410
848667
855178
849949
852461
852508
850310
855728
856303
853347
853417
854884
854029
855657
855696
861820
852420
852699
851520
859080
850593
854563
852124
856244
852495
854478
851963
853686
849278
857764
865712
858731
855314
855698
858774
851487
851812
851563
854953
854983
852197
857019
857714
857536
853036
851765
855621
854357
858671
859777
855784
852876
853643
850741
858737
853693
851282
850965
851055
850298
854532
853207
852888
857021
862033
855291
856882
855074
852965
857198
856854
857380
859230
847723
855649
858012
858577
854144
856444
854131
856053
852225
855550
854904
852329
849315
854463
854140
846959
860472
856981
849878
853102
851316
853833
856709
856757
857488
853439
856927
853882
854493
851993
859957
854230
853146
856636
850241
848937
853627
858365
849613
851474
853936
851216
856486
851218
855224
851642
856568
853215
860999
854768
852764
857843
855873
854018
855251
855855
863194
852111
853742
855810
854799
859770
852149
854516
854172
855587
861580
851766
849496
855336
854349
858997
853950
860256
849785
855006
851582
860440
850407
858299
857884
853529
852972
857812
852010
849987
850034
851448
856896
856395
854902
859942
853966
854322
853590
855868
852754
857853
858430
854200
856757
859753
855176
851623
852741
855162
849995
861240
855569
855990
853768
852146
850636
853559
854786
854510
856491
852730
857459
849478
852959
851568
851820
856235
858113
853177
857055
859634
851520
852473
855345
854555
861610
857467
854178
853714
852419
859751
850940
851017
852787
852103
854624
858376
862935
854355
857845
857155
851461
851677
853951
858052
850667
857096
854098
860674
849678
858772
852784
853427
853123
851197
854295
853305
855321
856472
851094
853051
857934
850007
854852
852449
852709
852706
856140
858788
856029
853282
855781
848319
853050
849961
855908
858036
853995
853197
857901
854254
854692
855432
853179
863080
853046
853173
854725
852974
855534
858163
853915
860506
854006
851919
855056
853677
856384
857756
855055
857273
853941
848413
853411
855661
849173
856692
849381
853764
863214
852558
856109
851242
854712
852364
853505
855161
862405
853455
853675
858540
851722
849710
856413
852581
854982
851823
855742
850612
855014
851791
856821
852409
852492
854687
855120
852228
849743
855024
853706
847520
855463
864941
849946
857517
859452
860618
851054
857443
853200
851545
854357
856332
853005
852625
856954
852767
854914
851565
848522
854427
851854
851771
860519
854588
854400
854681
857049
855720
854133
856718
853160
851425
859937
854100
852525
849888
854681
854415
859089
856653
851886
857435
851915
856168
851938
856428
850577
853115
854612
855890
848991
857460
853357
849880
858521
857923
854146
857518
855137
853135
852034
847867
854799
856321
861130
853835
851179
856075
850777
855712
852426
857540
853719
857966
857002
859733
856159
851584
853304
861322
852345
857171
851352
850567
860270
854871
850278
853146
856488
855244
851729
850591
852272
853524
854802
850152
851705
853405
855309
851863
854554
852274
855040
857647
850538
849099
861467
855171
851528
854713
853221
858378
853751
852258
856109
852509
852343
857725
857652
854752
856190
850254
858423
852941
853221
860646
851574
851008
856716
855228
854377
849916
854216
853621
849072
861389
855233
855159
861148
864402
856489
854605
854610
854234
849473
857552
851384
854815
857914
847175
857154
857868
854286
851408
849425
859343
855968
848661
855531
850902
856394
850945
852480
854782
852546
854936
862007
852370
855560
855806
853991
854102
849191
853091
853540
853741
855191
857455
852488
855601
851010
852973
855621
853665
856072
854193
854474
857681
850451
862065
856728
857602
856927
854638
853688
850382
852831
859679
853955
849642
852630
852285
856615
856662
852969
849694
850339
849192
854614
857371
851078
858980
854480
855902
855763
854169
859015
853320
857482
853515
858849
849070
854202
851174
851513
857916
857683
854026
852895
850563
856287
855231
856263
853724
858640
859716
854312
859597
860691
848510
853915
850907
855942
860898
852388
854024
850565
858726
858518
856337
853271
859027
852631
857166
857456
855957
853682
850958
855048
854696
852148
851631
849100
853126
852305
851531
857398
854807
858362
852732
853340
855583
853548
855213
852957
852402
852787
852001
856753
855823
859036
850697
855254
855079
852511
855685
859255
854766
852176
854847
854064
855758
851233
857624
856280
857928
855768
855601
852133
852332
854299
851255
852245
855136
854676
848835
856659
850318
851949
861976
854844
853878
852418
851962
852171
851441
854717
850111
857838
853964
856210
851704
852089
858967
860047
860123
852864
851842
850389
850658
853281
861043
852052
856335
857905
850835
851193
858527
854122
852728
856423
857199
854036
854059
856846
849513
852552
864075
854482
857679
857631
858075
853249
854614
854680
848683
851489
857467
852518
855875
855635
850410
856559
851354
855875
854129
858055
856886
852037
851089
857184
854604
852011
857982
859081
856367
858421
853779
858656
856722
854578
857044
852417
855591
855395
857332
853161
852551
856413
855664
858376
856416
853500
856460
849280
853662
853924
860098
848375
850944
849730
852606
855218
857908
857570
855334
851804
851564
856342
860047
851493
858377
854608
857159
856730
855073
854320
856811
848044
854520
853800
851689
852959
854984
849026
858666
854293
852921
853443
851207
854759
851529
854253
862098
854725
857171
856658
855020
849835
853311
853722
856912
849784
854066
852291
851828
851294
853406
856860
858145
856535
858155
861820
855413
850173
856450
853828
853187
855422
856595
858259
853087
851663
852282
853094
851256
852214
853527
856298
856362
852214
855798
853982
852237
852646
857325
854946
855539
853730
853588
856812
849921
857453
853540
854623
857181
855970
850597
848722
859830
853155
849041
854496
857543
852512
860465
850484
854788
856530
855171
851560
857652
852597
856299
853619
855716
848916
858566
853163
859911
852724
854999
852358
852350
850285
856200
854725
855618
854485
855916
859147
850178
854134
852138
858599
860524
855351
848673
854569
854280
850817
855724
860139
853840
853228
851835
853239
856928
854394
853470
856051
854971
851445
854224
857362
859954
853810
865367
856130
863227
855102
859933
854690
853809
856858
852416
855360
850996
853631
853790
854284
853968
852072
852720
851232
854125
852446
852592
854791
852374
862928
853782
856275
853763
859099
854319
857348
858402
851951
854456
856499
857034
860212
853563
851086
852145
852385
855866
853419
855131
851530
850501
859629
849359
852494
857652
850798
852497
865435
858661
854812
850282
853836
862573
852703
852365
854682
852742
854315
852274
852250
858561
854774
856386
855073
860980
857626
854808
852615
854838
857636
852148
853245
853667
856574
854693
856365
855923
851713
850092
853586
854646
853598
853862
853308
855106
859208
857260
850614
855314
855686
849035
858313
849354
855345
852473
859652
859018
858650
855371
853679
854849
853320
856017
857501
851539
859129
853033
855495
851091
857106
848687
850627
848732
858704
854009
860836
860123
853710
850942
850185
855835
852250
854322
851180
850243
855323
850668
853517
854092
859630
851782
848185
855795
854798
852121
850128
852983
853937
851669
855261
856457
852824
850319
850310
857200
854319
851675
852928
857017
853360
853212
853565
858208
855174
850475
853627
861779
857171
853087
853417
856975
850800
858800
851700
856139
851196
857307
853864
851853
859609
851079
853428
854022
849969
856604
853135
853548
854629
853427
852607
855051
860279
849498
853860
854226
859335
851245
862106
857785
851414
852037
854509
853560
852193
862704
856648
855021
853662
850902
855775
856969
857875
853321
852855
850815
857441
852160
855807
852951
850973
854202
857696
856010
856056
858199
856084
861621
854583
852217
855350
854394
851180
854134
850962
854672
854821
853925
853664
852296
856350
851117
857154
857603
851503
857976
851847
857795
852806
856244
858133
855222
852628
851809
846026
854216
859778
856108
849056
857552
851344
852301
854426
853617
857892
852261
853957
852958
855066
854903
848848
854443
851110
856722
851561
850284
855180
853326
859549
851213
853225
851286
853959
853195
852452
855651
852556
852171
850718
856494
855748
853566
852971
853928
851618
857435
857618
853966
852875
857147
852733
851950
857429
855058
854131
860953
853364
852679
850433
856311
856182
854177
854005
853428
848874
855538
857934
856616
847709
852940
853134
855549
856500
848876
859410
854560
859537
854262
856077
855222
858287
852010
851803
848702
858349
848640
859500
861815
846427
858565
858305
854632
855794
855642
856631
853096
854390
854456
855008
851276
856152
857526
853700
853615
854191
853392
856063
851518
852854
854090
854800
857761
857690
861054
855179
853410
854239
853632
852045
858452
855067
852309
850012
856331
849649
847499
853321
854642
858697
850373
851047
854853
855457
849940
858191
849907
855770
854594
855435
852641
859999
856529
854911
856958
852257
853304
852287
860399
857535
854069
864122
849489
853683
854707
849169
853274
852182
852768
855605
856773
852990
860393
850938
851830
855601
851449
857647
851321
853203
852432
852577
855413
850688
857749
854914
860817
851501
849584
857785
852030
849243
855129
856281
853874
856704
853861
851858
853572
864132
851549
851360
852074
855185
856671
855988
853040
853717
854049
854068
850510
852753
852430
852493
855649
856069
860176
860767
856040
853210
854806
852404
854782
852148
857172
849267
854596
854209
851262
850735
852629
855946
855998
862678
858354
849720
857494
858523
848807
857799
850888
854924
850987
855154
853758
852583
857971
854331
854600
852135
850809
855630
856038
853604
852031
857532
852036
850211
848964
854510
851844
853676
851842
854211
852844
854111
854471
858141
855509
853622
861287
858804
851355
849735
852848
858309
852505
851867
851536
848620
855865
850874
852800
858091
853746
853716
856267
854146
855356
854147
852289
858552
857596
857852
851444
856449
855923
855412
853976
859449
852603
852944
857371
854339
860102
855732
849759
852560
854093
854578
854388
852855
856903
849198
854975
858149
853397
849855
858174
853285
856241
855509
852587
857599
851964
853123
861775
856671
858453
850555
859512
853159
854999
854060
850585
849480
856188
855484
851076
853653
851648
853912
850868
853800
852013
855028
849747
850587
856246
851540
851828
862041
857636
863320
855321
854151
853487
859932
857113
851683
864086
860555
858508
850259
856425
861390
855745
862034
849835
856156
856383
852721
856991
849738
854738
854655
857637
848475
853770
850423
857330
858925
858270
854003
858058
852596
852551
858325
853134
854310
848004
852549
852388
857039
856737
850601
850822
856427
860471
852203
856438
860301
856909
857276
852298
858795
854920
850591
857272
851134
855370
857101
855198
854974
856939
849607
851035
855607
858724
859193
856804
852996
853992
850007
850110
852206
854402
852531
857631
853920
859319
853777
857449
857106
856195
854028
855292
854977
855640
853152
849692
856849
851931
855786
860881
852859
853955
855856
857466
854718
855801
853727
858888
856756
853482
862778
852009
853064
853542
859761
859115
857648
848728
860447
853061
852422
855409
851817
859470
856418
856864
855717
861394
850794
857923
851006
854721
853770
854615
854861
853415
853124
853681
858379
858726
853833
857562
861020
853279
853382
863459
857957
852902
860477
856747
856227
850030
859503
853378
849380
852053
860123
854408
861954
854204
851811
855704
850348
854829
859840
856211
857127
853455
852984
854290
853287
858759
852997
855866
857057
852527
854938
855479
852479
854615
854340
854468
855017
858514
854043
852082
856831
852690
853964
853409
854275
856183
858994
851826
856049
850706
850760
856152
852738
857842
858747
850964
852872
853105
854438
856985
856177
857674
856577
856809
856736
854497
853043
854373
855002
851039
851243
854668
851527
856396
853959
853290
853752
854354
853420
848192
859095
854710
855227
849888
855896
858312
850049
852977
853022
852837
858922
854213
849740
852115
856648
859513
848712
858009
858910
854149
859380
854508
856452
855570
847718
856539
855740
853982
850366
855665
853835
855716
858292
856490
853125
858784
860281
854243
854411
854979
854095
856379
852524
858553
852106
857068
854805
853995
856054
854718
851003
851205
856948
853326
853176
851845
855090
857490
857890
850051
854713
851765
855418
851328
858411
851260
855525
854468
861025
853195
853394
858371
854629
856840
862950
851248
855591
860807
855354
855349
859477
852896
856537
856692
854728
854197
854578
854865
859841
854144
854494
853088
855857
853394
854503
856249
852171
852459
853116
857778
855516
857645
851587
858959
847556
854475
861324
856103
861667
849017
853152
853817
855704
852914
850855
854087
857766
855629
858098
850633
857698
855998
852334
856733
857742
850126
851945
852980
854566
860989
855896
859588
855600
853711
856983
854899
852827
854477
851545
850407
857900
853275
855628
854942
856413
859173
849377
856854
860851
855253
856087
853755
857998
851652
847683
858621
852516
855031
852924
851755
852604
859164
852912
855318
850273
857151
857251
855166
852077
856782
853784
857013
856986
854266
855467
855242
853000
850153
859735
854067
858825
851092
855538
857589
849679
861570
863265
852559
852688
850399
853229
859951
854421
851721
861461
859889
851388
854021
851227
850409
856534
852420
856672
851056
852481
852394
857227
864037
851040
854598
852963
853831
852778
856450
855977
853915
858512
857644
853819
851251
855872
854515
853484
853310
860439
852586
855358
862773
852761
853452
852711
849982
853461
853114
855930
856550
849136
862463
851363
850686
858969
850893
854095
852344
856923
851631
853749
854651
858065
856596
856569
850426
854891
858694
856157
854577
856210
852912
855955
848688
854992
849880
848900
850562
854007
852444
854781
853378
855911
848242
853543
851115
857454
858004
857330
853830
848692
852102
853598
858439
853001
856074
851440
852907
849721
858266
850205
850558
850472
850202
849293
854883
851211
858429
853361
849880
855538
853741
849715
853805
856906
851847
852933
852735
854443
859565
853603
864446
854444
857538
849591
854311
853347
851503
854099
852930
859279
851892
852487
853740
849232
851922
853296
852856
852163
855167
854160
852561
851318
856747
851245
854464
852862
851238
856594
857687
852733
848644
857059
850558
860124
850416
860271
853270
851749
851608
856093
856206
850261
851955
860193
856676
854050
858800
854756
856132
856351
853423
863838
851999
850866
851895
853188
857968
853295
852594
854903
851575
851734
851337
857688
851637
861134
853036
851360
858406
859621
852572
852908
855701
856477
855640
855646
856843
854788
857653
854827
859824
858933
853858
851536
854443
857977
857244
855437
856051
857957
856912
854083
858029
857013
859739
858331
856698
855623
857464
861553
851991
848757
857780
854702
851318
858960
856276
858318
852931
848633
854347
858672
862183
857469
851363
856617
853327
851156
853723
854611
851717
851519
851962
853860
853177
856283
854818
854870
855335
856733
860392
853456
852718
859376
855322
855309
852127
858499
854597
852794
854661
851060
856027
856351
853260
852987
851885
850623
851573
855358
858592
853524
858506
855490
856786
848094
854909
850045
862425
854986
855820
858532
856329
851471
855133
850943
852889
849350
857528
851938
851447
850038
856956
854460
852422
856085
854007
852132
856490
860027
857859
855048
851860
855184
855443
852555
856403
849500
850503
855578
853490
864509
849793
854185
852867
854429
852800
850872
861102
858739
847778
862433
852820
855439
852883
849431
850235
855130
851960
850300
853791
854091
855291
851611
855238
854658
853678
852909
854572
852030
853740
851559
848223
854501
857450
853203
857748
854689
854682
854274
854731
854503
853311
851933
858971
862848
859344
858141
856107
859739
855631
855901
851575
851816
850864
854217
854750
858166
852744
850770
853653
854757
853946
855203
854487
852819
861593
852528
849173
851059
862195
858458
851924
851887
855658
852624
857253
854445
852899
854786
852142
853652
851607
855539
854550
855806
861935
857206
852282
848073
850160
854039
850223
851704
856671
851823
851547
857631
851414
856224
857780
857906
855109
852688
860653
855112
850336
857001
853712
852897
863884
851463
853089
854211
851163
855720
855429
854031
852101
851609
859397
860735
855351
854831
854759
849800
849197
855932
859179
856341
857387
857054
857935
861604
854776
854348
856589
849601
855585
852504
852039
852934
847939
854379
858331
853226
856938
854696
852025
851196
865591
854567
851296
857708
852687
850154
853353
854416
854011
856619
854426
849574
855300
854568
853730
853455
856799
848241
853773
852724
854642
856164
852065
858928
847259
852004
856599
851625
850968
855308
857649
853336
848930
851660
855698
848418
853239
855038
854444
854142
858318
855590
848834
857109
855027
852803
852125
852896
855266
855673
852227
859610
856004
854645
852003
852012
852537
854256
850222
854877
850615
855704
852469
850222
863573
852252
857759
853763
853752
852517
854573
854138
853105
856200
856128
854961
853049
863266
856831
851618
850469
861840
859774
857698
853499
850186
857239
854487
856184
854191
852915
852422
854882
853209
854491
852982
855482
855560
858269
863990
849983
847818
851804
854074
853734
856750
860236
850051
856222
855713
857823
850966
853152
852423
859907
856520
856232
852027
860569
855192
852749
856718
848992
855901
856716
861907
853888
856841
852301
855985
856729
856402
852477
858765
861601
856692
853532
850877
853127
853439
858377
853759
856321
855358
851618
856949
850174
845891
854607
861727
855458
854563
860740
858239
854430
852943
852121
855672
853212
859372
851543
859543
861549
849486
853815
853706
859087
854178
854624
852850
853274
850773
851401
854722
854758
855167
857137
850169
862269
851271
851985
855653
850943
853673
852797
859939
851526
849556
853653
850712
859669
856079
849929
857568
851701
854209
857077
853229
857663
858290
853341
854175
855198
851430
855618
853701
851590
848238
854451
857205
852485
856694
850359
852816
851402
859952
857565
857357
856258
857292
859178
857920
858406
856286
855512
852372
857594
851312
858259
849358
851584
852903
855993
853567
851284
854504
854646
858892
858777
854282
851427
853426
851402
857943
851474
853906
851183
852636
856672
854141
855257
852436
854364
857410
852327
859570
848453
849310
853785
854022
852269
860460
851273
858241
851308
855734
853170
854403
852953
852724
853070
855603
851992
856634
855936
855100
852732
853285
857771
862279
850302
852522
860899
853840
852586
855650
853795
852741
854087
856424
849485
856606
858926
849501
851674
852070
852860
853312
856484
855469
849923
856374
854626
849697
854679
857856
851313
853214
853276
848963
853454
854538
852509
856761
854511
853665
855320
856400
853597
854137
857184
859496
856506
852371
857089
850462
847712
852792
858101
855180
851992
850728
848860
854842
855974
853233
856196
854579
852924
853454
852164
851592
851725
858404
853064
856073
848930
857240
853138
857306
854258
855087
857211
855611
860346
849398
857073
857029
855229
850280
854867
851767
852736
851938
851020
854483
851487
854897
856400
859988
854514
852945
857872
853670
853691
847016
856941
855522
850565
852701
851132
852878
850392
858427
855860
853209
854984
858837
850935
852973
849944
851379
857297
854524
858333
855397
852822
855196
858842
856823
856994
860225
856296
859515
848476
854780
857312
855972
856760
852769
854372
854931
855616
849231
860915
855497
852925
857034
853744
848927
854963
852706
851771
852380
853097
851946
858583
854815
851253
854759
853859
850850
848703
853988
854749
856247
853195
851642
854120
854524
855845
854785
857745
851156
855207
848506
855885
859222
858817
853049
852465
851186
852674
858732
851438
858770
857398
860438
854092
857869
858941
851559
855687
850004
852622
855374
857494
860029
850617
852744
851867
857330
850589
853888
858913
852463
858178
857165
855434
855978
851864
857294
853447
861185
853487
859687
855612
858286
848403
850596
857413
855718
858306
856504
854916
858362
853559
851331
854815
851499
854345
850199
854905
854167
859496
850892
851858
849964
856369
857945
855370
859545
851238
853444
852427
855530
851835
858857
852646
853809
851878
849421
853332
858715
857015
853277
855074
856498
855349
857021
857729
856694
855408
860411
854824
859801
853246
855536
857491
852727
853488
853317
856676
854533
848821
857991
858953
852766
854179
854231
847568
857557
853445
856177
853091
850108
858682
857557
855131
861630
850018
856085
852199
854953
853394
855042
852518
851346
852727
853748
861308
859366
859857
855067
854958
857338
853544
852631
851221
851161
852409
855015
855052
853756
851080
855323
857558
851368
856987
855387
856938
854773
857876
854904
852901
857308
851608
853344
854821
851081
854826
850942
851509
856741
852671
851692
857772
860581
852224
860337
850528
852371
852162
850591
850078
853194
853725
852549
850299
851095
858597
852657
860078
856843
851301
850493
853740
853311
856274
851251
850457
859449
852941
858482
853314
858841
851630
856437
852788
849353
856202
852056
853549
854030
849474
851325
853110
855973
862963
853853
856938
852212
852200
856170
855793
855419
856362
854071
853568
849815
854936
849832
850007
858811
850713
859157
856027
854690
862850
854778
856875
853476
860706
852736
856464
853175
852102
857456
856241
853690
851900
852638
853062
855200
861014
849261
858595
853633
854167
855962
856547
857088
859055
855408
849753
856594
855532
858247
852387
851825
854749
851932
850097
854909
854312
853939
857139
856865
853517
853650
851190
851618
852431
855279
853426
847961
854911
855106
860487
856855
851981
851177
858784
854871
858023
858551
851763
853961
855057
857710
850389
856228
856484
853915
856253
855076
853946
856803
853224
853442
855990
852099
850689
854098
856581
854653
851979
855865
849667
856995
857113
852751
858228
855306
854533
856021
858736
852614
855860
848861
853774
859898
857254
854441
854610
854333
856459
860331
856330
850352
859250
850485
852082
856748
856966
850004
854967
859203
851354
857507
851503
857391
851472
851718
851139
852355
854101
852545
861590
852201
858053
857050
853620
858809
850586
853660
855128
862285
850263
852293
851841
853597
854839
853479
853522
850663
855979
853163
862993
852326
855246
854861
853765
854527
853022
858673
859221
857483
852716
852371
853606
849873
856548
854868
850808
850662
853330
852910
854288
852075
850268
848752
854535
856112
852741
855371
858599
852038
849954
853345
857138
857061
860192
852966
853365
851161
852571
850072
854642
855526
856843
854666
851669
851902
854707
857502
855289
856488
857830
857498
855696
860736
854453
858074
857896
858711
852427
855682
852524
854191
855076
852185
853172
854122
851179
847928
854192
856828
851195
856019
852764
852877
855426
856015
856663
853908
853455
852922
854584
853890
858121
854550
855290
852816
852850
854712
855132
860202
857879
850786
852830
855641
856901
853897
852263
856015
853698
853540
852975
857350
848686
849816
851278
858068
855535
855894
855183
857451
860059
856347
851836
852094
855460
853953
861548
857031
852900
851816
854824
855600
848438
854282
850495
853565
857021
855233
857981
853794
854061
856570
857787
850980
855839
849820
856852
856972
859452
852566
859403
846520
852782
853751
861384
857033
850795
851128
856111
853942
851820
852318
853639
858070
853769
850997
858754
859737
851952
853545
853906
855472
849062
855774
859526
856710
852953
854317
856357
852866
854199
853927
856409
854637
853636
859480
850342
855651
854164
851909
859541
854381
853370
852387
851034
853464
859284
853846
853443
853892
852956
851353
859145
854009
851906
854554
857073
856078
850078
847635
851198
862263
852097
860765
854596
852717
856144
850127
856643
854993
853442
853598
851159
858603
852188
853821
854862
856872
857495
853228
849721
859145
858429
854497
854954
852176
853064
859798
854104
852399
851284
852262
853094
858011
850156
851815
855145
861893
853720
852721
856097
854870
856904
855347
853613
850425
850210
854955
850074
854599
849549
856202
850209
857279
853223
859163
852472
853264
857858
854817
857098
856194
854901
856635
854883
854460
857319
852192
857571
850421
855830
852749
848004
852698
854778
851417
849648
854316
854572
851176
852795
855339
855292
856332
851185
857392
857237
853354
851707
854088
852920
850098
854178
847811
852079
856013
854308
857433
857423
858622
851869
850675
855099
853584
858365
863053
855417
855099
864361
860005
855217
852188
854398
855569
856609
857989
855749
852007
855652
855424
851101
850299
851354
860777
856413
853967
849672
855354
851694
847598
855240
854447
853669
860834
847827
856561
848665
852948
855500
853769
858606
853605
847827
855193
859658
856030
851231
853599
851957
850180
853453
857075
853739
850776
849915
853954
848336
861787
853795
850509
853289
855773
851402
855973
853905
853332
856088
857884
854834
852046
854894
858480
851710
855212
856940
848314
853475
855602
860633
856542
854804
852786
854271
859544
854989
856545
850035
857434
855272
860027
859049
863174
858342
850806
847814
856933
852621
857337
851261
853461
852048
851775
854209
854341
859480
852656
858422
862764
859602
860431
853438
858070
854942
853381
857690
858076
852274
855874
856478
856074
853798
849871
850318
854344
853159
852562
850115
854041
856546
850726
855592
846548
860520
859646
855256
858368
855465
851791
852795
857627
851737
858703
856541
856362
850635
857998
855178
851651
850176
858160
852649
855593
851161
853674
860913
852145
855694
865101
853298
857689
859878
856709
852015
852955
860621
850796
855800
855318
855930
855451
848586
854845
855623
863267
852064
854201
855792
852137
853219
854462
854960
847465
852865
853714
850697
857214
849531
847465
849905
856439
854945
857535
853440
858219
856953
856540
851361
854636
854303
849864
851267
854129
854994
854212
854119
857812
855586
851094
855296
853154
849728
855208
854871
857595
858690
855515
854241
863768
854575
853430
851298
853092
861428
852123
859172
850089
856385
855929
851489
854553
857217
851024
853548
857401
855089
852287
857939
857736
854742
855690
860134
854506
853455
854295
855077
855231
855898
858825
853706
856608
853425
853606
853167
855258
851219
859626
851073
853517
853418
858131
855958
856292
852416
852783
858532
856794
854377
854035
859741
851861
858383
859151
854061
852798
855819
850959
860719
850940
851107
852405
852932
858781
854044
853269
859412
857130
852639
848575
853642
850984
850489
853483
860150
863659
851734
861052
854877
851673
846994
861141
855807
854513
851634
858901
850342
855128
856921
857438
853187
856539
853227
861654
857657
854487
856551
856481
852411
853809
853126
862695
848864
852784
850413
853572
857039
853240
857401
861726
856962
856894
856841
853145
853428
858199
851062
853796
853643
853694
860193
857054
855912
857518
854541
858924
849931
852474
856645
860653
851759
854110
858534
851110
856015
853415
848968
853202
851037
857332
851221
854663
855349
853351
851756
856195
863123
856487
857016
852049
857585
855462
857044
851718
856489
855071
853508
859572
853452
855014
857896
849456
857369
852418
856613
852750
855934
856768
856783
858100
853772
858343
853987
850591
853942
860779
860534
858947
858352
854867
851362
850037
850443
848649
859468
851826
850290
855449
855108
850908
853134
854997
857011
857532
856946
855527
857486
854617
855921
853273
855882
856840
853799
860272
853068
851233
856831
858079
852371
856759
855618
855457
861962
852059
861829
853890
859586
848079
855777
857439
855073
854185
856291
850039
854534
854538
854089
859096
853180
854944
850012
855654
857291
855447
854290
851033
857470
850050
857144
852138
856923
848627
851317
850898
849835
853345
853180
853667
853989
851531
855122
853154
856555
856535
856106
856297
852897
861347
852167
853986
852269
855538
855186
853693
852528
850844
853443
855927
854658
852801
852485
857775
855745
859761
854103
851834
858031
855063
855596
865582
858080
850797
852844
857639
855272
853550
855044
857716
849284
857032
857125
856129
854221
855691
858234
857564
851638
853655
856617
860438
851694
849324
861287
852062
850730
853392
852722
854366
853296
849587
852392
847805
848053
852199
861689
853399
859445
854410
852405
855702
855483
856517
858474
858568
848861
856366
855081
851249
852414
854295
856852
849708
854153
856714
853702
848091
854291
851841
857420
856263
855610
853333
856630
856052
859527
855620
854902
849929
852053
854333
852293
855352
854954
855956
858757
854244
857782
852137
853408
848003
850230
859108
853156
850427
855893
854275
855824
856083
850006
853271
852679
857835
850481
854308
854076
861731
856237
853393
849888
851918
853841
850273
850797
854411
855082
854474
855639
853105
852952
852795
854499
861377
855942
855262
849660
856099
857895
852098
852129
847133
858039
852942
855661
854949
851944
856465
855453
852007
858613
858529
851948
852138
856655
853828
850269
860813
857944
854025
853584
851466
852418
854151
854076
846094
852276
850935
854915
863108
855705
857133
849883
858065
854806
852655
853696
853090
852374
855947
858674
860091
855388
861043
853927
852841
853318
857331
854499
851947
854423
858016
852041
855902
851134
853639
854644
854466
849426
850030
856913
856295
856217
853284
862737
850924
851964
854514
848791
856543
854498
856625
852860
849090
852489
855306
856308
853634
851085
849945
850749
859172
853898
854131
856459
855447
856243
854168
857761
856004
855345
853409
856974
854337
855109
857902
854659
852958
854443
859759
855896
853025
859525
856168
853791
852982
857244
854107
852024
855288
853206
852521
856217
855307
855929
857364
857005
856448
852775
858486
853806
852853
854379
857439
854840
854988
854048
852318
853821
853895
853680
856354
853098
855968
850425
848452
850660
857291
853533
851233
860806
861981
861311
849959
861569
849525
856413
855569
850189
854349
852775
853299
853388
850848
852863
851742
856336
851395
856730
861801
852904
855527
856790
855576
855724
857612
852478
857110
852259
855037
849031
852844
850555
852356
852951
849959
854842
853995
851175
852268
851338
859576
853885
859836
853602
854227
856119
856250
855741
853214
861350
854221
856177
851238
855154
854946
849360
859401
852385
857693
850704
852962
859764
850994
856550
850263
850617
855431
855847
852679
850793
852350
854523
853587
853687
856688
855909
857091
852118
857463
853712
848616
866220
853358
854834
853368
853885
852734
853493
853934
856348
859291
857921
857651
860113
859709
850618
853129
850903
852704
853379
856073
853687
851300
851137
850739
857580
860227
851735
863328
850093
849942
853936
855080
855110
857218
852294
853540
850851
852566
853819
858941
850086
864057
857211
856990
849495
851799
851907
858575
854180
850509
852405
854806
852690
853908
857047
855234
862603
861142
853648
851123
850000
856848
852907
851146
853638
851439
859130
851227
855963
852658
852298
851768
854911
858581
856815
856533
852588
854587
854394
855987
855044
854178
853638
854455
857246
852968
852244
849293
856130
846482
854235
855528
856738
862427
856273
851522
862121
853426
856041
854524
853751
851730
855698
858887
855768
854854
855819
852436
851737
859050
855049
858887
861249
852751
854302
852800
859263
856405
855722
849324
857543
853844
853416
854178
858774
852620
851644
855973
856392
853354
853600
852934
855169
847945
851448
852988
854289
857784
859642
855256
854724
851563
852251
855696
856158
852042
862810
848224
854042
856828
846545
856008
854549
850383
857387
854564
858990
855262
852068
849749
851965
854297
853752
858467
850316
848756
857640
857122
857849
852345
856755
859262
859241
856199
856288
853151
856488
859260
847910
854260
855317
853446
857569
854439
856455
857170
849933
856548
859665
851604
854995
854522
862241
857242
858300
849513
857099
851810
850479
858131
854495
857171
855350
847371
848735
854564
855815
849478
855578
856358
859774
850142
858708
852307
852971
856521
853957
853387
851128
856146
856544
851528
854141
854932
854555
858759
858077
852263
858456
851011
853161
850445
852736
856843
852184
855184
853544
854340
849353
857947
855553
854100
854602
858933
862881
855555
853986
851182
854001
851100
855218
852513
855684
851163
857436
856932
856314
855134
850387
857770
853395
849888
855295
854527
856905
855161
858258
851654
858977
849807
856944
862224
851521
857881
854187
852518
855474
859287
849835
856911
854859
852126
855074
849644
853044
854423
854384
856462
854078
857355
853764
857330
849433
853896
850563
849829
851557
852505
855417
852347
849858
855433
854170
857844
852357
854260
853558
850861
856450
855412
854827
861908
850244
855490
850717
848653
855100
857315
852761
852098
855094
853592
855795
854414
851472
849399
854390
858568
853807
857628
854669
853687
851972
860211
855032
857909
854028
857900
856925
851770
852657
851787
861768
856076
854364
861794
859251
857925
858310
854638
855033
858133
854299
855757
855699
848587
853810
853439
853861
851162
852473
852089
856622
854165
851569
856678
855614
856254
857112
854139
852417
852618
859708
856794
851450
856671
856220
851217
852040
854585
860219
855338
850531
852800
856018
853537
857024
850594
858744
853467
855172
851916
854506
852797
854455
854031
853860
857154
858081
853772
857543
855530
852645
851201
851482
854383
857295
850656
855016
851842
855890
855613
858519
854929
851403
854169
852117
854010
858410
856897
859598
849814
854369
852846
858539
852461
854781
860104
855703
856531
853604
853856
855770
858975
855819
853187
857311
856707
856291
853319
857354
867500
859715
852122
861955
852357
850775
853197
857325
851649
860106
854951
857149
854872
855127
859456
853115
851695
851974
855221
855986
856176
849092
852404
850468
857671
858606
857819
853354
853685
855345
851398
852590
860256
850420
850612
857067
861117
854118
851471
850450
860407
857601
861579
853031
851391
852948
854995
857066
858115
859373
855814
853420
853468
854858
853695
859477
856817
855970
853063
857098
851289
852288
861875
850853
850788
856201
853503
853696
852655
854246
855144
857463
855799
856730
851521
856538
859391
857343
855074
853948
855453
857247
853040
859065
850308
862843
852834
856374
853060
856686
852848
853508
856962
850879
852673
848215
855685
857579
858074
856922
853691
855118
853195
857461
852475
853323
850956
852692
855352
855790
858251
855129
851898
856052
855046
853823
849868
854480
850997
855007
848677
852577
854395
851692
856205
853653
856289
853961
851124
855506
854620
848518
853811
850336
854083
855055
855735
853317
852058
856368
854936
856018
855131
854232
860732
853176
862502
853820
854972
855168
854943
850668
849738
854921
853650
848452
849981
854556
854866
850361
851850
849531
854913
849653
856043
856386
857846
848535
852092
853515
856599
852289
854107
856516
851279
850423
855664
850597
853773
852177
854697
847831
850459
859619
861549
855797
858546
852651
850543
855637
852844
857604
854064
851333
857714
852229
850999
855989
855266
860631
856949
854394
853298
849599
851954
858317
851110
852929
854496
860871
855264
853542
857742
849212
857423
852693
857379
853961
852608
857844
852374
856999
853932
856313
851923
852826
852425
853573
851206
857345
854469
854913
853217
848364
855634
853321
852854
851701
849802
853482
855959
855431
858612
853353
852441
854382
854368
855779
854800
853402
851314
860358
854148
851462
853236
855383
860473
854887
854152
857492
851212
853198
853422
855976
854810
852464
855067
854784
860451
858109
852025
851147
854639
849796
850952
852093
854316
853899
850731
856783
858360
855161
848350
858082
858318
857064
856465
846141
856462
853966
855558
853925
854660
852319
852357
850268
857518
854321
853456
859666
852589
854927
856716
857500
855779
856051
860482
850638
857206
857911
859063
856503
854183
857852
855376
857358
854486
856401
852780
854943
857667
855849
855151
856712
850959
857646
854927
860133
858650
853278
851190
855230
856204
856305
852035
858209
855266
857063
850783
860545
852181
854288
855820
852209
847358
852141
851273
854404
854386
855237
855769
852160
856417
848076
849665
856746
855391
859966
865435
856861
855777
852792
854923
849635
853152
853639
848573
855335
854692
853699
851241
854308
857203
859211
854683
854215
851327
858413
852855
849976
853534
854945
854296
863313
852021
855309
849451
860131
859988
852233
853358
853549
860437
852576
849356
858744
855949
853516
857067
856066
856008
855617
852610
856079
858231
849194
860363
854914
851107
863430
855191
851591
851660
854164
855405
857036
857898
855851
859557
854225
854660
850921
851271
859045
859064
853393
858601
858557
853069
853724
848666
851257
851489
852572
853556
850424
851468
850025
858808
852912
850815
855308
854316
858638
856140
847703
856951
855412
852208
852064
853067
848929
854168
850980
848879
856275
853949
852017
851836
854697
852076
850530
850571
848381
858839
854955
852938
855843
852768
855348
850276
854851
847868
853838
852496
859523
854200
858519
851724
850729
853144
854419
850005
852710
857171
853836
854996
853135
856757
850982
859295
848737
851674
850583
857029
848759
858257
856914
861985
854304
857948
849471
855946
856495
855941
854062
859508
857039
850746
855898
849976
861512
849659
848162
857617
856155
852569
862403
853882
854795
852549
852973
852870
849533
850820
855429
858141
852794
850638
849998
854376
850134
853715
849849
857198
855926
851452
855336
859412
855837
858246
851687
855446
854290
856320
856772
849511
853906
858081
855942
857231
850821
850610
855871
855423
858185
858841
855838
858622
851760
855168
854123
851468
853629
856099
854844
851792
853330
853274
851190
857954
856620
857514
855575
855945
855774
852272
856265
862006
855493
861905
850487
848696
852430
853763
857201
854364
852632
852971
858424
853593
854357
854878
858155
856700
861741
852264
854234
853971
856762
857657
853399
854158
853039
851938
859679
856013
849164
861459
856358
849346
855158
852276
854498
855207
855567
850033
855126
858451
852854
855835
855696
857014
856223
862361
859337
856265
856800
852133
855617
853488
851928
852906
851148
855298
856174
856665
855234
851331
854273
849453
853105
852885
854715
850929
853326
853104
862305
850171
854234
851804
850647
854617
860679
853659
851558
856051
852553
858522
847956
856045
851041
853101
852715
851903
855640
853081
855544
857302
853986
853353
852165
854296
848454
854722
851240
853004
851287
862332
849843
852423
855322
853270
851254
854839
852610
853505
854215
859118
850314
857268
852572
853458
853075
855340
853049
855550
855628
851809
852010
859239
851415
852358
858981
854223
853241
852129
855458
855615
850143
854644
852732
858942
859987
854990
864678
853938
853823
853448
854789
854841
859612
857188
858504
850904
852515
857736
854547
854791
849836
855386
856791
851532
854412
851724
853807
854094
869427
855485
852850
852284
852113
856977
860867
860461
856202
856154
855591
855910
853417
857784
857300
857113
852859
859769
860197
852906
855782
857420
852886
859554
854859
849048
856479
857387
853269
851754
849719
853298
852173
853384
856609
856512
851412
856829
855092
853513
851067
853976
851564
851582
857380
852294
863862
851600
852013
853157
851801
855236
854360
853004
853082
855054
851766
852522
858356
853987
853893
854063
857352
850772
856118
854097
859423
853743
854958
855688
857992
854783
851661
856429
851925
848972
850539
856152
851416
851979
850553
849226
853767
853059
858549
857838
854446
856289
852076
855039
851453
852502
853352
859368
854135
855738
852090
858329
849421
850627
851339
857858
854143
856715
856865
858473
854087
855380
850891
858272
849759
848247
858811
859338
860508
855745
851424
856025
855593
857856
855016
853440
850077
857554
856910
859323
853706
863340
853932
855092
857095
852686
856436
854786
854940
853825
856281
855423
854597
856183
860320
853058
855426
852745
855786
857391
855216
854182
855594
854540
853266
850305
851922
857091
855321
849552
853302
854814
852916
857056
858799
862157
857587
852143
856614
858190
850339
852383
856497
853054
851548
858037
853589
854621
852025
848738
856271
849216
862938
860750
856534
853343
848857
856648
855221
858409
858399
858054
861548
858413
857112
850382
862855
850219
852926
854503
852087
850673
852000
855341
857111
858943
854853
852977
853831
851911
860045
851058
853910
853789
853632
851163
851471
855942
850370
853325
860591
850210
849484
852477
851574
855911
850197
854610
855876
855411
852618
856507
854565
852538
853074
852338
855865
851523
852581
861793
855779
855976
860697
854330
856223
852712
851618
857361
856265
856813
855170
858187
857047
854802
853826
854065
855911
855707
851854
852034
855459
852199
851072
855508
852327
852347
851639
855828
852539
856160
854088
854526
860177
855300
853685
860888
851358
854554
854725
855238
851211
854763
852964
856467
853444
852883
859447
857970
853333
853474
854804
853510
855368
849088
855925
849328
860593
853670
858449
853514
853462
852603
857321
856241
857032
854299
852397
853120
851686
847138
849072
850254
857106
850763
854993
855686
852716
856651
854309
855208
853293
852348
853521
853431
857585
856982
855457
854650
862180
857088
857767
849883
853114
858540
851288
855327
856572
856656
849207
851770
854646
858823
851114
851836
855404
853325
853333
851405
851587
856383
850925
853397
851663
852773
853169
853693
850412
857433
853976
847734
857128
854251
858837
854687
855641
851264
851901
853719
850194
856121
852873
860251
857505
855823
856793
854635
850899
860164
856888
851094
857607
857599
857129
858727
856387
853137
852933
853805
858209
855981
855405
858271
854930
851453
851487
853868
848809
856436
851936
853804
848655
852065
849694
854132
855640
857332
859774
856145
854054
855358
854578
852620
852884
857058
857982
854029
856603
859613
850167
852164
858673
856772
857352
851820
858501
849698
860356
855166
861747
856037
855098
859849
850720
852079
852102
858404
857334
854280
861990
855373
850574
854168
851205
853436
858309
853645
856252
854148
855050
857081
850683
856470
852842
862203
850183
857503
856538
854237
853526
849606
854389
854779
857780
855297
855412
854882
855598
851646
857299
854415
853032
854795
852743
847153
857930
854123
850792
858377
852701
851237
852512
851356
852282
854182
859122
860168
855582
853199
859478
850685
855531
855524
851666
853727
851569
849555
853605
854023
847804
852979
853890
853627
855845
855763
856735
860029
856259
851205
854522
855414
849629
855445
853752
856497
857661
854973
854416
852839
852372
857668
849084
851544
859869
855646
856348
852905
855555
860425
853639
855763
850508
850946
851828
848835
854053
854299
853485
849671
852585
849882
858702
859972
857456
853909
851787
855405
855122
849944
853982
851751
852431
855283
858385
853719
856273
851146
850151
855750
852103
856480
849754
856698
852956
853194
858997
853560
852619
858148
851638
852952
859822
855470
854722
855331
855589
858806
850163
850036
863046
852477
852252
854258
854657
851060
847504
853947
852126
859898
851299
855936
863357
853029
855714
855530
860236
855657
853138
852968
855447
849210
859930
856226
855962
860142
850097
857414
858573
852694
855768
853303
854748
859845
856640
853884
855490
857137
855326
852068
851087
851206
860254
852809
852356
853285
853882
852764
854300
853495
853633
851465
852646
851869
853155
852426
852920
852030
860056
856906
854320
853674
852822
854099
851434
859609
853470
857652
857013
851377
853527
853567
858094
853328
860281
854554
854848
852335
854529
853236
854183
857299
854809
855847
853087
853302
855997
852610
856512
854196
864861
856736
854691
852112
853723
851281
858102
856570
858143
851000
852046
852425
853679
854328
852500
853283
853592
856792
852019
860667
853665
850954
856257
850124
853330
855185
852950
850560
854184
850990
854177
862046
852792
851738
852583
856530
852806
856107
853116
854678
857866
853760
863987
858524
851316
862053
853205
850634
856601
856936
854726
863422
849348
852924
860767
858657
861971
856025
858750
854974
855352
859152
854362
853698
856907
861056
861668
858225
855238
853458
856166
857319
860710
856169
863502
856606
851526
855422
855335
855292
854770
851062
850862
850942
857255
858057
852324
855959
860077
857988
854996
855062
857735
847799
854903
854240
855491
856277
855266
853874
853850
853583
860111
852565
856424
853642
851777
858986
857297
861021
854817
858438
861179
851095
859665
856190
853015
852637
851743
856361
850519
854385
856585
858970
852191
855040
860974
859986
850084
852218
848864
853861
852524
849899
854412
851954
853791
848673
852309
860689
852830
854947
856825
856368
849706
856018
849088
855360
855440
855495
852688
851789
855868
856581
857980
854420
858592
854615
858758
850368
856238
854484
852446
854245
855083
862395
859200
852450
855704
852059
851868
857771
860939
859290
854337
854804
852052
856524
853878
854239
858298
851283
859684
850823
850507
860916
852743
853342
856259
855402
851926
857236
852426
858035
858191
859293
858422
849393
852368
853336
854398
854845
852234
852556
861341
852271
854068
852326
851471
856497
849901
855240
856720
853131
851295
859603
856573
856855
851668
852625
854331
857834
854046
854626
854549
852769
851595
854444
849687
854074
856672
855617
853877
851905
852122
850587
851216
852762
856136
852665
863776
853099
856793
855444
850458
849121
855766
852736
852270
858972
853202
859188
851642
860350
853170
857283
855353
852073
853230
852693
854211
851924
850704
852310
849699
855518
859484
856142
852775
851246
856019
857819
854583
854311
848707
852523
858974
850808
855949
854017
854692
853015
859975
855865
850091
851168
856449
851840
851914
851024
856079
855550
851468
858605
855838
858888
850186
850640
850773
859794
854673
856892
852915
863854
853024
855798
859193
853277
852603
855893
856322
850971
856900
854570
854157
854658
857722
855345
857895
853091
856277
854828
849106
855242
852322
858791
857878
852555
856690
860137
854953
850809
858063
854648
859830
856157
862135
849844
853391
854604
854104
856592
857213
851907
850085
855446
849372
852726
853919
851984
854137
850228
854067
852630
859602
858955
856188
853780
854001
852668
858021
854112
853021
851795
851174
851346
855104
853565
851183
854389
858658
855672
852923
854774
853653
856407
853567
857956
859799
856472
854332
853008
850781
853871
857167
856288
852994
846254
854096
853998
855526
855396
854855
860208
860682
859548
861067
856980
848078
855270
857651
852969
855441
852767
855753
853879
856981
852079
855252
856676
855484
851340
855093
860474
855413
854793
855438
850111
856367
849224
855041
856670
855904
852170
853869
853978
857510
851994
855975
853508
856846
851135
852227
853518
851829
852356
854177
854589
860822
848547
858390
849321
850546
853351
854721
855814
850202
850827
853055
851768
854005
852551
849511
851130
851596
852579
852614
849340
850854
853828
854457
853086
853941
855141
857005
853159
854736
855558
861742
857248
851461
857958
855212
856356
855351
856436
853848
859653
856293
854561
850362
860848
858003
857368
851430
858227
852062
849129
851001
850255
852490
853125
850877
856533
849514
852872
852873
852673
850040
854439
852949
851896
850887
854182
850973
853773
855599
855934
857534
857078
855860
853274
858673
857696
856878
856542
853344
853757
857326
854452
852825
854907
859146
852325
851244
854749
857137
851886
852669
851984
851083
857615
854035
859385
856545
853849
852379
855794
854744
851645
854131
856450
850876
852121
852646
854042
851421
851016
854813
847974
858914
852818
853590
850650
854243
855612
856560
854214
852226
857588
853690
856693
853492
852291
852570
850976
852853
852388
861018
852344
853247
852954
850397
856810
855199
850126
851668
854319
853185
857645
855727
856162
848995
857268
852660
860769
852265
855186
854690
857534
865728
855360
855812
851847
854468
859668
852765
856592
850687
856006
852818
853955
853742
856811
856932
851498
858442
850748
851872
851782
853243
856432
862500
856868
856803
852545
858804
848916
855945
853185
847909
849083
852470
850838
852286
852784
855306
852771
850936
854621
851876
852712
852862
851597
852538
851936
852411
860995
856111
854605
852537
860566
855973
856901
850065
855870
848478
859355
856864
852205
858392
851795
851761
853999
852803
858964
851841
854810
851001
853904
858616
851732
857353
859861
859824
851202
854421
855337
852678
857738
852114
853746
850777
857613
851427
855528
856905
852711
854831
853716
857000
858734
850453
860832
856236
852953
851532
853131
856394
855572
859722
855208
853452
860231
852173
853984
850311
856610
855401
856069
853184
854230
857589
852755
852440
849719
856147
854258
855894
856008
854672
855925
852306
847936
855922
853091
854422
852050
861071
852456
850932
860653
852384
858869
852581
853839
857430
850464
861000
857526
851117
853820
848683
855339
847632
853774
854438
850257
851160
854466
856403
856617
849396
850338
858295
858799
857845
858724
853347
853080
856793
853646
852279
856144
853809
856160
856718
850015
850964
852538
859882
856237
856447
855241
857197
854560
854199
852063
851075
849351
850884
860801
855778
851596
851710
854276
854046
858469
855583
855909
859012
853380
858836
855828
855099
857020
851308
859903
853371
858239
858202
851679
856263
853588
855092
855948
857257
855113
851111
859020
859691
855487
854078
854049
855978
850776
855001
853620
855790
854922
860805
851890
852771
856273
853968
857519
856037
852710
855301
853894
855322
848932
853802
860345
853746
851963
861631
849959
853554
855114
855748
851558
855166
858045
854996
850070
851728
856399
853233
848938
857526
851831
850259
855706
861961
855044
854723
856948
854597
855572
855239
856615
850081
849826
854787
856198
851727
854745
852606
851067
856222
857691
855628
849856
854365
860417
857117
854774
853015
854372
858335
850411
859212
853909
855759
852501
852155
860807
853344
847926
854544
851471
855372
856115
860587
853328
851396
853938
854822
851529
862110
849638
860271
859102
853775
852614
861461
851324
856985
855690
852772
858294
857864
852528
853652
852155
849545
856685
850225
860567
852700
851068
854698
853842
854112
855838
856072
853204
855407
861833
851106
856871
853739
859214
851524
852139
854949
855195
851567
852608
855165
855420
855085
856182
853380
851688
856224
847774
857913
852610
852577
852364
854537
856254
858294
855354
853897
853888
853905
852774
857002
850304
856435
851626
860995
850336
858122
848727
851635
850450
854675
852290
855530
849178
851446
853565
852733
854690
851627
854480
851385
853906
856857
851086
850081
865234
851326
851360
853324
860391
849434
853724
851118
855443
854429
856877
858967
855487
856320
857482
854571
857856
854781
856577
857002
859213
850897
857853
861967
855901
854175
854037
856322
855806
851315
854113
853102
852627
847936
852228
854756
860269
858788
851617
851544
848377
852846
852334
850535
856524
851662
854922
855919
857659
851780
859035
850838
853104
855015
853354
856841
859261
851357
853258
851781
851769
856294
853431
854487
851294
852308
850509
855037
851856
858355
852096
852118
848394
860766
848795
850864
851521
851208
850956
857944
856931
856033
858494
854133
853059
850626
855495
852958
852832
858846
859452
850927
857999
853344
855895
854319
855403
853306
854748
853364
856261
853229
855161
852752
857246
857340
860464
852638
852465
854338
851543
850531
855473
856239
852566
851798
856729
853555
854722
856004
851487
851239
857685
859823
853154
854564
854126
858016
854497
858914
854947
850229
851710
850791
858324
856326
863312
854528
850774
853016
853087
855893
858139
860374
857699
855797
854820
851289
854199
857820
857619
854505
857453
853855
854593
858826
860173
856858
856517
854518
853327
849795
862073
855599
854030
859736
859682
856159
855697
856191
848698
851927
856666
851197
848501
856260
857080
849543
855307
855811
854683
855838
855493
857721
852518
855180
855836
852151
853362
853216
856198
852529
852507
856320
854556
856291
852039
856123
852221
857434
852054
853407
854788
856026
856377
849472
852889
856295
852082
855892
852918
855594
856259
853681
853978
856261
860138
852812
856249
857023
853257
854096
853932
853030
855085
857655
857609
859386
850846
854171
858095
852838
855194
852510
851024
859314
853952
856293
850076
850091
852822
859120
853316
858066
854125
849732
852422
852866
857812
852644
858132
856000
856732
853943
854224
858343
851713
850922
855867
852139
854055
855040
854712
855081
851368
859894
856105
852190
856575
856686
855306
851115
854934
856963
856124
855619
855804
851331
856632
855383
856260
854583
858097
855878
856410
852512
853001
850032
852927
847017
858286
854418
856673
853940
861916
849707
850674
850985
854749
854221
853144
854827
850502
851834
855001
857228
854013
856040
856770
850923
853176
854964
854567
850290
859381
855829
855240
853897
857095
854179
856080
854492
854320
854541
849979
852000
848318
857887
852376
851584
858006
851387
851646
858512
853862
857853
853569
855712
858511
857611
849287
854033
854498
853165
857125
855131
850754
851041
850533
852003
857001
856663
850341
854416
850020
855778
857036
849234
847287
860039
849660
856081
849979
851403
855129
854305
857931
850055
855860
854308
854677
855362
850729
857601
858181
848721
850463
857732
852674
853014
851580
854576
854964
855544
850456
850422
858566
851197
857872
853381
850154
851205
857664
856684
852860
856893
860819
851260
858106
859886
854575
852383
860641
860760
858680
856036
845670
856115
855026
847962
851514
854592
853614
856329
857934
860290
856664
851784
854046
854484
851404
851348
852725
854989
854890
855341
852548
849191
853302
853493
854506
857072
853775
855373
855248
852065
856437
859357
854756
858243
853726
855617
857136
851776
853995
856698
854959
856296
854594
849810
853872
853634
852127
857289
853345
852142
849630
856890
856202
850017
851808
850710
848577
855743
851479
855465
862159
853340
852032
854254
851188
849307
855288
853157
857472
854172
856744
853631
861001
849550
852135
855186
859271
853440
858288
851398
848550
853709
854153
852318
855065
857842
858483
857790
853562
850514
854736
854070
856650
854005
856385
856853
856002
853193
850804
852263
858586
855250
855971
858079
858990
856349
855096
849719
850594
852074
858655
860529
857468
851700
850759
859248
852916
859092
858325
857043
853439
863266
855903
852826
855376
851843
854072
852838
851710
857110
855604
847738
854047
852787
852846
855974
856889
858736
854228
856500
853353
856126
856205
859915
851196
854925
858776
853584
855810
852962
853111
851601
854496
854733
851289
854711
855915
853984
853756
857539
852457
854656
850662
852657
858825
853165
861241
861812
856214
852586
852949
857570
854081
852344
854413
854735
847341
854622
858731
851589
857717
856989
859450
858145
853111
855211
852674
857445
853215
852820
857160
854203
856242
848953
858063
852300
851625
853045
857351
855549
852078
860916
853991
853476
860710
853118
855385
851900
854896
853004
852526
853010
858167
859657
853757
858106
862859
850938
854555
853330
860513
855044
849329
851625
860916
849430
859303
856833
855441
852787
855310
852255
853641
848935
855657
855456
857123
856792
855275
852663
852294
857216
854780
857761
856563
860276
853042
850176
851646
858897
852781
849787
852871
856738
857256
856920
854218
853679
853459
854582
853105
851443
850800
859733
855409
853978
854113
853178
851638
855777
849795
861612
857390
853309
854921
852550
856056
856478
852602
854316
854702
856184
852918
854501
858505
853629
855406
852042
852701
852087
854781
851504
854215
856474
853754
854686
852252
855841
860209
856952
859858
853066
855169
855545
853941
855700
850893
856542
855590
855729
854289
863974
851387
852188
854744
857068
850018
853218
855508
855107
850286
853885
852064
861329
853087
852062
857871
858555
852220
854500
853138
853996
853764
855701
850260
852277
848707
856065
854154
858229
853757
853186
854300
852569
848628
852749
856527
861435
853935
853461
846498
853706
850647
849024
858709
858165
855045
854541
852878
856315
859215
855205
855760
854738
854248
851734
861057
856057
856434
853274
855428
853522
854632
857146
854663
853205
854224
852012
854683
856581
855002
854769
856521
852674
857888
855325
857041
857682
855762
853316
853964
852143
858793
854286
852312
858415
851740
860055
849917
859912
853593
856053
853071
855351
854579
848582
851057
852802
858227
852025
855605
855684
856955
857141
853826
850057
852434
852038
852210
854205
853669
855433
853501
856027
855049
859405
854444
852493
852584
853342
852283
850759
860214
853318
856265
851572
854505
852327
851937
854684
856944
851784
860398
850835
856297
854142
853647
855863
852257
861950
855849
856680
851837
852766
856611
852340
851475
858139
853091
854666
857139
860678
854101
855771
855790
852893
852519
851078
854239
853491
854715
858660
854091
861297
855946
851984
857539
854316
853544
854645
857231
857618
857812
852623
854215
852285
859576
857511
850696
849788
852129
855610
854157
853438
858621
853004
854705
854461
860081
853616
855858
855510
850144
853938
856565
857172
853131
859050
853698
854327
856641
852218
856416
853910
853039
856189
859911
856813
851242
857823
854353
853855
854698
859582
852667
855518
855024
853608
849244
858709
850179
852706
856269
854103
853533
858868
855814
856244
851233
854536
858301
851925
853686
855788
858649
857449
850795
853382
852035
856069
855428
853532
854965
849461
859477
856035
854729
849272
852812
855974
852792
855154
853980
851783
853169
855128
853912
852747
856051
857640
857871
848076
854392
859143
852654
857257
856157
852306
853693
854553
855560
861237
860983
858394
854505
853283
850707
852398
852757
858049
853509
852949
855577
854707
855576
860526
853983
859598
854091
855068
855262
859972
854727
853437
856063
849998
855592
857233
855489
857160
860687
855997
853030
856513
856326
860363
858426
856214
854996
848509
847841
856041
852578
857115
859604
854390
850173
853768
857472
854714
850550
853522
853083
853476
850964
853956
858163
851189
848875
846961
859015
859695
853790
853827
863797
855441
859286
856477
853886
857185
858994
853586
852278
854677
858472
853107
856111
853354
856892
850728
853667
852495
856905
857577
856434
859177
854951
861037
855312
853316
853596
854863
859786
855855
857161
860888
854511
855857
853046
852291
854667
848284
852734
855390
851340
858110
853674
851773
852926
850646
852899
855483
853664
856809
859114
849609
852186
854747
851464
854763
855180
851256
853640
853113
852036
850202
854482
854173
853602
855999
853562
853914
850816
856591
851899
858875
855522
857866
853500
859659
859798
851305
853406
853610
853991
857522
858946
852795
858656
852011
850767
856492
856779
859260
853574
850900
855575
855308
855274
857793
851795
853171
857965
849723
851088
854429
854693
851589
856328
854022
855113
857855
853977
854500
851032
858881
856367
860366
863230
853900
857751
854064
856118
853645
862777
852346
859087
853879
858033
854564
854104
857083
853997
856638
853578
854966
853766
853357
851010
855008
852897
854121
857372
854949
855397
853232
855893
854392
857673
851180
858033
857244
858029
854810
853626
850519
853021
853056
858216
859664
853653
853028
850545
859057
848629
858568
852883
852787
849670
859580
851885
856361
856320
854553
855920
857229
852765
851808
849667
850922
854517
855788
849159
856611
851927
851873
852558
848170
854808
851294
853145
852888
848833
851608
851990
853136
850641
854820
854928
851184
854211
853907
851225
857937
861424
856973
856806
851648
856806
858276
859579
853037
850642
853118
857873
852253
850440
856512
856672
856995
854323
850327
854645
861928
853967
854622
854165
859284
854728
855359
854731
854222
854186
856992
855467
853861
853855
850588
853707
851588
851190
852483
855981
857841
850622
854140
854150
857948
853568
855636
854663
856033
853273
852819
856392
851024
867811
855202
851519
848194
855745
850233
852773
856668
852509
850289
853119
852435
856172
853143
854440
858547
856449
853396
856359
851298
855347
852712
851128
851742
855168
858568
856635
855087
855415
854751
851348
849676
852681
853314
857860
856756
854074
853977
856661
852914
852509
851736
863630
852933
859815
856483
851651
854369
855533
851343
859573
851688
859321
854264
849724
850886
853805
856006
856924
854588
856398
852945
859619
853711
855271
854199
856314
850224
853066
855203
851021
848245
852995
861278
852595
856756
851595
852083
855244
856479
849557
853926
852408
852929
862100
851117
859273
851780
861041
855930
854489
853894
855566
856398
852794
850888
856730
853253
854448
858298
854446
864170
855676
853767
858449
852943
851341
859568
854712
854487
860138
852509
850229
851127
855133
854557
855185
853300
852634
854881
853310
851871
853391
850930
852913
859151
851536
853111
855295
850656
852619
850679
854362
856624
862239
853885
857284
850775
857744
853154
854537
856951
855759
854053
851283
857339
852157
851736
853597
850245
855854
856851
854569
853047
860192
858777
854079
851176
854998
852418
857566
853896
854247
855458
857694
853448
849700
854172
851920
850745
854303
853341
852119
851276
851160
853473
853544
854977
850991
853725
858446
852621
856031
852877
853332
854278
850724
857306
853224
858608
853279
852404
852863
857304
852848
852232
855098
857826
858560
853712
850244
853731
861282
851665
853207
856495
852959
852066
850027
852202
853157
854177
854881
857171
853737
851010
854965
851913
850755
854322
851871
853923
858743
857522
851206
857999
854880
858673
850546
853698
854812
855286
859007
852194
847798
852201
856263
854829
851709
857250
854836
849457
852409
849555
853307
853950
857476
859681
854660
853642
851710
855673
854749
856615
855462
853983
852774
853131
846954
853410
855575
851361
860580
850906
850708
851513
856624
855915
859146
851746
856080
854839
859527
858750
851566
852311
859917
851116
855253
846988
853720
851098
856174
852891
851191
850706
855048
857526
849161
855570
853010
854843
855034
857040
856830
856006
854804
856614
853315
854827
852092
856684
851986
854536
855614
851113
852906
859640
857710
858350
855829
855463
857006
856374
851012
856053
855030
855525
854505
850542
856306
856123
851771
854037
856854
858773
857765
856063
850647
849993
856255
853133
857757
850617
857277
855980
855139
857590
854795
856610
857519
854134
851397
855885
847967
860009
857765
862246
859977
860010
853638
854610
855781
849031
854806
846577
857829
856180
856259
854477
855936
859304
855922
856285
849758
858002
856375
856637
850070
859315
852145
858848
854416
851249
856199
855662
855854
854049
852468
852552
852233
853642
851436
853279
855424
856839
854740
857306
852956
858088
862077
857632
848510
855588
853669
850297
856509
852897
853502
859113
851130
850929
850899
860204
852653
848520
857529
856989
854102
856543
855202
854586
852817
854808
855505
854893
849306
856950
853330
860039
859956
854876
853967
852946
855418
849076
851559
850202
857846
858543
849521
862516
856940
857232
856722
853305
851006
848397
859519
854953
855910
851989
852587
860794
859799
855377
855937
853732
855758
850993
854248
855820
856902
854299
855133
857588
854379
850452
856908
856964
852934
853922
852840
857380
851503
850144
856804
854694
853990
855651
852344
853275
854049
849326
859878
858274
851967
854149
854847
856037
855179
862248
859157
851478
860173
851707
860473
859033
859364
854394
857551
854038
855029
859507
850383
850970
854699
854951
852230
854918
849495
852765
853657
855246
853283
855865
854918
853253
860106
854446
849847
856604
850994
856243
859877
851141
857610
855636
860084
850566
860099
854820
852487
852799
855633
856589
853099
858171
854446
855446
857065
854202
856302
858519
855082
861563
852916
856355
856648
856528
853947
855032
851549
852243
851765
852032
853420
853717
854048
858736
860542
856001
855384
859858
857422
861029
854761
854901
852648
856219
853179
854020
851763
855237
860599
851701
851660
852218
853228
854200
852383
852303
855580
855318
853981
856735
856843
852544
855116
857654
852501
854209
851236
853322
850800
858769
854170
854977
857192
855223
853705
855675
853565
856276
853630
859063
858404
855899
852668
853344
854470
854209
856249
853578
855703
857384
849312
853190
860929
849584
856311
855979
848850
853130
852577
851687
851965
856250
849593
853587
857777
854750
853554
854858
854434
856818
857132
856038
855650
855648
859964
856809
853113
846873
852248
854918
854812
851175
850563
849497
847814
857644
853793
862034
858306
852369
855974
857379
858072
853281
850988
856774
855917
857054
854699
855170
857024
862324
853438
856294
856526
852937
854244
856692
852023
855966
855742
849887
858126
854215
853061
857496
856281
856793
855389
853067
849559
848342
855552
856344
851797
857394
856361
854539
855593
858633
862106
856844
855221
853842
854902
856703
862954
848357
856073
853290
861273
859523
850317
857165
857894
855770
852380
855635
859506
857292
859307
849237
849966
852159
850286
852749
854625
856454
850984
855448
857609
854291
853716
851916
858531
856105
852516
861219
848408
848837
859024
862071
857425
855389
851519
848966
854643
853669
849502
859038
851968
854577
856052
853027
857345
850229
850265
854885
851877
854910
856164
857501
852949
855143
853784
854112
853859
851004
856199
852480
854193
854987
859987
854996
853274
851701
851163
853141
851536
853933
852177
854275
849646
854118
858739
856433
856303
858755
852799
855268
855777
852627
857100
854907
861661
853503
858871
848428
860411
854993
852479
856065
852194
855324
850620
852128
849289
854054
853106
853216
854205
860010
849760
852524
856262
860288
852182
854565
858350
848892
858515
850701
857680
859127
853648
858290
849316
851318
855625
848831
852893
859042
857444
857472
854353
855485
855315
855264
853099
853934
855432
855830
859088
861108
850319
858571
854057
859585
848684
856293
854021
855832
856887
847744
850545
852116
856651
854833
859281
859337
857690
853408
849284
858476
851411
858754
855172
857463
859454
855894
850192
863487
853367
854548
853670
850014
859178
856364
855806
850212
849997
856699
852677
852342
854843
860707
850422
850450
853130
853239
854214
857371
855938
853722
851725
853299
854536
858152
850828
856302
849613
853295
861132
851681
857206
858179
849694
856693
850212
855904
855783
852291
849199
856027
852932
859983
856102
856494
853856
857846
849886
858087
856134
853091
853372
854795
853794
854300
853349
855249
848437
851885
851797
850386
854754
850816
855023
849316
849475
854390
846773
852331
859972
853527
853158
854757
851382
851082
851853
854712
857342
858600
851469
854003
851962
853460
853969
853738
854224
851115
851950
855552
856407
856260
854745
860514
854846
854627
856968
855202
847690
852121
850145
855877
857615
853807
855044
854390
851148
851155
855411
846870
857940
855339
857691
857114
849922
853028
857179
858533
852947
857361
858737
859438
848875
852376
860590
851509
853317
847500
853558
851883
860886
855709
854110
856601
853103
857202
849430
851285
856144
854909
851526
854864
851504
856012
850587
849758
853810
848680
855857
860611
854477
854444
853157
854030
854028
852202
853763
853651
854502
856620
857995
854361
850997
851011
852298
859875
852116
856202
854168
854724
856935
853418
857391
857206
855527
855068
851870
855656
853709
851182
858689
852984
851760
853475
855247
856135
851873
852232
847479
858454
853640
857425
848351
856048
853065
853770
855306
859103
854270
853118
857866
852349
861097
854413
850495
857176
852520
852708
860534
852330
854907
851153
857510
849757
852603
854400
856744
850688
856945
849801
854467
857275
848852
858024
859820
849368
855037
858680
852752
861522
855458
852629
854141
853670
853892
860734
855898
856842
857197
855817
857545
857234
856995
852573
853273
855853
855696
849890
855332
857430
851946
853778
856471
853797
854710
853050
853240
854933
850246
855344
856863
856561
851957
851031
848044
854391
850518
855367
852579
856067
852146
852532
855308
847253
853775
850145
859666
852436
852201
859944
850957
854859
857946
850911
857106
850167
857378
853575
856993
853427
852522
853327
853098
860235
852629
849807
851312
851196
853787
860146
853220
855362
850763
850895
851663
856054
857074
859272
856941
860081
856827
849563
856019
860847
856785
851491
853762
860840
853759
856282
854583
853445
852699
857139
856076
855360
855292
852055
854483
856856
855434
860813
854271
853093
857030
852904
856753
853505
855108
854176
858239
858737
851888
854229
850490
855117
857414
853428
854838
855015
854869
857339
852179
856820
849242
858905
858724
852412
856910
856611
857514
857683
857364
852145
850844
852290
856387
852673
859326
847419
856327
855044
858789
859180
854325
853694
851158
851869
855918
851540
850137
853001
856671
852655
850640
854581
854610
847751
855447
854046
850869
853362
851060
857674
858083
853314
851646
859488
850811
853803
859875
847938
856415
851192
851145
857173
858995
851523
852511
855725
855837
860069
860162
857059
854149
854345
856056
853073
851938
847819
852362
855510
858496
856532
858829
856152
853883
859311
857528
852002
857658
853400
858454
852825
851628
852255
847052
849985
852211
860134
854165
854674
855031
852336
857217
855508
863136
857695
855846
856179
849533
853883
854131
856256
857000
851088
851992
855290
852345
854213
854338
853733
851192
851508
854741
856964
850196
857467
858411
852367
855557
859022
853128
853373
856553
859607
854724
855627
850252
855641
857610
858620
850867
858560
860681
855285
856045
853156
854022
856122
852557
858251
856053
854944
857496
860195
852892
849716
856707
851067
854274
850497
851712
853968
860368
854794
853482
853811
854689
849665
849112
859307
856498
850040
850345
851570
853091
855241
855488
853007
849202
856264
853569
858655
856886
855326
849791
853633
853968
854792
856770
854465
858283
858663
850002
861039
851859
852096
856757
856532
856630
849985
852148
853823
849722
852594
854756
854051
853278
860844
850088
852306
856272
855590
856628
852840
861665
859335
850451
853498
857474
851136
853342
853440
854981
854908
857913
854691
859016
856801
850525
855760
851503
851542
846172
856887
857639
858878
853051
856214
857478
859211
858012
853875
853383
854105
857838
855142
857602
858772
854360
857040
863596
852433
853731
855175
853995
852507
854930
850773
854868
858132
851338
856752
860982
850474
850268
856685
856578
855161
855997
855352
854045
856152
855491
853269
851702
854996
855592
853798
848721
855091
853947
855037
856534
854481
852949
849559
865770
849862
856065
852339
859015
854236
852392
855492
854871
851062
856625
854063
860316
861051
849917
855591
863833
860473
855145
855091
853302
848537
855847
852352
855043
849187
855590
861497
856731
856948
856098
853378
856740
851236
854226
850362
850775
849524
856596
854787
857231
852965
852226
853282
852878
853687
851056
857309
854089
856656
852279
857349
852491
860333
853287
854866
854151
855510
857004
854173
851044
851686
856548
858797
854412
846882
854284
854079
853181
852881
851963
858954
852644
854246
850275
851007
858506
853271
856890
853181
857700
851611
852035
859004
854256
854532
858201
853565
855810
862795
856639
857436
851948
852626
851740
858663
851897
854058
857737
863187
852152
854313
853130
855677
856196
852765
852202
850385
852849
854307
853498
858168
852709
857146
857440
852066
853689
852096
852827
854405
860002
853113
852332
856300
855624
856338
852057
850832
848952
856999
851118
848168
862198
859021
859426
852356
852675
852814
856779
856081
853630
856720
855078
850067
849910
847890
855597
857268
856943
848329
855170
860643
860111
851724
853974
852998
855384
853299
850495
854028
858029
858007
854072
855181
847733
855836
854065
858895
859113
848617
850022
858192
855195
854933
858621
864357
864968
860071
853452
853783
858789
856961
849771
858823
855349
855093
856801
847761
862050
852637
858788
861255
854493
855287
852777
856931
851287
859121
851804
855943
854240
851381
850026
851825
858188
855482
858820
855295
854059
858741
857056
853903
853261
850698
853432
856889
854313
852237
854989
851032
852007
857635
858677
855798
853542
858361
853336
858154
854191
851214
856314
858187
852426
850353
849917
860469
857324
854263
854514
860763
857893
853630
853149
851954
857653
854323
850804
853330
856348
858333
860597
853812
859011
853201
849643
855408
852090
850418
857494
851623
858633
858088
863461
849783
857819
854526
851136
851942
858877
851054
854303
851583
854607
852753
852678
852380
866012
855229
856485
852646
858331
855165
854573
857870
846710
848920
855022
851548
850869
857077
849182
852927
855193
859893
854844
848939
853989
858690
854722
854245
853188
857452
848464
854247
852546
853648
858815
860064
856280
855597
852727
855183
852748
853980
851030
851943
852500
851349
854245
853009
853807
854519
856806
852051
851158
853260
853453
852945
850993
855887
857365
853011
856595
854517
853641
850516
854165
861431
850325
851723
856966
851290
855138
851249
858449
850474
850463
852213
853689
854069
850398
853757
859170
859561
858145
855744
853081
852384
855101
856467
858905
851913
852353
850333
856523
853209
858378
851983
852427
853111
856779
852652
858139
858492
855861
856807
849986
850772
852589
858430
856288
848593
850026
858571
851141
851393
852309
853877
854384
852614
852131
854668
855530
855426
853988
852894
848516
852383
852402
855004
857336
854288
846678
853295
858142
856343
853723
859682
854659
860228
860778
861198
851719
856309
856761
848319
854947
855342
854974
853281
853893
856205
855812
851536
854622
851361
852300
850214
851938
857316
851402
853783
850224
856782
848991
851679
848346
855373
850964
853917
853201
861217
857513
854529
856591
861956
852459
852141
851682
850445
856437
861280
849556
849474
851320
855905
858370
852654
856292
850297
855486
856837
856887
854888
856385
851056
856375
856456
857897
859980
854696
854940
859046
852272
858814
854834
854752
850980
854705
855956
859892
857355
851626
854493
856353
860249
856250
856084
853539
854376
858434
850485
851381
857707
858360
851010
852962
853168
856676
858105
857565
856117
854764
851256
853555
855454
855435
852783
854434
852741
854961
855550
851155
857821
852167
860268
851411
851512
851961
856354
859103
852902
853529
852283
853574
853523
849087
853650
854450
849389
850163
851438
858498
848894
855174
859258
855874
855307
855232
854451
855389
849303
853429
852843
851546
859791
863855
858172
854761
852425
862356
853467
851117
853386
851480
858465
858938
855276
854600
852415
850678
858068
850365
847364
857544
852427
851236
851294
851247
854242
851705
857041
854706
851934
856809
854523
855014
847316
857866
857585
853321
855727
850988
852707
856162
861539
852747
856596
857779
853629
857120
855427
852205
850290
853680
861580
855237
856545
853108
853241
852227
857731
856751
850553
856493
852023
855537
856870
859758
851037
854052
856217
854628
855343
856967
855712
854595
854084
854732
849358
851760
857802
857938
854074
852722
856330
852534
849639
850549
856057
852124
854169
853210
859469
850833
853902
855496
864471
859456
854422
857236
860264
849420
852287
852817
851474
850874
854480
855143
855067
849816
859160
850731
854631
856550
849779
854359
852950
851222
853538
852533
858183
851659
855019
853168
853694
851431
851954
856058
849980
853742
855086
852823
857229
853706
854991
853518
851459
851794
853217
852494
857699
857761
855908
849839
851613
855609
849565
856239
857630
851930
855720
858838
852425
853724
853675
862293
855740
854843
851045
852293
855345
855383
853799
849678
857387
850556
853697
857551
854758
859285
853298
854174
852428
853260
858627
854926
856895
856964
854395
856231
852903
854741
851679
860010
854790
853351
852037
851173
847818
853262
852127
857536
851566
855998
861297
856852
851933
853641
853456
853710
855673
850782
847030
855930
854721
848713
855737
856773
855514
855772
853815
851779
850894
854499
854013
856243
854998
861199
854456
852562
859560
857481
852476
853355
850664
860023
856184
852371
854051
857474
860110
854264
854809
855229
854159
848689
856612
859940
852052
858692
852924
857690
859283
852320
857465
855875
853940
854123
857295
853687
852875
851346
859266
851076
852571
849529
852402
855377
856713
854080
854620
856869
853453
858353
853484
855500
854146
852731
856093
857786
851842
856559
856232
853421
853030
852032
856694
851705
856775
861552
846830
859331
851476
852528
861986
855277
862575
850141
860846
853123
852106
855476
855656
849510
851062
851098
856953
854836
861914
853780
851300
851837
854427
855025
853942
855997
857211
856139
857267
851498
859598
858036
855758
856727
853399
852824
852205
851180
853902
857421
852118
859589
859859
849396
858458
853374
854575
854740
860369
854761
856064
854880
854531
852888
857241
848399
859342
854423
850362
852383
864392
858546
853606
853837
850836
850341
850688
852947
854305
857745
861804
854798
853014
858195
851714
854683
852182
857049
854714
856932
855560
854954
856886
855139
855139
858052
853106
854569
858431
859496
853558
846519
854883
854221
855365
854495
851526
852006
849638
853955
854211
855589
853701
854447
851009
854982
856701
855651
855034
853243
853842
855109
850245
855612
852726
851841
853024
851575
852242
853356
855045
857189
853006
866548
862082
855884
854495
859909
857509
852917
857209
851343
857022
855614
852902
855737
858295
853307
