776902
769079
776946
774529
769975
775658
772097
772262
770357
768339
770746
772697
776865
773373
772684
773727
775440
769892
772786
774336
773143
770177
775442
773113
775882
775730
772015
773207
776636
774038
773368
773844
775458
772861
777703
775332
774553
777639
775083
770620
770164
774714
771906
771815
771025
770616
775233
772304
770307
772596
775353
777322
775306
772638
768637
771096
774660
773707
776389
775814
772772
777634
773460
775134
773424
774188
772781
770984
775052
772334
773522
771491
769411
778896
774833
773464
775489
769018
770148
770519
767902
777571
774256
770753
776658
770910
772189
771365
771703
774007
769080
769639
771894
770366
774102
775633
769166
773321
772838
773383
773825
772965
770404
769557
773016
772099
767873
775724
772267
780030
774965
778386
775806
771552
777154
777527
771564
774505
771037
770587
769564
773034
772270
771577
772557
776775
772132
773184
771098
773008
771066
769498
773694
775450
771980
777482
769670
777921
773287
770099
773078
775312
770269
773576
770424
774342
774588
773969
774979
770546
775980
773376
771322
771312
774550
768823
773938
771768
776194
772211
768217
772900
769353
773853
771247
777472
772939
772343
772041
768807
772933
772289
773397
773334
776109
772209
775699
774314
774535
776570
777477
773669
776234
773858
774295
772264
775180
774231
773301
772493
771135
777757
774567
774394
771806
775141
773380
775746
780486
774979
770565
773611
771798
778633
769723
773372
775793
771438
770621
772594
776303
773306
772000
772603
772814
773102
772146
772219
770533
770470
772725
772270
772472
770435
772902
771407
772717
773640
770707
768699
774594
773521
777059
774029
770909
768310
772786
773015
776019
775019
770943
771975
773537
771798
776136
773274
772047
775486
772703
772461
772872
774432
774097
771657
777545
775818
775618
770901
770702
772925
771030
770611
769657
773077
775958
774951
773098
772355
773190
772580
775301
776189
771728
770837
775158
775464
768564
771092
774628
770829
769592
779579
772196
770831
771964
772962
770390
772259
771124
773570
773363
773355
772798
772280
771373
776813
772623
773833
771571
771728
774020
774131
775345
771162
776776
771316
778372
775062
773120
772197
770635
774250
777203
777512
771856
771608
770446
773233
773216
770949
772304
775661
769496
777121
773307
772174
770429
776673
773364
774316
772194
772313
774302
780444
775511
773017
772995
776666
772926
767993
771995
771334
772919
776505
774210
774095
769912
773808
772270
774015
772036
772104
772192
773261
773915
772361
776719
770785
772062
772511
770341
772347
774500
775574
773555
774784
773349
774336
771958
772786
773887
768729
772575
772575
772345
776933
772420
772763
771998
774232
775238
771752
776290
775792
777299
773003
776063
774711
778268
774029
772526
774610
773060
769928
771948
772485
775063
771044
771161
775319
772818
772272
773505
774431
772108
770898
775451
771339
775091
773347
774299
774857
771542
772702
770229
771231
773384
775266
774735
769625
772747
774015
771213
775911
772488
770723
770809
772022
773729
775096
772995
773068
776016
771160
771990
777053
771606
774189
774081
774579
769804
776086
770499
773093
773940
771871
771995
775368
777321
773081
774536
773730
770715
771886
777414
777047
771897
773406
773393
771744
774231
772935
773426
777216
773448
771795
771973
772461
774132
774852
776675
777367
773584
775517
772944
771681
772293
775647
770113
773541
772723
770526
775063
775764
776766
771863
772680
772513
770140
773470
772683
774212
769689
771194
776461
772444
771780
771971
772952
771660
774463
770211
774656
771365
775705
772596
772488
775370
777292
774035
774007
771989
777599
776438
775753
773119
776931
773535
772022
771754
769952
771280
769574
773064
770414
774249
768371
772652
770278
772457
771684
772182
774491
771867
776692
769706
772860
771802
775164
772910
771593
768617
772362
776699
775168
774215
769083
770856
767790
770804
773213
774571
774440
775071
774702
772675
770127
769752
774558
773821
776722
774758
772682
775929
774132
772739
773160
774172
773709
769563
772635
774491
771554
777664
773205
769979
773893
775347
772636
768668
774796
770841
772932
773957
776180
774269
772620
775011
772084
775632
771700
771415
774081
773727
775577
773386
771297
774900
774106
772941
773636
769172
777919
773485
772015
773418
773881
774107
773058
771565
775227
772434
772807
773870
768775
771985
772853
776399
771487
774855
773330
772413
772788
773851
776084
773148
772670
769010
771817
771914
772586
773625
769399
773954
775361
771155
776889
771117
772802
771079
772251
774147
771032
773800
771962
775354
770174
774576
771258
774517
771518
773916
772528
774388
779811
772466
773616
775924
771674
775869
777381
774758
772263
771106
770340
768216
776870
769482
769579
772461
773219
773610
776922
773602
771659
772061
778364
774188
771253
776799
770782
774658
773396
775057
778349
774957
771124
778589
771777
768656
773999
773619
769407
775167
771192
773638
771830
775529
777522
772667
771068
775533
773069
771146
776572
772664
772779
772306
777118
773845
772589
770085
777776
772757
773128
773793
772346
771558
774236
774934
771235
775048
775243
771280
778546
772797
768135
771829
773308
771781
776864
772970
775902
769748
777876
773546
777105
776295
771887
776768
773037
775256
770749
769068
772000
770776
773314
775299
770008
775881
770744
772800
774368
775510
773998
770859
776606
776342
775868
772079
770422
772747
775690
772642
770525
778206
771191
771779
775973
772442
773963
772982
769773
776839
771126
772063
771337
770487
774987
771368
772966
775064
774175
773338
772044
772876
775403
773809
772878
771461
773455
773399
771992
772041
773178
771263
773377
770716
776288
775523
771930
769165
773215
774636
774372
774703
772005
771539
770974
773021
771634
779163
776031
769984
773881
776189
773123
773092
770403
774421
770133
774009
769833
772664
774343
773826
773229
778058
774964
774368
773179
772288
773563
775354
772501
771421
770869
774986
771948
773170
774179
774571
773153
775335
774672
774116
776925
775669
771230
774347
774193
776876
777737
770374
774424
773375
774200
772505
777530
773802
775188
772816
778199
770865
777091
769384
771392
771505
772324
772430
774348
770988
776800
771025
771235
772080
776112
774656
773172
775170
772736
775990
775105
774354
774702
777544
771299
769845
770805
772356
771952
776369
771639
770869
772777
775988
773333
773491
777036
772373
773877
772856
775869
776970
771080
773016
771565
774434
774329
772164
773559
774398
770557
773372
778542
777209
774944
769614
776092
771446
769798
771350
772291
772070
774951
774373
774007
772891
771793
774815
774982
772513
776541
776689
771742
776380
773937
771115
771337
772701
772822
775761
773572
774547
771678
773006
772308
776863
771189
776044
774934
771423
773081
775005
770810
771904
774322
774044
774839
769189
772804
772073
773318
772108
774698
773821
773404
778311
774511
775332
770313
775045
771677
771094
774339
772891
778247
770028
771813
774399
771398
771366
778845
773501
771693
768829
769797
769405
774468
772543
770978
771714
770247
772098
773112
775918
774852
779857
775123
772288
778399
773962
771736
772383
774081
769159
771787
775007
770572
773136
770611
772823
776052
767651
775876
773234
777430
775618
773865
776821
770065
773843
773304
777084
771445
769455
771525
774234
774953
772790
768987
768807
769408
773081
771999
774777
770071
771218
772697
777825
772814
771116
772938
773997
774146
776090
774839
771803
773230
770751
771777
770786
771467
772321
773466
771308
773887
771698
769679
772844
774430
772104
772138
770929
773785
770760
770179
777803
769184
778074
771336
770521
771899
774059
774430
774968
771537
771558
776601
774310
774313
775474
772092
771783
772124
773863
774468
771105
771089
772044
773957
773206
775783
775542
776290
774020
774766
771947
776068
773775
771290
771601
771930
770211
773880
770898
773386
773219
776028
770920
777181
771754
774167
773301
773535
771292
777244
774588
773608
772396
773578
775574
773150
771961
773527
777130
770958
776196
771506
769458
773368
772126
773310
772862
771194
774859
770341
771068
773661
771266
775256
771369
771139
774920
773061
770190
770514
774548
773537
769775
771250
769737
776154
773885
771900
771453
774011
772767
778056
776815
772582
771544
771083
771858
769723
770122
775041
773165
773243
769109
770090
771922
776217
772896
768456
770407
772131
773298
775135
771877
772153
768330
770563
773354
772913
771914
769521
776311
775623
773222
773312
776014
772170
773543
769969
769080
774013
768281
771108
778616
773614
771908
776457
771401
774080
770898
770943
773149
769562
772059
773210
772942
771779
768432
771692
773940
772526
776918
775317
773685
769383
772974
771266
775354
774258
774064
776948
774284
771993
773450
773407
772874
781262
771765
769916
776115
774651
773760
773278
771607
776040
773698
773111
772464
772203
769341
778886
773333
775568
775760
773750
777129
771352
775732
774458
777165
771052
772959
771604
770481
772452
775427
774160
772961
771923
772322
771781
773570
773881
770694
775475
771029
772665
772558
772257
772352
771139
774557
774023
773313
771796
771119
775963
771298
771839
771089
773966
771934
771339
775138
768008
775358
769770
769737
768128
776735
774412
771438
774221
777292
770811
774438
773309
775633
772517
772249
774357
770181
773386
770587
771315
773269
774729
771169
771718
772140
777451
773421
775604
773972
771986
774067
776883
772470
772597
775739
771202
767931
772556
773420
777691
774383
773280
775696
774021
772792
775258
771812
773941
772245
775253
774203
772154
774481
774161
773823
771857
771579
774620
771178
774628
774598
773969
770422
772943
770389
772900
772190
774018
772708
772643
772608
770675
769783
770763
768638
776449
772576
771186
774104
776055
774660
777409
772677
776077
773269
771327
771098
767604
772898
773893
771733
773202
770435
772129
774074
770577
772795
770854
772697
772164
770894
773363
772634
772534
771756
773051
779387
776293
776256
770056
770937
775252
771968
775081
771037
775900
777597
772421
774239
773019
773453
773867
773211
772796
771136
773093
778113
776834
774671
770998
771161
773347
771455
772172
771643
771955
776135
770562
776371
772162
777095
770699
770429
773418
775238
775051
772937
768806
773303
774410
772637
772518
771950
772621
774549
775519
774438
772443
774500
775055
775244
776110
774997
769887
771248
770309
770279
772497
776611
769932
770821
775330
775153
774877
775330
775365
771441
775276
776232
780012
775058
772519
777043
771974
775121
770235
775857
771589
773627
772723
777876
772471
771540
776667
770585
776201
773056
772128
776321
776978
774015
777500
770114
772603
770590
770726
773371
773231
775838
775943
769048
775606
777275
770013
770304
775033
771002
773821
778073
769279
777739
773095
776525
770932
770779
767859
770179
773862
772988
773373
774221
771966
771830
772732
773523
770481
771223
772078
771621
772845
775149
771107
773000
769567
769410
776923
771851
773202
772135
772273
773259
770943
772353
771262
778317
772426
773932
774363
772265
773836
772221
773133
776527
768297
772282
770656
771828
772261
775120
774597
770624
773746
772022
776264
769090
773227
775822
777744
775322
771411
772234
774192
772202
775983
773479
772861
770970
777515
771239
773197
775689
767838
775613
775632
777215
773498
769753
776215
770800
778484
776060
772674
770559
774933
774190
768164
770612
770767
775680
772688
775451
769959
776684
772751
771519
774373
773700
773737
774043
773138
774713
768687
773159
772096
776676
774691
774907
772525
773305
771769
771574
776203
772352
770609
771541
773191
768348
772190
773437
772580
773837
771274
774149
772588
773251
771568
772631
773890
772584
775940
775098
774795
771199
775211
774358
770461
773212
770983
773154
769305
774852
774090
774393
773919
771047
770696
771864
772376
771012
769708
774221
774341
771164
773656
774825
773996
772023
771908
772253
773451
767492
775883
770572
773733
772713
770609
773892
772006
772767
772424
774886
770654
772603
772803
771499
771832
772931
770283
771857
774652
772707
771670
774760
773881
775487
775708
768899
778313
777484
774821
776202
776793
769787
772876
773422
768245
775196
772270
774597
770555
773251
774942
774079
775104
772313
774843
767357
774639
773702
770003
772067
774369
775987
768721
776961
769810
773464
771549
774926
773186
775664
777248
775020
777250
774428
771965
776015
776432
771526
772343
771883
772432
769590
775047
777852
772911
778559
770306
774560
774155
773725
771980
768246
772448
769085
772935
777887
770016
772775
773825
769413
774058
775347
771887
776062
771135
772818
772057
772000
774292
774623
770274
773888
770434
772758
769592
771725
769917
775134
769583
770455
774035
769152
775973
769681
775426
769642
772604
770311
770440
776188
776713
774495
773553
771367
772718
773494
770765
771938
775470
772224
772421
775386
772692
774910
772350
770594
775275
770498
772198
776008
769677
767490
772742
776407
772202
771125
774390
773008
775257
776166
769641
776846
771152
775910
771033
772464
774545
770601
772221
776779
771953
775080
773101
771660
771194
771680
773283
768385
772082
777100
772069
773503
772098
772517
772124
773750
774250
777217
773064
773619
777329
772122
776176
775541
774162
773202
771526
774448
776183
774415
770995
771465
769458
775476
771272
773285
773514
773515
771983
771872
774173
771279
772584
773387
770287
772443
773938
773067
772568
769055
772620
771522
779154
772522
780575
769544
771542
770693
770559
775060
772403
772846
775940
771997
770373
772146
772332
770874
775671
770033
771790
771635
775776
773754
768609
770628
770662
774895
773156
773134
772569
771250
772191
773343
772895
771708
780718
768703
772578
771353
772894
770655
772439
773024
771413
772797
772876
769856
770394
774595
776303
770725
773264
771730
778612
772308
771509
770306
775800
772096
774584
770836
772473
771950
776629
771208
771683
770218
771123
770418
773994
773636
772932
775005
772444
771352
768410
772461
772152
773927
770607
774320
777618
774678
773740
773633
778179
770957
774138
769474
777888
774837
771300
769449
770240
779086
777243
777151
773607
773696
774718
771444
769219
769687
770491
771801
772732
774542
774550
774866
773771
771196
775346
771405
771649
771682
772368
775096
776521
775723
773540
769609
774930
772240
777288
767419
772145
772795
776619
775635
770361
777699
778384
769662
774183
769498
774822
771696
775880
776920
770247
771568
775715
770362
773567
772689
775018
772359
775623
779147
773721
772034
772330
770874
770646
770121
771345
774558
775798
774910
770464
773217
772847
770119
772756
773440
772938
775793
773284
772503
774185
771024
774789
772072
771587
772202
769063
776053
774428
772823
773158
771329
770452
768970
773419
773722
773348
771341
772200
772360
770861
771824
775700
776277
777248
773453
776460
771560
771795
770721
774567
771951
773738
774861
770306
774112
770342
771722
773342
775080
771048
772252
771377
770652
774483
771761
768621
775399
769920
772770
771130
772066
770840
776109
773326
776326
776191
774737
774634
776460
777098
771558
776752
772281
771556
772445
771076
776745
776139
771411
771299
771586
772964
775296
776608
771717
774377
771546
773133
772320
771908
772196
771215
769987
774199
775640
768144
771570
771865
772448
772366
776375
769933
773810
766912
777722
772696
775287
774261
768857
776218
775032
773000
773322
772832
777615
771937
775619
771005
772846
774594
774230
771308
773712
774991
775108
774458
769215
773369
771606
773176
774731
770024
770878
770354
775277
776121
773714
774787
776305
775152
774396
774250
772285
770305
772904
771936
770266
778687
775571
773003
773445
774376
778590
772083
772447
774761
775785
773858
771099
773258
771179
769292
775663
773387
769857
775607
772268
774182
774228
772854
772263
770144
774869
774958
774834
773873
773020
770725
776039
771380
768939
772297
776994
771272
770463
769446
770515
769416
776378
776378
775471
775158
772076
770999
773836
773114
774725
771422
776158
772702
770616
772603
773367
771633
771019
771593
771645
770110
772100
772282
777213
775494
773170
772551
771508
773881
770693
771305
773896
777100
774287
769104
772239
778046
769684
771331
776944
770065
771503
770426
773798
770693
772477
770254
770510
769571
770717
774309
771601
772422
769695
771262
773979
780181
777627
773882
774299
773893
772072
775976
769231
774933
774602
773411
774173
774715
774102
771879
775501
776334
771888
772322
769519
777126
772843
771603
773164
772532
777637
771387
773915
774752
776240
774588
780043
769548
774316
777894
773878
770086
770136
774671
775508
772434
780030
770494
772825
771090
770537
772044
777632
771862
770642
772089
775916
768902
772413
769394
775051
774975
776902
772386
772974
772113
771654
770165
773488
772769
773067
771218
772853
771792
778282
775133
777859
770291
774192
771682
773870
776292
772403
775660
774210
777177
772227
770578
774296
774632
774868
774313
771759
772826
773498
770007
772366
776540
774207
770921
771034
770603
773219
773508
771145
772809
775588
772142
771939
771588
773747
771288
771172
769410
774917
772958
772877
773339
770994
774751
776810
771017
773734
771857
772838
770348
771838
774076
771038
771845
769016
770012
772563
775066
774436
772112
777946
772023
775551
770623
770812
774965
773222
772454
774330
771997
772511
771968
771234
774502
773629
772556
770024
771951
772941
776258
770498
777870
771992
772760
773998
774133
770597
775327
772127
774845
770460
774660
770818
776738
771875
772687
771239
768777
775187
774301
776838
776110
773756
773617
776682
772840
772365
776452
770884
772045
769278
772191
772377
773661
774447
774993
772923
771028
774083
774379
780837
772756
772552
773667
773420
772603
772727
770670
773651
770860
773326
775987
774147
773612
773994
772113
778392
776655
774256
769814
777279
777348
770014
772141
778118
769871
772233
773540
773579
774558
769702
776972
776525
771293
776016
772264
774732
781706
772008
770345
772727
772013
770220
772921
771171
771267
772193
773506
771688
772604
770426
774072
772105
771952
773143
774560
766697
770335
773814
774178
770675
774285
770594
769371
774901
775012
774754
774426
771606
770794
771883
769650
776441
771420
774151
772113
768176
769588
770930
775850
773405
771170
773013
771940
773314
774436
772699
770240
771222
775574
773901
772092
770692
772640
773884
775015
772409
774407
771507
772282
770949
771789
768448
772012
769645
775577
777295
776219
769615
777235
770576
775013
775866
774862
773253
773203
771937
773560
771297
770492
772933
776491
775626
771822
772378
768901
771367
773504
773701
776694
773376
771536
775297
768648
769458
768412
777237
773281
773879
770880
773328
772243
771879
772836
769735
771295
773284
773765
771782
772929
777168
771865
770199
777268
774510
774672
770632
770102
772702
769936
772908
776192
777423
770345
773329
772917
772963
772480
773957
772493
772679
771380
775874
771585
772721
773875
777221
772993
773161
773611
768972
771733
773200
769462
771903
777261
777303
772141
770144
771732
768954
773263
772200
772806
771365
773338
775062
775732
776187
775104
774794
771522
776549
775210
771762
776077
772071
772584
781562
772102
773295
772047
769757
775149
771858
771594
770083
776489
775822
773781
773089
771143
772615
770987
770135
771964
770510
775077
775482
772021
778272
771784
773701
769272
773325
770980
772348
772315
769388
775360
775797
773408
772862
775424
774142
779410
772452
771130
774332
773655
772863
772101
776851
772373
771531
771756
777204
772214
775106
774309
771550
773050
773175
772379
774417
768201
775191
774064
772683
775546
772055
773028
770609
772317
778143
775679
776137
773914
774827
772917
770177
771859
775598
771672
774151
772862
774833
774671
777032
772427
778383
773157
773663
777942
771432
774184
772277
770761
775420
774721
776471
772074
780861
770603
776553
773837
770562
771402
774131
771938
769495
775295
775735
775347
773847
771357
772287
769450
771960
772074
777592
772682
772479
771789
769691
776649
776102
773687
771342
772846
772431
775149
775311
769684
770807
771507
776086
773917
774039
770345
772718
772534
771469
771253
775489
769061
773416
771924
775175
772408
772087
774159
774649
772888
777577
772093
774217
769805
770246
772061
772539
769044
774501
772185
774116
770401
772373
774186
774328
771796
769946
773964
772508
775834
771610
776887
770602
775406
770278
771902
771735
778507
771634
773474
769192
768616
770585
771815
770497
771869
767847
773546
773437
774056
776824
772894
773384
772218
771327
772823
780966
770834
770356
771121
770531
778113
773415
771830
774620
768681
772638
772701
777002
775232
771519
771093
773116
770649
771431
770179
771845
772336
774399
772955
771481
773115
774506
774381
771594
774916
773720
772753
774690
771238
768811
774219
774960
772349
773868
773150
770205
773605
777155
771615
772649
772852
767255
776093
771728
776853
769248
774329
776102
772019
777460
774269
779396
772610
771233
773747
774181
775801
775738
777063
774203
775437
771290
774709
771016
773252
774670
771061
774166
775015
771981
771719
769013
770555
774255
772871
768628
775293
773149
771978
773085
771998
774324
778426
776186
770936
772334
773105
771154
776454
769696
775315
771709
767921
775547
775717
772693
770571
771118
768914
773768
773307
769415
774324
771360
770629
774876
770058
770843
773286
772028
770842
774029
772115
775022
775048
771019
772087
772594
777119
773587
778972
771702
772381
772105
776386
772058
772123
771260
771179
770353
768813
775069
768877
774564
773992
773568
772278
771704
774187
775825
771508
770648
775138
770923
773638
776660
772067
773214
774501
770376
778130
770214
771142
770406
773056
774000
774638
775753
770090
775106
773715
772542
775226
772081
776466
775711
775339
776490
769656
772086
774756
772968
770971
773150
772925
778337
772694
772513
773731
772279
773124
770752
771270
773531
773052
773937
772435
773969
777585
772645
778815
773776
772359
773221
770826
769096
772619
771255
776015
775312
770672
769692
775703
773962
768085
772186
773641
768810
777518
774638
772787
771015
773939
775300
777210
770263
777283
771542
774484
774332
767650
771173
770823
772544
772733
773575
776606
774988
770487
770449
773351
772203
772882
770940
771320
775944
773262
780674
772105
772167
776274
774943
772778
775523
773157
771879
770536
771780
769844
768964
775401
773272
778027
771831
771353
772494
771739
775790
770152
774758
768593
773803
770417
771977
774066
768487
774597
772532
769910
768972
769712
773743
774628
775082
771374
772603
772729
768955
772404
769249
772966
770710
768829
774055
773378
769168
777217
770515
774876
770208
775385
769567
774974
776259
771336
777163
771557
773391
772240
770048
770397
775163
776011
773513
772455
772453
770213
773863
773873
771320
774329
774079
772287
774507
775015
769786
772795
771204
772817
771793
771984
771563
775203
775550
769746
773823
776334
773054
769307
773844
769829
769091
769852
770740
772761
770305
777471
772121
775595
771308
771794
775460
775041
770970
771768
771420
776414
772021
769683
772628
769995
773896
772989
772901
773483
771953
772136
775498
772306
775879
770887
771569
774405
774150
775068
771944
774029
777536
771233
776978
774552
771866
774581
770492
773550
771000
775750
771504
777318
774998
768245
770994
769799
775080
773925
771177
775142
770395
772943
773814
769779
773342
773142
769146
770311
775608
777325
773536
771656
770142
771930
774215
771616
774701
770746
777917
771994
769947
775970
770414
771130
775327
771813
776574
772351
774040
770775
767211
773017
772279
775929
776749
774429
775641
774689
770543
773720
768489
773814
772311
771962
770942
773479
775672
773020
770963
771868
773989
775192
772148
773200
770001
775051
772285
773428
774158
775905
770688
775509
771519
770641
773847
771499
775593
772406
769438
771278
773692
775137
771407
776282
775467
773075
769469
775739
766964
775462
772924
772552
771947
770571
769806
773993
768536
771442
776709
771491
775589
775290
772375
774828
772217
776597
772814
769963
773282
772557
777820
772258
775347
772103
771391
772728
776082
771630
773439
768241
775667
770418
775169
776664
777648
774715
771053
773562
771053
771453
769951
775224
770491
771981
774185
772439
774085
771888
771263
771637
769376
773591
777449
772164
779435
773499
771469
770784
771107
771316
772095
771315
770694
769502
775217
769828
771832
771906
776809
776738
773932
774150
772439
769090
772626
771001
775873
770201
775241
773221
772648
770289
770432
774000
777275
773744
776347
771963
773853
771655
770731
774577
776353
773737
772613
771016
775569
772713
771110
773345
772140
774481
771762
773999
775744
778967
774482
774104
771841
771422
771249
775212
769852
771000
768591
774142
772787
773353
771833
771065
773861
772902
769851
776453
776290
771415
775467
776442
776542
773460
770361
771530
772034
772052
770934
771823
772638
768045
772657
772024
774475
778866
773591
770733
776243
770191
772577
776831
775112
771783
773598
769167
775960
773833
769771
768606
773696
775533
772600
779086
773398
776383
772504
773027
774305
774434
775485
772173
773746
772052
770912
771008
771789
773145
770104
769348
774497
771982
771329
775737
773442
769755
772201
776683
775382
772024
772430
770846
772556
774165
775483
774915
772746
771146
775152
773922
771844
772577
773790
769972
775764
776622
778696
771090
775670
771407
774200
776082
771120
771286
772094
773920
773422
775080
774984
775115
770059
772239
773794
773786
770383
773002
774634
769246
776031
770640
775268
772919
773390
769960
770043
773969
774543
772142
774875
770662
777392
773866
773100
772632
773164
771041
771905
771875
772349
774415
769826
775495
774454
771199
770154
771580
771914
768771
775835
771098
775201
778818
771360
775641
775625
775062
772310
779588
773351
771297
772644
774157
769780
770506
771241
771429
773907
775404
775782
773827
775433
775214
776697
773835
769880
775724
774963
775547
770486
769773
776340
776206
775236
775662
770634
771461
768246
773740
775650
769004
772925
771502
773066
772006
774679
773133
775467
772985
777111
772863
776670
776636
771933
772715
772890
770109
771810
773083
771469
770900
773098
769628
780380
772487
771032
769106
775386
772750
772607
773706
772004
773372
769924
774207
772314
772036
772019
770317
774717
771125
776113
772172
774691
770857
771196
773945
770979
769869
771093
770736
773781
771696
771921
775459
772245
770681
770824
774184
772851
774771
774051
774346
776092
774142
771959
772961
770039
771111
776573
773364
774904
774069
774476
776201
769284
771803
774932
774300
771784
772267
774751
775548
774326
769002
774296
773549
770209
772483
776920
777014
771022
774930
771190
773382
771635
772830
771746
776865
772132
773375
776051
775183
774196
769642
773909
772953
778067
779297
778043
772068
774384
774598
771253
773916
775068
769200
774605
772132
773548
773352
773384
777904
769980
771642
770451
770456
768882
774408
769325
775451
774363
773536
770042
774004
771801
776196
770302
770882
776724
772128
771335
773127
774303
771947
769089
773227
776810
769616
772022
774697
776786
770947
775835
774055
774460
772184
773766
774586
771393
773053
772547
776564
771691
774786
775674
769468
774322
771543
768902
775541
771950
774379
772984
770998
773784
773208
771440
772324
777856
773484
773555
774479
771526
769585
774221
772719
774447
771533
778019
771227
775023
773545
773646
773385
775616
777767
772337
774027
768695
772158
769734
774533
771092
772499
771802
776224
774933
771392
770518
771710
773324
776080
773449
775459
777434
769365
772945
775822
768061
772868
774111
773079
772759
772957
770630
776499
772282
771243
773195
768678
775065
771914
771151
777118
771340
774416
775040
779806
773258
774216
772817
770362
773031
775004
773462
773625
772372
768527
776475
771614
775349
770794
771265
778051
774723
775857
778771
774250
771700
774444
774370
773233
773045
771834
776762
770049
776703
772254
768097
772751
772902
770067
769136
770575
768276
773441
772309
771243
772172
772764
772097
773533
773527
774611
775078
768672
777291
775807
774611
772371
773611
772282
771140
770890
774402
770685
776549
777900
769913
770884
773246
773074
775425
773230
774180
771595
772627
773882
775594
769910
772212
771879
771775
773072
771106
773306
772595
773412
770914
774333
770425
772856
774772
772894
773103
772274
775718
776495
772460
773322
771294
774292
771858
772522
770399
773188
774496
774778
768236
772196
772184
774393
773796
772990
769420
775901
772771
772008
774302
774708
774620
774101
771466
774203
776702
771663
769348
775550
772022
773673
775404
776593
774586
772821
772963
772179
774812
774421
772674
774183
774457
774190
772431
776368
768537
769811
775503
773387
771193
776575
778737
769510
772025
777486
774440
771789
772440
775882
773841
772566
774379
774217
767812
775134
770427
771912
773084
770291
772519
772057
775434
774543
772264
771709
775935
772070
774630
776053
776035
770725
773402
770409
774407
773166
775280
777355
776024
771382
771210
771677
773635
774921
777697
771704
771080
774931
774703
770614
769561
771664
776472
772877
775068
772080
774398
769775
774516
774135
776031
772938
771918
773193
773801
767970
770517
778792
774232
773265
769474
778588
771624
771084
773678
775661
775537
775531
775166
771072
769500
771554
770964
776257
774418
774731
771093
774254
768593
770796
775654
771124
769008
770541
775372
775095
776344
769709
774148
772892
772970
772548
771651
776424
775287
774686
774878
768254
775205
770784
773652
770456
770888
772949
777331
776899
772630
776470
769891
771830
773061
771726
773958
771409
771812
770664
774205
773374
768996
773092
770347
779040
770821
773414
778932
773842
772180
771538
771940
773318
770162
770789
774334
771624
772955
773279
774697
773407
772765
772364
773782
772973
771601
771394
773144
771987
771517
771452
775635
771422
772677
775939
773995
768351
773099
773948
772229
772135
775676
775364
769728
773566
773282
768661
769892
772679
771189
772352
772970
775256
770210
768418
772394
770415
771777
771595
774539
771937
774505
774574
771549
770718
768228
771201
772107
771559
780380
776230
773466
771417
768732
774865
774216
770252
774892
775963
778830
769846
770704
775748
774009
774290
773823
776673
770319
772671
772559
771878
775496
770381
769228
769473
770887
776389
774434
772865
776201
775014
779648
768277
769201
771053
772833
774728
776106
773753
772678
769347
771227
773371
772187
770748
772215
769502
769722
773963
775616
777437
772444
775014
771305
772866
775555
772885
772519
770205
776181
772984
770374
775441
772497
769839
775259
770621
772680
775691
778422
771987
769486
773461
771632
772503
773881
768637
770613
774094
775740
772474
770892
774890
772760
775533
769130
772661
769714
772793
773656
771126
775245
775904
771301
775938
771510
770769
772889
772464
770772
774807
773051
773982
772094
771286
771059
771754
771415
770036
777226
771871
771450
771715
775887
776185
774803
775764
775981
773518
772256
771671
771291
771950
772903
772719
772918
772477
775508
773432
771136
771944
772082
770545
775030
774901
768934
774415
771189
775266
777520
776106
773680
778790
777125
773621
775949
770127
770717
770359
772885
772939
773797
768225
771442
768676
774683
776994
772364
770430
772241
771996
772915
773802
774802
771522
770513
774495
772611
771948
773371
770991
775687
770029
769288
772758
774966
772507
774886
770061
768889
775930
773926
771847
772931
772267
773527
776474
774762
776643
773323
771974
775326
772949
775589
770391
768025
773786
774662
770988
771323
770338
776246
771578
770778
772143
774253
771999
776183
778229
769916
775487
772756
773081
774892
775577
769105
770610
774526
773541
774009
772915
774652
774954
774876
773615
768065
771032
770871
773205
768457
775836
775044
773259
773379
769586
772846
773775
771631
775050
771376
775875
769396
774500
772728
773988
774157
774785
770752
772238
771340
771411
772769
773359
773638
771922
768819
773710
772044
773684
771457
771491
773746
775079
775995
771540
771338
774991
774920
771515
773466
772692
773994
770493
774569
775019
772265
772338
775906
772082
773687
775907
769479
773095
775180
768519
773255
773349
775769
775861
768494
774870
776297
773232
771357
773088
770487
773987
770483
771954
774987
772203
776901
776716
772698
770810
771193
774771
778160
771239
776963
773697
774773
775125
772875
773894
774180
775323
771905
773378
777040
771825
772969
781780
776041
775215
774772
776788
775040
777909
770537
775019
769957
773317
775019
771701
774326
773012
773330
780141
772496
771477
772505
776181
773169
774151
774195
775253
772234
770097
771357
778354
772378
771119
775370
771074
772694
771900
773676
771474
776472
774699
772748
774688
772076
770351
774485
778230
774507
772339
775470
772671
773170
772055
773940
773710
777131
774372
771274
774417
773118
771575
769854
772136
775584
775274
773421
774714
771635
777077
774357
770183
772173
774787
778192
774929
772510
771505
772363
774386
778076
772475
769404
771573
771779
773096
778135
774089
776887
769260
771579
778301
771974
776796
773271
774834
774499
775164
772845
772693
767947
771075
775109
773547
774436
773812
775899
772437
778553
772818
773024
778203
772348
775521
769973
774482
774497
774303
775886
769749
769384
772389
775389
769378
771188
775138
771239
774066
774989
777990
776035
771513
777470
773471
774663
771323
772114
776970
772074
769315
771387
769203
772830
772052
777062
773667
771546
774480
773938
771468
774434
773993
771907
772562
778604
774418
774642
769179
772245
774745
771056
776405
775752
769756
773955
774253
774480
777522
772584
772770
771053
776576
772111
772806
777098
775517
775568
770599
775915
771606
776224
773508
776971
770097
771044
770448
771511
773882
771775
772647
770798
777115
777368
773805
775280
770672
775818
775260
767834
775555
774178
772369
770981
771542
772318
769977
773217
771068
770377
772157
772797
768482
770890
769985
771276
773753
769543
773094
776799
770438
773037
770554
769668
771750
777321
780362
773626
770970
776872
773673
771053
772937
774248
781122
771267
768614
770263
769514
776426
773456
774537
774645
768759
771828
769992
774772
771857
772226
775199
770694
775814
771581
775044
773642
775448
772389
768595
770533
773902
773968
774703
771296
775387
773907
774226
776452
771964
771149
775358
769614
772205
771939
775257
769680
772086
775711
772366
772502
774442
773441
774012
774881
774726
774482
771775
770399
772787
773578
768422
772657
775615
771904
770959
773454
769885
773202
771696
776477
772597
770009
776585
768992
772510
775774
770807
773361
775011
773740
774596
772054
775392
771967
771995
773036
774650
770693
775921
770617
773421
773377
769348
773170
768976
777287
770441
774364
774178
768033
775916
771015
774862
774034
768863
773115
774496
774734
770789
775457
773275
775854
774422
771373
775341
773651
772377
774680
775160
775207
771738
773095
774619
769664
774921
776406
769596
770828
774351
771826
778977
776976
772951
773012
776783
770576
772633
771540
774019
772312
771022
773053
767315
772577
772875
772874
774588
774746
769613
773311
772775
772846
775278
774115
775828
776275
773482
773952
770175
775674
777948
773673
771815
770533
774229
771403
769707
774713
775848
776088
772550
774550
771178
772242
773370
772445
775642
775954
772061
768711
771205
770412
772191
769189
772292
771553
772099
770622
773744
772986
776239
769488
768896
773217
777060
772633
771680
772135
771141
773473
771305
771043
771552
772852
772234
772730
777149
771515
775780
772981
773191
771063
774068
770227
776553
772294
778804
773234
773918
773013
772277
771604
771152
770526
774883
770102
769227
775101
771359
768525
773500
774844
772293
771439
772328
774710
768498
776075
771089
770925
772548
773698
771702
770684
770676
770380
771520
776677
774174
772431
772569
776015
773865
772943
774537
770303
771909
773137
776688
772940
771621
774704
777807
772853
773582
769892
771320
772583
772879
770831
770154
774729
774419
770826
775701
771317
770733
773708
772730
774225
772280
773325
773296
773750
771371
772138
773120
771704
770475
771492
771782
777150
773430
771294
773140
775656
778134
771731
771124
775452
773149
773679
771351
779368
774215
772886
769931
771481
775534
776481
779007
769749
768927
773330
778157
771367
773663
771223
773013
770238
774290
772551
772250
771833
778619
770843
774581
774100
780388
776264
771565
769138
771858
775496
772103
772779
771491
769286
771941
773588
771866
771159
772912
770670
775835
770661
773748
775724
772835
769879
772090
772230
775074
768047
777371
771116
773268
770635
771845
773198
774401
773140
771749
773381
771105
769954
767342
777294
776600
774355
772779
774952
771681
772950
774897
773398
772239
773758
773296
772635
774207
775746
773306
773386
777499
772036
773187
774976
774248
774202
777113
767791
772900
776388
775433
772870
773109
774228
772741
779781
772571
772360
775056
773301
772239
775447
774604
768992
769973
773195
771861
773699
773689
775519
769904
775767
773072
773500
770489
775477
768491
771296
776755
780218
772949
776433
779145
775381
775728
768792
775593
772811
774019
769549
771969
773167
779941
770641
776098
772338
772104
773850
770154
769344
771920
770237
770902
773973
770614
769284
773625
770915
773356
769961
772170
770933
772934
770948
773641
770759
771610
770080
769258
769453
773411
776636
768017
771372
767748
771543
774980
772630
774793
771698
772062
774384
772432
779398
776781
777093
774017
773374
770731
771322
773886
771359
772327
771024
783263
770422
772638
770204
774506
775904
770716
771558
772346
772677
773395
772383
772140
772741
776201
773024
773075
771267
771939
774684
775596
775976
772211
770700
769476
770295
773187
771683
772389
771301
775715
767716
770557
771348
773137
769728
773507
770935
774268
772735
774199
774992
771712
774023
772962
777729
772790
771766
776972
774450
773109
777263
770163
772141
774703
775299
772546
773667
772111
777762
770207
773571
772632
775938
773597
770352
772717
770792
775231
769529
771229
772072
772882
774103
770522
774248
773619
778693
773094
774248
773826
773424
775983
772097
775824
774096
771661
770150
769381
772536
773976
774109
775463
773733
771397
774308
774991
773049
775785
774571
770406
773057
771209
770462
771657
771130
773385
775308
774670
769256
772159
771641
776488
771946
772018
776140
775604
776681
772931
774702
773620
773708
772245
769290
773528
773889
774189
772085
774250
768854
771493
772616
772520
771085
771178
773820
771767
773917
771067
772741
770972
774922
773752
772351
771259
771934
773007
771489
781179
771633
775932
770369
777183
770853
772870
771893
774167
781763
768636
771731
772674
773676
774719
768608
771576
769706
772047
773973
773659
774651
774499
774794
771911
775628
775628
771154
772210
775273
773149
769332
776458
772536
774306
775313
771342
774783
775776
776864
778380
772312
770929
772392
772984
772047
773878
772359
770690
773814
773006
774262
772002
770156
769455
771222
773447
772216
773238
776477
772737
772137
770041
774694
774225
773624
771929
767608
770473
774518
772648
774586
775612
775980
777404
775140
773073
774334
770682
775316
769871
768388
774949
774625
775101
776671
773604
768259
777867
776663
774429
775200
773542
771082
773174
771272
774222
769915
772311
775615
771167
776436
773481
772545
773432
774458
772588
770278
772837
770563
774963
774239
777800
776935
769874
773357
770208
772314
776335
774624
767748
770073
774196
770153
769590
773863
771672
771551
771032
775053
774006
769973
775650
771772
771769
773722
776033
772669
776386
770292
774691
771573
770903
777428
770269
772623
776283
774137
769293
770635
775731
773429
773611
771169
775333
775210
771717
770820
774966
771658
772353
771007
768989
772294
774947
773987
772401
772143
774281
775452
773946
772699
770903
773661
771269
774343
774523
771959
773397
770867
773669
768890
777666
771235
772200
773021
773315
773360
773423
771280
773110
772653
770189
770398
773315
772292
772180
772696
772131
771708
775898
774989
771134
774167
773283
771748
771136
770862
774528
771637
777547
769668
775937
774583
772980
779868
773021
775033
774780
770463
775058
771799
774658
770108
772518
774987
774008
771026
771612
777714
770012
770815
776609
778140
775946
778150
775892
774765
774858
775204
770643
774228
771408
773845
769710
776540
776635
771656
771512
774682
773730
772711
771454
775645
772005
771031
772825
770865
772953
773857
776707
767914
773176
776308
772480
777471
774022
772834
772206
776163
776389
772572
772280
767494
773151
773476
775145
774881
777957
773135
771095
773632
771846
773084
775930
771863
772474
770166
773661
771273
771136
774337
774671
769500
774188
775212
770552
770171
772904
776500
771674
770863
769917
772080
771851
775752
773176
771851
769015
769465
771771
771267
774107
777077
772617
774175
773001
772154
773606
773287
770175
774297
773183
770703
770904
772760
770271
774080
772590
770955
781850
773743
772834
770396
773759
769991
769764
770859
772814
775010
771421
773578
775102
769770
772677
773595
774947
771157
771781
769282
769319
775060
768694
774658
773788
773264
768974
773974
771868
770680
769881
774693
771108
779188
771348
772638
769986
766770
778244
777475
770547
772193
774487
770178
775051
771950
774401
771436
774316
773906
774037
774295
776103
772399
775032
776005
771289
776330
772401
772949
778835
770238
770581
773471
777547
770903
771487
771335
775475
776616
770756
772430
772771
773619
769512
774430
773960
775334
772357
770662
769888
774731
767466
771740
772662
774385
773440
779518
776044
772829
772187
770446
772402
773271
775172
769517
772798
773072
771043
775809
772315
777256
775614
778541
774930
774792
777684
771036
768846
775588
768992
773129
776965
769067
775106
773275
780605
772783
770612
773055
772849
774307
770423
772437
772524
773007
775547
770705
776496
770760
768542
773901
777226
775020
774145
772953
772084
773960
772180
770442
771679
769430
777845
771284
769955
773918
770473
769520
772931
772039
775023
770265
774427
773243
772287
770822
769343
776015
775199
773848
773924
770751
773692
775526
775292
778033
772942
774842
772325
771928
770771
770313
773080
775014
773327
773693
774535
769951
774455
776598
773719
772384
777625
775640
772590
776234
770956
778643
775339
772194
777587
775041
770225
773192
776334
771176
773101
774477
771733
776074
771377
773697
770929
772809
771684
771791
774272
779191
774446
773986
771741
774784
771758
772232
772330
774014
770737
772041
772187
773227
770834
772163
770655
770935
771799
773802
777989
770296
776560
775366
772859
772303
772180
773548
771458
769685
771289
769959
774277
769154
774789
773379
772855
777315
771306
775224
774133
771635
775261
772334
769907
775325
772860
775722
771464
772596
772728
772898
776343
771102
770838
773261
774201
772068
774752
777292
772858
773811
773394
774460
772133
774278
772786
772507
771884
772889
771746
775152
776642
774702
773659
775130
768162
774164
769882
772298
772618
769909
771930
779621
773547
774241
772705
769948
770603
771251
773569
773643
775958
772117
773033
769126
770223
771499
773425
774634
776262
775415
774812
774770
774633
770948
772138
777373
775222
772790
775516
770057
774914
771556
771575
773912
770211
773244
768052
771230
774055
769815
769591
776432
774407
772132
774424
767225
772513
768411
769879
776031
769855
771468
776665
772709
776238
775900
771702
772255
773188
777533
772027
772667
775540
773313
772274
771981
770631
770673
773304
770846
770047
770978
768343
773055
769279
773128
779106
772946
771446
773733
773437
773341
776015
771770
775673
772263
770593
773954
773317
774133
774295
774942
770075
771100
772952
774953
773557
774049
775890
775157
771149
773901
771282
772554
772959
770743
772033
775823
770980
773902
775103
774435
772712
775188
774682
770069
774293
773337
774354
774814
772261
774591
772222
774642
773717
774934
775842
774080
773835
771853
769129
773466
776032
771025
769592
774756
775363
774581
770992
780075
771695
770555
772540
772108
768429
770378
769785
773932
774927
772106
774657
776345
775376
769681
773457
773315
776722
774176
775991
773535
778825
773752
775073
771958
770905
773858
774896
772023
777130
769979
769461
771952
772501
778276
774347
775204
776625
773520
773695
772689
772503
771108
773082
772581
773603
772688
770755
770910
770815
773511
774944
772853
776677
773001
775298
777760
773172
769563
776717
770632
775156
772177
775304
773548
771139
778737
769276
776578
770270
772401
772041
772375
774357
778022
771051
769627
772696
776235
774859
772837
774692
780031
769949
776251
774518
770897
774047
771966
770762
773713
773523
771587
768542
774265
773389
770311
768906
770731
771604
773607
774961
771003
771059
771512
773470
773069
773320
776243
779252
771132
769883
780239
770243
773178
774675
774907
773820
776063
771416
779665
774698
771746
767918
774872
774656
771006
773348
775300
777553
773262
771981
771975
772841
775150
774410
774179
774643
779704
772819
772565
777481
773093
770288
771765
774314
772690
774005
772821
774225
773964
773268
770300
775370
770037
770648
775315
772565
775097
773204
775831
775622
772510
770033
771924
771613
771452
769931
773252
772171
773794
777952
771141
776676
771472
774029
773999
776271
775452
773385
772388
774434
771016
775329
772660
771849
778759
774060
776107
771337
770868
770493
778568
776168
774517
769357
773403
774560
775079
774265
771241
776452
771946
770902
773467
771334
771960
772903
775658
772292
774073
772399
774483
770113
775211
776267
771778
772249
771920
776791
771759
775351
773459
775273
773510
772844
771375
772765
773469
774507
772787
764927
771959
774492
771830
774533
774427
771517
775282
773038
774774
772620
770873
771726
771948
774146
767879
772953
772824
775017
776839
773449
772418
773439
770996
771400
773666
780019
774024
772278
774798
773649
774558
772238
776046
770409
770520
770165
773737
772910
775311
773552
776157
774043
776514
775469
774370
773812
774638
772704
773766
771881
773511
773764
772099
775163
776794
772938
771969
775684
773570
775457
774225
777270
771952
771239
773127
771722
774157
772211
774795
775240
771688
771896
769325
769411
776096
774940
768166
778455
771620
769203
776607
779408
776444
775057
774446
772342
774436
773426
774253
767965
777071
771100
769916
775618
771131
773775
771943
771369
773595
773094
773204
774800
772902
777799
773457
773395
776545
773703
773783
771858
774387
771864
774533
771617
768582
771695
777799
773756
771823
771410
772941
777307
770268
771397
772382
771603
769434
776447
777418
771674
773128
772658
774270
772934
773425
776170
775942
775862
777299
776882
773188
774668
773038
777977
771857
768280
771794
772350
771252
770374
770909
774817
771575
771906
772694
771942
771550
772821
774611
775111
774701
772630
773306
773884
771174
776373
770151
773128
778434
774511
775459
772258
774051
774621
769008
776897
772513
775346
773783
775736
768753
775643
773898
775740
778090
770705
768998
771092
773600
771839
774694
772017
770886
772281
770434
774572
770194
770064
775184
771303
771369
771050
772393
771461
774065
771322
774557
773149
774867
773124
771419
767573
771662
773780
774860
773001
778966
773590
771942
772434
772682
771322
771605
773699
771737
775239
774485
773493
776587
773565
771797
773306
774014
773468
773712
771693
775238
771147
775868
769011
774561
774507
771745
774359
777055
770971
772009
773840
774720
773332
770190
775994
771076
772218
772696
773246
773296
771452
772317
771167
774379
771082
773635
773767
773792
775162
769441
779389
777020
778640
773813
771870
773520
775276
769964
770753
773917
770496
771826
773024
772653
779037
774516
774153
771860
775147
772553
770096
773064
775605
772066
770197
769409
771764
774881
771318
769255
775576
773888
774202
771860
769363
773005
771743
774188
775289
775393
772114
777752
775554
770865
773487
768712
770870
773653
774552
769019
771695
773808
775216
773724
770796
773425
774246
775449
774508
772615
769706
778045
773522
769367
774361
771595
770614
770858
773919
772024
769058
775370
773024
770565
775823
770968
774234
777879
770708
772799
775563
771229
773955
770219
768765
775785
772077
771431
776151
772726
774638
774752
771992
772756
771997
772075
775458
768063
768575
773158
770970
775496
775332
772627
769815
773021
774513
773592
777360
771108
772512
772601
775021
775996
772830
766762
773472
779222
772913
775711
771679
771620
768977
772926
772794
771603
774121
771171
768279
771150
772453
772597
773333
767994
775633
771698
773134
772973
775314
768386
774499
774254
771280
778047
772214
772637
771184
775499
772718
774027
770770
769527
771417
771297
772245
772275
772778
775212
777675
769331
778366
774450
773413
772002
770117
777221
774081
776025
772840
776183
773341
776209
775818
771897
778832
775447
775061
778560
776059
773358
771600
772567
772231
775115
772641
770910
773068
771207
775886
773374
772281
773624
772031
769719
774285
771179
774461
773220
771901
774074
769071
770971
771709
774788
771851
772824
774670
771026
777443
770237
773064
775397
771874
772379
771089
774059
774055
770271
773066
773295
774990
770093
775478
772142
774695
777022
772786
776019
773550
772295
769408
773246
775861
772080
770334
769548
771819
773484
770700
773594
770726
775359
772292
773982
772539
774626
771587
774423
774924
771887
775519
772979
772680
770440
774780
778188
771727
774101
772750
774074
774971
773407
773205
775364
777664
773540
776956
772026
774462
772245
768721
772045
768526
773946
769964
771138
774904
773032
772383
771621
773328
778405
771309
771808
772153
768811
769062
775760
772936
770194
772627
773783
773194
769609
773212
770401
772495
770700
771771
772828
772882
772251
771227
770621
770659
775634
767912
772079
776015
772365
771675
770531
775917
768875
770040
777462
777698
776610
773473
778265
780754
778273
774850
774946
776080
768497
770197
774010
771430
772246
779011
772577
772332
770682
770060
771652
773169
773979
773158
774013
772974
772914
772145
772733
770462
770871
774803
771971
769597
777307
775964
772325
775952
773399
775220
770823
774737
773559
770355
772386
772047
771664
774004
776962
774862
774795
769328
768855
776009
771445
772230
773705
772475
770548
773146
770646
775024
773327
773858
775899
773101
770627
776338
772874
769372
769310
773108
772644
772834
772715
773381
773977
772640
776527
774823
776320
776179
770319
772825
776102
777538
778612
776642
769723
774082
776402
770840
772496
777488
777246
771586
771467
772566
775196
770581
772949
771239
773972
769953
772586
773803
769009
771903
771804
774590
775018
779053
774031
772397
770867
774413
770149
769283
774503
771384
773627
770046
776376
771472
769162
772096
776974
774555
773451
775519
775939
771148
773391
773582
776045
773874
775077
772625
777709
771173
774306
772150
776302
772596
769847
774381
778476
774078
772522
773499
773400
771571
773278
776171
773392
771841
773187
770621
771837
773858
771667
772779
775592
770461
774627
776733
770856
776252
773874
773745
770414
772996
770056
773102
771054
772736
774091
770274
772522
776353
771685
770305
773101
772154
772123
773425
776121
769983
777110
770331
771386
773299
773085
774018
772558
774608
774492
770238
773213
773643
775971
771326
771120
772895
777772
771134
776490
771064
773884
775736
771382
773209
769980
773213
768976
770494
773769
772718
777844
766978
772257
772214
771733
770246
774936
771676
774747
773917
773943
772866
770948
772808
773989
773314
776991
773825
771238
771644
771624
772414
774231
771850
771045
775068
772361
771167
774509
769436
772715
770485
772001
777760
774828
774133
773817
772465
771634
769794
771497
773475
775696
773670
774508
770168
770244
775008
775425
775753
773714
776116
774363
768812
771691
773912
775174
771095
774604
774295
772584
773395
775127
772824
774846
775742
774622
772439
773310
771914
773397
771487
776046
776723
769614
772708
772436
771849
773128
776313
772127
772294
776285
771566
773913
776279
774965
779597
774241
772489
772699
772821
775655
780159
775380
774333
775431
774738
770384
776054
774958
771990
770654
774187
773550
777369
770341
771541
771307
770959
775542
775857
771817
773028
773219
771115
772482
771218
771671
774558
774977
772697
770653
772162
773163
772317
769844
772955
775567
773169
771079
775721
772304
771365
776496
777297
773607
777439
773345
773545
770767
774138
774579
774435
774790
772989
774272
767092
771465
770038
772813
772918
773462
775404
773277
770335
778602
768716
772708
778628
773179
775388
771441
771677
773022
778104
771532
772214
772848
769460
776773
774368
778980
771508
772789
770987
769448
776082
772350
773537
771212
773062
774122
773817
769432
779322
773032
770211
773576
770746
772939
769488
773880
773154
775091
778884
778489
770285
772104
774150
773052
770037
765987
772912
775913
771807
775782
770507
773471
776696
769906
770280
774205
773399
772728
778816
772201
769827
770852
768849
774225
773785
771556
774981
770983
774176
769352
775040
775895
773592
774875
773337
769724
773331
773552
774876
772295
773239
774084
772563
774464
770358
768016
775429
771508
774072
775045
773002
773370
775225
771087
771424
773409
776194
772974
771369
770394
775351
771660
767627
770729
772294
771189
772850
774321
774773
773987
773822
772529
775287
776094
775417
768808
770644
774622
769412
773057
771225
769909
770180
773479
772430
769135
771892
773903
770850
776180
771985
772448
773281
769063
770723
774319
774416
771490
770990
774981
772065
771271
771747
767821
773746
772919
770379
771323
770562
775519
771296
772901
776658
773547
773221
774552
769766
774968
774473
776082
772216
772662
774980
773396
776122
773955
771847
775100
772489
771753
768374
769251
772012
775922
770281
774175
773150
770988
773941
772137
770117
772934
772917
773768
775961
769974
771980
774201
776208
772346
772866
775442
771223
770179
773673
773381
775046
770419
768406
773580
776147
774072
773104
773423
772348
774537
771679
776014
776501
773696
775940
769817
773703
774496
770267
775504
774487
767275
777325
775328
771366
770711
773125
770575
770213
773196
776055
771052
772757
770839
773126
773177
775427
776288
775422
770207
771520
771116
772498
772470
771635
774967
773599
775096
774778
770138
774147
777693
772407
778417
773108
769784
776276
773066
773351
774668
771783
775579
775376
773555
774616
773221
769982
773048
776332
774861
774173
769365
771130
776603
774510
773993
776013
773678
773903
769183
774551
772592
771822
772950
773343
775403
775506
770863
773974
774167
775909
773087
775227
775064
772920
775815
772575
772882
773124
771333
774696
777821
774469
771240
778476
775521
775599
776121
775019
778152
779626
773777
771982
776780
774747
772857
771573
778359
771517
773308
777963
777308
771297
772685
772933
772241
772284
772211
772586
771403
771417
778639
768890
774587
775056
778054
775049
774507
771087
775710
772203
770019
773248
778033
771424
774624
775198
771608
775736
773292
771640
771523
775244
772913
768107
774751
775511
771610
775570
770846
774838
774178
771766
777037
774876
771384
774896
771913
772440
774383
772126
768156
779082
772038
772871
770729
772978
770960
774907
771311
773690
772112
773629
769020
772377
772517
773545
771821
771630
772591
773761
776376
777157
774186
770117
775916
773431
770891
770255
775498
774715
770714
774134
774410
774193
775965
776086
776470
772554
774180
773098
767413
775595
777290
772747
772128
771393
770800
773733
773879
771941
773899
773869
771969
775489
772591
770192
771749
771061
770594
769511
773665
777011
771103
775390
774617
776399
770740
770052
775696
769502
773017
769338
773587
774154
775268
774558
772136
773708
773668
772947
770892
770747
777390
775481
770030
777315
770233
775219
771833
773285
773542
771311
771094
772646
773318
774455
767863
773180
776232
770883
773711
774001
774070
772671
773326
774752
773308
771139
769973
775396
772703
773113
770457
770679
774497
771736
772593
776198
774963
778427
773379
774061
773323
771449
773157
774829
771759
776874
777161
774078
775610
770863
773229
769291
774069
774125
771194
771274
773668
771315
773610
772909
772792
771152
773722
774960
767505
773157
776653
770842
772682
769705
774253
775300
771495
774726
770449
772096
771154
772250
776470
772172
775686
770058
771385
772059
770367
769383
773454
773031
770631
770701
773823
770858
772785
772904
775861
771189
774080
772010
772617
772173
771438
768857
774640
775275
771569
773539
770546
773603
774427
774505
776845
772416
773684
773553
771679
772514
773394
772114
773867
771314
770769
772354
776397
770380
774604
768623
774277
774885
772117
778496
773394
769531
771688
771801
770593
772907
774549
775310
778505
779511
775642
772803
770373
772149
777177
768567
774840
772256
771672
773327
774230
771795
775806
769875
773502
770464
774997
776379
776023
771346
773335
775231
771399
771085
772238
775686
771232
772889
774702
773548
775213
774287
780686
771375
770313
775412
772364
772401
771216
768369
773661
775509
771472
774032
774668
772415
774727
770597
771382
772796
776068
769161
769380
775398
771821
772078
771524
776026
774270
776863
776287
772044
770574
775312
772928
767699
777996
769143
768670
777304
772574
777847
768397
771280
771690
775652
775285
771168
775977
770676
772989
772514
768568
775936
772786
774356
776280
774668
767985
772569
772112
773262
777197
775282
769877
776777
775925
776577
777242
772401
774663
772759
775417
771993
774818
771850
770942
776502
774575
769817
772982
774166
773439
773104
771134
772306
770129
774466
772305
777865
770383
775448
771984
773316
771944
776136
768713
772408
770493
771426
773001
776698
771495
774866
768408
777598
777002
771993
771525
773099
772603
773416
772093
772220
771248
771519
772791
771430
778382
771697
773894
772692
768778
773168
771617
778102
771632
772469
769424
774799
773227
773339
770303
770171
771805
774801
772258
773809
771021
772428
769432
768048
774435
775297
771780
770807
770151
775109
772365
770511
771899
771834
771169
774219
773524
774048
777397
771034
770895
770504
775060
773299
770911
771574
770304
774270
774238
770505
775326
770315
772768
771654
770407
775921
770564
775952
774916
774925
775648
773721
776233
770603
773663
769935
772468
774149
771104
775354
776821
772010
768124
776900
770825
771881
775075
778280
770987
772359
777268
772238
773506
774779
773675
771280
775023
773641
774244
772092
773535
774132
771920
770256
771680
778341
771902
770758
769871
770793
772680
773324
773151
772571
772230
770648
773025
777335
769639
773678
772174
778465
774566
768765
772078
771218
777192
770813
774075
772480
769752
772723
774885
770958
774744
770690
771751
778895
771437
775569
775785
776318
772869
778258
777563
778442
779048
774766
774603
778682
774304
772724
771831
771154
771727
773563
773801
773245
774097
775584
774104
769425
774123
777604
774209
771532
771604
774131
773946
772028
770299
772814
772148
768520
772627
769118
768013
773953
771885
775247
772044
774858
771695
772895
774535
771575
772881
772539
774499
772370
774065
772663
769644
774196
772146
773467
771870
774540
770682
772916
769382
774310
771352
778426
773924
774865
775101
772490
775884
770448
772957
778937
776025
769526
771893
770727
775359
771140
773674
770474
769249
771298
772590
771773
770333
772017
772545
771806
772764
778602
772722
776106
776216
772733
774312
768681
772216
775927
771980
773167
773546
776280
774775
772580
769425
773974
772512
773159
777509
777504
774593
770754
768361
778389
772620
772203
775811
772972
773912
774661
771914
770234
769859
776453
771023
772279
772415
772829
774237
770583
772762
770238
774678
769875
769626
775096
774290
776531
771395
773592
771621
768848
774477
769859
769785
773101
774027
773060
780360
769936
771712
769033
776079
770874
769467
773849
771227
771877
774095
774305
771322
775529
772652
778593
770153
774126
774285
772483
772541
774604
771793
775714
770542
772311
771016
775713
774084
771978
776512
774419
772836
771277
776706
775399
774020
773577
771156
773292
772319
774816
773671
775181
771310
771771
775410
776663
773866
774608
772659
777728
773195
776158
769571
777224
768951
773954
770700
777535
770439
773099
765751
773065
774358
770611
775594
772187
777156
773314
771382
773460
774777
773701
769352
775101
774566
772320
775139
772224
775156
775098
777529
774550
775459
771136
770674
771113
779194
777335
778999
774421
773060
769956
772032
772648
775365
774847
769685
781013
771776
772185
778992
777059
770897
773923
771367
775252
773652
773613
770395
774285
771426
774684
774167
771446
772957
774796
773426
771685
769573
772830
775189
771541
772861
774211
770538
776230
771131
771694
771053
770348
772225
771205
772130
773397
773208
767794
774101
773633
776230
775377
772634
773175
774760
774643
771802
775476
772573
770082
772471
769113
773797
776624
769295
774978
773411
775586
770997
771984
771029
772434
774948
771114
776264
773055
770770
779178
771947
772851
773044
776434
774478
771892
772670
777542
772524
772519
772795
774541
769496
776775
771372
774608
773811
773056
773594
774293
771340
773002
773792
774635
775603
772560
775637
774148
771975
773374
773240
770080
770961
769316
771021
770214
776040
776423
774177
772326
771137
776477
775293
769335
773369
771239
771929
774854
771094
772086
769760
773712
774365
771729
774527
772201
773128
772360
774032
774828
775353
771748
770147
773047
776116
771986
771450
771073
773329
772478
771265
774418
772174
772174
772056
771400
770170
770804
778361
772059
773167
770515
768430
773064
776142
772000
773321
773989
774154
772744
770753
770055
771450
776383
775297
774075
773519
772651
773500
773234
772435
772698
769805
769871
770677
772248
772822
768150
775397
772795
771057
770225
776858
780822
775663
773532
775705
770491
771566
775181
777604
776411
776159
767716
780483
771666
771949
773356
771996
771302
773305
774334
771570
772124
774999
771519
771638
771761
770907
771609
771661
772744
775500
775595
775281
769779
772703
770907
773168
774240
774839
772672
770263
772586
773464
775391
776222
773267
773316
772916
776759
770770
770280
776057
775136
775754
771680
771329
771755
774156
772156
775508
774402
773435
774438
772787
771927
770869
772310
775480
772894
771942
771262
777420
771507
773766
772903
777091
772701
773927
768993
772014
772427
775004
771042
772487
771578
772045
771419
766726
772601
768991
778773
776841
772323
771007
773781
770606
776078
773061
768890
776216
772944
775801
774267
775479
772766
773629
773948
772687
774892
772418
776430
773545
770617
770000
773884
770724
770723
777509
777695
771186
771735
771843
772360
774962
768796
777194
772314
769316
771757
775390
773725
771348
771819
768943
769213
771897
773806
772932
775335
771786
778378
773904
769432
772138
776315
768643
770041
770733
774004
772263
769962
773647
773268
772311
773953
775308
776969
770012
774371
773601
769407
773059
771475
771324
772424
775246
772200
774659
772209
772319
777161
774854
772508
774530
772603
772207
772124
771654
778193
770930
771154
775312
770361
774542
776121
772599
777244
770225
769579
773301
775219
773082
773462
770475
773236
775103
774257
776952
779615
775693
775349
775639
772550
770950
773209
773650
771245
774259
773060
769683
771368
768615
771266
771542
772983
777488
773529
774424
771463
775067
770434
774160
774791
776671
774272
767493
773951
775208
773760
770571
772573
771786
776012
772683
766876
773280
773997
772565
768554
769400
773795
775398
775737
772941
773272
775223
778354
777148
775478
770750
775862
771888
774487
770766
771782
772294
773709
772730
770072
775728
769556
768989
771768
772222
772445
771336
771014
775787
769651
777713
771026
772584
772461
768922
771093
775168
768796
770571
770038
771446
771144
769211
774094
772149
766005
768688
771050
773845
774011
770289
772502
770950
771418
777531
773336
769613
770163
775586
768811
771329
772620
772452
773680
772798
770695
775175
773928
769149
770450
773705
770079
771278
773422
771996
775032
775274
773134
776932
771145
772950
770518
771207
775207
773243
776116
772136
771642
772208
769248
771881
770832
774050
772536
774760
774224
769781
772796
772061
776974
776779
769882
775177
770862
771027
775691
776410
773191
774487
770660
772469
774631
773063
777927
769087
773848
776891
773213
769363
771443
772742
771859
775506
774630
771184
780944
773719
771964
772199
771717
776833
772475
776533
772869
770425
771488
772743
771091
773143
774741
773510
771185
776821
775173
774926
772960
777259
772860
773159
774143
775200
771015
775282
775892
772008
775248
771809
773671
774311
774086
776240
772871
771732
772416
771172
773602
769714
771158
773515
775915
773081
772010
775465
771801
769446
773461
775838
770720
771861
772317
772490
774274
770594
777269
774549
775724
770663
776499
774247
770911
768722
774290
773622
775084
772982
770164
776617
772568
776668
777635
772574
774875
774193
776028
771008
772175
772967
772562
774420
773225
771020
773715
773766
773469
773899
771288
771345
771847
772490
775454
770874
774052
772715
769880
768860
773718
775951
769469
772509
774902
772670
770867
771310
773442
773615
775454
775597
772096
775890
771576
772979
769755
772639
774138
771281
772336
775147
771891
770502
773709
773636
774854
775884
773476
772148
771899
774423
770906
779165
774525
771800
774161
770540
771054
769488
772358
771535
775809
780322
770529
773363
770539
772488
770802
773391
776732
772148
772592
775596
776785
772603
771419
776772
773677
774407
776897
773386
774907
771078
774561
773817
773047
770695
769583
772514
772660
775778
772293
770524
774226
772777
771836
775059
774286
773951
772454
769671
772689
773012
776183
771072
774423
773753
776955
777944
768236
775562
773006
775666
773050
773476
775449
774596
771083
772181
772749
771675
771002
772046
775171
771578
771389
771782
775955
772550
773006
775210
779308
775984
770531
775980
769464
770272
771348
769167
774531
772923
771993
775221
773906
775841
774174
773212
774660
771007
767627
776627
774822
774249
770719
772382
772976
772771
772849
768492
772673
773077
770250
780005
776266
771075
772412
775638
770272
772514
773105
772031
773842
769835
770261
774724
774622
774844
775215
769665
778782
774334
771373
770263
769923
770974
772501
773255
778013
773154
779630
776060
775650
776848
773600
775205
775781
775911
774010
769008
769261
773051
774226
770201
775415
772735
776010
769671
773211
771549
773370
775172
775491
772599
769870
772944
774901
771057
774160
776453
769117
774665
773743
768991
776659
773240
773099
776187
774027
775815
774397
776134
770530
770920
773615
776173
769956
777728
769184
772220
774885
771449
770709
772148
772719
777516
777981
776923
771207
776008
771445
774393
769727
769759
773048
775327
770697
774839
772291
773757
773273
770494
773050
772405
772838
772282
771239
772819
774893
775108
773471
772167
774975
770851
769084
773803
773231
775456
770856
775861
774618
774858
775889
776847
773219
772602
777643
770162
774275
771289
773721
774354
773602
775742
777937
773739
775523
771884
772590
776511
773600
776152
772076
773266
772385
771508
776079
777076
774180
771600
770045
770456
771303
772445
775377
776260
770981
770979
771841
769120
773976
771422
771339
774122
774227
769256
772837
772463
773766
771117
770890
771463
767359
773509
772791
770024
774757
772022
771187
771794
772446
772693
770720
773382
773586
771762
772550
769126
773799
773423
772308
773017
772829
775108
771536
773230
778298
774280
777752
774570
774359
773157
773043
771635
773444
769514
774231
774201
774114
769976
776902
767895
771181
770791
770356
774349
772449
774217
773816
775556
770393
771981
773001
770457
774234
773773
769754
777468
769576
769138
772719
772322
771686
776586
771856
774395
778399
773027
769825
770823
776994
772098
780023
771011
770090
769698
773818
771340
776887
771223
773859
770483
769626
768903
776142
770023
777202
771701
768522
772322
776707
776217
774050
774225
775738
773655
771843
773064
772418
774353
773639
771696
774155
773361
773894
770195
771123
769846
775888
773555
767997
772708
774270
770810
771982
771745
773444
771475
775189
776176
774469
772845
775642
779219
770215
774406
773389
774467
769991
772422
771686
771244
772843
779029
772626
770381
771121
773529
771755
776370
770749
776375
769508
771080
771530
772056
774585
776606
776748
776134
773703
774260
774010
771676
773476
772169
770640
774500
768785
774149
771613
772835
771748
773107
773028
770650
776724
773315
770156
777250
770793
773053
778981
773413
774054
773921
773593
774273
773435
774887
772306
773271
773532
770949
770452
771927
776152
772583
771047
772510
772747
774170
774116
770156
772832
773115
774923
772931
773530
769374
774606
773487
768481
774769
777127
775385
773026
774273
770686
773322
772618
775837
771656
767979
773817
778160
772470
772535
771537
776172
771479
773880
772821
773020
773332
774895
769122
771022
770161
772841
774256
773313
774075
779144
770063
771600
771633
771901
773696
774962
771845
770564
777030
773693
774905
771027
780585
772807
770033
774861
774581
772938
773636
770864
769299
771531
772365
773820
773589
775439
775369
771754
776417
772774
770555
771895
773142
772787
771644
774090
770749
776781
771696
771136
773856
774884
770594
775282
773924
773780
774504
774300
772152
776751
774496
771296
775955
776581
775001
773039
770661
772151
773673
769633
770292
775681
774773
774708
776138
773462
775325
775326
771762
770642
770894
771161
774684
771901
769825
770404
777219
772423
772785
772927
771803
774178
774809
775387
768175
775089
773904
772632
775384
773541
771705
771987
772501
772086
773336
776738
773821
774153
772876
773766
772396
777349
767929
769125
771202
773394
776777
770874
771310
774492
774224
772703
775167
775245
769734
773276
771599
771149
770675
770703
770840
774238
775327
776208
773201
774869
772790
775356
773994
775490
771451
775879
777728
772602
771902
776861
775493
769564
772329
771800
775756
774177
780800
777399
773455
777519
771930
770728
778497
771786
771250
774818
771881
771122
770240
768708
775147
771322
771437
773296
772710
777123
773220
772284
771525
771926
770670
772213
774597
767820
772982
772522
773347
769554
768430
768942
773418
771475
773457
773506
773614
776076
774128
773150
773910
775221
775297
772886
771464
776485
776257
773357
774901
777137
776633
773354
769806
771683
771235
774548
771343
775429
774072
771916
769620
773698
773625
777093
770457
772490
772699
770398
771740
774249
776776
772236
771438
770829
772174
773080
773692
777731
770463
773576
772021
770881
772959
773874
768390
774543
774225
772232
773987
776199
772513
770803
775683
773752
773223
770330
774014
775471
775636
773661
770946
779598
774586
770654
771617
773099
774044
773998
772589
771285
775800
773796
777030
773981
771620
771987
772932
772367
773985
771931
773585
771654
773102
771817
774077
771944
772798
773128
771409
773828
770818
773004
771825
773635
775291
771671
770402
773141
771029
774715
774717
777164
775898
773057
771186
774437
773359
774628
771350
774795
770827
775667
772950
775571
771952
772885
774720
772680
776686
771623
773764
773694
774230
772234
771884
771712
773470
770835
768481
772251
772552
771706
773002
775333
772448
770935
775487
772986
774932
774034
778146
775734
773849
771513
773746
771620
772144
775357
773319
773157
773111
771939
773084
773109
779040
771760
776721
773023
774984
771682
774829
773049
773608
770637
775986
775306
773617
775207
771158
773974
774032
772003
777185
772064
775895
773999
771600
771619
768885
772597
772402
771069
772516
772906
777772
773305
773096
771874
770927
779043
775071
774987
771087
774327
772068
770845
771108
772855
772055
770327
771830
772613
774865
771997
772361
773079
769607
773607
771670
775168
773876
768839
777152
777580
772978
773187
771783
774598
769110
773013
775888
771582
770196
774096
775628
773555
769794
774036
770064
777301
773973
774268
771099
771783
774350
770009
773262
769200
774724
771128
774037
775614
776407
771840
774290
775005
770668
770076
776193
774680
770911
770924
774747
773383
774860
772608
776665
774054
773824
773441
775785
772869
774190
774999
770377
769664
769342
772551
771473
769992
773340
770835
774356
769447
775149
773771
772943
771078
770625
773063
769592
771566
774485
769289
772746
773739
773720
770209
774058
775669
774642
770203
773016
771629
773049
776388
771285
773578
773076
777375
776299
773949
774198
772993
775735
773540
772479
777161
774643
770409
770875
773609
772577
772692
772712
772310
770784
770246
773069
774668
773818
770621
778964
771820
771324
772149
773272
773383
772331
776693
774823
771998
772582
770265
769226
770124
771235
771645
773973
772912
768450
770951
771672
773949
772022
772814
775003
772209
769332
770760
773226
772353
772323
772933
773786
771794
771671
775365
771409
767597
772126
777514
773456
771546
775150
769664
774373
768076
774244
773922
773667
770985
772823
775969
772539
772200
772497
775046
771888
776954
772965
780755
777621
773194
773140
776352
774866
773875
775960
773763
775950
771042
772759
770230
773165
769708
775490
773530
771192
770655
777355
775466
775066
770954
771339
771601
773008
773396
770469
772027
777654
770645
774928
774503
774067
772258
772763
772340
773356
771136
769493
772929
774836
772959
774688
770544
773506
769172
771736
776414
769420
771483
771183
768607
771361
773491
773002
773549
776759
771991
774409
770163
769878
773281
773594
774266
771389
773205
775033
776420
773098
772499
775611
769576
771568
773175
771999
777643
774854
775422
774934
773647
770930
776067
771066
774964
776349
774237
774719
773388
772794
772903
771154
776118
774033
778146
775543
770535
779432
772404
774269
772829
769455
774685
772962
774161
773117
771043
775313
770374
772610
774317
772054
771522
769106
775903
772600
772015
773174
775151
771613
774138
776422
774662
774657
773271
771999
774535
774340
774871
773450
771554
772714
771250
773997
774137
775792
772955
775828
771869
773760
771597
773390
775363
772827
780069
777315
769125
771337
776488
770555
770061
775492
777584
772350
772688
771367
772698
778421
772947
775510
774703
776529
772809
773644
772865
772274
775614
775372
776703
772946
774709
773101
774074
771482
769755
777602
769726
770937
773123
772692
772457
770079
773362
771753
772708
772146
771781
769177
777393
777552
779296
774998
778059
774377
771458
769689
770549
775812
772766
776104
773812
773403
771241
776674
772715
774826
776915
775339
776648
773999
769432
776095
779351
773915
774866
771958
771797
769578
770175
774886
774778
772382
770825
774057
771753
773302
780231
772061
775200
770608
773201
773363
771583
770950
774367
773694
775801
770275
772045
776462
774785
775951
773194
773363
771316
773856
773795
773888
774560
775328
769767
776301
776316
771966
771417
768700
776169
779565
771318
770229
770774
775018
768394
775460
773091
774323
776345
772511
769138
777219
769264
772857
769293
775814
769879
771309
775181
772760
772782
774341
774364
778105
768990
772513
774258
774707
774159
771790
767391
772089
781137
777225
775346
771550
772062
770936
771692
774912
774611
774278
775121
773004
775926
776272
772186
772687
772493
772438
772915
773023
775021
772113
773772
772052
776475
771114
773567
771362
772825
774654
773769
772688
768786
777572
772958
775754
768928
778701
775287
772114
770700
772207
775348
776444
775434
772175
777584
771175
774682
775725
774551
773778
771651
776818
772953
776085
775192
770917
773194
773758
772827
770964
771494
769904
771590
773009
777551
770211
770469
772788
769709
774807
770514
772250
771430
772022
773704
774710
774942
775880
772553
772468
771630
771752
776475
770149
779600
774605
771565
771762
776788
769794
770687
771768
770827
772631
775024
772528
770457
775020
772850
770404
775305
773494
777425
774908
773911
775085
771959
773233
770611
775833
776140
777062
773388
773235
773107
772029
775965
775727
773869
775512
770988
777880
771070
770964
776575
772586
768480
773367
771170
770311
774943
771578
769889
777287
770592
769774
766947
771784
771667
770857
772676
773367
768970
771600
770462
771674
773608
772586
773168
772882
773547
775482
771153
773615
774304
776233
771193
769484
770248
773496
771300
770008
772183
776205
774620
773074
773595
775690
774207
774482
769671
773496
775236
774726
770513
771536
771305
771838
770124
774523
773708
773464
769537
774081
775307
772114
771705
771744
781144
770592
770329
773743
776016
772405
773718
772922
775976
774086
771043
775555
777738
772823
772597
777873
771569
772621
775137
769688
772468
771449
776022
769195
771759
771887
767608
771828
768453
773282
771528
773003
774447
774308
779320
776821
770206
770617
774666
770041
777220
777082
774350
778306
774162
772009
773498
772313
776114
772855
776816
774916
773325
769742
772082
772805
771426
771833
770162
777159
773814
776907
772355
774347
773027
771204
773265
770072
772005
773016
769312
774175
775917
770929
775666
772229
773725
776611
768076
773199
768777
770952
772626
773818
772471
770494
771486
771731
774039
770475
773290
775780
767985
771893
772715
769442
774655
773447
776279
769916
775110
771267
773668
771343
772428
775341
773859
772737
771648
776707
773600
771975
773625
774722
774524
772774
774025
775533
771771
779433
771367
776677
774538
776596
774263
775379
770651
770249
772040
772764
773340
773794
773576
772473
777442
771701
769261
778913
774310
773701
774012
770480
771867
775599
775232
773565
771367
774019
772795
777463
777990
772707
773600
769504
772670
773702
773679
772817
776258
775062
774047
772697
774975
771999
770933
772911
773101
774974
770036
770004
771048
770033
773186
770147
770807
769109
773466
772916
773417
771635
776107
774965
770585
778850
770863
771293
778004
777188
771112
771411
774924
775988
773111
770837
774860
773145
774487
771444
772324
775272
772711
771477
777610
777727
771552
772408
774007
773054
774433
772835
772317
772200
772930
775406
770516
775736
771902
775816
775666
771973
772975
777267
771316
772246
774306
776427
771096
771673
772490
770655
773943
771626
774774
773699
774507
778281
769613
772952
773364
774964
770445
772152
776332
772957
773286
772386
770750
773952
769753
773867
771723
772209
772854
771590
772176
771954
774010
772572
774666
771355
774166
773579
769901
776221
775290
771270
773287
772725
771288
772260
772117
771239
776310
771472
773170
772533
770599
774461
774255
772664
769950
774629
773637
771475
769484
776037
771995
770193
772029
774162
771260
773700
777804
772880
771919
771318
774428
773056
773856
773018
770193
773651
774153
773657
770996
771216
776161
773283
776383
771211
774960
772564
774020
771188
770158
771867
777020
769889
771222
770954
771791
768794
773556
770424
768756
771090
773947
771781
773326
773105
775801
772957
768247
778990
780885
773208
775698
775759
771971
773372
769622
774024
772421
775072
769765
774517
776166
773832
776475
771764
774998
776147
772078
775173
774821
778391
770579
773702
775634
776390
775739
772903
777212
773810
773167
770021
772516
774366
771415
774139
770634
772413
772823
772677
776001
770904
773175
770315
769816
768303
774727
770972
773987
775450
769761
773163
776022
771038
774681
772541
773954
772721
776716
778540
772580
770230
772118
776284
773983
771343
771136
770060
775507
772100
778344
771552
771418
772550
772803
773192
771646
769572
767801
773464
773387
775499
771660
773146
775639
773283
770860
770684
774657
773203
771219
775572
769708
776934
772098
769513
770849
778525
775067
772597
771231
769824
773745
773457
771993
772925
774602
770475
770719
770440
771387
773289
774620
774404
771857
772812
770873
773147
770893
773105
777709
774608
774828
773209
771964
774113
778898
774535
770592
772267
776251
771050
774426
773305
773200
775936
772046
774501
771994
779835
771557
774523
774542
770582
778646
773321
771966
774409
769114
771489
772000
775218
767992
769588
776220
778455
770235
771047
776678
769410
774438
773969
778747
773768
772984
770289
774082
773381
772636
777592
772725
770241
771998
772124
771781
775165
774521
770543
775935
771749
772022
772494
770597
774392
773493
776617
774000
772448
768742
771569
772837
772875
774865
773762
772340
776074
772434
773280
774012
771929
775471
771991
775354
772597
769625
772014
772500
778370
772919
770416
777768
772304
773464
771255
771874
773083
772700
770372
769513
771390
777901
771229
770517
776133
771297
774826
771301
775378
772285
771335
769553
773989
774819
773842
776048
774850
771902
772371
772577
777791
771086
773810
772385
774844
772678
776215
774836
771363
772884
773819
778173
776205
772400
773936
774717
773362
771207
773580
772642
771384
773895
771488
770803
775691
770529
774366
772223
775204
770818
771378
771795
773285
770745
772032
773163
771744
769709
777013
773700
776940
774134
769270
770965
771139
769360
771174
774014
772010
771162
775187
772748
775275
771065
770575
775523
769434
768600
772521
771140
773908
770144
775473
770113
774657
769680
771441
769745
773633
773788
776467
773935
769947
772667
775140
771838
773311
774007
772801
771026
773572
770504
773423
774168
772500
770890
771879
771199
771805
773997
774089
771708
774468
773775
772513
771257
773636
771782
773186
773348
774341
775047
779050
772449
773249
774480
772305
772695
781664
773375
772717
775685
771273
774257
774327
771950
775708
770996
775844
772499
770533
774265
772040
771165
773653
772429
772620
774783
773042
774790
772174
772513
773329
771818
776228
778129
771416
772955
774057
772907
771868
774149
771390
777224
773343
772632
770609
775741
772590
778331
773714
770403
770969
775854
774121
777187
773771
774115
772859
772175
770660
771456
771277
772860
775386
771913
772769
779335
772629
773780
769202
771496
770057
775341
775514
770045
775329
776224
774209
775377
771241
771749
771378
776257
772408
771404
772973
773767
772607
772315
769741
773228
770568
771879
770325
771668
773341
770910
768879
775135
771610
771053
773851
771978
772456
770931
771367
775691
767735
773370
769653
777077
771188
769889
770013
769848
772842
770065
772430
772090
771326
771163
772052
773316
769543
772134
774898
773134
775443
773577
774563
770552
775303
776274
771801
773384
773128
767292
773225
777351
773318
771684
771615
771631
771673
771206
770098
774109
771595
772450
776229
770966
775973
775053
772994
772128
773576
768118
772931
775767
770861
774155
775508
775056
774638
772069
771511
775030
771333
771674
772186
775532
773712
774602
770934
770849
769749
770161
772475
770488
775248
774494
772346
770834
775604
771094
770422
776304
773058
771288
771864
774073
772944
770762
770312
770863
772651
774227
775016
775456
774624
771298
772006
774906
772675
770916
770978
768367
775151
773265
775182
776071
769124
772009
774572
775549
771366
775210
774242
773480
779010
774443
773427
774579
770390
774859
773609
774929
772509
770767
772320
773763
774221
771167
769825
773769
774168
772992
775578
776105
772946
770878
774232
769498
776589
773426
775777
777211
774861
774541
776993
770377
773589
771120
770644
773316
769151
772579
779058
772921
769287
773605
772334
771991
770321
774842
773631
772087
771453
775998
775458
769932
770483
776971
772311
770745
769032
774830
779799
772624
775689
773841
772264
773512
772073
773389
773647
774884
776101
773727
772892
774161
776239
770006
774875
774560
770051
770345
773355
769948
772881
771999
774451
769203
771466
771018
772749
775240
775112
771700
773187
772659
774426
772661
769116
771167
768621
769621
772497
773463
772108
774904
772111
772956
768557
769092
773589
774528
770541
776053
770264
771392
773589
773560
772914
771768
774611
772094
776448
770563
776876
772774
771201
775007
775242
773072
768638
771692
776891
772816
771417
776987
774718
771932
776257
771969
772452
774038
771070
773609
774395
775029
773907
774365
768723
776973
769304
776147
776347
770394
768813
776964
768225
773291
774983
769436
774479
774443
773524
774717
774688
774128
772748
773684
777013
768538
770621
774206
774228
773661
772130
775848
773331
778163
768456
774520
774212
771143
776064
771244
772366
774048
773670
773056
771780
774632
771568
774462
771624
772408
773158
769449
775601
772890
772948
770651
775332
777014
774636
776158
774627
775966
773636
771397
771088
771087
772089
773845
773150
769994
773084
772305
773450
774638
769777
771444
770914
773807
773749
772238
770199
771441
774458
767931
774823
772318
777472
770592
771732
773578
774906
774605
776833
772655
773126
773088
769697
769911
772034
770025
772579
774154
771444
771822
770452
772988
772132
772148
777727
773138
773776
773122
776098
773790
774708
772530
774451
777186
776696
774451
775215
775604
772104
771227
769917
774236
772674
776282
769972
773335
773424
771969
770210
770411
770564
768902
773473
772895
773075
775404
774164
773799
777123
774560
771766
768781
771853
774715
776271
774944
770206
773338
772834
775860
773067
776349
775206
771571
771304
772759
772764
771759
774187
769093
771984
777370
772868
774903
778065
771118
775793
769995
771826
772013
777092
771971
770383
771000
771672
774348
773358
775105
771528
775475
769865
772442
773688
774206
773540
772259
776637
769680
775815
771717
778000
775007
777677
773926
770115
775716
778908
774922
772471
771936
771710
773137
772824
774946
774359
777400
773355
777976
776009
774212
778059
773529
773573
777098
773711
774745
780860
772688
776757
774933
772203
773549
776983
773088
777032
771008
771043
772516
776101
773078
769051
773508
771103
772420
772137
773994
770002
777246
770784
774311
772488
776763
772973
776377
772716
775560
778026
772349
777488
770508
772352
772934
776574
770573
772300
773861
776676
775915
774181
771647
774597
773816
775101
774950
774377
773410
771073
776493
774551
771859
773002
772054
771463
772984
775878
771847
776571
770975
774889
771665
778320
768132
771357
773971
770616
773267
773442
775856
771280
780590
774642
773451
771638
772385
771450
774306
769358
775567
774787
771156
773762
774737
782870
774777
777669
773391
771336
774901
775874
774036
773942
773149
771440
771489
772875
771886
775553
772147
772732
773113
773849
774187
771641
773762
775914
777503
772915
770886
770152
774171
775562
772839
771154
774176
771875
770622
769997
769971
771023
773543
773817
776265
770453
773299
777228
774039
769393
774241
775254
775212
771406
775141
769681
773174
770206
770295
771889
773573
774338
769224
773957
771986
780182
772818
772534
772343
778274
777133
771722
774220
771100
771228
775047
774137
772442
770729
773686
773608
770880
777185
771123
771886
774552
772490
774632
778536
773615
772579
771882
771288
777507
775307
770182
774256
776023
774267
772873
773132
773990
773389
772955
777019
774294
771196
774925
776854
769830
774310
774142
772328
771319
775615
774522
772618
771069
775813
769283
770155
773511
776070
773769
770346
776706
775787
768705
772884
777171
774931
773882
773139
771799
771460
773754
773584
772794
775962
770071
774547
776897
772530
771079
773103
770525
774831
772282
774492
776088
773265
772463
773130
774010
771140
772872
773006
773543
771410
773671
771643
769215
769826
772550
771772
771240
772262
771158
771633
773324
774531
771885
771304
771841
776256
772087
771810
772430
777876
770817
772965
772730
775381
772768
773398
770234
770302
772102
770226
774877
771539
774247
772008
773521
773651
773425
771310
775495
771919
770100
773832
773833
776327
770322
773562
771631
772856
773486
770822
770588
769566
773994
772808
773509
776982
770937
773208
774466
773464
773605
774302
770848
774802
770401
776237
774472
774778
770427
771245
772462
774710
771282
775421
771898
778709
773144
773421
772032
768850
773042
773859
773782
776841
770594
775278
773370
777314
775511
771384
771654
772308
775190
772882
772655
775469
772636
773509
768309
771347
772150
772249
773206
771602
777438
772935
770214
772605
771694
776553
772648
774842
773340
772223
769232
773780
771686
776870
770745
771610
771455
770462
775068
772855
776184
769985
776778
774625
769508
771612
774259
775268
772159
777264
775135
775115
769548
776339
770858
772043
770015
774135
774393
772717
772938
771840
773406
773512
771106
771808
773988
774153
775212
773459
775659
772338
770441
778503
776407
771067
771015
774957
773360
772729
773500
769969
773526
775587
777492
771243
772913
772728
769422
774101
777046
775228
775521
777665
773776
772417
768666
767824
773090
771115
775647
775270
776699
774774
771978
773491
771857
777597
773394
775099
769497
771864
773388
771225
768628
775404
770651
772710
773832
775870
776293
770040
770967
772814
772134
768155
770183
770849
772146
772197
773065
774168
773108
772198
772857
770808
771184
777700
775204
773806
771015
776093
770942
774822
778538
773103
776775
773608
777616
773523
773889
774454
773655
772847
776099
774374
772052
773998
770368
769488
775752
772412
770549
773914
775257
772999
774224
771078
770792
774977
773142
770622
774868
775514
773207
771584
772445
776725
774177
773394
778212
771820
770372
775139
771399
776474
770395
771698
772498
773438
771048
769522
770735
771728
771411
770292
772589
771090
774148
771627
770240
774926
774121
772347
775138
769604
771088
775400
771848
772278
772515
773153
772964
770928
772317
779530
772207
773199
772724
775563
775486
775044
769506
772879
773893
775447
775509
775482
774219
773931
776152
772947
774076
776698
774109
774444
771548
773090
773035
770565
775303
774335
773352
778072
769681
775360
775543
769272
771896
773860
770555
772022
774216
771597
771539
773000
774719
772833
774191
772786
775676
772024
776568
772779
774108
773104
771993
775082
770648
769847
771227
771790
771286
772098
775569
773240
772656
770213
776112
773791
771571
776569
777033
773528
770339
772433
778342
776050
773016
769889
774288
774753
771681
780340
773316
776535
775067
773562
771803
774310
770203
775314
770674
775251
775063
771061
769458
769950
772147
773986
772223
773877
775294
774312
774073
773382
772055
773670
771557
769259
772891
774436
770707
772583
775024
771092
772415
775224
775661
773556
774542
774792
772756
775477
771053
773790
775279
773043
773704
771835
770844
773826
778305
771844
773058
772673
767687
773832
774703
771559
775246
772379
773355
770075
773823
773859
771248
773130
770570
772201
767466
771898
771748
775358
773229
771886
772275
775907
770562
768860
770623
772328
774120
774263
774746
772158
771965
774724
775427
771231
773076
773158
768894
771012
769299
777345
771111
769908
771667
771733
773731
775818
774504
769721
772469
777496
772251
770512
772875
771030
777086
775568
777271
772723
771405
775623
774043
773996
777115
774883
773690
770994
771246
779323
770748
772144
771730
773539
774379
773490
770440
775106
770788
770667
775193
768303
771727
782896
773927
771315
773052
773891
769110
769536
770938
778323
778615
767889
773506
769731
772271
774422
770981
773344
780021
773986
770848
773456
775733
772665
772634
776059
769270
775735
771576
774607
771619
775241
773292
776915
774450
770077
773432
772963
773906
769989
773439
774803
769235
769761
773465
774694
773818
773945
769481
774023
773486
770862
771464
770717
771862
772311
771579
774170
774124
771256
769435
774567
770485
777535
773747
775572
768668
777102
772338
771367
777217
773708
769860
769138
773378
770231
773231
774763
771698
776742
772840
770491
774070
770978
770095
771814
774855
772261
772465
775460
773134
773281
772835
774153
775396
774642
774758
772895
770217
771344
775305
777478
773028
774800
770323
773884
774356
769521
776464
769564
770776
772054
771199
774288
772798
770945
771777
773381
772891
773931
770562
771447
773098
775050
779350
770078
772809
771359
774463
768625
769550
771150
769132
774580
772205
771018
776021
774361
773977
775324
774881
772308
775109
772743
772738
771042
770354
771537
770939
771823
775075
766910
774799
775149
773847
771286
769642
775126
770516
774501
772697
774032
774565
774402
773514
772339
775134
773321
770938
775120
774040
772631
774022
777323
770667
777077
771603
773086
767837
774184
770583
773081
772818
773849
776529
771457
769157
776230
770154
771275
772099
771930
775824
778950
772424
770677
771056
771035
774911
771110
772464
780513
771029
770165
773800
771177
773068
772668
774316
771285
774001
772124
773736
771010
771396
771507
770540
771070
771721
772208
773182
774424
774428
772999
774543
774908
774067
775861
772114
772546
771357
772127
773341
770143
770486
772999
771325
771198
770287
775651
771411
770965
771441
770516
772473
775566
771484
776608
774215
771547
774753
769689
775274
771999
770804
774740
772008
770340
767911
771642
777098
774515
773972
773572
770042
772609
771313
770133
773275
773842
774529
771986
774498
771935
774889
771610
775391
776056
773597
771023
774148
774767
772387
775057
773032
772741
773562
774210
772885
770255
770527
777582
775446
771387
771603
772002
774238
770383
775681
771840
773881
770931
772277
774214
773185
771477
774491
771866
777742
773446
776095
772887
769619
776085
774923
775919
775577
773707
772312
774217
777544
772804
776728
774294
772591
773310
773096
772774
772401
773208
768640
773961
772187
771609
769777
767663
770244
778595
771082
773428
779101
771404
770731
778470
772408
773317
772334
770910
770525
776304
773823
772768
773036
775778
775137
771152
772101
774049
771376
774468
768508
770379
773175
775857
770329
773412
778209
772605
773364
776965
771103
778485
772528
769632
770461
775605
771332
769753
775537
771418
771967
775301
773503
774192
768663
772998
776731
769800
774957
775047
773284
772930
774245
773043
771080
772823
775793
776965
767803
775267
772723
772858
772007
769774
773019
769277
771885
775878
776026
771518
776637
771713
778382
771679
778833
773721
768743
771515
768147
774178
776770
775904
774424
771863
776366
771772
769570
772825
775770
771329
776368
770817
772806
774389
773922
777188
772885
771624
771382
777065
777743
771994
776123
773047
774495
770512
776360
771797
776176
773685
774628
774466
772492
772718
772198
772271
777850
773552
772799
773164
772474
770387
775736
770759
777071
774671
777889
776267
770738
769863
769536
771735
768894
773226
774513
770455
773331
770304
771437
773977
773974
774951
780630
773302
770870
770347
770060
775565
772177
770552
776396
774983
775449
776697
777643
770439
773331
777111
772197
774359
772877
772560
770366
771670
775328
773104
772377
772129
777140
778484
774091
777526
772030
774528
773996
777232
770226
767934
773845
772495
771308
772771
771909
771564
773029
778263
773790
773783
771045
769278
769188
773597
776776
771504
772985
773962
772390
776083
776243
771785
774514
769150
774666
771462
769589
773194
773506
771639
774386
769915
771644
772970
777361
773495
771532
778036
775919
772362
774037
775401
769809
771350
772995
776946
773894
774537
771881
771539
773210
774803
770462
772525
771754
769388
772501
771637
775010
771402
777036
770594
773605
774292
773929
772902
771781
772000
772261
769584
770464
772358
768515
770391
776175
774726
771333
773106
774700
773242
775681
770655
777721
771931
772536
775617
770809
775644
775743
770755
774678
774673
770256
775310
771493
772752
773863
776256
775473
775492
775372
774606
776949
772966
776162
770984
774126
778064
772399
773409
775900
774510
768948
774003
775127
775390
773401
773423
773494
771705
770835
773947
769917
775079
769351
772444
778591
773429
769298
775725
778387
773116
766147
773044
778202
771300
775770
773780
775064
768953
773268
775399
770817
773073
773324
770717
770213
770128
776512
777123
773388
772725
776766
768911
772140
773929
771793
772012
776233
778300
777798
773884
772889
772804
773798
773087
771779
772918
772402
771517
774264
773619
771356
770491
769986
772701
776861
777560
777561
774126
775338
769480
772996
775255
777217
768745
769323
774466
774275
777383
774339
771888
770885
772970
771429
773468
771630
775954
773029
776531
772390
770880
775538
775862
772651
773709
774053
772982
773221
778815
773931
774948
772999
773888
771020
770597
777534
771166
772238
773117
770845
773137
772966
775042
773772
771551
772812
777771
770993
776519
773064
771997
773146
775957
770880
772361
771204
773828
776474
769125
774309
775280
771477
769958
772158
773251
773620
772913
772249
771636
774052
774414
770555
781026
776439
775945
774666
771555
775607
772793
771038
776518
772806
773518
774022
776481
771605
769428
768451
774837
775624
769668
772016
770270
772978
772649
776828
775402
773163
774809
775007
770517
770894
771206
773131
769945
777294
772179
771086
771168
774736
773605
774425
771714
773796
772923
771298
771837
772418
772121
775000
772104
773121
771299
772442
774019
771936
768242
775107
775854
776952
773236
774573
774383
774237
773748
774118
770303
772617
776361
772551
767346
767408
776431
777762
773991
774107
771702
771055
771027
776621
770998
775318
781551
774765
769169
769798
776686
776349
770596
772625
771514
773936
777545
776674
772739
769842
773935
771803
776348
774218
771709
776808
771237
774166
771965
774850
773614
774658
773313
775500
770825
778249
773751
772796
771513
770140
772261
771375
777365
774490
774541
770752
770911
775231
772901
770199
777625
772201
774205
772153
772181
773576
774652
773496
774685
773767
775097
773048
769709
771937
772890
769633
769819
777122
771922
773524
775821
772062
772354
773797
771250
774769
773008
771315
770306
773252
771937
769445
776114
776064
771916
768797
771962
773807
770007
771085
775113
775821
771905
776172
771038
771776
771108
775302
770406
775419
773189
772179
773747
773174
776717
777236
770889
769841
769537
769456
772556
772027
773042
769846
775427
774071
773224
769225
772516
773094
772774
770579
771323
773738
774338
770056
772319
773336
771542
771134
770689
771586
773804
772904
775895
771858
772651
771192
774268
772571
777964
772002
775225
776518
775931
773184
767781
774339
776030
770117
771099
776027
771419
771403
775642
774414
771829
771358
774582
774141
774730
772229
771569
775152
774206
773119
767642
774747
775572
777786
772233
774252
773588
771632
771214
770203
774738
770399
770754
774576
769330
772037
772465
772033
774838
774244
775094
771128
774078
777653
774189
771023
772341
772140
771426
774981
773078
777786
774115
772458
770664
771663
777005
771790
775661
769020
772156
775261
772164
772997
770947
768342
774484
768742
774629
775581
770300
776586
773580
772337
775532
774935
776241
769735
768626
769897
775421
770881
774234
773196
777288
772541
774476
771084
773738
769965
773186
773538
771234
774519
772385
774261
772122
775117
772347
771113
775224
776467
770909
775958
770515
771689
775895
777859
773797
772842
772614
771345
772694
777133
774031
770721
776100
772245
768407
777520
772274
775540
771806
770437
772527
776378
775096
775752
770616
774499
771641
771132
771373
769968
772706
772600
773788
775301
776530
772174
773415
771764
776359
769833
776866
774802
773645
772672
775954
774238
768229
771431
772718
773841
775383
773969
769497
773459
775108
772977
775259
769010
773627
772391
772253
772497
772535
770451
774180
769722
770402
776037
772168
770260
770675
776979
774053
773567
768702
771798
769090
772672
771217
770488
776499
771876
770602
778994
773287
773845
775636
774550
775067
775164
776988
773083
772116
771825
774616
770611
773111
772761
774443
774885
768756
772685
778244
776755
770301
772704
774732
776410
772764
772854
772185
771324
771518
778403
772881
779174
774693
773944
773302
772132
774923
773819
773100
773698
772884
769859
772365
772047
770596
772404
774692
770609
775856
775245
778660
774491
774528
779355
768631
775517
772890
772488
770069
773899
770587
772606
771781
772361
772701
774383
773878
769450
772058
770495
776022
773095
773953
773709
774744
773882
774369
772316
772479
775436
775026
771298
771568
772297
772706
774468
773579
772716
770397
773428
774142
772534
774938
772526
780763
777430
773358
773730
775709
773232
772155
775161
775286
770361
771328
769430
770045
769514
774133
771536
771360
774636
775174
772353
773985
773202
770019
770363
775231
775606
773234
777949
771591
780036
772746
774139
773992
769919
773937
775215
768586
771298
777298
777602
773267
776937
773731
770835
771203
770273
777897
771269
778788
768087
772401
771199
771812
774130
769573
770777
771574
775108
768796
775364
772991
775156
774921
776648
777835
776006
770736
770842
774625
771134
774872
770535
772309
770516
773501
775675
772931
771485
775963
772967
774970
772566
771168
770859
771502
775926
771928
773040
772476
772131
774266
775262
773291
772777
775061
770256
769749
773494
774275
775676
768733
772614
778591
775928
775166
770140
771680
771617
774273
774191
773228
776692
772430
776058
774269
774940
772760
769855
775050
772740
771715
769436
774603
777551
778489
775648
778646
771635
770708
773290
771818
772658
775127
772779
772387
779616
770913
774046
771081
774938
773448
775686
775357
771667
770304
770372
777221
774628
775380
775197
773394
770353
774200
774082
770905
771013
774708
770219
771381
771761
773911
772033
772457
772570
774657
772527
776492
776078
775905
770941
772861
769335
776281
774710
773062
768619
769866
777428
775428
775271
773977
771464
772972
779737
776853
767999
774611
770792
769328
772451
775800
770090
774861
775164
770982
774650
772425
774140
771344
773205
772639
775517
774023
775089
779267
774740
772975
773817
772900
772654
774314
772627
773537
775828
778963
776136
774291
770460
769997
772132
771331
770690
772882
775403
770489
772357
777710
774556
772409
773045
771089
771841
775329
775229
772563
771331
771190
779153
773365
771295
775309
774297
776209
773292
773471
771900
777014
774990
772638
772410
770787
771849
772511
772905
774893
774894
773906
772359
772824
770649
773440
772159
775409
775075
772366
775195
776597
770936
773950
776289
774448
768716
772937
769771
775795
772016
776474
775369
768858
770569
773682
774309
777253
776584
770671
775739
776282
776374
776703
773925
771172
772223
778119
773728
770910
782499
770001
770545
773177
772641
772702
774575
771443
772754
774307
770802
773146
771968
768517
771900
774873
772646
779224
771518
773048
768109
777568
775027
777142
774374
772706
770814
769515
773951
775537
772754
775571
774693
776506
775764
770403
771190
771906
772643
775834
770407
771608
770692
776555
772721
775342
771104
769854
771611
771408
772968
771398
770054
773578
771679
775857
777986
772083
775904
775192
770718
773786
774434
768793
778314
774656
772502
777505
771709
774242
773914
773833
773015
772244
775052
773382
769702
772487
771662
773391
776796
774941
768423
777421
775688
773798
775018
775635
771670
776202
770363
773704
775745
770512
777948
776842
771370
772921
777325
772547
774407
772103
771572
777306
774873
774622
771146
772657
775153
772844
772128
771015
774304
770029
775597
772756
768648
770762
771885
769428
773377
771162
772607
771240
773096
771798
771449
771669
775963
768675
768846
775819
769984
773303
770492
770810
773936
771674
772564
776142
772771
773546
774340
771757
776694
774165
772098
776419
772800
771839
778424
777464
773457
769995
773903
778176
772824
772057
771586
773807
768822
772660
771872
772550
770409
771243
775114
773486
771941
772037
769601
774911
774203
772702
770093
772165
776265
776554
773543
771613
774742
770443
774376
771690
779291
769022
773856
771133
769383
772720
775206
769667
778044
771653
771974
770368
772277
770036
772726
776079
770565
776827
770838
774025
772050
772841
773295
774370
772712
773051
771722
771825
775016
773410
772357
767819
774975
775714
774680
774024
772766
775139
771289
771485
771000
772689
771677
773183
772150
776310
783788
774164
773273
777204
772633
775041
773844
775680
771532
775074
772594
770895
778005
776042
774550
773163
773451
774095
773336
774369
773967
769316
774789
769028
771245
775019
770142
773486
768692
767343
769774
774340
776451
779780
775418
779446
772791
774825
776756
770295
774014
776920
771530
771371
771955
770932
771468
770497
774112
772447
774489
774531
775657
770796
772176
774904
773741
771976
772571
771482
773951
768726
773953
770555
774807
773810
773100
772640
773520
776861
773698
773822
773206
775738
773859
770743
771204
777954
773148
772283
774024
773341
770911
773817
773919
774727
769387
771085
771731
772711
775582
777429
772017
774456
770651
771729
772717
772707
774851
773229
771988
771184
774699
772417
769472
775175
771409
770606
770623
773962
771963
774279
772224
776648
771169
773297
772415
772543
773361
773728
774213
777815
776566
771103
770822
774889
769519
772721
771689
770958
775379
773529
768445
771467
772338
772779
776492
770656
771506
774519
770794
776330
775405
773367
774294
771210
774708
771543
773644
773318
772156
772088
777381
770350
770857
769218
772625
770709
771856
776075
780854
772656
774523
772922
777125
773354
769504
772493
772399
770992
771312
772003
772618
776636
771408
772851
771086
773374
772403
772190
773876
774011
773517
776071
770548
769846
771845
771365
780123
773233
773744
769509
774311
770385
775674
774724
771763
773288
774179
772513
777181
772203
770926
773820
771077
777279
770234
774972
771421
772180
774596
771833
771705
777469
777773
767501
776677
772062
769184
774332
772051
777258
772384
772605
775033
776097
774542
770373
770492
768971
776606
772099
771674
774285
771004
775327
767202
773270
772878
769743
772235
772934
770567
773655
773039
772206
771692
772059
777945
774602
773168
770976
770600
773106
773513
770161
776158
771931
773586
771624
779343
774092
774185
774257
771241
770987
776028
771120
772532
772330
774021
770946
770987
768956
775095
778382
769222
774150
770086
773082
777977
772516
774760
770648
775152
775782
773423
772610
773082
773952
774090
772253
771750
773954
772610
775938
775430
773363
776969
771925
771341
773098
771443
772024
772230
773433
773787
770819
773059
770414
772032
773080
771305
775603
776929
771464
770275
774068
771687
772390
772100
770277
774597
774977
776886
772288
774373
776881
774662
774377
772500
773832
772202
772240
775121
772278
772420
776088
774450
772392
773466
776510
773934
774164
773073
772691
771515
774205
777165
772869
775249
776463
774919
770395
775858
776243
775550
775335
770508
779523
772890
774439
774883
774120
772124
776019
776803
772956
774305
774679
775210
769367
771308
772753
770472
773992
773234
771506
772762
773776
777099
776114
774949
773800
772717
770287
771755
771510
771082
768364
772635
773389
772408
777936
772693
778109
775130
775439
771912
773092
773323
774906
774193
770002
773469
772734
776890
776439
773754
773010
769077
772834
770936
771700
768539
775278
770613
771747
771548
773153
772880
772859
775785
773996
778360
775444
774988
772041
772046
772720
775393
771499
774359
771403
770170
773621
771530
775119
775246
773600
772283
772729
771221
772338
771040
769476
770488
773134
774147
774563
768330
778167
772964
774034
773946
773713
772399
773261
772060
774006
774205
772766
772197
776244
774583
772918
779134
771863
772922
774658
773107
772559
775463
776752
772844
770254
772131
774915
772218
772559
776443
772029
771280
774394
773937
769310
774941
772153
774430
775024
776781
770206
773508
768970
771640
773161
771162
772173
770477
773230
774182
772156
776795
769976
769415
775127
773751
777820
771075
773258
772116
772273
775611
772976
771207
772689
772658
774413
772663
773319
772239
772288
771833
771655
774157
771881
777484
773951
777366
777040
773461
777401
775463
777340
771938
773710
775344
774493
772270
772026
778807
770640
771689
772085
770569
771555
774715
770904
770891
773981
775820
771992
772040
774409
774448
773936
776628
772251
773943
774203
770156
777092
774773
773427
774325
772266
774146
771114
770188
778551
771642
772426
770523
770012
770462
776756
772822
772972
772653
772919
770414
774188
775254
773491
772065
772678
772036
773723
771197
774646
773060
776412
769623
773583
773435
769088
771971
772440
769484
772150
780376
772403
771188
772616
770062
772889
774457
772986
777323
777435
775056
771918
778326
778266
772927
770029
770523
780234
775438
768757
771486
771255
776953
772267
771193
774153
772990
774690
778935
775743
773407
772175
773433
771998
771960
779456
772995
772366
772207
773491
772225
770678
774569
769904
771757
777004
772142
774716
775500
773737
774538
773063
775272
770650
772233
776567
771587
771974
774957
776071
769936
770894
770791
772760
770610
773897
769643
773415
775356
775859
770262
773755
767560
773025
775618
769257
770494
772266
772221
770869
772095
773587
774192
772291
771368
773762
770232
777955
778430
771119
775470
771383
774703
772057
775516
773549
774670
773890
777814
771164
771395
773659
773353
777068
775396
770512
776680
771404
770334
774007
773071
773796
775732
774720
771574
769811
774140
775518
770835
771978
773254
773349
775153
778638
773589
770555
771616
775404
776258
774566
772893
771321
771226
774132
774685
769902
777527
774502
774368
770895
774821
775754
774467
778947
773459
774983
772564
772431
772709
777890
774152
772004
771974
773966
775168
774555
777494
775084
778868
772914
769623
769646
772974
774400
770637
775456
771917
771566
774118
772684
774927
775030
773656
773049
774370
776984
772539
773970
772266
773964
773078
773892
769309
771496
775909
774240
770627
775009
771131
771371
775358
771490
774136
770956
768952
772205
776196
767958
772675
774617
774436
772035
773046
770936
771657
770542
773954
773022
773470
776952
772550
775130
773971
773443
780998
774054
771419
771739
771834
773186
772050
771728
772938
771795
772289
771342
777214
770930
773930
772362
769808
775915
777301
770266
773365
768853
774375
772710
773685
770133
771455
769673
770342
772805
776486
771300
770028
772642
775940
771793
774035
775170
773748
773006
770767
772282
771086
770097
772821
774786
773247
769598
773055
768747
772007
777734
777074
770019
770088
775969
772738
771745
774562
775508
768988
775135
775621
773336
774503
775053
771857
771588
772892
771211
770422
773009
776966
773949
772189
774303
772923
776047
767462
768519
776206
770689
775910
772152
771437
775589
776329
768005
776892
773545
777902
773181
771679
778013
772659
773208
772069
771837
773592
777246
772373
774141
772892
772745
769311
772092
778794
772044
771845
774217
775568
770821
771444
772123
776597
771022
770915
770978
771865
776081
771439
779015
778653
772782
777175
776023
771436
773210
771565
771029
774603
770827
770653
775116
772899
771545
773354
773864
771973
772492
775198
773356
776485
771572
777380
771347
772854
770644
770040
771592
770721
772048
772601
775702
770934
772634
773279
775182
776097
772748
772992
770945
774693
777798
773621
773169
771030
774372
774901
768381
774818
772437
774102
774414
769942
773098
775282
770206
769450
773288
772558
772929
776792
770848
770540
773463
773803
769573
775019
772341
771842
772772
774301
773800
769707
773880
773741
769322
771210
772799
774438
771586
772453
777355
770370
774618
774879
770526
776881
774023
769593
773782
771623
773336
771397
774051
771469
775553
773632
769222
770677
770924
774415
771653
770409
770172
772652
772481
773599
772139
774133
772513
775087
775045
772526
771761
770741
774437
774302
772460
773303
772057
769783
774519
773784
773370
772110
770182
777891
770908
774543
771566
769591
772328
768658
774416
771849
774336
773103
771897
774069
774837
776623
774761
773598
773601
771969
774352
772375
774662
775766
772645
774716
773296
771383
772406
774524
776033
772748
773882
772629
771438
773169
777683
770813
770588
776363
771811
772397
770181
771650
774309
773154
770052
776993
774231
771379
776955
771544
772551
775729
772351
770119
770084
769152
776628
771504
773583
775080
774075
773516
776068
772995
770742
775393
774896
768791
770248
776269
773582
775019
771616
775546
772048
772043
771123
773984
779123
773111
771887
776338
779075
772613
772934
771496
773715
773806
772265
774750
775276
772211
773803
772127
769378
771462
775415
773461
770415
770523
769617
771364
771854
773632
771693
775649
776373
773839
775383
772314
768809
770222
772130
767819
773146
770963
770642
773351
774263
777642
770381
771602
775187
772207
776586
771690
771558
775314
775004
770581
772995
773015
773594
773966
773349
772942
774742
774288
769694
777801
770114
775619
771872
770924
773282
771535
770416
776044
772535
772720
769010
774354
773283
773795
771096
770851
776227
767964
772086
772548
771977
767057
774783
772071
772518
772196
767407
767814
773667
772286
773129
773380
774367
772833
772561
771289
774606
773162
769768
772014
774389
772083
773879
773260
773223
771475
776527
775500
770807
770952
770852
771773
774844
771981
775881
771453
773428
776007
771735
775240
773870
772483
781270
773833
772917
772720
774015
772891
771544
772634
766882
771488
773893
772005
773424
774843
772483
775196
776214
774432
773635
772564
775136
776965
773433
775531
772253
773221
777984
772675
770337
774458
772136
769845
774931
773113
770032
778705
771658
769749
771989
777017
773717
773735
776421
773922
774223
772073
775913
772886
773480
770746
772580
769419
771276
772352
773894
771569
771728
772086
773282
770495
770711
769099
772812
771613
773737
768819
772304
774178
775005
773893
775626
776417
774788
773059
770175
775090
773018
773486
773845
775069
773481
774724
779165
770966
773258
775468
772458
775380
777494
772238
776707
773879
772187
776452
778924
774696
773388
773141
774333
772681
773329
773573
772011
775369
776870
772801
776249
774987
771525
772268
775068
771711
774623
777365
771858
774236
772533
769810
774716
776004
771293
768679
771756
774085
773558
769819
768996
773065
770978
773021
773846
775469
776826
773969
773291
772707
770871
770454
770611
771561
779747
772646
771543
768968
772171
771259
773993
775415
771683
770518
774318
777063
769828
773312
773349
776848
774747
774029
772601
773813
774192
771749
771305
772655
774970
772410
770354
769513
774546
770167
775922
771163
772617
771102
777754
775607
772397
770771
772217
772582
770459
774674
772987
772962
777800
774755
770696
771844
771145
775706
776498
769549
772689
774717
770749
771192
770358
772256
770971
771774
773434
775448
772433
774852
770968
773838
773703
772526
773306
772873
776454
771781
773951
772838
773966
771364
772123
771257
773574
769376
771435
770316
770524
768043
771070
772838
769755
771678
773948
775496
771005
772457
771070
775767
770694
776614
770570
768391
771871
771547
771636
776689
774831
771602
773978
772496
773763
774831
775542
770757
771009
772836
772145
774752
772545
776030
773008
776760
773550
770252
775891
769711
777621
773657
770998
772738
773535
774191
776532
770084
771944
772211
771312
778471
773687
771677
771974
774457
767398
775411
771866
770239
772562
771706
776418
773082
774002
770501
771696
776154
773642
772903
774013
774336
773015
771386
771311
773147
771237
772246
773179
772334
773231
771952
775775
771884
774499
769364
772456
768926
773519
773871
770818
772037
773256
771437
772888
770347
772687
773613
771222
776171
774993
781246
770743
773793
776267
772332
772728
772729
772320
773268
773729
773514
772742
776332
769258
773142
772283
775111
770805
772587
772673
773566
769704
771676
773536
774437
771670
773011
776649
770855
768593
773967
769219
774590
772753
775493
774783
768691
770627
771343
774291
772004
771209
770144
770442
769334
773414
774379
773325
774096
768683
775223
774353
772198
772464
774417
773682
775859
776685
771352
774712
771191
771886
771748
776264
773783
769807
774919
772019
772762
772149
773764
772772
775082
770572
770377
775333
776074
772698
775227
772952
772593
773542
770270
768619
775905
771221
771300
775292
773234
774075
770924
774840
775942
775984
771401
772975
775633
775172
772102
772869
774898
772101
770012
769752
772755
773812
776821
774671
772838
771350
769499
776924
773427
772855
773977
780480
771707
773746
775443
773357
774382
774871
770753
775683
772284
772304
770170
775847
772174
775570
773367
773627
773897
770830
770611
770752
774808
771759
769796
773299
774183
771544
774920
773687
771244
773744
771569
774411
775490
776344
769196
775857
770743
774999
773242
771901
779618
769658
774204
769879
775468
772282
770631
779024
773984
772091
772186
775464
774545
773210
770157
773877
768907
773420
773801
771722
776124
773189
771569
773053
777267
769440
771016
774603
774988
775244
773048
775066
773943
774994
779724
776933
775808
773934
771139
772950
773750
771632
779878
773032
777423
773748
773262
771466
773950
773552
768507
771463
777863
771174
772896
775560
773596
771034
769104
771274
775061
770443
772421
774157
768100
769726
771819
772490
772253
774350
771659
772906
772651
775279
775013
769489
771400
780569
774151
776603
774732
772566
768665
773631
776798
771448
773207
768385
772171
770075
771344
772427
772816
775757
771018
768728
772910
773373
776386
773250
774303
770536
778574
772177
771158
768555
774540
767675
777251
769924
771053
772796
773029
778426
772356
775954
775494
773767
779664
774362
773795
773640
775247
769660
771768
773143
774955
772569
771329
774330
774849
774307
774949
769118
776780
772726
776227
768541
773163
772310
775269
773866
774425
771895
771983
776082
771111
773824
768025
775874
771704
775985
776421
774437
777474
769857
771806
773256
774286
778151
770479
771522
778455
773498
774470
774547
773112
775387
775316
776917
773637
768853
776888
777649
772276
775121
776525
773342
772655
770470
776907
772688
770283
771302
774715
771978
771709
771404
776086
775544
771743
771448
776297
774337
772234
774206
771901
769960
773202
771498
776266
774558
773933
770106
770576
776890
775787
775502
771982
770837
773435
771992
775281
773576
772080
777681
771854
773225
778754
773827
778868
768886
770984
771117
770844
771261
769247
772051
778779
769664
769151
772563
770920
772155
773140
777972
773811
772828
776118
772420
771283
777396
776272
771139
771509
772382
773595
772537
772767
773239
773650
775286
772987
779945
776500
769826
771815
781561
771904
769648
772209
776656
773471
775530
772886
769841
771032
777031
772227
771732
774061
771758
772954
770479
776715
778134
772631
772965
774033
772656
772024
773695
771764
774197
771323
775833
768480
772749
775337
775147
770934
773993
772010
767748
769245
774524
774116
774912
772499
773382
777876
771585
771669
777831
773411
774271
772129
774924
774273
774077
769731
773785
775290
772081
771056
771619
773833
771789
774496
772852
771488
772033
773764
770283
771811
771554
771887
774705
770842
775672
773852
772046
774970
769976
772636
773406
772724
769714
770101
771064
777216
773911
774836
772556
776611
775833
767511
776632
773143
773703
775379
773297
780126
774170
769334
772372
773510
770476
775632
774125
771395
773352
769385
772951
770614
775674
774007
776422
775694
770904
771863
775094
774253
770214
771745
774747
771090
771905
773232
768719
771938
774949
771045
776096
772013
774338
772064
773434
770466
778339
772346
774499
771392
777409
773157
774422
773126
770999
773668
769119
773794
774323
773090
775396
774090
773941
770911
770273
771221
774995
768841
774517
771484
777830
769936
770404
772318
768810
772918
772258
776611
771377
771062
779263
770630
769930
768516
773381
772293
776190
773098
774892
770398
771901
771941
773819
771110
770163
770665
771957
774048
772699
774092
772276
772510
774449
772420
771243
772847
772390
774152
774275
771282
780480
775846
776534
774722
773091
771770
768911
771286
772075
774628
769419
771852
772029
772958
778140
774870
771171
769674
772875
769705
774273
773182
771934
773148
772275
773038
773503
774712
778472
775103
770907
776877
773165
774974
772443
773316
772867
771282
772899
774812
770030
772171
775357
769402
769323
772471
774033
776710
773894
774063
771909
775747
774776
772731
771999
774828
776930
775299
772820
774990
770226
779109
771285
772170
776996
779038
772104
771940
772333
771648
772951
780394
772210
771019
777493
775773
769274
776533
772688
775258
771740
772820
770503
774182
772969
770207
774629
769867
771544
774962
772872
772282
771927
772214
774622
774145
776808
776926
775745
774060
775182
772917
768431
775514
770271
773491
774117
771917
777141
771432
773716
769674
775497
771556
774362
775320
773055
768958
771876
773101
772849
769889
776967
776651
774091
773921
774149
770871
770562
770704
769123
772492
771733
770265
771980
777401
774233
769569
776323
773479
772951
768837
769665
770166
772759
774730
776155
777982
767541
771691
773522
772235
772844
770073
772883
773917
773801
770784
774025
772015
772273
773273
773441
773945
772572
769539
770030
769796
770860
772903
772708
773959
771069
774409
773849
773328
772967
774014
770464
769949
771343
771030
773378
772655
773042
773805
772474
772630
770685
771403
770932
770141
774230
777761
771217
774919
776266
772182
772129
776006
775196
777132
773679
773815
777757
776391
771726
775284
774433
774466
773233
776522
776466
774511
771690
769474
773979
773147
770915
772867
771850
773902
770412
775023
774690
776646
774571
771632
771713
773915
770065
771355
774381
774742
774308
774265
770066
772631
776011
773098
769255
775024
777538
771711
770353
770335
771457
775381
769828
770572
770354
772555
772924
776508
775957
771446
776156
773376
778932
771413
772207
773024
772314
771703
772048
773032
774236
774445
770435
776974
774718
772139
771598
768251
777838
773155
775356
773086
775984
772708
776013
771782
774410
777076
773093
772239
772051
770647
772209
773982
769603
774793
772632
773753
772156
777133
776839
774466
769820
776013
771591
773678
770929
772221
770034
770665
770824
770541
774543
772220
778400
772331
768114
772070
774658
776195
772829
771370
773920
771278
770543
777547
775026
775336
774227
768564
770219
772316
772521
772862
768768
773661
774926
776593
772253
775325
770673
772486
770337
771134
774078
776470
769888
776881
773310
771041
768367
771692
772664
769344
772395
773739
775280
775939
773104
774646
773198
774022
774534
769810
774444
772125
775790
769692
773601
772154
772249
774002
768789
770623
775419
774916
775134
772009
770623
771791
772872
774084
775525
772818
776132
775858
773390
780346
775732
774440
771349
770450
768290
773548
770586
770254
773992
773249
772572
771989
771248
769631
774598
773358
770159
774440
773894
772684
770537
770982
772092
770394
775185
776986
772150
771953
771131
771599
771080
774192
771977
771183
772209
774676
769913
775979
773319
772248
771861
770403
777792
779825
771205
771572
774324
771174
770424
774890
774376
771155
773696
774490
770977
771333
772712
774617
771152
772246
770634
773466
775690
773078
774833
769641
778209
774561
771513
770337
775634
775878
774527
770190
772443
770916
770384
775966
772013
774211
769879
770894
775938
773953
777631
774640
773409
772462
768827
775020
773298
771118
771573
771405
768566
774656
773292
772907
774819
769348
774375
775255
772602
774496
774117
770941
772903
770741
773907
773003
774184
773014
769889
770924
777331
773077
771940
771467
772282
773269
773721
771028
772445
768746
771274
769398
771139
773939
774290
770671
770049
774319
773955
770606
769604
770439
774412
774022
776278
768894
776079
773715
776122
772122
769176
770545
773191
771058
774752
773551
774272
771805
771883
773882
770625
773095
775130
773112
771160
779074
775602
772003
771492
773731
772092
774973
771035
774536
775271
769929
774935
774238
777699
770409
773734
773226
769847
770775
773308
772569
775134
771956
773910
775080
775230
772986
772067
773283
773871
772254
772681
775387
770898
769740
770064
781755
773786
775943
774443
770897
771871
769379
771904
774555
777424
775938
771875
773720
775637
776141
773612
772081
771911
773204
774806
772936
773261
775270
770075
771527
770238
777569
777282
768226
776248
773333
773868
770798
776971
772461
770539
776155
776136
771811
771086
775163
776513
775849
771077
772185
772400
776225
768922
771892
772350
774782
769736
771014
769467
770539
773729
774321
772571
773918
774622
774988
773997
769783
771943
774480
775211
778116
771932
772865
769694
777030
770655
770026
768794
773441
771878
775913
774435
774307
777036
773996
768501
771796
773336
774070
772063
773074
777017
773980
779195
769634
772051
773170
774308
772589
774900
775422
771224
773142
771775
774929
773291
777045
773597
773767
774736
773543
772724
770071
768939
770912
771744
772087
774611
770834
771328
772841
773691
772417
772111
774760
774982
774019
772826
771596
775019
770705
772824
770905
777765
772221
771480
780845
772584
775845
774469
773668
772673
773801
773084
773692
771768
776698
774173
771044
776663
775945
774365
775996
773115
775599
773825
770750
774186
779851
777281
773625
771530
773739
770118
773399
776368
774317
771203
771006
773710
775540
772872
771346
769157
775459
773166
774020
772440
776126
773185
770347
775420
773811
771578
773277
772317
776184
768601
769337
772899
772618
769938
771141
773189
774507
775562
773661
776809
771981
775181
768435
775651
773990
770421
774309
774434
775145
775070
770952
770165
767663
771983
769293
772943
773083
773963
772967
773621
767972
773623
770858
774434
772323
772782
776173
776864
773281
771005
770147
772718
771208
775624
773675
771813
771319
773447
776947
774744
778199
767891
769657
773395
769148
773324
775082
770447
778504
776687
777624
771069
768729
772502
772590
770634
773691
775424
770726
777552
775085
771305
772976
781448
772344
775606
771987
777191
771035
777087
770277
777830
775959
772524
769593
774537
772514
771185
770219
775429
776364
771171
775268
771066
772101
773094
773721
772790
771294
772331
775117
769615
773249
771552
772594
771341
771102
770950
771050
772347
771624
772484
770022
774359
773554
773155
771447
772348
771579
774462
775839
777914
772452
775936
775159
775051
774973
773451
769547
774856
769682
774665
777973
770752
772948
767196
769874
776523
779463
773770
774357
773391
772123
778620
774574
778167
770617
769562
772182
770462
776492
775199
770942
776323
774634
775642
771945
771861
772332
774341
772007
768737
771771
773602
766935
776252
774698
772850
775567
770336
773884
773339
769651
776010
770155
767365
774200
776556
772928
770813
770490
771390
774707
774702
775468
771868
772991
775903
776716
768998
775447
772372
768254
769171
771242
773493
777216
776155
772420
771381
773438
769474
770630
776756
771790
775255
772414
777880
770835
773438
773354
773393
776574
775777
772590
771991
771141
774324
773240
771783
775559
771822
770933
779187
769593
776417
772517
772004
770925
774809
770547
775606
772766
771945
773357
771244
775257
771320
775802
775033
773873
774187
775146
772994
774193
773971
773180
776255
771789
773273
776745
776778
769963
771997
774087
771792
773554
773814
773456
772176
774194
774746
774942
772866
770693
773570
773635
771327
773617
773187
777578
774094
772202
772991
776689
773122
769603
776580
773091
771656
774062
772762
770896
774070
768542
772075
773656
773637
773439
779778
776538
778671
772340
775787
771373
772394
775492
773071
772015
773306
772167
770769
771943
781406
772469
770958
774978
773869
775308
775343
775750
774737
772913
774472
771595
773305
773105
773049
769719
769115
772140
773336
774433
775254
773322
773204
769231
772423
767545
770648
772675
772244
768925
774517
776241
775737
771868
775790
774649
770967
776052
772479
773266
774498
773857
775866
778576
774557
773851
773977
771968
773485
776446
770674
779227
769668
770438
774816
772501
772043
774099
772850
776450
773961
775151
771577
772068
774171
774688
772114
773949
776167
773044
775262
773103
772582
777453
772721
773205
773184
773312
772428
770032
772141
774854
769955
772952
769327
778558
771966
772682
778134
773544
774170
772419
773014
774511
771011
778159
771767
776301
775942
777772
772863
774633
775833
770801
773147
771515
768450
773147
776212
773165
775894
773673
776199
775526
773185
776460
771173
773437
773260
771623
773423
777145
772934
772391
775734
771183
770049
775947
773180
772434
776558
773433
774019
773530
770971
773116
771634
772952
774684
777210
777186
776378
771911
770865
772486
769294
772945
769715
773565
774817
773290
772029
776083
772855
775650
770446
770576
770636
774022
769748
771230
772853
775259
769447
776210
772385
771834
772698
770746
770999
769503
771549
771308
772891
770604
772329
771479
774694
773370
777715
771008
772026
775031
771134
774661
770930
774089
767554
772336
775480
773146
768776
771807
774125
773376
774891
772641
778100
773686
771944
778535
773307
769745
771489
772497
773856
776762
772068
776111
775209
769629
772371
774336
776397
780757
776145
771192
769785
771816
775813
772209
771386
772227
775596
774218
771027
775091
775530
773537
773941
770686
774778
771079
774595
773053
771445
771822
772463
774946
773099
770987
769565
777156
775417
770102
773610
773559
771920
770453
772204
771487
770468
774029
775906
769859
772910
771171
774004
776631
768289
773018
774509
773954
772169
777756
774125
773299
775629
773221
771092
771956
772274
774916
773084
771962
774666
773561
773373
772140
773729
769043
771244
776541
771439
772432
772073
771319
774727
773971
773497
772327
776145
772712
773556
777622
775163
773973
772161
770838
775446
776577
774772
771980
772888
779630
776479
773302
777062
771854
771172
771095
769934
773996
770047
772048
775828
772570
772006
773055
771748
772977
770722
773074
775183
771634
775541
773346
775619
772165
774837
769947
775435
768776
774929
771247
774321
770568
772091
775354
776420
774169
771378
773663
772830
773989
770329
776161
771837
774986
769695
777158
770969
774127
774433
771382
773700
776900
769261
777179
773499
771425
777064
771968
780552
772791
772953
774290
770301
775542
773651
770036
773936
774813
772923
774737
775706
772695
771226
767537
772192
774824
770865
773472
773652
776010
769674
771379
778188
773596
769182
774278
773783
772220
771890
770068
769940
771911
771031
772823
772520
772256
770659
769735
773030
774224
770109
774506
772882
780361
771594
769190
776071
771253
774301
772966
777161
775212
773048
773983
774741
777288
776511
778586
772476
771315
774956
771375
771341
772624
774319
769448
774748
779233
774210
774186
774887
780595
771206
770933
771360
776875
774920
772994
775291
774233
771810
774477
774478
772858
771794
777972
782929
773105
772806
773589
772883
771315
773071
771435
771486
771929
772720
772413
773178
775866
770707
772543
773426
773511
776512
770706
772524
772864
778845
771336
769092
774623
776070
774593
773274
772421
772644
772525
773086
775384
769697
771556
768703
776753
778161
773074
769069
769138
773854
773863
775470
775619
770848
774701
772973
776022
774380
772528
771636
770491
777229
775711
778737
776168
772319
773528
773736
774516
772082
773142
773504
774262
775610
769459
774035
771455
774333
769803
771237
772503
770929
770025
768855
771301
776751
772845
773107
771502
776069
773925
771772
771488
776969
773734
769040
774150
772561
775304
771858
773135
776933
774499
773219
769663
771790
768868
772095
768905
770657
778035
770780
776682
773682
774173
773906
775593
776324
770540
770505
773676
779578
773712
770613
771337
772616
776899
773117
769222
769164
770822
773724
771715
776924
768495
776446
771311
776450
776261
773815
770911
772820
777292
773575
775475
773030
777187
772205
774936
771378
770365
774570
772736
770931
772709
774879
773493
772232
768413
771143
774992
772867
775392
774136
774829
774331
775249
771004
774388
776369
772808
774682
772665
770123
771453
770318
769729
774163
773727
777096
775679
769050
772562
775172
778225
775618
774155
775032
772691
773985
772039
775089
769898
769230
774311
778673
771954
773957
774376
776744
773804
771998
773557
774084
775288
776710
769641
775061
773430
772078
769753
773564
771506
775973
776580
773634
771972
774916
769980
774739
776326
772385
771026
772182
770985
769344
771739
775885
774865
771720
774147
775597
771555
775646
771170
770460
773953
770977
772517
772202
776944
771457
775258
774426
776513
770914
771583
771812
772285
770683
774495
773045
769368
774093
772388
773610
775628
769199
774941
769906
772668
771685
772476
779373
772880
774444
775206
768437
773476
771891
771368
773509
773754
782019
770347
769125
774441
768252
775778
775484
774588
774465
773460
773106
774986
774194
772523
772553
776228
772302
772689
769836
770411
771350
772934
769685
773616
771831
774151
770486
775729
774983
770622
774410
769632
772009
774505
775068
776934
772874
771280
770927
773462
773062
768444
772895
772876
769375
772601
770530
772347
776061
769528
776133
772936
773836
775625
774323
771405
771961
769571
773634
773629
773778
771931
771769
769948
777972
773329
771560
770866
769010
773348
772683
773184
772996
771687
773230
770907
771315
770498
772214
769839
770308
774276
774493
775421
771679
772293
772443
772456
770749
773307
774192
771875
775731
774148
772754
772219
771424
773058
775579
774166
775293
773386
769757
773445
775250
768235
772392
771507
770818
769549
775119
778635
774305
771966
772873
773553
774077
773047
773532
774800
775110
772417
774807
773964
774482
770759
772845
776023
775657
771800
770933
771758
774121
772212
773552
773181
772913
774268
769176
775497
770622
772630
775158
775068
773863
772936
780206
771963
771887
776334
773621
772583
773135
775056
775136
772936
773516
772462
778612
772398
778742
770050
774699
773082
772248
771177
770876
769961
770756
771562
771330
771786
773407
769012
772823
772866
771565
771423
770812
776751
773146
777495
768953
770599
774019
771639
772263
769965
771984
769986
773446
773140
776439
774187
773015
776333
774506
774369
773764
773912
770373
772338
774584
773569
774541
771547
773933
777395
773163
775872
771533
774297
770469
777282
769603
774849
771910
779122
772946
777563
773501
772239
773191
771907
772441
773876
771737
773536
776789
774110
772488
773761
770075
778585
774694
776055
771886
774365
770864
773777
776408
771376
774025
774770
772247
776598
775230
774852
770959
770047
774192
771432
777755
768437
772542
772306
772118
772241
774616
767808
773272
773160
769169
771925
771293
773842
771998
774212
772507
771934
774288
768598
772438
769659
773886
773741
774102
773282
774648
772272
777270
770583
769757
772470
775226
772950
771800
773900
777319
774596
772832
773502
772561
770622
771356
775516
771100
775781
769942
775625
775758
773224
772210
771392
773914
773452
772867
773816
777514
773129
769917
774266
773643
774346
773709
773796
774060
772735
772920
774366
775829
772685
773655
769689
769513
775470
775259
770460
772711
773823
771427
774713
775892
772612
775475
776206
775651
772679
771042
772782
770059
776094
772353
775990
774392
776694
776360
775443
774035
775597
771195
769442
770025
768619
775069
771566
769607
777363
772646
772730
769215
778749
771893
769829
775796
768308
774913
776811
774263
771755
777801
770047
774289
769934
772138
766889
776923
776163
773040
773216
772479
777724
773747
774422
773158
773866
769912
769438
768510
771759
775629
773502
772466
772638
772907
774482
771710
771593
771652
769911
774189
772733
775387
772919
774479
772096
772460
772352
774944
769651
771381
771075
773018
775136
771890
774846
772995
769326
771748
775860
771885
774357
778676
770412
774862
775723
773503
772700
776123
772659
774934
773486
771981
771084
772040
770934
775640
775113
774289
775655
772476
772087
771124
773834
778918
775530
773363
775754
773283
775020
774006
776043
773804
770436
772865
773033
775697
773232
771915
774500
770309
773549
772196
774099
769477
776433
773080
772740
771621
770063
773267
771571
775494
774734
774056
779215
770222
773451
773629
775310
771954
772502
778112
771158
772130
778055
772695
770946
772703
771703
772135
775638
776794
771076
770505
775717
772811
775764
777550
772123
774461
769280
771025
773491
771010
774286
772532
772231
772677
774099
769618
770531
773007
770243
780321
771999
771512
773430
774896
773082
769603
775939
775416
776170
778589
776626
772472
773510
769181
769191
774583
773341
774907
774769
774202
774879
774108
773169
771582
770147
774578
773192
769603
770962
774581
773189
772038
770962
772664
771346
773006
776252
772552
771044
775321
772109
775345
774897
773347
777059
771013
774839
775024
776276
773272
773974
773904
770353
770978
771992
772381
771319
769972
773482
778485
772411
776247
771846
772256
775781
774380
774378
771139
770241
771942
777802
774047
771644
772040
772542
773579
774357
776783
776949
771552
773932
769298
771020
770458
766861
774412
771263
769810
770917
769714
773188
778274
773035
771538
770606
772341
777806
778301
770121
777117
774860
772014
774016
769926
774522
773158
774523
774681
771069
776262
772271
774802
777808
771806
773734
774240
774548
771671
775304
773608
776968
773488
782078
779265
769676
776891
774420
774760
777249
769463
771840
769980
773252
771491
772542
770870
770632
775439
771261
771351
778769
773867
773978
772750
773794
769296
776997
772115
770002
771385
774911
770568
771827
770946
775454
773297
773224
772699
773876
769885
776328
769881
773724
776664
771580
768711
775716
772601
772339
772698
779949
769401
776136
776289
775986
774803
769012
774936
774621
775024
770130
774456
773887
772241
770063
769336
772306
769856
775847
775096
773968
773842
775788
772669
769895
773603
772998
771025
771058
768613
773537
773143
768673
773275
777328
773545
774916
772163
774989
774400
779253
773471
775769
770876
776963
772622
772984
774997
777078
771488
772971
777040
775115
773481
774093
774817
772218
769083
771055
772192
770709
774960
769397
774152
776045
770770
771629
772707
771596
769774
774643
776593
776725
771846
772314
772409
776907
771440
774716
777668
770377
775674
769778
770424
770823
775150
776300
771813
773747
774941
772480
774707
768868
768632
776429
771233
771679
770195
773314
771426
773592
773296
775260
772417
771002
774464
776601
777027
773814
773542
774997
774619
775346
770712
775465
778294
775517
775604
773777
776183
777476
772670
771918
771463
769904
770854
773352
776635
775298
774035
779532
770590
773225
774809
772841
775806
775451
770893
772103
774984
770259
769771
775522
778397
780087
774043
776371
773254
776572
770610
774483
775886
770911
772804
773389
772377
770939
775989
772392
775252
777584
774457
773996
773514
771441
772165
773247
779752
777380
772365
774422
777064
771195
774453
770099
771148
776022
768946
773034
766982
776276
770380
775541
770990
775761
772708
771799
770645
772291
777877
774406
770877
772449
772533
774523
777544
777222
773069
776714
770728
769492
773334
770012
770448
774533
774307
775829
771690
773452
775170
774991
773130
771511
770895
770389
781086
771551
769529
770968
772261
772648
773519
772848
776037
775508
768705
775125
771870
773493
772237
775190
775227
774929
772671
775476
776726
774060
773234
771300
771911
777331
769316
773126
777336
775002
770970
775222
772685
775407
776877
775453
769458
774792
774654
777630
770136
771808
771555
774030
775777
771287
771136
777070
772914
771377
773550
778854
770700
775014
772073
771824
771833
771217
775815
772211
778063
775181
778647
772747
777986
775521
772803
773121
771598
774128
774680
770190
780890
770844
773500
772007
773914
771453
773131
772158
768750
770055
775469
772144
772658
772151
778761
775729
769681
771111
769791
771976
771796
771973
770594
773720
771417
774061
771015
773200
773439
770249
772317
774133
771426
775065
775123
772742
771543
771191
775549
782911
771671
771790
773034
774214
776469
769690
773419
772762
776272
770401
771587
770948
774546
770672
774727
772287
773874
778067
773133
776022
776203
775939
771984
772088
773030
777850
771875
770242
772833
780126
771221
772209
771340
771725
772869
767786
769317
772076
774717
772159
772428
774100
775774
773352
770349
773037
776578
774673
773336
775686
774729
772292
770791
771546
771844
771104
774355
772798
770668
771950
770979
775661
772496
777684
772765
770818
771961
773923
771364
774244
769916
774359
774167
771632
777622
773524
770842
773881
774131
774392
772139
772110
770768
772281
770921
772883
771518
771440
772320
772336
772408
772173
771240
777888
769603
771651
770629
768305
777086
769745
776026
776560
772470
773663
773072
773647
770737
772298
770994
772706
773862
775066
775760
771929
776365
771513
773009
770983
773640
768991
770172
771261
772612
772750
775308
772976
776127
772270
773750
770596
773154
775714
776768
773814
771928
771348
773893
775216
772383
775417
775426
769878
769979
770846
774313
772968
768874
772318
769989
776219
773918
770475
771863
771184
771382
774578
772204
770132
775408
772506
776592
773430
777849
772407
772743
772964
775515
774834
775327
772512
773134
776563
772812
773763
772447
771928
773213
775366
771930
769443
773192
774496
774958
773727
771919
771550
775531
775150
773303
772707
770637
772393
773968
770310
770031
772726
773382
774865
770688
774050
768042
775237
773074
776426
773808
774855
771911
770673
770590
774014
770602
775036
774461
771680
772163
770313
773328
771635
768260
770886
774488
774437
774826
769049
772524
771623
775635
772358
775220
774571
772910
771472
775029
776965
777060
774872
769599
775291
773750
770586
772462
773383
773609
772446
770193
771894
776709
774612
771962
774058
774340
772436
773822
775905
776086
774001
774711
769473
770666
771945
773076
775085
773345
773581
776881
773360
777577
768965
770557
770077
770661
774621
774525
772163
772966
769719
773004
772104
773750
773792
770936
773070
773897
775817
774142
772702
773140
771136
778451
773525
772197
769238
771539
773454
772403
774681
776103
772519
771155
772375
772726
769099
772224
772914
773959
774647
769614
769831
772816
772152
772903
769390
773324
774310
768944
772275
770859
773895
771035
771757
776228
773041
770535
772326
775453
774014
770544
770210
769265
772491
770904
769687
774331
779555
776239
771127
772226
771976
772565
771089
771091
769428
771101
773252
773661
778219
774419
773872
771890
772906
769803
775862
771292
771071
771953
769037
771644
773475
775402
770813
774741
772108
774697
774109
771994
778443
776530
772547
774045
774600
771831
771244
775399
770469
777153
770154
775876
772983
769560
773881
774471
774352
777290
770657
772906
770721
773468
776188
771461
774085
773533
776033
771450
773083
770276
774183
780007
774388
770210
769547
775818
769633
776122
772601
771339
773275
768699
771428
769135
778071
768164
770242
772665
774735
774714
774869
773855
773306
780170
772579
774070
777207
773321
775275
773739
771084
770394
771516
774591
771109
771460
772409
771790
768834
779259
773231
782036
771172
774494
775801
778790
770397
773349
769787
772635
774713
773156
773773
780763
774026
770220
772430
777968
773694
778271
770964
770010
772698
774254
773910
773999
773550
776882
769821
772348
773665
770158
774882
775767
773809
773191
775816
773753
774457
772199
772232
777994
768814
773187
775749
776417
774254
776446
770075
773472
772534
771451
774567
773074
768319
773050
771084
772829
773155
774199
768264
771088
775867
774261
772006
772922
770452
772804
773424
771620
770949
774326
770072
774362
775317
