835194
828873
833251
830293
832862
835221
831976
833020
831541
830490
830271
834113
833298
830492
832145
834747
831085
832476
830654
831792
832352
832806
830914
833089
833873
831177
831705
830037
832411
830252
830450
832188
834685
831570
832990
830885
829667
831407
830942
829663
833450
831722
834322
831120
833093
832473
830397
833867
834126
832625
832572
832849
832779
832232
834352
832089
831590
831757
831738
831581
829493
830694
834510
833409
834781
832300
835798
830905
837119
828368
831980
830770
832046
830419
831387
830382
829997
833415
829956
831967
832271
835104
833577
830708
833547
831389
831040
830255
831930
831408
833270
830925
831735
832211
833724
829345
831628
830819
832241
832189
832657
831636
831847
831046
829097
831352
834424
829938
830096
832821
832021
831999
831037
832720
831212
831120
831967
833133
832011
831510
832844
833002
829664
829698
829796
832904
831744
829444
833537
831074
829191
832168
831341
831696
830479
828789
831323
831017
831590
831551
833495
833385
831124
833262
834125
830729
834866
833810
831231
833005
834332
833172
832107
830695
831445
832112
832177
832999
830810
830091
832476
829921
832294
831682
830245
830019
832830
831324
830764
832829
832471
833020
834271
830968
830685
828173
831848
830471
829097
832548
831345
832835
831852
833171
830000
834089
834078
833976
831827
830508
830117
829545
829278
832427
830150
833392
830216
832246
831669
831639
832139
829418
831286
832023
831370
830133
830733
831421
833909
829904
834992
834033
833971
832314
831039
831928
834105
831116
833306
832356
831588
830997
835029
832272
831095
830066
830576
834666
831378
835848
831823
834152
831870
833884
830677
833806
829774
832883
831275
830336
833198
831511
831862
829392
830395
830275
831581
832746
828754
831743
830872
834072
833634
831338
831984
834270
830317
831432
830520
831113
835002
834124
831650
831390
831205
831950
830763
831595
830418
831274
835544
831280
833358
830623
831503
830112
831294
833361
834690
831119
833614
832789
834452
831069
833052
829555
831298
830339
830017
832492
833007
831576
833069
832278
828486
833041
829443
832768
832024
832887
831929
828814
832180
834200
830645
829885
830700
831589
830586
831018
831189
829773
831514
834916
831064
829183
833294
830503
830544
832716
831367
830926
832681
829923
831295
832746
833311
830105
831908
830274
831116
829465
835206
833389
834932
830712
831340
831764
829677
829999
832044
833474
828895
831913
831826
832662
830670
833327
830608
830130
830382
835521
833995
829609
835995
831134
834931
834637
833701
833457
834276
834285
832567
832678
831147
832896
834695
831377
834223
831995
830527
832425
832494
830229
829557
830393
831715
832447
831592
830776
833279
831092
834574
830339
830250
832679
832053
838067
831391
829801
835156
831108
830051
832297
831554
830666
834126
831196
833556
828317
830986
830785
832880
831123
833194
837775
833662
831953
830896
832565
832540
833372
832662
831552
831333
831331
831825
833895
833674
831807
831069
832525
831780
831200
833067
829903
832219
834242
831142
835147
829879
831701
832646
831482
828198
833473
830216
829371
831493
834686
830852
832454
831419
832246
832004
832047
833757
830054
832685
832676
833237
831792
831415
830102
832986
829236
832944
833415
830218
833340
833711
832715
831231
829395
831144
834855
831793
833206
831086
830235
831317
834722
831251
830926
831756
831837
831533
832691
832793
833860
833681
832315
836392
830378
831968
830546
830709
832457
830957
831056
831938
831192
830395
831787
831533
829959
830392
830964
832270
837473
829804
830436
831369
833080
833013
834321
833340
831734
830639
833356
832570
831851
833250
831277
829040
831790
830204
834242
833579
833410
832764
830888
830786
829891
834718
831066
830349
832350
831869
832764
832593
832029
831617
830652
830111
832567
829698
832363
831488
830789
832452
834164
833363
832077
830752
833527
830822
831459
830737
833873
830974
831496
831376
831506
830789
828673
830206
831079
833161
832372
830024
830704
833305
833989
832470
834682
833174
830997
831370
832927
829734
832045
830306
831674
832984
831507
830760
830010
832045
831240
830953
830072
834869
830004
831776
833555
831027
829299
832059
829809
834405
831162
832405
829398
830302
832293
831821
833456
830541
832055
831128
831578
830696
830049
832495
831243
831619
833426
832806
832595
833556
833354
835043
831815
834419
831261
830222
832693
835023
831346
831041
831059
830881
829770
836106
831549
833376
831257
831607
830767
833410
831525
834580
832313
833638
833938
833561
831089
832072
833709
831154
831858
835144
831770
831338
831387
831683
831907
829514
831277
830092
831762
831147
832902
831643
833405
834915
831860
833624
830899
831621
833715
833917
835514
831756
832083
833622
833278
832247
829355
831437
832940
831583
832441
833728
831250
829884
834461
832490
831047
830233
830727
831777
831137
831124
832602
831338
831241
833149
829773
830174
830909
831250
830464
832796
829695
831726
831177
834647
831565
830354
829426
830908
831635
832291
829295
833468
831466
833568
831326
830989
833575
831298
831180
835133
832239
834232
832279
833511
831158
830893
832496
830722
834736
831302
829390
833922
830413
832485
831271
833734
831912
834717
830760
829664
832514
831734
830038
830471
830879
833079
832910
832006
832459
831865
830861
831569
832703
833944
831547
833533
830623
833098
831479
831281
831106
831223
831328
829374
830769
828758
831765
831400
835192
831655
833210
832519
833175
831146
833113
831958
830240
829368
830784
832631
831249
830867
832229
832631
832987
832254
829727
831143
830940
835350
830963
829617
829461
830732
830216
831763
829659
832155
829542
831131
830788
829263
828218
834189
830888
831177
832488
835383
835790
832144
831042
830744
832296
834257
830320
832866
831556
832219
830521
831393
834196
834807
830296
830168
832742
831841
832697
829417
832663
831707
834333
830220
831572
831388
829265
831082
830525
831417
835600
828640
830718
830388
834250
832400
834947
829793
832800
831792
829533
831910
830401
829333
830264
833364
831714
831338
833352
828956
830606
832031
830806
832067
831118
830433
832093
834267
830568
834381
830764
834655
830675
831705
831502
831136
828483
830738
829739
834168
829984
832251
831599
832500
833099
831488
832077
829910
832724
830317
831059
833269
830676
830690
830915
831573
831986
830495
830886
831590
834357
833215
833460
834470
833138
830353
831880
832230
830751
832451
832089
831195
831488
831213
833796
831115
832930
831235
831810
832082
832324
831511
832655
830248
831592
831479
832766
830983
831158
831560
832153
832188
831620
831710
829790
831968
830767
829668
833863
831178
830906
835176
837747
830904
832146
830543
832069
832424
833466
829328
831619
833980
832781
831764
829295
834813
835748
831368
835855
829795
832387
830024
832482
830270
831413
834438
835291
832041
831641
831592
829766
833856
832166
831697
829997
836037
832296
831911
831052
833088
830467
832791
831490
831272
831684
832527
829566
834014
832294
835693
833431
833589
831692
837346
831447
834387
832645
832092
830974
834016
829995
832993
833505
831743
831754
830271
831341
831825
831237
831620
830207
829922
832839
831855
831398
833689
831120
831092
831448
831441
830489
834810
835476
830364
830591
832343
828823
829743
832429
835152
830490
831717
831798
830846
832023
832287
833374
832636
832537
832599
835910
832047
830847
829983
830167
832486
831658
833044
833058
831519
833430
833395
833539
833417
831457
830365
833420
828371
830917
833685
830298
830667
831497
830842
828805
830528
831705
832229
830899
832781
832020
832044
831343
830957
832553
830605
830918
832139
833353
832779
834194
832048
830035
834700
833634
835381
833524
833056
832757
833793
832564
831941
830172
834124
832582
834258
833450
831373
829615
831966
831268
830947
831938
831664
831265
831593
830292
829799
829368
832473
832273
833459
830364
830860
831739
830403
831176
830846
833734
832390
831981
829148
834037
833038
830340
832609
834928
829398
830370
831572
832634
831486
832202
832666
833364
830303
834302
831665
833061
833825
831229
830644
830872
829754
832364
834694
831862
833285
831666
828731
833527
830888
831396
832142
831751
831597
834040
830924
832585
829288
829942
830635
833170
830926
831926
832553
830654
833108
830397
832413
830752
829478
830797
832034
833946
832763
833369
831072
830119
831608
831565
833027
832573
832403
833324
834416
832542
833056
832026
830790
831253
832480
832388
831614
830773
832112
830801
830215
833351
829951
829075
831350
831382
831523
831960
831904
832469
830724
831068
831201
831582
831194
829006
830816
834807
828950
836021
833411
830618
831991
834341
830521
834299
831486
832898
831122
832236
827814
831395
831525
831209
829925
831809
830909
828623
831953
832021
830887
830823
833104
833360
829794
834765
831384
832170
830319
830480
830426
831157
830981
832601
834551
834892
832902
829682
829631
833263
831540
830202
833460
830101
835007
835567
828093
829927
831320
829545
829977
831251
833373
830591
832256
830094
831332
834086
832255
835235
832916
832563
834264
831059
829737
832964
833019
829925
832844
828514
829518
831852
830751
833902
833217
830991
832256
833619
830670
832006
828551
831410
831486
834100
829246
834427
830770
832143
830901
831511
829638
830366
832480
829455
830937
830322
830894
831341
830948
830225
835073
830831
829821
832070
831860
833644
830313
830488
831118
829240
832772
832982
831594
835098
831421
829852
830611
833585
827615
833241
831166
831969
832146
834562
834277
832216
831047
833624
829381
834953
830890
832419
829620
831333
832298
833521
832574
830653
830515
832224
832634
834941
833071
830365
834029
832246
835843
832436
834518
829534
831218
829270
833460
834536
831958
832789
829644
832532
830016
830815
831327
830975
832833
834566
830748
832320
833662
832861
833802
832315
831601
831450
833282
830491
828896
834301
830267
830778
830230
831560
833653
834843
835090
831913
831084
830016
832072
836242
830857
833117
829261
831391
832016
832294
831792
832346
830111
832773
832019
832211
832582
830698
830044
833608
831594
832894
831096
832041
832081
831262
832248
830618
829774
832606
830638
833990
830952
829710
832352
830950
831762
830976
830621
830224
835077
830421
829746
836122
832203
832016
829970
830093
832668
831334
829867
829918
832362
832878
835373
832036
828573
834895
835335
831684
830470
832942
832772
831195
833012
831829
831243
832603
830731
835118
834225
833048
832003
832937
830863
832207
830583
833864
830355
830510
832192
831765
832665
830819
832650
832966
832149
831435
831629
830797
834432
835339
833772
830860
830686
831212
830638
830150
832589
832416
833194
831217
830604
833229
834167
830611
830218
829795
829775
830901
829382
830676
830341
830861
831566
831614
833796
833070
830124
829916
831187
830110
831760
833426
832124
831946
831518
832310
831619
831255
833605
829949
832631
832418
829612
832034
829662
830292
831353
830450
830875
830915
831267
830286
835363
830959
830642
830676
831703
831590
831184
829619
830488
834600
830000
830843
832231
832716
829668
830489
833782
829295
833552
833769
833083
829542
831751
833578
829220
832480
833341
831950
832538
833908
831740
829243
830836
832344
831492
832293
833390
831158
830762
833014
831284
830737
830332
832026
830522
829961
831619
830716
831179
830995
829399
835324
833863
831177
832639
832096
833634
832638
830498
830440
832625
832683
833057
835100
832264
832229
828787
832450
830400
828953
832088
831185
830415
832139
832493
834210
832144
831428
832254
832897
830368
832994
832007
832433
830151
831272
831544
832520
831198
829402
831980
830075
830877
832146
831850
831544
832354
831511
831536
833289
831955
833666
833821
830292
829897
831941
830021
834986
831632
831106
833538
834300
830404
830825
832328
834835
833099
829649
832702
829424
830444
832135
831102
834193
829295
831022
835813
829495
831018
834066
833860
831669
831302
830483
830844
831045
830705
833050
830081
830294
832774
832607
831108
836435
830805
830391
835131
830741
831933
829694
830715
829677
831210
829368
830078
832644
832868
828803
831570
830022
828843
834275
832093
833917
832219
831349
832818
833323
830261
831351
833384
831971
831894
833506
829617
832333
832191
832843
832458
835967
832765
832272
832285
832878
832326
832362
829544
833674
830270
832281
830563
830141
834180
832252
834863
832736
832108
831610
833867
831984
833066
834183
832204
831491
829149
836827
831141
831487
830609
833062
830334
833545
832019
832141
831149
830006
831263
832820
830696
830546
829754
832380
834684
830531
833906
831556
830639
834880
833415
831435
829148
834231
833312
831313
831999
831361
829120
830603
834043
830541
832047
833148
831435
827972
832219
829851
833225
832375
832199
832716
833346
831265
831669
831740
829762
830808
831075
831829
829551
834675
832964
829746
834604
832293
832064
832419
835030
832046
829922
830216
831600
835065
830474
836008
831955
829736
833420
830542
830590
832173
833089
830655
831399
835341
833203
834261
829838
834081
831144
832769
832223
830381
830519
830495
832888
831189
835294
829794
831592
834231
828972
831230
833011
829933
831832
831913
830906
831995
832631
831091
830859
830114
833065
832684
831361
831117
833599
830799
831305
830272
831472
831171
830642
831241
835863
828648
830471
829888
831365
831778
830668
833209
834221
833797
835842
831355
832378
835044
831173
833898
829430
832882
832306
831441
832869
829393
831476
831927
830325
831827
831805
831519
834390
832752
833860
831715
830401
832445
831336
832119
831490
830920
836465
832591
833275
831446
832764
830845
830803
830667
830514
832006
830544
829580
830208
833670
829669
831492
829848
831158
831769
831738
836537
832166
831144
831847
828793
832618
831791
830897
834912
831941
833593
834645
833111
832532
831374
832456
830455
834851
833164
834420
834602
831990
833011
831869
830543
829097
831517
830788
830836
830220
833583
831268
830126
835922
834358
832564
831795
831847
834922
833617
830324
834137
830884
832032
832818
832655
833145
830560
835117
832282
834638
831075
831877
830422
831224
832544
830263
835722
831613
833039
832019
832881
836461
830336
834564
829889
832773
833755
834298
833401
831871
830893
830471
834996
831066
830580
829765
837737
830887
829924
830414
832004
832471
830620
831929
831880
831103
831826
831549
831664
833333
833654
833334
832556
831188
834548
831823
830730
831157
830976
829606
830872
835181
832032
833311
830718
833271
831778
833658
831314
831213
830270
831545
830817
831146
833981
828733
834109
834522
830996
830864
830001
831432
830357
831708
831190
831956
832426
830846
834150
833106
831430
832764
831030
832244
828317
833974
832112
831924
831298
834568
832660
832831
832130
831818
835063
833714
831677
831504
828640
830886
830371
830549
829605
834830
835606
830708
831399
831969
831948
833836
830971
831365
830910
830754
830675
830562
831892
833346
832970
832512
829999
829893
831162
833999
832840
831105
832894
834925
829438
833834
832454
829960
831602
832360
831505
831161
831849
834299
829295
831002
831995
831480
833615
832890
834672
834564
830956
830903
833364
831997
831990
832194
831082
828573
832492
832749
832389
832273
829296
831373
832808
832026
831023
830520
829447
830387
832149
831526
831872
831423
830042
831754
830104
831015
834283
830272
829858
830592
830631
830887
833419
832807
830370
831587
832201
832957
830520
831449
829967
831363
831801
829386
831835
835148
831613
829833
830267
833423
832921
831460
835197
832888
833536
832543
829011
831140
832750
832584
832696
830923
830618
832297
832821
830264
831850
830072
834687
832438
831265
830001
833180
831128
829986
828921
834501
830038
831650
832315
831130
831243
829475
831171
831140
832733
829496
829479
833897
830853
830856
831489
831073
834856
833178
829977
835407
832750
830946
833394
833794
829033
830705
834376
835685
833334
830885
832152
834877
837298
833395
830815
833383
831090
830266
831764
832854
835241
833318
832336
833323
830213
830490
831129
831211
830315
830403
831214
831514
830849
831279
830073
830456
828630
833730
830710
831741
830092
831794
830022
833412
832747
834893
831090
830682
834483
830414
836001
831707
833797
829567
830096
833738
831421
836863
833082
831894
834017
833999
831343
831088
832120
831675
828069
830937
831408
832221
832475
829670
831941
830619
830365
830608
831985
837507
832526
830665
832078
831583
833309
830077
832902
833024
830674
833535
829607
831329
834748
833104
832602
831674
832372
830453
831180
832233
831992
831022
830591
831827
832604
833308
832642
833435
830270
830027
830912
834352
829068
829701
832407
829189
832044
829148
830998
833134
830555
834010
832830
830801
831753
831815
833658
830201
831524
831227
830560
831467
831137
831687
831608
830297
831336
834026
831121
835949
834667
829075
831035
831483
831070
829448
831885
828838
831534
831255
830730
836003
833535
832142
830613
829565
832340
830829
831430
831842
831518
832486
833144
832238
831366
831487
832607
833866
830413
831396
832048
830395
830468
831712
830365
833619
833239
832271
834320
832201
831651
830930
833353
831124
833087
834530
831987
833078
830139
832929
830141
832491
832693
831071
830652
832495
830522
832052
830055
830274
834362
831380
830738
830893
833525
831340
832322
831613
833163
831976
835134
833047
830325
832859
833062
830344
832240
833288
836056
830633
829986
830274
831930
832113
831212
830252
830695
831878
834575
830528
831221
829710
835096
832167
833099
831294
830935
833209
830351
830772
830870
833112
830066
833135
834167
830589
831563
829786
832105
831591
834086
833900
833501
831292
830866
831338
831064
829919
829872
831737
832041
829831
833894
832268
832571
831442
832318
832895
832546
831090
834477
829917
830269
833327
831864
829892
834723
829647
832557
831453
829618
830093
830728
834480
831472
829384
832315
833271
830423
835318
829731
831988
834985
830720
833917
833525
833043
830403
830772
831767
831277
833108
833140
834324
832142
830442
831319
834291
832630
831416
835800
831171
830672
831741
830319
831371
831749
833330
831948
828188
830586
834213
831088
828669
831265
832991
831405
831709
830673
831249
831217
832392
832319
833875
830550
834088
830769
830712
830515
833090
831593
830001
829072
833187
832488
831346
834983
829124
833933
834107
830560
830422
829203
832328
830220
832411
835306
831802
832714
830638
831095
832034
831485
829944
831225
832197
831523
831511
831784
832300
834006
833296
832969
832502
831195
834345
833209
831687
832286
831135
833866
834100
832078
831602
832984
831604
831781
830216
831342
834828
833041
830574
829853
832410
830323
831708
828856
834771
832089
829400
830937
832922
830796
834955
832785
831634
830162
831328
831342
831469
831167
830723
832199
834629
831562
832010
832026
830294
833222
830370
834004
832787
832549
831363
831368
832050
830191
832010
831933
830873
833791
831092
830166
832685
830837
830258
831815
830328
830364
831148
830729
831163
834363
830792
832911
830615
831411
829694
833572
832473
833866
832797
833602
834857
831641
832227
835325
835466
831183
831635
831376
833420
834467
833686
830708
830913
832930
829975
831975
832599
832739
834628
829368
830900
830489
832051
830204
831557
830921
829031
831523
830339
836109
833197
830734
830514
831691
832464
835910
829517
830088
835100
831458
836807
831884
830995
831364
832041
836828
829770
831539
828944
830503
833723
831354
831732
832446
834607
831325
831269
831706
832400
832120
832539
830575
833925
832246
831826
832760
830418
832525
829618
831510
830961
830673
831617
831734
831421
834577
830896
832514
829194
831988
831255
831675
830270
833550
830439
832343
835232
831968
834175
829046
832478
832291
830435
831572
832360
832030
830672
832887
834482
831866
830441
830928
831627
830385
833564
831103
831638
832670
829605
831966
834308
832681
830581
830818
831568
831290
835174
831917
829999
833783
831729
831608
832952
833688
831304
832439
830027
831797
832435
832237
831820
831148
830975
834000
831179
833830
832281
830640
831892
831586
833861
830042
833616
832631
833314
829075
835895
830768
831857
830089
834387
831153
831923
831505
833471
832185
830726
829161
832394
832314
829740
832076
831326
832705
831143
834341
832244
834374
831993
831167
830904
832643
831581
830150
832616
832870
831419
830010
834594
830682
829372
833195
832536
832927
833109
829470
829802
830962
828393
832661
830295
829829
830139
835261
833384
830301
833550
831759
830671
831660
834014
833431
829844
830474
830079
832426
831308
832320
832938
830408
830350
831176
831641
829586
832121
832943
833612
832558
830541
832569
831404
832596
830598
831295
835261
831648
831210
830895
829660
833151
832337
831683
831357
830253
831031
835323
831539
833064
834885
833921
835745
828426
832937
830072
831523
830322
832522
833684
830970
835696
831262
833047
835015
835947
832671
834377
832845
831505
832655
831646
830923
834564
830973
831516
832559
831173
828272
831411
830571
830479
830863
829593
833578
832537
833865
831045
830642
833746
831178
833597
828830
833820
829420
830989
830321
832989
829294
831639
830130
830160
836780
829676
832224
831364
836034
832971
830779
830144
834232
829583
831804
833374
830271
831298
832837
832065
830345
830640
830129
831304
833138
832966
831692
831167
831191
831609
830955
829997
831806
831123
828440
828826
833827
832744
830657
831892
831510
829221
831763
833740
833603
830049
832491
828816
832605
827764
830924
831577
831622
827956
831124
831543
830627
832773
831963
830801
832569
829538
831570
833941
830771
833820
831809
834299
831791
829646
829925
832247
829473
829165
829909
830338
834613
830727
832223
829957
830937
831789
833466
832577
831408
831250
832023
830581
831486
831088
832392
829529
830386
832301
833241
832416
833652
829266
830839
831992
833765
828444
830080
832016
831792
832270
830208
832177
834253
832515
831106
831513
831330
831021
829257
831089
830466
832713
830888
833057
832223
833410
833637
829345
831325
830591
832964
830909
830740
832636
833057
833619
832794
832376
831238
831939
831485
831503
832745
835506
832445
831422
830049
830899
829766
830946
832239
830271
833255
834535
832767
832420
832010
829364
830560
831903
829639
832742
832940
828737
832461
833998
832207
831349
831937
834691
831377
831482
831349
833382
836290
830991
835461
829679
830500
832559
833183
831482
831425
831764
830270
832697
830355
836485
833989
830609
834305
832142
831201
830874
832905
834750
830849
830536
831266
829149
833836
833403
831724
833539
831195
831804
830072
831219
834527
831134
830885
832502
831532
832154
833448
830368
831062
831193
831338
832003
830661
831339
831649
830566
829346
830295
832467
833589
830385
828176
831774
832369
832604
831847
830169
832023
831081
829975
832794
829100
835136
833463
833921
831978
831778
830216
832848
829618
834311
833394
829935
831930
830541
838149
831239
835620
831290
833728
831003
831924
832798
831048
829300
830006
836408
830384
831769
831326
832095
830725
830822
829542
834984
833253
832884
831069
831413
833157
831938
830277
829440
833479
832927
832620
831323
833331
831195
831741
832418
832491
829302
831901
831121
830793
832919
833352
833069
830939
831505
829887
835060
830693
830742
831289
831548
832879
829730
831368
830518
832704
830473
830447
830760
831721
832743
833904
830865
829356
831669
833492
830567
831261
835310
832131
834477
832361
831487
830727
831916
833543
834104
833489
835164
833364
830328
828825
832111
834115
832859
830657
829273
833114
832848
834011
829173
830935
830350
831795
832291
832494
829855
831041
831514
832603
830570
829151
832173
831612
832413
833177
831643
831104
832415
830892
834515
828436
830261
832373
830584
831067
830921
830789
831368
830080
832488
829583
833520
834271
830538
831031
832320
832346
830057
832936
829960
833011
832671
833502
832859
831156
833019
831198
830552
833201
832611
832029
832601
831361
831111
833834
835117
832059
831546
831151
831096
830399
831776
831715
832337
832420
829546
832027
831835
831759
831351
830375
833835
832768
831970
832950
831064
830576
832473
835542
831446
832513
831122
830294
832684
828924
832539
829903
830405
831788
833289
832789
833788
829636
830009
829377
831422
829877
834562
831935
834761
831411
833605
831994
832354
832977
831610
832567
833476
831261
831976
833275
833527
831026
832085
832516
832188
833763
832095
830917
830642
831752
830737
830476
833361
831548
834278
833440
831041
835255
831800
831195
829249
830521
831688
831523
829813
831521
835490
831386
835650
835242
834539
835313
830621
835002
828950
831082
832667
832577
830891
831925
834003
833949
833278
832145
833687
831329
832520
829803
833532
828358
828543
834915
830916
830397
834973
832848
830462
832138
832521
833528
830020
832814
831899
833635
832863
830024
833582
833749
830634
833541
830128
832753
833397
831006
832679
834053
832568
832020
829645
832541
834340
831827
830733
832069
833043
831517
831387
830936
832012
829293
832496
836108
832877
829449
829074
832787
831272
830846
830046
833516
831393
832240
831608
830786
830135
832967
831415
831322
833281
831804
831779
832522
832697
830491
833207
830841
830636
832959
832836
833213
828800
830520
831403
834416
830518
832606
831108
833481
831400
831996
830933
831828
833364
829747
830511
830604
829205
832954
833393
832538
829908
833869
831190
833901
833473
830349
830727
830724
833253
830429
829020
832232
828612
831948
832239
832535
834153
833100
833140
833159
830963
831294
831045
832472
834296
832632
831118
831821
830669
831592
833204
831486
832439
832148
833341
831754
831589
829801
833982
831642
833310
833735
830218
831437
833233
833780
831968
831343
831439
829963
832602
833532
834382
831502
832316
830396
832017
832266
829910
832100
832236
833177
835358
832377
833268
834589
831647
829398
833212
832898
832953
833124
830052
830322
829086
834858
835964
831777
831421
830493
830406
830521
833262
831315
831827
835070
833769
831080
831517
833293
830944
830967
834174
831369
831584
830570
831817
830840
832952
831734
833199
832971
831529
833668
830315
829302
831976
832540
831885
832208
830561
832687
833513
831385
832336
830706
832256
831990
832191
831784
832883
831302
829499
832202
831942
831465
831983
831526
830421
830737
837035
831557
832922
831274
830683
829919
832326
829948
831805
830654
832860
831857
830642
831972
833392
830480
833114
836019
833492
830206
830393
833515
830922
832237
831239
832286
830193
830620
831042
832390
834363
834477
832034
830242
831141
830024
830996
829370
835014
832886
832676
832009
829921
830816
835329
831845
832326
828913
831413
830724
831396
833708
829675
832543
830391
830826
830488
830010
829998
833738
830466
831231
833259
832448
833878
831631
831668
830234
833834
830014
830143
830241
830895
831691
831812
829420
830226
832243
831304
834118
834920
830516
830171
832896
834908
831996
831706
831574
832948
829980
830748
834535
830934
831570
830708
829897
830386
829936
833284
832169
830418
834001
833644
832986
829598
831853
835363
831738
829851
833810
832762
832025
831577
832668
828851
834894
830000
833153
833559
835347
831550
832240
835063
829519
831751
832200
830456
828876
829897
832809
830417
831198
830598
832341
831621
830996
832013
831466
832378
832071
832164
830123
830705
832018
831229
830413
833860
830968
832710
830145
831157
833891
829743
829673
831886
830922
834161
830748
830915
832277
829384
832787
835147
832299
832928
834995
838034
831393
830637
831447
832033
831900
830870
829857
832876
831382
831777
833046
831073
828869
831467
831120
831664
831768
832999
831514
831140
830621
831763
831640
835886
832742
829543
831827
833808
832659
831054
835258
832264
831225
831499
831067
831167
833515
831862
831594
831486
832661
831450
830196
831019
830471
831543
830993
834076
832018
830913
830885
828033
831936
830037
832359
830412
834068
830667
831305
831678
831208
832044
830760
833447
832124
830821
834846
833132
830645
833684
830259
832974
834719
831966
832636
833981
830919
832032
831497
833516
834133
833190
832670
833272
830250
834676
830244
827795
833525
829849
835262
831929
832205
830726
833545
830361
831544
831946
835232
831278
831847
832840
833120
833615
832645
831414
834195
828858
829736
830596
833689
830049
834391
831047
831944
831428
831422
832639
830663
834800
831980
830270
830926
831146
831709
831525
833899
834940
830068
834021
830769
831739
832197
831820
833308
830674
834937
831958
835880
834128
830209
829618
831218
836081
831987
827613
829989
833003
832207
831763
830807
833545
832400
829855
832012
832240
830299
831849
832972
833006
832459
830578
834730
833000
829513
832374
831472
832230
833349
832688
831954
829387
831708
830905
833580
831047
831869
831406
831668
831135
832249
832227
830266
830688
831026
830703
831423
831174
832215
830074
831488
831867
831121
834701
830395
831082
831513
830601
834238
831565
831777
830568
831344
834144
831306
830734
836909
829785
829753
832393
833187
830026
830317
830416
831685
829516
832479
831930
830897
832042
829200
832016
833088
831076
831340
831151
832226
833528
835408
832991
832021
830901
830496
829795
831189
829617
830274
829999
830202
830572
829430
828825
832692
830553
831651
830888
833225
830948
831461
832222
833230
834959
830730
835974
833332
829818
831896
831323
832393
833074
830368
831978
835079
832259
833430
832337
831317
833427
832970
830671
830404
832045
832708
831492
832043
833766
829498
832654
835344
833981
833816
832518
831911
832212
833118
833619
830259
832942
829946
832061
830420
831506
831996
829496
830717
831751
829414
831169
828810
832621
832828
829999
832682
835374
831983
833004
829470
829280
833172
828796
830925
830515
833816
835193
831388
829404
831492
830370
830054
835633
832921
833683
830795
828838
831098
834168
833495
830416
831740
834485
831492
830328
833814
831855
831190
831057
831860
833090
833149
832586
835371
829744
834080
831604
832605
832458
831562
831736
831162
831051
833815
834479
832065
829331
833324
830400
833499
832248
831427
832201
833710
830970
830300
832858
831226
829986
832924
829796
832556
832323
831777
831545
835649
832329
830918
834658
833388
831957
831649
829963
832281
831347
832450
828683
831781
830204
832716
830198
830258
832671
830170
834323
830676
833001
831804
831829
830978
831930
833422
830978
830640
833253
831297
831531
834058
830976
833337
835941
834625
832380
831533
831791
833198
830471
832743
831413
831460
832622
829392
829381
831963
830982
832571
835235
830487
829547
829494
830718
829346
831641
830517
832036
831949
831486
834616
833151
831831
831471
832904
831118
831093
830281
829076
831171
832834
830820
833450
830576
829998
829480
831515
831990
830057
830802
829148
831744
831242
832339
830490
832629
829359
832216
832811
831118
829519
834581
831112
832795
832385
831461
832222
830653
837426
835615
833245
831769
831936
832177
832167
832430
833352
832000
830490
829569
831112
830579
829892
830492
830556
829436
831227
832064
830457
834712
832288
832490
831066
831499
832198
831709
830804
830671
831494
833217
836037
832147
830696
831178
830299
832700
831572
833594
831810
830880
830754
832839
830600
832349
831370
830533
832339
830539
831541
830934
828521
831267
831644
832992
829228
831859
832808
834608
830926
830260
829678
833795
830889
833611
830259
832498
831744
830799
832145
830688
831708
833387
830654
830446
830389
829827
829389
829426
830418
831079
831137
831546
829148
831671
833612
829875
829602
830733
833914
831386
832448
830097
830405
832444
831774
833151
831199
834748
830143
830277
833426
831325
832832
831043
831342
831122
834006
831402
831293
830858
833103
832389
831205
830925
830899
830423
831395
832443
831166
831541
835491
830162
830497
830200
830897
833734
835863
832902
834223
830470
828483
835569
834464
833170
830020
833457
830178
832779
830464
832547
830740
829621
832596
829596
830582
833255
830239
829732
835018
830273
831867
831858
832110
831297
830691
832876
831555
831644
832025
831445
829771
833360
833415
830271
832020
835828
831214
830096
830487
828838
829292
834465
830605
831297
831241
829555
832768
836187
833988
832262
830651
831119
834556
830189
829544
833882
832199
831148
831618
830576
829947
832932
833188
831354
831366
832670
836608
832596
832895
831351
834478
830216
830859
830297
832722
831265
832223
829894
832341
831796
830143
832456
829609
830196
829609
832076
833365
830165
831341
830290
829148
831940
832235
833746
831070
833754
830825
832078
833740
829824
831121
835684
828883
831117
832321
830706
829639
832122
828285
830944
831710
833064
832243
835879
831048
832676
832821
833350
833098
831286
834422
834311
831547
831979
831230
829080
830881
832080
830091
832620
831473
829538
829383
830743
830535
831775
832171
829324
829751
831910
832587
829355
834579
832231
831996
832650
831897
830175
830476
833654
829520
831686
830231
831549
829605
830973
831316
834740
833442
835694
832682
831511
833800
831786
832772
831309
831245
831426
830236
832324
831837
832922
833469
832244
830145
831425
833146
832259
832993
830495
834789
832807
832297
830308
831617
832091
832363
830259
832480
831324
836656
831979
834394
832404
832135
831409
831921
833496
833816
832451
834021
831120
831414
833533
831046
831500
831198
832084
829194
831035
832084
833095
833107
829421
832739
829715
833258
834997
831846
832099
834022
835183
831968
830120
831572
829940
832566
831423
831426
829914
834283
832980
832505
829395
833124
830371
831579
833480
829495
832138
831470
835349
831572
832854
829516
830560
833604
831443
831791
832087
832396
832156
831356
832441
832254
832490
833101
830734
832451
830974
831789
834051
833901
830493
831902
832770
830209
831968
833210
831994
830453
830885
831861
832097
832712
833069
833668
830863
836198
830341
833663
828721
834550
832322
832385
830785
828733
831533
833055
832684
830402
831148
831744
832190
834460
833300
833370
831201
830766
831770
833136
832971
831486
831729
832426
832127
834635
830373
831021
832660
832648
832233
828417
831753
834569
830404
833159
831440
835526
833700
835427
831795
833438
832937
831546
830991
834650
834911
832894
831821
829073
829012
832070
834818
830859
832431
832451
829368
831187
831072
831148
830720
832286
832935
832446
833062
829933
831064
832710
832991
830360
834068
834041
831889
834762
831174
831075
831947
834559
830738
833661
837202
832652
831241
829545
829367
831550
834783
831615
831149
830426
830786
832076
832885
831022
830740
831822
832289
833861
833038
832329
834062
830881
832865
833694
832291
830529
831070
832612
830571
832731
831286
829490
828791
832933
832736
831245
830440
831286
832955
830045
835008
829570
830153
831171
831589
834916
832398
834424
832472
832189
830743
831748
833008
833717
830058
832692
833188
833325
829693
830167
834202
835048
832429
829691
834484
831958
834360
831241
828423
832157
833272
833986
831424
833435
830948
831799
835963
832424
832336
831155
833472
832841
830237
834274
834382
833375
832823
830999
830056
833620
831381
830622
830049
831495
831961
834694
830906
832609
832613
832394
835002
832290
833953
835036
832355
835363
830355
829998
830492
832518
832111
833351
832912
831114
831125
828541
829913
829787
831347
831143
830540
833061
829448
836515
831840
830396
830266
829947
831739
831041
829867
833604
829117
829797
832547
833865
833081
832408
831244
830152
832797
830775
832331
832009
834286
830910
832381
831548
829589
830614
830888
829618
831209
829947
831887
832103
831350
832714
832378
830318
831263
831798
834203
831122
832419
833027
830975
832674
833594
832411
831523
832972
832613
829493
834129
833454
831654
834323
832541
828740
830455
831762
829976
830320
831036
830952
830103
834490
831172
831016
830417
835811
832639
832068
835663
831321
831739
833095
829389
830762
833085
834959
831059
831509
833993
831764
832804
831736
830639
830320
830673
833131
832761
831854
832691
833870
833134
829068
830916
832289
831763
832424
831351
833324
829407
830972
831298
830012
831103
830684
831458
832712
829382
830881
832248
835093
832089
831833
832756
830319
831301
831920
832768
832173
833501
831985
829888
831399
832222
828703
832409
830338
831266
835682
834332
833275
832567
834633
832708
831163
832426
829799
832100
832698
830514
831022
830422
831916
830952
832231
831316
830120
832502
834605
831125
832977
833974
833191
835036
831404
830701
829428
830013
830765
832076
834571
831522
832530
831097
834059
830746
831608
829766
830779
828765
831741
831381
830399
831476
831951
832720
832439
830930
831832
834493
831019
833640
831699
830663
830990
832803
832794
832560
830346
833716
833167
831236
832652
829620
831350
833693
832543
833133
830891
831363
833591
833260
830922
830794
834065
833644
830923
832172
832712
831430
832361
835545
829577
832464
830607
831445
832525
833835
831990
828873
833766
832277
831605
832502
831391
831555
828384
834583
831673
834492
831163
835335
832153
830053
830997
832557
831686
830250
834903
830049
831857
832573
831561
830333
832010
830597
832364
833623
831675
834075
833867
831794
829923
832268
830895
830664
834089
829023
834041
831118
831451
832015
829801
829771
829919
832866
831847
833269
835166
832560
831043
831492
832862
830926
831623
832950
832984
830806
830841
829853
831155
830065
829766
832190
830024
834581
831221
831071
831514
832228
831889
830490
831174
830354
834148
833931
834006
832017
830680
829639
830705
833436
831288
832024
831885
832141
830706
830229
832592
832166
835127
831636
831453
829870
830840
831082
830953
830218
830707
829804
830539
833306
832494
832082
832173
835723
832101
833171
831839
829150
831392
831074
828423
835167
832825
832854
833692
829477
829826
833365
833578
834754
835544
832191
831594
832801
834713
831958
833887
832438
830076
831441
830743
830620
832244
829307
829481
835063
832603
830828
830098
829135
834409
835550
832853
831821
833614
830514
830520
831714
830364
832776
832199
829859
830926
832638
831850
832274
833251
833208
829370
831482
832195
833971
829499
829882
831943
832441
833177
831301
829535
831474
833220
832564
830556
832342
832337
830857
830907
830980
830530
831258
831527
832016
830108
831227
831659
831167
829917
831539
829400
831871
832712
831987
832707
833533
832101
834306
830363
831494
831817
828883
832071
832544
831701
830230
829584
834166
832645
830804
831176
832078
830726
832028
830341
831734
830271
831321
830545
834200
829295
830936
831579
829603
830392
829546
833585
830732
830916
829954
836655
832893
831176
830371
834042
830976
831463
829551
829629
830488
832246
831802
830910
834768
833660
834672
833168
831742
832366
831031
830520
830141
831408
832188
833863
834284
830242
830825
833283
831382
828968
830296
830740
832014
832737
833384
831608
831628
830567
835341
831004
830882
833185
830117
830194
831820
829939
831488
831033
831598
833118
831767
832311
831009
831921
831136
832941
832811
830905
831607
832949
831226
833084
830507
833961
831153
831488
830521
833098
832578
830723
830456
829424
830921
831523
831263
828520
829468
830675
832296
832971
833285
832268
833365
830877
830745
829984
831011
832959
832910
832758
830461
835007
830533
833080
834782
835515
835719
831720
833001
829344
834267
830893
835634
829617
831780
834827
830191
831263
833399
830470
834138
832222
829200
828595
829060
828485
833719
832869
834608
832186
829962
829830
828197
829952
829727
833067
832406
832152
829657
831528
835117
833188
835126
834250
834697
831064
829232
833676
833182
833174
835026
831398
829294
831198
829890
831421
830875
830706
831312
832717
832019
835318
832496
830899
830836
832414
832250
831771
833931
832316
830428
830491
833671
830815
829786
833070
835656
831053
831054
829324
834158
832124
832022
830695
833761
831316
834553
829220
830736
831090
829018
829336
834055
831590
831332
834192
831795
831569
830642
829633
830205
830699
830957
833136
836427
832666
832026
831806
831818
831928
832247
833454
831563
829065
832361
829516
831119
829590
830535
832106
831759
832003
834808
833196
832442
831741
833238
833523
833963
831198
829210
831590
831356
830146
830391
832881
830473
830795
834523
834313
832037
831968
833128
832199
834018
836345
832477
833728
832059
830055
831341
831632
831539
830193
830400
830167
833545
831505
831835
832661
834215
831322
830524
833611
829231
832950
831566
830902
833708
831186
829690
829901
831923
829918
831718
830687
834189
831996
834286
830150
830137
829975
831928
830224
831298
829671
830329
833148
829593
829895
830900
836403
832646
831577
835173
830957
829559
831381
833269
830273
829960
830989
831220
831079
834856
833590
830956
833000
830706
833167
833116
830868
829447
833303
831294
830162
833810
833862
833137
832308
832175
832469
832105
832302
831459
829915
829344
831609
829622
833374
831691
832112
831741
835160
832083
833642
831802
831751
830267
832251
832562
829372
831034
832197
830444
830923
829510
831012
831282
832089
832007
833231
831284
831399
831262
831260
832305
832895
830547
831376
828645
831487
830051
831968
832748
833277
832408
833309
833171
833408
829862
830292
835744
831594
831972
831518
832413
830740
828705
835580
831968
831913
830856
831457
831776
834209
835187
830673
831545
832620
831140
829440
832154
831015
832959
830741
830245
833303
831035
830990
831733
829717
831534
830542
831938
833419
830980
830690
831819
832564
832067
830021
832077
831408
831723
831839
828099
832505
833015
831123
831117
829852
829786
832288
833397
831858
832324
832957
832213
830306
832241
834893
830876
834583
833739
829550
832502
834294
828700
833452
830310
831486
832194
832711
829685
831428
831628
829837
831549
831287
830193
832583
831120
831795
832495
832392
831373
832595
831970
829405
833253
830853
831810
830439
833264
832419
836627
834519
832176
829331
834010
830635
831050
831670
836284
832091
830291
830253
830810
833005
830448
830599
830187
834282
832532
831672
833856
831168
834752
831160
832000
831408
831924
829999
831011
831320
831998
834760
831144
835171
831191
831779
828428
828888
831842
832242
834710
831580
831439
832718
832003
830544
830092
830885
832794
831662
832310
831006
830616
830520
831453
830428
835470
831239
831884
834103
833299
832201
834704
833157
833328
830489
831423
830208
831937
831560
830351
831771
830149
834134
832539
832096
830612
830980
832496
832296
831701
833120
830150
829815
835487
834027
829745
833127
831421
829737
833947
831023
832266
830472
830675
832775
830056
830253
832463
829402
831757
830459
831526
833465
830702
831371
834072
830327
835427
834971
830312
836253
831095
833081
832891
832769
831263
833360
831419
835033
829743
832626
830425
831070
831447
831864
832069
832448
834884
830187
834484
834559
832157
831149
830586
833235
832891
832322
832415
834271
830670
831759
832028
833637
831359
831171
831041
832741
833316
833705
835618
829843
832003
833485
829566
833223
832003
831123
830705
831823
831086
830866
834017
831524
833477
832281
830273
833515
831783
832613
832870
829997
830027
830591
832558
831519
831826
831044
831271
830655
830901
833075
831542
832673
831389
830520
830076
830520
830768
831536
832616
831920
832381
832885
830167
831119
831075
832737
832983
833859
834606
830417
832646
833461
830252
832571
832180
832380
832293
829825
832057
832870
835043
834518
831575
832557
831177
832783
832823
834377
831210
833170
829382
835848
834546
830883
828612
831674
830176
830248
829547
832372
832948
830540
833046
834327
833658
829368
830813
832411
832336
833259
828737
833560
831696
832119
829882
830745
831940
830840
830587
831045
831604
832043
831986
831975
837097
831176
831254
830545
832063
832146
833291
836204
835549
830565
830530
832993
830421
831895
831593
833441
830270
831774
830992
830709
830691
830454
830902
834338
832622
831564
830851
832579
833886
830670
831074
832886
830139
832534
831373
832656
833333
830078
828541
829295
830740
833352
830614
830243
830768
834279
832544
832828
832109
829676
831323
833573
831488
832796
834340
833471
831457
831422
833868
833461
830957
830428
830103
831073
832201
832705
831592
832992
831127
829500
833653
829851
831014
832161
829811
831149
836424
834320
831892
831118
832276
830639
830282
834075
829911
829918
834721
831995
829814
831922
832567
832438
829967
831423
832707
832404
831811
832160
832763
831390
833611
829245
831294
830835
833191
833500
833443
832280
833705
830915
831869
831162
830360
832438
831515
831118
831347
834629
832407
833376
831936
829623
829554
833331
832241
831471
833694
831553
830495
832056
830888
832824
833473
833774
829794
831638
831458
832926
831626
831926
832871
832729
832953
832843
832744
834895
836588
831172
833135
830074
831877
831895
831749
832710
831277
833628
830581
831734
834736
832319
834068
831941
832150
830306
832684
830640
830542
834633
830949
832133
832424
832067
833203
830926
829474
833832
834339
831455
834586
833542
830272
833992
830201
830742
831545
831074
831151
833084
833987
831076
832145
832442
832269
833245
831233
834496
831320
830542
830803
834982
831620
832440
834067
830231
834095
831427
831723
829457
831330
834428
833649
830990
834596
829812
832045
829801
832042
833612
831935
832591
833000
831765
831010
831274
830990
834930
834058
833455
832365
831887
830121
831638
834923
831788
832113
832310
829856
831232
831858
830294
835956
832020
832284
831785
832493
828579
834585
828951
831810
831340
831231
831652
831672
828835
833604
833025
831295
833713
831849
831365
830270
829444
830695
831171
830616
835027
831376
831007
833188
830490
835699
830326
831575
830896
830098
833132
833644
836111
830669
832867
831787
830831
830644
833814
832973
831021
831267
833708
830555
831247
831296
833151
830324
832385
832305
834354
832723
831113
835000
834825
830035
831856
830672
832279
833560
829618
831716
829328
834039
834576
832341
834293
835521
834955
831443
832859
831124
829113
830486
831704
831896
829809
836568
832333
833844
830495
831996
831347
830339
832318
830610
831011
832043
828299
832928
828881
832947
832144
831915
833542
831671
829482
831508
832810
831776
831542
831026
833250
834359
834649
830108
830369
828429
830739
832359
832889
831192
831735
830291
830010
831490
831519
831659
832336
830807
834871
833801
830295
830930
835961
831653
832768
836419
832075
830859
832745
830992
831772
835122
829838
831057
831891
831596
831121
831631
833943
833070
833816
831175
831282
830501
831211
829798
831943
830642
830066
832843
832192
832581
831052
832618
833286
832862
833615
832967
828385
833156
832121
830600
831117
833975
832129
828733
832904
833058
830556
830279
834731
831477
831214
829426
832192
833542
831714
836158
831445
832017
830016
832973
830945
831019
830654
830858
830765
831797
831014
830889
833114
830643
833556
834738
831598
835801
833920
830976
835243
835156
829766
832445
833676
830272
831266
831294
830470
831205
836847
833964
831764
832691
832274
833836
831467
835447
830216
834346
831036
834381
832035
830397
833326
833445
829481
831157
833413
832372
833199
832297
831440
830355
830707
832080
831714
829777
830805
832246
828432
831343
832882
829420
835094
832502
830807
831896
830587
831869
831135
830570
832952
835896
829016
834761
831203
835518
831812
832350
829391
829172
831071
831239
831953
836197
832426
829660
831908
831214
830402
832424
831486
835229
829710
832766
829371
833977
831862
833503
832842
831353
831233
836024
829368
830924
832337
833135
830653
830707
831244
832614
832547
832433
831001
832962
832857
830836
834071
832634
834185
834902
829010
830519
832771
830707
829389
830914
831045
831046
831475
834050
830847
833471
832537
835489
830925
830817
831012
831737
833422
834719
832945
831014
830794
834694
834225
830472
828628
832764
830664
832836
830036
833060
829888
830914
829301
832061
834304
830254
831343
832542
832020
830474
829710
830577
830602
830940
829980
831391
831230
829474
832234
834495
831576
831134
832636
829926
832202
831294
832172
832012
833024
831833
832219
830386
831544
829693
833832
832173
832763
832518
834380
831890
833637
833433
831811
830006
830580
833694
830938
830259
830040
833456
831553
831791
831351
831213
832316
832722
831952
830369
828378
831419
829694
832824
829762
831312
831551
832102
831038
830366
831619
829525
830968
832590
834755
831170
830840
835600
830981
835544
832061
831096
832614
831171
830329
835005
831645
828406
830872
829844
831174
831504
831389
830891
836614
833467
832454
833684
828885
832148
833573
829210
832964
834102
828070
832148
831666
830897
833061
833962
829419
831443
831687
830162
834260
833943
831167
832265
830746
831826
833416
833127
834862
832107
831335
833185
830447
832803
830468
834054
833621
830942
833112
837364
829754
832683
829368
833204
832094
832682
831487
829999
830374
831766
832095
834064
833537
830874
832040
832371
832603
832380
834888
831643
832230
834157
830888
831916
832220
833103
832543
830456
831697
830066
831461
830443
831299
831054
830134
829998
832181
829854
832247
830661
830277
833144
832843
829146
831618
832157
834981
832583
830767
832617
832394
832562
832134
831620
832204
830403
832424
831338
833484
832391
833599
830041
828848
832051
831657
829148
830923
829298
830404
831109
833410
832932
832517
834938
830353
835349
829606
832218
831167
830099
830991
831214
831381
832937
835065
831571
836169
835350
831571
831117
830909
834015
831449
829148
833844
829733
833962
829991
829738
829956
831421
829928
829049
830370
830988
831144
833341
831486
832808
832635
831610
831586
831518
830900
831520
832842
835946
832545
832313
829021
831488
832748
832823
829914
831383
834755
831720
831100
831246
829678
830098
830221
832375
832247
829938
830553
832357
831511
833655
833082
832394
829601
833781
833096
831119
831328
832248
833242
829206
831841
831856
834404
830937
833373
832850
829398
829474
832695
833018
835939
834788
836602
831240
830229
830595
832876
833460
832503
830363
832684
830300
832776
829856
830047
831815
830363
831423
829323
832041
830730
831514
831058
834858
830645
829888
829933
829170
829075
831477
831790
829769
831118
830802
829770
832446
830493
831607
831735
831466
833622
831922
832638
832839
833655
829362
833663
830654
832215
828698
829148
832709
832676
830190
835306
835072
830918
832190
828207
832144
833023
829872
835686
832877
832877
833081
832594
830196
831260
831103
829723
832114
831324
832380
836249
832805
831652
832721
833078
834942
830850
834808
833236
832084
834503
830901
832699
834464
832098
831422
836649
831893
829927
834779
833672
830058
831298
830517
831734
832639
830673
829805
831918
830062
831931
829905
831483
829516
830800
833218
834180
832241
830130
830722
834209
832198
829628
832850
830560
831338
831994
829998
834072
830563
831639
830850
831120
831249
831070
833176
832503
832304
830947
832175
828889
830793
832010
833106
834233
832174
834070
832091
832047
832740
832578
833155
828693
829766
830497
833309
828552
832441
832767
832733
833193
832607
834992
833616
832123
832766
831052
829720
828986
831135
829972
829931
834147
833547
830779
832639
832621
829711
832668
831111
833519
835919
831161
830095
831607
831105
831984
832887
831378
832381
829725
831734
831713
830509
834116
833094
829235
830468
829562
832678
830368
828390
832799
833435
830899
832093
830993
833972
831499
830047
831642
834557
830741
832672
832919
833896
832227
831989
830556
832142
833918
830301
832354
828956
834098
832240
830952
829984
833304
829148
831738
829154
833066
829707
833481
831441
831118
830702
831120
830495
829364
835312
829276
835077
830051
831295
830638
833834
833858
830861
833751
828950
832661
836015
830896
830846
829490
831413
833998
831303
831765
830315
829065
832984
832181
834821
833407
830416
831940
831427
831157
833918
829491
829769
830786
831714
830759
832620
832037
831707
830270
833095
831076
832084
831689
833032
830461
833309
832666
831968
832370
832838
831486
831917
831374
831442
831056
829368
829792
832425
831987
829515
833044
832313
835447
831706
832117
832911
832462
829888
832315
829753
829294
833094
835014
831201
831813
835159
834475
833176
832041
831797
833591
832002
829603
828984
828394
831909
831566
831852
832450
833793
829999
833746
836745
832241
830490
829996
832452
831510
830923
833919
828971
831729
828434
833037
829853
831815
831759
831682
832438
832320
829646
835409
833475
834515
830808
833131
829505
833353
829033
832539
830348
829927
831294
833729
831796
833191
828838
830667
830045
831426
829439
831126
829871
835317
831598
832107
832037
831481
831449
831066
833438
830737
831396
832102
831144
830021
830972
829751
834241
829943
832320
831862
830677
832658
830366
830295
831741
830248
829843
831023
833109
831984
832640
832897
830911
831424
830901
831171
833598
834140
834038
831538
832560
831983
830544
830980
829770
831889
830259
829940
829388
832888
834180
829234
831055
831685
830045
835044
830866
828877
834855
829675
832795
834760
835486
832883
830323
831443
830512
831552
831646
831987
832032
830457
831004
833402
836509
830520
833563
832757
831645
835798
830047
831477
829739
832069
831613
834457
831861
833216
830426
829187
829790
830329
830604
833508
832417
831927
833637
833407
829966
831412
832225
834909
830710
831010
832038
834348
832925
833905
833798
829999
830868
833712
832343
834138
832350
832955
832860
833026
831594
831389
830341
832607
829605
832435
830795
832893
832341
831806
834524
831156
832521
830926
833056
831127
831894
834530
833574
832691
829638
831351
834693
832785
830605
831869
830960
830434
832526
831711
832176
835031
832115
832817
835201
830783
831491
830046
831712
832387
831120
832952
831845
831114
831803
834091
830184
833281
831919
832663
832167
835709
830341
833038
833087
832705
831706
832472
831534
831024
830850
830372
836384
830243
832701
831374
830950
835161
833703
832321
834052
830388
831708
833996
830766
834812
833372
830444
831309
831831
830572
833405
830258
831120
834342
830834
832481
831583
834222
829877
832046
829215
833627
830888
830728
831713
830513
833144
832213
832119
830764
832424
836044
833214
831342
832394
831026
832115
829803
831592
831086
830616
835141
831835
834298
831387
833573
834232
833516
833111
832409
832083
828372
830747
831305
834754
832651
832854
831435
830797
831755
833039
830868
832290
832692
830899
831135
833128
833290
832690
834397
833720
832209
831026
834735
831047
836547
829561
831569
833782
832906
828395
833265
832452
831648
832126
829952
832026
831993
829399
830551
835601
832973
828776
832190
830998
830549
829418
831299
831010
831061
832331
831839
834041
834973
830902
831626
830078
829507
832087
832179
831677
830270
829804
828151
830267
830924
833535
835632
835043
831982
833422
830211
830279
830250
834476
830771
830070
831741
831042
832375
832608
832895
832851
830202
831633
831968
831918
832542
833885
829770
830677
832246
833867
832240
836434
831766
834306
830586
829295
829706
831648
831511
830843
830954
832868
832433
829739
831168
829621
837792
833094
830905
832244
832474
832494
830768
831970
830678
833412
834497
831561
832115
831668
831867
830461
831619
830182
831072
830757
831364
828174
832471
833359
829275
830744
829683
831597
832936
832111
830927
831297
829071
833043
831192
831891
829295
830049
833433
835166
830588
831375
832975
835369
830099
835115
830708
833562
830849
835186
831588
831747
833403
833420
830966
831128
831592
827871
831272
832846
830103
829973
829970
833014
832201
833544
831511
833276
830342
833780
830530
834733
830526
833118
831949
834378
830821
831157
831526
834421
831590
830772
833007
832196
833384
829895
831709
832986
833234
834964
831442
831306
830468
831412
830587
835724
832271
832148
832679
833496
830449
833245
830892
831672
830368
831342
830209
830648
833436
832434
830379
830145
831585
831821
833592
833203
831950
830090
833961
831313
829569
832194
829292
834515
833888
832562
830938
832049
830616
829506
832809
831169
831506
831212
829728
830675
832897
830413
834415
830860
830971
829236
833137
834057
833516
831776
829442
830218
834117
833385
831067
832062
835203
829891
830642
832045
829726
834019
831093
831004
831704
832440
830560
834393
832896
833027
831991
831913
833864
830675
831997
832266
829426
834015
831035
831549
836068
831460
832282
830465
832045
831773
830147
831775
832982
830807
833867
830814
831817
835794
831774
830142
830460
831216
833388
830550
830551
834883
833889
830798
831971
831413
832188
830856
833887
831618
829736
828423
830457
829891
828785
831051
831023
831755
830115
830854
830646
832422
832038
830327
831469
830708
830150
831230
830652
833290
832762
831291
836331
834571
829774
830912
834962
831174
833985
832589
831384
832144
832712
829149
830219
831264
833137
832492
830928
832146
831366
831873
830617
834126
830891
830846
830846
829192
833239
829754
832464
834958
831486
831294
830976
834083
831093
833658
833217
830068
831169
834063
831248
832513
830054
834640
834812
832773
830365
830033
831664
832630
831044
831899
834321
831570
831119
831001
831028
832734
830479
836918
831823
831437
830165
829292
830203
831647
832927
831062
832624
831107
833551
833043
831644
829691
831659
830090
834529
832161
831248
831173
831074
833012
834796
832410
831576
833410
833162
831610
831773
831906
834332
829381
834751
831148
827856
833224
830253
830902
830639
830687
833259
831749
833242
829398
830494
831391
834284
830492
832045
836376
833213
831396
831590
831665
830133
832677
830603
831708
831072
832800
830929
833370
834526
832763
834537
830807
829401
829620
829752
832197
830315
832422
832882
830772
832010
831416
830275
833745
834861
832395
832258
830804
830826
831149
832186
831161
831645
830957
833898
828770
833634
833366
833325
831070
832260
832061
830487
832291
831523
832366
835543
831439
831792
831061
830871
831096
832227
830367
831523
830922
828173
832024
833138
829402
831602
832109
830468
831044
832570
832237
831595
830585
833678
838692
833696
829737
831142
833350
833479
831547
833569
832145
831405
831975
831379
828733
830446
830399
830018
830927
832267
832421
832034
831617
829798
832019
831312
829814
831870
830205
832034
830824
830370
832046
830525
831821
833654
833063
834814
831508
831609
832485
828995
834113
834602
832538
831607
832001
831459
833352
830057
832340
833345
832910
833948
833597
833154
831721
834769
831370
833612
828886
831767
830037
830172
829979
830598
832497
829713
831338
830001
831300
831363
829148
832215
829637
833668
831775
830644
830699
832788
831434
832017
828980
835275
830847
831439
832045
831503
834361
831612
835210
835165
830853
830853
829396
831108
832486
835082
832239
833147
832038
829398
831034
834946
832036
833950
829523
835147
830218
832123
832420
828245
831970
830145
832520
832343
831217
831698
832174
831185
829317
830926
830590
831998
834541
829618
831618
833974
832669
830034
831605
831837
832174
831468
833994
834025
831428
831230
831741
829965
834866
829825
832422
829637
830219
830342
831557
835344
832354
831948
830481
834667
830045
830522
834231
832347
831741
831550
830027
830367
832231
832460
831879
833317
832264
830393
833612
831819
831675
830679
832614
830273
830691
832209
830789
832132
830404
832698
829398
832997
828618
830874
834365
834127
831587
830995
830720
833510
829803
833068
833247
829608
835280
833871
833003
830426
830490
833458
835098
831019
832019
830868
830145
832572
831777
831714
831417
831616
833256
831048
829766
830737
833703
831192
832128
830811
833642
836232
832322
831685
830577
833206
830049
830725
833814
832107
830696
828927
830993
828473
830338
831236
832625
831325
833284
831124
834455
832043
832382
829838
830140
833289
836261
836001
834071
832619
832349
832311
835287
832585
830729
830724
830027
832587
833979
833158
831727
834690
834357
830421
832711
832623
832574
832930
833729
832917
834977
831397
831857
829595
832528
833172
830449
830892
830273
833281
833102
830791
831825
829495
829807
831280
832424
830401
834523
834629
829297
829799
830173
829767
831104
832619
830143
831698
832291
831918
834913
832691
830544
830533
832857
832860
830527
834135
834608
830772
830668
830560
831066
830197
832022
833416
831112
830995
829515
830423
830212
832848
832739
831120
832263
830690
828834
833014
829890
830503
831892
832662
833177
832423
830928
831164
834466
832271
832178
832856
830922
830071
829796
832315
833742
829790
832503
833442
830266
832314
829502
831545
830820
832946
831965
830333
830739
832500
831379
833684
830516
831758
829479
835622
830780
835422
833237
829945
830638
834646
830356
831932
830143
835661
830950
834235
831323
831596
833239
830686
829605
830638
832195
833335
832085
831526
831788
830387
829543
833473
830974
830882
831813
833156
834686
831019
829571
831648
834002
830929
831821
832240
832294
835291
830238
832023
830575
833322
832518
830908
832920
830798
829207
830163
831899
834602
834256
831612
830520
831706
830706
830088
830234
830519
832715
833079
832084
833167
830798
834337
833612
831391
831016
831053
831849
832593
830648
835460
831459
832342
832795
833447
832991
830541
832618
832389
833157
836323
830369
831463
829543
836142
834277
830152
831710
832357
830751
829368
832334
830775
831169
829196
831645
829901
827860
831762
833161
833473
834496
830315
832224
833852
834482
834550
830423
835296
832680
833428
832883
833503
832025
830885
829368
830540
833567
830244
831570
831855
829142
831388
831754
831638
833646
829602
832596
833115
832368
828982
832222
830919
830243
833518
831733
831957
834064
832291
829339
832626
834454
833447
833522
831157
831968
834992
831248
834476
833144
831987
831543
830099
830918
832991
833322
829438
831887
829808
830873
832298
833529
831767
830587
831638
829023
830456
831981
834516
829565
834659
831815
831761
832720
832844
830560
832817
833380
832671
832954
834388
832542
833670
832630
831741
831566
833742
831618
833051
832424
831324
830980
834257
832966
830060
832989
832024
833089
833179
830070
833981
832714
831622
829999
831776
832106
831134
832567
831439
831391
831186
830421
829399
831354
832996
831822
829517
831335
832553
828616
831218
831252
832241
833798
830791
834663
830429
829148
830270
833469
838039
835118
832445
835691
831348
831426
833741
833896
832367
829439
833542
829520
831505
832541
833328
829585
834482
830300
831648
833202
833343
829922
829720
836597
830882
834491
835274
830486
833354
833520
831968
832302
832158
833227
829999
832978
831452
827640
837232
831742
831876
831590
830980
830619
832311
833725
830566
829436
830739
831816
830507
830013
835106
832651
830967
832678
834593
831046
830895
830879
827910
831912
830653
832358
830654
830249
831428
834324
831994
832037
829553
832239
831424
831450
830521
834392
834201
829018
830768
829257
830998
832521
832223
831606
830076
830237
831248
831665
831509
831709
831784
830135
831813
830797
831294
829998
829425
830018
830656
831982
836388
831434
834371
835144
833762
831881
832172
831343
829282
830119
832227
830047
832450
832819
835615
830841
831100
833356
830422
830639
831691
831436
832428
830565
831265
832216
832771
833295
830609
830216
833589
829579
829242
831262
832753
830692
832182
831773
831669
832997
832617
832051
829445
830207
828173
832489
830934
835696
832001
831783
831964
833147
830270
831104
833185
830772
832546
835111
832340
830417
831590
832603
833304
832119
828740
830459
831026
832149
834515
831579
831254
830695
833952
833206
831878
830145
833609
832071
829218
833634
829490
835515
830395
830003
830943
833225
833330
829668
833098
829798
831891
831937
831295
832242
832906
832564
831574
830231
830605
834888
831497
831822
833358
834618
830259
830436
830251
832084
832418
831499
832427
831549
831906
831766
834295
831192
830668
828683
834901
831757
834150
831870
832189
832618
832876
830021
833169
831092
831124
833250
829512
828829
832141
830640
831733
832616
830615
832291
831046
829998
833355
831787
830427
831335
832243
832022
832813
832503
834466
832715
830889
831357
830033
833607
829651
833862
833301
832585
831641
834698
829902
833367
833408
832480
831130
832189
831968
831291
834322
832943
830640
832073
832570
833080
831759
830331
830922
837175
833840
833507
832117
831699
831690
831421
831758
831214
831387
831364
832968
831665
830721
830279
829998
834315
833145
833962
829492
829736
833073
832870
830181
831690
830728
830595
830374
832470
834470
832228
831580
831870
832428
829999
830452
830001
831178
830689
832842
833637
829497
829078
834804
832271
832964
832746
832159
832881
832435
831756
832242
830345
830223
833270
830273
832709
830893
832128
831000
831325
832927
831159
831134
831517
829539
830162
832655
831847
832422
832314
831366
831066
831958
831373
835194
832777
830901
830630
830483
834023
831217
835431
832320
833458
834008
832276
829842
830170
833772
832143
833136
833049
828764
831376
830920
831057
830491
832440
832544
835340
830979
833452
832473
832048
831865
832532
833600
830158
831426
831385
831801
830992
834566
834078
831672
831743
832033
832071
834957
832027
833780
832897
832495
832084
829544
830742
833230
833084
831691
831742
832899
831068
831760
832624
829735
833221
830506
830919
834684
831315
829724
832427
829983
831147
832665
830835
831999
831384
835167
834318
833600
830089
832894
831626
832400
833058
832318
832473
830673
832643
830926
832883
830218
831789
833648
832319
834056
831441
827703
832032
831195
832420
834301
833203
832459
835421
829882
831187
830423
834435
830506
832989
831114
834632
832788
830740
832189
830520
831897
831358
832413
833215
831269
833208
832085
830522
832723
836084
833190
832190
831392
832421
833315
836019
831595
833129
833260
831147
832768
830370
833903
833288
833709
831081
834739
832038
830899
829970
831246
832869
830295
829483
832436
832111
832997
834370
833328
829619
830399
831364
831029
833370
831815
834985
831232
834263
830556
832575
830940
831963
831693
830698
830446
831592
829866
829988
833312
830994
832278
830586
831098
831013
834128
832697
830260
837348
832245
831080
833522
830220
830406
831124
829771
834303
833517
834490
830196
834159
834587
832408
835314
835743
830574
831525
831579
833028
829664
830356
832065
830415
832670
830054
831870
830703
831645
834393
832963
834056
834222
830737
831566
834536
834733
831393
831896
832482
833598
830241
834619
832921
830105
830566
831822
834893
830654
833336
830244
833881
832282
834462
834571
832844
835981
831341
830470
829915
828425
832468
831715
830297
830043
831178
831368
831113
831891
829762
831044
831719
831316
832259
831277
831339
832400
830300
833091
834421
830864
833542
829368
833166
829994
833402
832875
830616
831106
833121
833515
830425
831653
835562
834552
829795
830725
832549
831852
829425
832134
830638
828742
830926
830702
832162
832695
834375
830898
830024
830667
832504
831364
833417
831999
833457
833122
831559
833743
830700
831865
831839
830364
829951
832379
830218
830986
832447
831682
831989
833965
832215
829760
831372
833825
832107
832928
830543
830190
831322
834996
830403
832432
833244
831894
831041
832221
831480
830312
832554
831070
831904
831539
833132
831502
829418
830642
831523
832998
834212
831422
833615
830209
829690
832684
834412
831682
832367
834452
832198
830998
831123
833795
832620
831710
830517
831949
832927
831054
831641
833225
830904
831655
833187
830446
831777
829149
834232
830274
828535
831503
831686
831569
829170
832025
831432
831725
831418
830186
831166
831872
833141
833785
830529
831213
832528
830543
833791
832014
834288
833314
832572
830084
832984
832021
833923
830641
831079
831118
831357
828919
830860
831038
832859
833397
833767
833266
832319
829941
834232
830654
830447
831907
832223
831691
829613
832385
830828
831030
834766
833707
831123
829426
830767
835756
828643
829542
832436
830772
832641
832367
830064
830925
831176
833389
829709
832818
830274
833672
829124
835882
831963
832851
836077
829957
829996
830394
830929
833202
831548
832005
832432
832839
829768
830348
831083
831114
830006
833788
831491
833643
830702
831591
829521
831221
831895
832538
833668
831551
833946
834280
828591
829218
830321
830338
831119
832787
831465
833461
831825
835394
833697
830270
830781
829615
829368
830979
830574
831858
832142
830270
831596
831617
831271
831480
830707
829875
829714
831999
831799
831928
831565
830679
832902
831243
831322
831131
830979
830000
830928
832566
829698
829151
830763
830906
828423
835883
832792
836490
832439
829971
833137
832041
832938
829149
834475
833395
832231
831732
834425
828173
831676
830927
835232
831620
832691
831450
829368
832794
829600
833123
830989
833692
830046
829953
832586
831282
831019
832835
829685
830554
830849
830398
831520
832260
830056
831397
831904
830881
829857
834330
834846
831190
832079
832678
830647
831769
833659
836345
831613
829898
830575
829335
829622
837227
835351
829148
833498
834636
830481
831502
832937
833882
833184
830571
833244
832312
832305
831295
832673
829745
831916
831983
831998
829590
833015
831988
830836
832518
831173
830980
831448
831740
829816
830139
832641
833310
833327
832852
830441
830423
830172
831790
830954
829204
829717
831112
830257
834298
834502
831626
833859
830229
830969
834885
830659
832045
831326
832133
833257
830552
835264
830731
830416
830101
833808
834496
832741
833123
829893
833005
832192
831161
832833
831143
832450
830075
833861
832681
832274
833241
830508
830459
834015
829545
829514
831773
830080
830436
833706
830821
830693
828415
831975
832148
832744
831444
835525
833424
830707
828579
830192
834193
830926
833819
831227
832361
834274
834242
832196
833830
829820
833812
829191
831110
832259
831216
830642
829903
833621
830620
834192
831512
829246
834073
829693
831392
829856
829553
830218
829918
834393
829365
830838
831422
833234
831488
831949
831089
829302
830152
833686
831767
829853
829683
829570
832742
831502
832134
831210
832296
830845
831645
829244
829520
832793
830078
832450
830635
830617
833640
830689
832549
830110
831437
831991
828886
831174
833046
832062
831245
832753
832695
831041
831391
829442
830172
832171
831488
831233
829301
832468
833913
829773
831471
832605
833667
829465
832911
832567
833616
831121
828382
835247
830403
830088
830784
830457
831162
830656
833841
833399
831931
830209
830194
829023
835423
832629
833746
833014
831368
830244
831284
830520
833038
831517
832810
833928
830630
829858
832163
829755
831642
831173
832936
832848
835044
831925
832993
829440
832422
830093
829400
828099
829956
832645
832298
832336
831965
831158
832846
831159
832201
832452
833301
830704
833979
830407
833187
831667
833225
831738
832631
831718
832009
831279
833215
834001
833944
831572
830476
833205
833217
829553
832298
832185
831826
830865
830670
833599
832409
832179
833329
830476
831555
833125
833389
830269
831640
832714
830490
834213
831877
830271
831394
833480
834449
832659
832505
832394
832411
833966
830937
831149
833020
832371
831480
830888
832204
832960
832137
833576
829077
830674
829421
832244
833142
832312
830484
834291
830691
831996
830952
831170
831798
831633
831135
829322
830256
833977
831118
829679
831436
834996
831197
828948
831541
831136
831879
833806
830073
833603
833013
833027
829771
832173
832556
829251
831204
830940
831164
829765
833647
832963
830073
832311
830173
830454
830720
831393
830671
830169
832097
831100
831176
830217
829971
832228
831700
830297
829832
832251
832225
832422
830899
831327
831239
832332
831186
835517
830440
833931
833790
831357
832353
832021
831318
830742
832561
829091
830581
831067
833962
832523
834638
833490
831958
831311
832634
832712
834768
833313
831985
834635
832923
831837
830748
832430
832332
831892
833221
829913
832170
828923
830877
833783
833968
832011
832839
832823
830965
830746
828519
832858
830806
834844
830696
831846
829560
833852
830180
832684
832895
831228
831482
834901
828750
831185
832089
831122
830189
830939
830795
836673
831969
833650
829279
830622
832557
831690
831596
832710
832228
830478
832167
834568
831828
833508
835919
831234
835055
832021
831716
830942
834579
833686
831739
827902
829919
829517
833225
832746
832231
833128
830947
832210
832146
830111
832238
834104
832441
832208
833435
832047
832443
830549
831709
830403
830828
833140
829621
831848
829290
834238
833716
830799
831285
830399
831589
835658
832347
831617
833149
829065
830776
832861
831997
832149
834444
830490
829958
831449
835009
830623
834941
830617
830212
830787
833102
832259
830611
832168
831926
833440
830842
830931
832819
830561
832734
829888
831249
831369
831146
831626
831926
829999
833959
831118
830047
830960
831648
830731
833769
833323
829874
832118
830341
834804
830252
832687
831407
831645
832096
830717
831968
833627
829996
832093
832749
833249
830397
829873
831568
831125
836073
833129
831723
829844
831660
830987
832277
833069
830656
833186
832273
833681
835314
831132
832802
834081
833746
830098
831996
833542
830926
830926
830489
833147
829292
832000
835323
830923
832143
833157
831824
834820
831146
834606
834950
834917
832472
831118
830210
830950
830658
831760
832536
832033
831278
831107
832203
832175
832352
832051
833194
830654
828791
836679
831738
832636
832013
830294
830595
831359
831600
830521
831420
832799
830324
831121
831486
831866
832046
829678
831315
831522
832101
829468
834252
832276
829149
830090
831692
834036
832044
831696
833506
833510
830421
831064
829070
833090
830529
833347
833756
832123
830270
830708
833382
831318
833507
830274
831338
828273
828393
830003
832232
831044
830800
833669
830657
830994
834612
832263
829630
831428
833572
829026
832880
832096
833849
832017
831383
831539
829293
830072
832644
829344
831032
833529
831343
832535
833260
830507
830402
833676
830637
832147
831890
829583
831299
831550
829495
832445
831391
831051
832190
832118
832276
831760
831782
832447
832872
829902
835602
833454
830103
833218
831344
830048
832568
832122
832481
830638
830521
833709
831838
833222
832021
833207
831474
832464
830719
832040
833344
835780
836172
830104
835053
831927
831214
829923
833144
830490
832393
832416
831138
832238
831609
831968
833565
831545
831470
832817
832164
832389
832206
832641
833682
833686
834993
832479
830913
829766
832148
830783
831237
834110
833641
829550
830418
831641
833365
831415
831857
831245
833621
832173
833455
831434
830941
834768
831053
829592
834811
831231
830567
832349
829922
832491
832445
831762
831941
831044
834026
832791
833899
830826
833521
831597
832354
833261
832661
830274
831709
831889
831968
832815
833562
832618
829816
829358
831703
833222
831492
833611
831854
830728
829731
831303
830505
832502
829011
832972
830218
831779
836605
833058
831194
831243
831398
829197
831133
831752
831391
830824
832350
834113
833099
830839
829069
829286
828420
831919
831842
831768
832339
833146
830804
833185
831134
834029
833315
831201
829398
832527
830694
831809
834887
831240
831168
831241
830760
833425
831036
832010
830971
836101
832230
829149
832776
830455
830454
830875
829205
831648
829173
831425
833372
831723
830906
831026
829151
831969
831795
832768
833449
831267
830676
830384
834134
830739
833227
829800
832518
830956
832534
831743
831743
829778
833977
833068
829997
833446
833593
833042
830813
832022
829804
831330
833025
834072
832045
832647
831265
830242
829676
830142
829733
833554
832161
830230
831601
831237
836114
834154
829370
830808
831603
831247
830894
828978
830018
831961
831980
830897
830366
831389
832302
831555
833105
829948
833885
827884
829951
833226
832436
831287
829839
828866
830198
831204
834182
831381
832689
831014
833069
831392
831373
831045
831206
831725
831402
832192
830899
833599
831899
831971
833384
830655
831123
832647
832792
831215
834052
831338
831340
831107
835034
829025
832389
829135
830192
830347
831018
832260
830914
832078
831974
829552
832718
831682
829660
831359
830201
832371
829880
831527
831192
829804
832104
835171
830787
828668
830492
832097
830903
830091
830120
835642
832886
833052
831615
831574
831390
830248
829798
830892
830171
834757
830071
832381
830522
831802
830458
831573
832435
835854
830879
833443
831492
833780
836227
832220
830660
832170
831898
833190
830216
831124
833154
831876
830576
830559
834054
831261
830008
833137
832135
831713
832641
832407
831495
831128
830156
830065
829986
833027
829892
832262
830887
831790
831001
835554
830794
829619
831825
831370
832544
832420
833504
831260
834607
832177
830486
833550
833324
831445
830708
831472
832570
832400
832552
834811
829790
834633
831875
830590
832447
832808
832292
831201
831053
831635
834061
831068
836149
830960
832364
830216
831313
831332
831506
830185
833724
829420
833539
830218
830073
830331
831526
833972
830642
833192
831576
831590
830982
831281
828624
831677
831431
832238
832850
833852
830607
834643
831485
830491
834776
830234
833757
835124
830010
832850
830687
831646
830442
832196
833913
832771
829584
830089
833432
833939
829175
832088
831205
831198
830916
832184
831379
833555
830956
832329
831349
830399
831443
831749
830522
831773
830303
831052
832120
831524
830025
829736
831171
832138
834485
834151
833983
832742
835681
828872
829021
832014
832780
832089
829605
830371
834615
832964
831778
829677
832426
833909
830910
829622
829606
832772
833155
833028
829418
831733
834500
833394
832130
834853
830173
831115
830925
830235
831697
832723
829850
832244
836095
833660
829698
832593
831776
833246
830476
832337
831639
833012
831152
831623
831545
829799
830345
833656
830322
830273
835030
835482
834513
833195
832984
832756
832111
833105
830724
832640
831523
832273
833520
830931
830790
830680
830450
834443
830992
829464
832314
830822
831023
834992
831927
832933
831571
832245
831278
831995
830924
835133
832251
830654
832874
835097
835739
834882
831653
830499
829166
831813
832855
832269
832106
830759
833689
832856
834644
830147
830513
831176
832847
832484
835017
831383
832503
834191
831589
833022
830652
831667
828984
830307
831114
830798
831041
831752
832162
831400
833199
833193
832974
832197
831850
834171
831248
830699
832232
832023
831527
831522
831570
829542
833051
833998
830161
831686
830265
830916
831802
832841
832089
832680
830686
834557
831080
833074
831046
834434
832701
831510
833158
832091
831124
832895
830469
834035
829876
835301
832441
829398
834057
832876
834133
832015
832397
833127
830382
832970
832393
831364
832786
830248
830147
829988
832742
831590
831986
831638
831782
830587
830712
831622
832120
835398
831550
832546
831463
831330
829698
833314
829818
834202
832073
834703
833734
832510
832625
831186
833089
837200
829771
834264
833997
830540
833723
831067
830855
831145
831575
832333
836675
831839
829554
831166
833890
832000
831363
837444
829477
831168
831413
835111
831790
829151
833832
833291
831247
831324
830929
831660
831446
833498
830895
830816
831105
834102
832642
830837
834937
832591
829488
831525
830270
830413
830722
833766
832905
830871
829356
830710
832786
832362
831391
829990
833318
831642
831771
832026
833690
828637
829855
832363
833098
832515
833734
832076
832922
832538
830345
831089
831737
831968
831569
831345
830923
830544
831933
833076
829241
831616
830689
836269
830246
831654
830074
830149
833928
832241
831641
832020
831042
832376
829447
833048
832619
829965
832741
832172
829698
835579
831523
831787
833746
830169
832115
832461
829475
833466
830114
829874
831459
834621
832128
830752
834423
832213
830668
832962
833457
832893
831288
833562
829216
833077
832335
829897
832174
833510
830142
833005
833457
834060
829221
832621
831372
830887
832829
832601
830736
829562
830638
831292
834755
831779
834341
830631
830074
833386
833252
832678
828719
829801
829991
832430
831708
831734
830485
832677
834543
833621
828813
832089
831988
829930
830547
832517
828836
831941
831863
834222
828779
834051
832815
832391
833819
829290
831231
829231
832457
832413
832338
832025
831643
830988
829609
834526
830672
832686
830899
831120
830221
831395
831332
831818
830915
831500
833243
832744
828736
829762
829150
832110
836059
830374
831340
831679
829830
829837
831885
832389
834008
828946
831172
829968
832808
832323
828864
834720
833644
832192
831548
832207
832541
830668
831359
831333
832861
830974
832967
832709
829268
832256
831902
831885
830891
831176
833405
833066
833108
831238
830223
833506
835373
831481
832027
831283
833124
833256
832607
831976
828638
832343
830641
829857
830943
830972
830322
831232
832210
835138
831707
832897
835018
831820
834781
834247
832849
831486
834034
832139
831837
832558
831994
831167
830839
829203
831768
835537
831416
831738
830836
833423
831711
831945
831997
833072
835171
831948
831024
831625
831480
828978
828950
832813
830294
830924
832388
834228
831600
833758
830963
832305
831272
831560
835500
830987
827660
834244
834350
830787
831435
832379
831220
834806
832402
831775
832791
830949
831051
834100
831151
831785
831103
831472
828924
830586
832690
832135
832691
833147
833628
831173
831338
831261
832239
830344
830164
831136
830604
830131
831280
835188
832562
832404
831394
831449
831201
830959
831503
830927
830836
828688
831447
831701
831046
832952
830275
830941
829751
830221
832005
831918
831338
832525
831676
832027
835913
834995
831848
829978
829987
830926
830350
829693
832561
831018
831066
831879
834692
832184
832860
829649
834270
832461
829616
832327
831214
833327
831568
831695
833294
831481
834806
829252
834913
830492
831938
833725
830858
831566
831366
831586
829628
832174
834716
830741
830055
831060
832556
833664
831628
831586
830687
832800
830668
832834
832792
831396
831395
833370
832253
831333
829702
831470
830290
831565
832692
832603
831847
834281
831842
832142
834865
830577
830140
829926
832000
836300
834729
832282
830641
830165
833073
831203
831400
835035
830367
830326
833534
834085
831125
831986
830216
833619
833008
833314
832915
831505
831676
833612
831641
831747
830972
830418
832003
831540
830051
831262
831991
832557
829435
831055
829875
831586
829588
833324
833754
835689
832865
830016
833551
831267
831229
829705
830888
835544
830599
829941
831057
831298
837117
833186
830724
834494
832406
833110
830668
830945
832174
831376
832144
832191
832938
832165
831568
830823
829552
832518
833079
830767
830921
832920
831331
835138
832372
831984
831565
830443
832675
834345
832083
830346
833319
831507
834254
829167
832524
831187
833227
830908
834860
837263
833130
832011
836669
830645
832086
832900
831048
831987
831322
830650
833665
832066
831356
831805
831344
831298
832863
830270
830927
833032
831997
830020
832826
834494
833169
833454
831461
830789
832777
832759
830797
833713
830480
830773
829849
834034
830752
831795
832115
831328
829318
832547
831287
833200
831440
830344
832918
830889
833760
833475
831620
830346
831821
830652
834012
832896
832206
833086
832454
833941
833201
832203
830892
836142
832048
831509
832380
830446
837333
832003
830350
830273
832489
830353
835087
829256
831227
832092
834631
830480
832467
830546
831526
833142
828318
833848
830072
835740
834264
831199
834134
833167
829119
831686
832897
829971
836683
833459
831966
830505
831932
831139
829595
832891
831672
829192
831827
828640
829575
828553
831076
833323
830271
831370
830644
832074
832415
834321
829668
831614
833446
830423
830968
832154
831019
830196
832516
831201
830926
830248
834286
832243
834590
835038
831760
830892
829302
832612
830926
833163
831897
829625
835759
828954
832167
830714
832835
831367
832181
830045
834476
831367
832240
829946
832541
832422
830371
834298
833074
831961
829776
829946
833759
829605
830519
829446
830882
831950
832371
833585
833096
829768
832487
827879
831220
831508
830062
831310
831869
832206
832824
832329
831641
832458
835055
831172
833255
830333
835674
829401
830839
831941
833405
832405
831367
833583
829668
831367
832680
834469
831439
834970
833031
828590
829173
832273
834112
831404
829218
831839
831990
831236
835243
833478
830807
832190
831245
829920
834495
831225
831834
835414
829951
831435
835175
833029
831038
830024
832393
831955
829792
829511
832885
833638
830977
831913
832783
828563
833760
834049
830756
830987
831095
829740
833352
833016
831567
831738
830922
833231
832767
833134
833773
830495
832296
832513
831963
834446
829914
831242
832555
833286
831003
830723
834095
832467
831900
834178
832613
830640
833137
834737
832244
830845
829970
831888
831223
829550
829490
834334
831353
830916
831587
828634
832068
832902
835143
831156
830737
830441
831855
830176
831464
832086
832118
831735
833947
832876
830862
831631
835417
828888
831200
833134
831905
835880
831406
830216
831473
830863
831090
831073
834317
832213
832175
832129
830923
830045
831579
830301
832847
833549
833268
834505
834925
832133
832151
832637
834854
832763
830081
833259
832822
833583
833378
832417
829796
831870
835118
831073
830638
829763
831609
832229
833256
831788
832365
831221
833987
832172
830840
833771
829578
831678
832978
830978
831288
833631
833614
829561
830789
832334
830827
832114
831176
831527
831518
828369
832509
830893
833314
833478
834152
833805
830116
832595
832375
829025
831081
830264
832526
830811
830523
832940
832364
833929
832639
831323
833180
834438
831066
832558
831966
837250
830315
834479
831968
831359
831770
828860
830270
831220
832232
830518
831448
832529
831661
829490
833275
832053
830708
830874
832164
833235
831875
831895
829959
831994
833616
833514
830219
830512
835460
831383
831826
833489
831057
833101
831469
831318
830673
833005
831300
831565
830763
830560
832608
831035
830540
830866
832378
831443
833519
831353
832430
832505
832073
834922
830656
833932
832465
830733
829743
831300
829368
831378
831638
833199
832283
833343
831462
831512
832528
831787
830669
830447
830198
832566
832334
832697
838049
830249
833525
829382
832997
830270
831500
831609
831366
829148
833048
832102
831791
831544
830142
832327
831972
831484
829977
834149
832578
833510
834119
832495
830045
831420
833199
832504
830573
833913
828643
831929
831822
832814
833328
834073
833252
831746
831985
831852
831096
830271
833336
832273
830268
831768
828940
831706
831696
831069
832883
832706
830275
832710
833006
832247
831967
830505
830042
833410
833693
833832
833210
833173
833534
829881
832292
832664
833965
830680
829447
830450
832025
830493
834810
830592
832336
829803
830663
832879
831176
832283
833694
831425
832198
830270
833337
834387
831559
832799
832341
831803
829788
834989
832594
835830
832490
835416
833876
834135
831792
832571
830146
835102
830736
830665
831112
831609
832275
833457
830324
833121
832444
831578
834259
832999
833863
831331
832484
830270
832726
830222
829480
830909
832203
835712
829368
834346
831947
832064
832036
831224
831896
834191
830951
831248
831968
830646
834661
830216
829475
834196
831171
832473
831352
828393
831687
832524
830251
830942
831587
830209
834486
833170
828812
831229
829439
831549
831766
833422
835386
831266
829054
833132
831370
832642
831473
829274
831532
832339
832519
832619
830388
831438
830846
834319
831109
831120
831635
829607
829273
832398
833924
829546
832730
832869
830754
830521
830770
833950
831956
831248
829334
830842
832905
828538
830972
830523
831696
831554
831642
829673
831241
828959
829170
832042
834270
830419
832722
831152
834928
833221
834769
832992
833135
835781
833244
832056
835157
832142
829369
833883
832366
832717
828914
831673
832146
830586
833757
832692
832416
833543
829368
830677
831689
831581
831530
831211
831549
832645
832799
833367
829768
829152
831848
830401
832037
833530
831356
831365
832182
832233
830270
834717
830689
830586
831371
832842
834286
832045
831891
830638
831994
832400
834491
830072
828195
831263
834085
833050
831264
832888
834563
832193
832421
835121
829838
832898
832331
831356
831945
832914
831673
830648
828726
833910
831831
829933
834171
830490
831215
831246
830519
833113
829610
832804
828811
831062
831048
833965
831090
832066
832507
831016
830677
831340
831788
831738
831030
832217
834889
833045
832605
832113
832941
831025
834058
831479
832179
829954
833205
829768
831115
831550
828953
828991
832664
829932
834517
830558
833580
831351
832985
834381
835136
831386
832506
830852
829942
831502
832081
832171
832189
833457
832263
832398
830315
830948
829284
829518
829494
833709
830914
831641
830056
835050
833465
834942
831711
831300
831361
831829
833205
834518
830367
830954
832192
832034
830050
829216
834474
830943
831737
832610
832198
834108
831959
831856
835072
829618
832371
832238
829738
832591
827851
830355
828929
831641
832188
831821
831758
832632
835758
830614
835533
829244
831171
829149
830000
832106
829490
835062
833151
831722
831176
830286
833009
831982
833383
830722
830091
830447
828667
831013
832652
829767
831774
831887
833039
831980
830999
831794
832241
831497
832261
831731
832567
831514
830178
831977
833742
831064
829896
836269
830026
833982
829276
831352
832046
834520
831350
832596
832806
829772
834720
830789
833166
834617
833360
828845
831567
831743
830339
832683
830872
833444
833337
830347
830797
831593
835108
832196
834580
828838
829990
831842
831970
830075
832182
830568
830877
830852
830934
832003
830452
832240
830814
836003
831568
834290
830342
832267
829926
831437
831084
833421
830966
831569
830837
835268
830699
834116
832229
834667
835745
832205
832591
834214
832569
831595
834598
830301
830423
831623
831304
829573
833962
831355
830730
833479
834980
832629
833776
831140
831515
830517
833028
831363
835133
831318
830462
834541
830585
831862
829622
834257
831703
831706
829636
830370
832858
832939
835260
829130
831637
830109
835065
832543
837388
833417
831145
833493
828838
831307
833617
832578
833689
834515
831300
830790
831120
831619
830865
833891
835077
833236
832012
831361
831121
833013
829828
831391
836735
830654
829618
832271
832867
833226
831995
829387
831599
829217
831338
831560
832009
833035
829728
831369
832281
831992
829836
832389
829734
832164
830874
830993
833346
831743
831310
835061
830623
831889
830768
831332
832578
831537
829621
830881
832090
831774
830145
831199
830902
831546
831890
831725
831558
831294
832962
830420
831446
833317
829148
833259
832332
830365
834135
833904
832449
830329
829783
835784
834986
831522
831984
832695
831821
832103
832727
835608
831161
830484
834442
835054
834066
834019
830748
829997
832654
833089
832739
832284
828949
829899
831996
834958
830229
830143
832980
834071
828170
833836
833416
831786
834561
831509
831939
831345
832004
831817
833788
832389
833802
833189
833203
833282
831844
832055
832226
830946
832928
834322
831222
829804
831238
832676
833672
832090
831375
833739
831568
836614
834759
832043
832389
829639
831026
831267
831775
833540
832778
831602
830401
831212
829827
830063
831391
829730
831374
832438
829461
831120
830640
829660
831013
829896
831786
831764
831176
831340
831040
832485
830988
829443
832392
832913
832340
833349
833455
831250
832433
830789
833022
832597
832171
830853
831177
834232
832647
832243
830213
834297
829945
833251
830861
829581
831861
832838
831550
834906
832818
829551
831799
830818
830746
832391
832854
832870
827755
830518
831997
831764
835848
831299
829916
832772
831237
830299
830990
833569
830531
835050
833669
832915
832145
830383
831119
831992
831710
833529
831365
832654
831340
833440
831373
831991
833253
832687
831977
832837
829270
830229
831310
830735
830868
831776
832048
835352
835185
829763
831328
833010
834073
832423
828947
832001
831716
831881
830559
829079
829724
833833
831237
833300
831441
832193
834884
832743
830520
833510
832017
836959
831430
831765
829355
830178
832012
830248
829764
832791
833570
831977
834039
831370
830960
831827
832846
831171
831359
831713
831876
830774
830955
831181
832264
832167
832907
832574
832179
831826
831526
833665
831860
832109
832387
831671
831673
831714
834271
832445
831125
832501
831404
831260
834589
830338
833222
832936
832842
833923
830215
832720
830944
832025
830672
833899
830219
832065
832190
832410
833187
836169
831783
835302
831825
834219
830340
833018
833491
829448
836625
832573
829369
829275
830435
831448
831772
831960
832570
831120
830391
829910
830172
829961
831799
833677
834195
830870
831845
831066
832168
831741
831078
831606
833191
831927
830272
830397
830993
831080
829538
830241
832811
831448
833663
832453
830475
832359
831665
830156
832147
830441
830530
830243
831326
831964
833775
831570
831531
832048
834072
832099
833544
829832
832268
831718
830303
831173
831569
830365
831739
833407
834480
832417
833522
830284
832223
829685
833273
832403
833904
830719
834646
831164
836406
833770
829289
830232
831640
831361
831370
831875
831370
830733
834974
835067
828999
832678
831286
835029
830394
832595
834074
830699
834497
835118
831411
831154
832599
832931
830673
832414
832105
831769
833602
831770
833014
830401
831450
833027
832186
831506
830494
831946
834034
832860
830598
831077
832437
832859
832041
832221
831703
831355
832408
831568
831210
828035
832652
832344
830601
833495
831949
830834
832217
831482
830468
830838
832639
834954
832099
829696
835093
831013
829277
830929
830705
829202
831675
832788
833147
832143
833556
832142
831970
832204
830978
830634
830685
832592
833907
832419
831016
831051
832825
832366
831451
834901
833881
831757
830442
832729
829614
830566
830469
834719
832918
830648
832350
832355
832399
832675
830413
832539
833141
832136
831607
831645
832618
834509
831099
834003
827865
834687
830413
829934
834278
832871
831266
832406
829988
833237
832689
830988
832497
831597
830895
833108
831530
830520
832004
829493
832019
831042
832189
832480
832552
832390
831067
830652
831252
827416
831226
831387
830785
833332
831215
830496
832450
830530
832271
832734
833360
830926
834270
828862
834051
831825
830741
830388
832201
831117
829893
831140
831072
834409
832574
833217
832331
830057
831148
831862
833791
833239
832652
832154
830991
831618
833881
832040
831639
830506
831483
829151
830270
829478
832469
830801
831470
831774
831144
831123
831268
834437
830508
831354
830925
830343
831366
830798
832970
832740
831710
835121
830992
831721
831018
838105
833887
831191
833798
830749
833818
831729
830045
831354
830283
832655
829391
828880
830495
833992
831949
831520
830757
830596
830696
831764
832700
830871
834667
831321
833198
830497
830503
829594
829170
831790
834344
830847
831150
831263
831642
829485
832275
833849
833032
832382
835894
828393
833952
833884
834470
831667
829998
830491
831417
837659
831981
833694
831711
829023
832819
830350
831553
833963
831930
832788
830915
830855
829223
833147
829941
830094
832899
828829
831905
830730
828618
831167
831174
834641
832766
831545
829916
830981
830085
831426
829990
833916
831928
830798
832638
834095
833529
829673
835069
832869
830145
831520
830244
832541
834590
834129
830883
830897
831728
834008
831027
832888
832888
829669
832556
831643
834083
833119
832426
830416
831214
830269
832287
829800
832031
830035
830163
831845
829175
830369
833950
833437
831773
832453
833147
831806
831579
831119
830922
831746
832124
831762
830560
832946
829490
831736
829770
833535
830792
828846
830556
831316
833592
833948
833872
829988
832250
832721
829148
834850
832145
831498
830075
831996
829594
830623
833524
830890
829199
832443
831215
832026
832429
832298
831187
831706
829519
831153
832295
832700
831776
832141
835698
832566
833159
833915
830799
832170
832632
830248
830215
830878
832188
830172
829150
831340
833857
832111
832466
832249
830737
831303
832194
832929
831613
830356
829988
837203
830095
832263
832150
829868
831710
831142
835596
832594
830684
832369
830486
829963
830272
834423
833648
833129
835819
831495
831856
832992
832993
833482
833732
836243
836005
834039
833356
829804
830629
834394
833376
831334
830920
835342
832691
831034
829992
830899
832021
831523
836136
830410
829762
833650
829512
830885
832815
833227
831950
829920
832790
830447
831900
829766
829859
831015
831177
832866
831768
832745
831401
833540
831789
832896
832536
830055
831454
834309
831753
830194
831885
830856
831498
829998
832026
832749
832068
832747
830959
832688
832992
833222
830329
830379
831407
833331
833724
828676
831866
834027
832166
831915
832992
831339
829855
832179
830021
830642
830271
834499
831950
834002
831630
833412
833133
831763
831210
831242
830453
835057
830924
831437
831949
833756
831188
832413
830574
831972
830486
831563
830077
831330
830699
832808
832390
831060
830008
829136
832112
833659
832167
831762
832701
834761
830521
830545
831926
831186
832797
830837
831770
833272
829984
832962
831487
828646
829618
827646
834329
832764
833709
829545
830091
831304
828726
831807
828382
832498
833932
831876
830984
830229
830960
831338
831447
829638
831194
830573
829562
831564
830634
831672
834557
831083
837699
831776
831175
833543
834159
830694
832519
831936
832496
830365
834275
832941
831097
836338
834437
830660
830475
831777
833673
830892
830401
830279
832674
829398
831885
829740
829444
832980
831706
830720
831690
830836
832994
831341
833890
832528
831909
830550
830650
830245
833418
830503
831173
830863
832101
830685
831969
831072
829673
828393
831218
836545
833141
833463
831367
830329
834232
832971
829830
831899
832600
829490
830519
829368
834798
831124
830395
829590
832870
832226
830617
832606
830110
833560
832767
830420
835100
834294
833365
831152
835342
830669
834085
829892
831726
830727
832511
832354
828515
832846
832810
833860
834033
832397
832790
829999
831366
833525
832067
831304
833795
833116
830449
833445
832784
830958
834094
833684
830526
832564
829398
833637
830119
833982
831205
833901
829618
831783
831941
834656
832919
832815
832675
831367
831745
831590
833115
830471
833461
832886
829789
834031
832264
831309
832219
831450
829698
831219
831201
830177
834104
835350
832845
830288
830777
831598
831800
830103
832201
834492
833123
830365
832443
830486
831544
830049
831122
835636
830421
832445
834265
829446
831788
831521
829021
829543
830921
834258
830511
830299
831820
831777
830633
830929
832885
831760
832124
829988
830346
834116
832405
831571
831111
831188
833272
831196
832613
830929
831406
828823
828840
834170
832391
830397
834240
833037
832675
830360
829375
831620
835105
830481
831590
828285
830248
830915
829133
830979
830490
831467
831173
831329
830624
830083
830863
833775
832396
834583
832285
831010
831917
829731
831087
832447
831510
833445
833533
832658
830136
829679
832446
831662
834072
832537
832667
833432
832764
830748
834196
831461
828373
830251
831470
832845
830966
831708
829816
830747
835942
834189
830893
831030
830677
833637
829800
829897
832033
831881
832339
830639
830794
834485
836542
833244
829764
831983
829760
830287
830746
831949
831611
830710
831011
830009
831128
834181
832257
833695
832614
832473
832276
831743
831765
829842
833307
833685
830908
831120
829711
832895
833657
831304
830709
833394
833189
833368
830900
832284
831266
833663
831719
832579
830090
831083
832418
832853
831900
832492
831005
832105
832339
830027
834381
833418
833545
831242
830940
830577
832853
835163
834306
831707
832219
831978
833642
831869
835913
831009
832111
830940
834089
831017
835018
830564
831404
831365
830456
831907
830001
833011
831389
831746
832274
829718
831077
834477
830655
828630
831593
831027
830425
829869
831967
832742
829861
832505
831131
832203
831171
831916
832624
830072
830916
833292
829570
832978
834546
832088
833836
830988
832069
834521
831998
832898
833894
830268
835004
831572
831775
832182
831969
831784
831968
830293
835505
831692
831969
830925
829629
833241
834267
832587
828392
831371
830652
833871
830671
831856
832840
831272
835839
832924
830885
833556
830462
833022
835084
830424
834858
830887
831030
832862
830742
833166
832566
831581
835071
831395
829730
829633
833551
832184
831525
832149
828623
830696
830891
830622
832363
832082
831971
832384
831066
830490
832445
829841
832961
832756
832117
829516
833564
833168
831265
831425
829295
830761
830185
833760
830575
834116
833522
832297
831764
831848
829985
833142
832870
830520
834571
832595
832368
831931
832494
831330
831523
830195
831324
829679
835033
831565
832534
834054
831563
830572
832274
832409
829631
830797
828344
832192
831268
832489
830295
831328
831217
830574
832669
833405
832844
829914
832509
831583
834667
831024
834079
830987
832582
831347
830499
832645
832315
831344
830727
831134
831474
830383
830869
834063
831288
832111
830302
832618
831987
833793
832683
831144
830056
832171
831519
832005
829447
831824
831217
832433
829922
831639
831238
831118
832112
832047
833908
832646
830273
832382
831445
832348
830718
832751
830366
830588
831451
831082
830268
833811
833172
830577
831092
830257
831555
831042
830510
830600
831466
829425
831327
831668
830001
834147
833343
831125
834603
831643
830406
830266
829469
831239
833710
834019
829161
830970
831723
830365
832384
831569
833180
834790
831585
831119
831914
830866
832020
830447
831806
832009
834456
831126
835499
832770
830788
834450
831887
832707
830682
830466
833525
831912
829551
831285
830997
831927
829792
830675
833362
830026
830998
831789
830989
832992
831821
832950
831587
829569
831450
834286
832192
832564
832043
830560
832074
832202
831722
832366
832299
831166
831377
829912
831168
833886
832607
831276
831390
832160
835102
831399
831869
829470
830325
831102
829260
836091
834349
831524
831362
831437
830457
831511
831700
830593
833955
829304
835069
831344
833565
832487
831736
832660
834367
834980
832114
828761
829170
833687
830466
829608
832545
831486
828924
833249
831948
833694
832807
831485
832327
831718
832467
830846
831487
831376
830491
832309
830910
833386
830219
832541
832638
831392
831844
837371
830090
829201
834000
830447
832918
833139
832060
828703
828943
830569
828804
830062
831480
831888
832986
830542
830596
834199
832274
832891
833613
831592
829620
831934
831443
832765
832192
833221
831091
829923
831127
829547
834026
833609
829997
832949
832169
835100
831086
834404
833094
833910
831913
831923
830940
829172
835656
834485
830372
835173
832259
833266
834889
829927
829633
830948
832563
831583
834476
832612
831252
830375
832161
829416
832449
831910
832826
832661
830273
829977
832012
832492
833260
828980
831176
833957
832518
830598
835292
832184
831178
830814
832142
831747
830316
831390
833921
830405
833867
831192
834765
830402
830766
832821
833312
831734
830626
830656
830624
831462
831625
831078
834834
832778
833622
829405
832152
831982
832373
831696
831581
834421
829955
831891
833430
833016
831766
832511
835097
830699
833077
830741
831766
831329
830150
832037
830453
831154
832983
831048
832330
831339
833804
829225
831453
833821
832368
834654
830441
831832
833989
830565
830106
832551
833231
831006
831391
832766
831112
830925
832803
831790
831409
836674
829910
829454
832646
832218
832191
829997
831919
833973
833972
830687
830732
831969
830939
831191
831233
830925
831763
830271
831890
830287
830714
833774
831044
828378
834588
831953
830662
833826
831985
829920
831425
829244
832174
831134
831508
832076
833461
832147
833980
830743
830248
831370
831159
830514
834409
830678
832714
831806
831566
833241
831097
834101
831302
833313
834183
834107
834338
831036
832363
831484
831917
834028
830051
829335
830849
828422
832547
829243
831120
831440
830347
834462
831048
829725
829075
829818
829719
835646
831890
830506
832612
835735
829959
833918
833512
829791
831470
834135
832478
833888
836192
832987
832179
833015
830490
831848
830997
831862
831886
831458
830987
831475
832957
831174
833042
832907
833080
830915
831731
832478
829398
835406
831791
833588
830908
832710
832806
830338
835502
832229
830441
832326
831455
828950
833418
833762
833488
832224
830635
832997
832809
830653
830696
834274
832244
833253
836410
830970
833741
831126
831771
832078
831683
831742
831204
831341
833947
832003
831100
832146
835924
830995
831080
830423
830203
830820
832895
830605
834502
832173
829680
832637
832420
833507
831009
833646
831655
828951
831555
831562
832240
833890
834675
834684
831388
833357
830973
831835
833970
833958
834123
831084
831105
832064
831761
830389
830201
830954
832092
831638
831332
831488
832093
828949
833483
831544
832727
831257
836252
831749
829142
830524
829733
830857
831143
832107
833446
833815
833752
831609
835005
831524
830961
834075
833597
831597
830728
830665
831375
829882
831525
833581
831928
832645
830967
832023
831043
833810
830271
831285
832536
833484
832124
834066
830485
830835
829250
830654
830260
830124
833284
834354
831204
835766
832991
832744
831186
831708
833150
831791
830795
832668
832014
830520
830148
829196
832904
831766
830075
833304
828945
829021
832358
832270
831334
833836
832714
834014
832370
830745
829734
833269
832990
833630
832640
832443
832444
831748
831827
830910
829968
832144
831066
832158
830751
831240
831757
835589
831922
833032
834478
830217
832784
831574
829811
833618
831048
831509
834034
830656
831338
831732
832956
835275
831295
832428
830792
835109
831191
831872
829988
830490
832050
831219
830715
835275
833019
831894
829754
834693
830672
831328
829368
830708
831160
831731
829492
833893
832640
832505
831271
832566
834948
831501
830890
832276
832685
831968
833597
830788
831127
830991
834268
829267
832530
833257
829924
833575
832284
829067
833216
831515
831130
832544
832181
829551
829858
830270
830035
831313
830731
834504
830621
832770
831515
832838
833731
830397
833186
833628
830523
833745
831338
830299
831706
833763
829550
829708
833291
833706
833348
832048
830995
830270
831343
831459
830766
831664
830296
830935
831217
834001
832524
835527
830675
830606
833775
829516
834251
831196
832150
831877
829050
833599
831649
829999
830651
834345
829538
831200
831338
832450
831545
833375
835369
832033
829273
831024
830542
831446
833924
830183
835038
829270
832732
833544
831830
831120
834302
833319
831421
833614
831188
830951
832466
832979
833485
831388
835808
831921
831051
830831
832936
830979
831677
831063
829475
831360
831719
830224
830250
830973
830949
831776
833285
832248
835956
830088
830955
832378
829894
832133
830522
832244
830256
831827
832006
836806
829241
831417
831450
830049
832053
831590
829269
830738
828573
829516
829713
832408
831858
832474
831927
831033
833381
831478
833115
833733
832403
835307
831534
831774
831939
832039
832057
832954
834773
832288
832435
831740
831550
830949
832172
831153
833800
832554
832556
831525
831663
832415
833328
833165
828819
830219
829947
833051
831173
831183
830259
830949
832184
832848
833790
830796
829221
831232
831542
831206
830828
831547
831726
833613
830718
830501
833370
831689
835120
830894
831798
833551
829988
832663
832039
830713
829745
831853
831464
831291
831668
831237
833251
831744
834204
831920
832410
831106
830510
831370
832082
832274
831105
831368
831083
831980
834572
832226
829735
830235
831456
833126
832849
830644
830837
833117
832074
830453
831891
831909
828692
830553
829297
832188
834592
831415
832702
832375
834304
834390
832174
833237
831443
834052
830707
832861
830769
832146
831120
832165
829407
828673
830659
828703
831217
835936
833410
831722
831467
831129
831150
828520
830773
831660
835091
829986
830574
831632
830546
834097
828432
830540
831967
835227
830369
830525
831340
831847
832409
833217
834348
831655
831664
830024
832300
828708
831171
829998
831147
834368
833582
833170
828791
831092
831639
831774
830855
830340
831857
832497
832923
831007
830378
831068
832294
831897
831368
831910
834047
833025
834142
830624
831788
829139
830982
833680
835301
830970
834291
831871
831951
830801
832142
834323
831194
831817
833903
830773
833243
829518
831374
831888
831615
834343
830330
834512
831990
833633
831266
829685
830250
830927
831166
830274
829183
829769
832067
835291
831928
833685
833200
834763
832346
832369
831250
830877
830032
832638
832066
830937
831855
829283
831727
831068
832021
831559
831080
832462
834621
833633
831446
833387
834709
830865
831128
831355
834258
831716
832445
831131
831395
831590
833587
833637
831783
832087
830528
830767
831741
831253
830833
832958
831789
831979
828702
830609
830872
832242
834395
835882
831076
831574
830976
832331
832160
833040
832556
831169
831747
832531
831637
833431
834106
833339
833248
829971
834851
831389
832614
832059
831641
829618
833663
832872
831951
831945
830928
829572
829011
833338
831540
833149
830606
831351
830490
832086
833297
833617
831523
830646
831395
834810
831268
829261
830491
831137
832049
830998
830616
833732
830905
832696
832419
830380
830695
828920
830654
829515
831395
829804
830594
832273
831994
831499
831675
833854
833540
830660
830822
831088
830827
831569
831012
831825
830549
831026
831592
832064
832172
830006
832458
832402
829590
832587
833831
832256
829624
830005
830469
831702
832084
832030
833185
829852
829918
831011
830003
830588
830571
830503
832237
833248
833355
833308
832024
833358
832122
832866
833734
829605
829917
833800
835948
831756
835099
830439
832252
831627
832103
831330
833236
829437
830461
831843
832178
835113
830319
830920
830756
831609
830711
833612
835594
830492
833228
832674
830965
831837
831488
834758
833067
830927
832109
834908
831320
831043
832364
832189
832522
828170
833474
830196
832914
832184
831396
830787
832542
830955
832922
831370
832418
831414
833769
830675
830987
829918
833041
830099
833583
833637
830384
831649
832092
831571
833373
829024
831042
831402
832150
830281
831180
835686
832504
830527
833402
833918
830579
832779
833504
828384
833675
830360
833181
833049
828811
831741
830992
831171
830827
832287
831283
835840
831591
830468
831807
830856
831866
831700
832347
831628
829804
829201
831167
830027
834383
831860
830073
832984
829295
830457
831752
833319
833029
834162
831986
833747
830300
832700
833060
830651
830252
831962
830484
831975
829681
831066
832861
832340
833084
829393
831508
831231
833870
832871
830164
830360
829980
828857
831534
832024
833238
832020
832614
830789
835853
831477
829605
831269
834294
833524
829187
830173
836350
833033
831513
832936
831555
829100
830443
832416
833769
832897
832468
832029
831706
830877
830520
832743
829499
833099
834560
828812
829347
834429
831287
834046
832306
833564
833507
830815
835610
831351
831568
829938
829810
833563
833217
831086
831383
831735
830643
830519
835543
829796
831419
830776
832239
833868
833484
835278
830827
832059
831745
832240
834833
831283
830571
835766
832803
830000
829425
831330
834236
830469
831928
829368
832492
830731
831016
832440
830759
830540
832974
831999
831860
831610
833057
834280
833099
831212
832216
834113
834496
836835
834660
829825
832339
830071
830899
831862
831691
831714
832119
832683
830187
834247
832026
831709
830323
833107
832622
830518
833926
832140
831759
832642
833267
831738
831342
827978
832373
836228
831545
832230
830260
828833
834923
831764
835783
831625
830612
832857
833711
833918
831805
829998
833293
835123
833007
833978
831174
831687
832528
829608
831513
830166
833951
832318
834427
835400
829843
830020
831607
831295
829076
832162
830468
836813
831474
830892
831675
832518
833569
832871
830995
831550
831973
829618
832516
832262
830474
830901
831773
829695
828908
829266
833508
830305
829023
830903
830318
829389
831075
832115
832193
833570
833065
831850
830955
831194
831529
831554
830249
835926
832750
832633
831372
833207
833156
831267
829999
831892
831743
832710
831711
829481
830051
832901
832167
833925
831824
832461
831554
830349
831650
831182
830094
832691
831924
831040
832245
830769
831638
832026
830449
831470
832186
832027
830920
828173
830940
831948
830849
831789
831370
830799
830108
831486
834575
830218
831747
831328
831273
829862
832491
832380
831420
833689
834162
830107
830003
831031
832140
830009
828713
832889
829490
831193
829859
833634
830970
830194
829968
833216
829765
833574
831150
831641
830991
835870
828850
834036
834074
830367
833504
830787
830606
833101
830532
833003
832627
830315
831435
829948
831994
835260
831619
831557
830715
833377
830148
833084
831517
830740
833939
831896
829288
830645
836490
831829
830930
832196
832719
831014
832155
829181
829485
833859
831967
830848
831082
831100
831655
830888
830115
830440
830504
835440
832022
831569
834871
833907
830173
832409
831340
832657
831084
829345
831896
831285
832178
833140
830220
832571
829821
831386
829636
831794
834430
832393
831737
831965
831977
834012
830541
829156
831255
831023
831035
835332
830896
830702
832673
833732
831705
831566
831263
832177
833730
831567
833651
831215
832336
838157
830740
830925
831681
827978
830474
833466
829081
834815
831950
829631
828243
830320
830891
833056
832768
830662
830920
830349
835395
829170
830421
830607
832741
830410
835251
831061
831121
831480
834352
833482
831336
829477
830340
831605
829986
831248
830959
831088
831863
832730
831549
829297
831770
831010
833040
831743
830871
831823
833584
832752
830173
835290
834824
831892
830157
830218
831454
831677
832719
832402
833049
833458
834058
829507
833091
832871
829956
835460
834252
831359
835910
827659
831938
834144
830344
835578
830620
831325
831904
830286
833020
831951
832397
831617
835602
831967
833151
832304
829071
834062
832759
830244
832562
832239
835529
831209
831276
833590
831558
834427
830873
832026
831073
831554
832297
830299
833292
833173
833416
830921
831693
832156
831662
831836
831968
829978
831643
834431
831840
833296
834669
833654
829710
831176
831142
832292
833422
833261
831023
830886
831719
832276
832273
830717
835779
832697
830894
831930
832149
832468
830148
832545
831470
833370
829148
831119
830424
833232
830927
833305
832806
829148
831275
831052
833375
831703
832259
831569
830743
831213
832193
832428
831441
830504
830446
828256
833599
831764
831561
832291
831743
831244
831976
830525
831920
831690
831466
833414
833371
829674
834142
830426
833791
831355
829539
829740
833459
831425
831236
834461
832141
829133
830771
834406
832550
830978
830544
832449
832404
830270
834272
833323
834623
831771
831223
833391
831993
830490
831814
831147
830114
830171
831818
831141
830609
829399
832535
831120
836033
834633
833274
833613
832550
833778
832082
831870
834770
832997
834202
832013
831065
830274
832705
832355
834303
830204
832397
832710
832693
830465
830299
830681
832811
833439
831157
830195
831365
829648
831789
832683
830455
831668
831699
832351
833841
833591
830211
830019
831724
833030
830216
832170
832971
831240
831824
831657
830018
831025
830669
832021
834856
828007
831505
830239
830149
834940
828658
833547
834408
831059
832499
831982
832769
831256
831651
830454
830473
831299
830978
831610
830711
830546
831137
833435
835475
830743
830971
832060
836925
830803
828297
830555
833458
831602
830925
831247
832548
832508
831437
833721
834280
832005
831642
829899
830570
830217
830651
831548
833009
832476
830514
830245
833120
831299
830714
832107
830384
835289
833112
831989
833820
831553
829989
832712
834043
831093
831764
829486
833516
829368
831369
831349
833469
830803
829825
830864
831801
832362
829210
830966
830951
830422
831890
830049
832131
830396
830564
828753
832761
829773
829612
832042
831363
830617
832166
831155
831892
831527
829074
830263
828734
832884
830931
831202
830669
832770
833118
832370
830589
833328
832262
828630
830644
832803
829295
833770
832503
831815
828753
829668
833145
832378
835868
833533
831613
832885
832949
834196
831089
831705
829611
833626
830652
831666
833553
830521
833511
830147
829983
830940
830998
832537
832297
830926
830095
831357
831489
831286
829705
830697
832157
831789
831230
831550
830825
835050
833693
833728
830074
831294
830036
829824
832271
830219
831178
831929
831361
829663
833123
834451
830619
829913
829582
831145
832680
829167
830333
831589
832410
830854
832114
834141
833359
830526
832744
832825
831200
834416
829952
833145
830740
832345
832412
831542
831642
833382
830045
829675
836124
830364
833617
834414
833254
829110
833231
835192
832442
830695
831320
832536
831290
831131
831800
836137
831215
830034
830840
830642
831780
828694
833046
829891
832654
830146
831272
832172
830749
831972
830421
831634
834550
833116
830140
833076
831172
833483
828259
830808
831499
830991
830571
830201
830423
832786
831277
829164
832393
830460
830767
834929
832956
832067
830673
830904
830762
829690
831767
832393
830167
833845
832009
833224
831520
830923
830544
829760
832093
832395
832641
831769
832295
830607
831319
829809
834941
830270
830856
831860
830466
833671
832425
830565
832967
830336
831972
831885
831132
830804
830728
830612
830448
834959
833426
834573
834494
832469
831518
831429
831994
831146
831479
835035
830057
830931
832735
831878
833043
830349
833961
831573
829585
831048
829599
831517
831938
836657
831075
831524
831139
833439
829469
830453
833550
833387
830364
831768
833016
831011
832140
831406
830131
830145
830596
829884
831852
832230
832062
832241
832093
835163
830400
833134
832755
835762
833910
829741
830945
831428
830455
830797
833260
830196
831547
831621
833279
833019
829802
832943
831819
830652
830092
831837
831473
829731
834632
832819
830897
834202
832180
829688
832675
832695
833129
831338
833510
831068
831928
830881
832255
831011
831043
832169
831149
828753
831217
830169
832981
832106
829736
831818
830887
831222
829329
831332
833495
832580
833915
830462
834622
830270
831368
828618
834621
832234
832108
830091
833837
831318
832584
830576
833035
832857
834759
835749
831580
833904
829263
832719
831983
832434
830721
832870
831069
830819
833433
829439
832790
831628
832384
830689
833133
832922
832550
833158
830429
832938
833280
835663
832884
832413
829950
831396
832268
831242
830732
832019
831145
833080
829949
832207
832731
831570
831633
831607
833677
829578
831546
833125
830074
829536
833416
831442
831037
831987
833990
832903
831926
832316
833541
829538
831058
833182
830167
830356
831538
831674
831367
832917
832796
833052
832255
830490
834270
831968
829677
835266
830826
831446
835987
831343
829494
830426
831702
830922
831890
830608
832365
832935
831370
829101
830166
829112
833123
832277
832915
832287
832271
832114
828432
830894
831744
835032
831763
831647
830652
830939
830068
830363
835016
834886
832544
832539
833297
830385
829826
832549
832634
829822
830069
831645
831047
832531
833639
830048
830902
834565
832087
832351
831236
830445
833484
832515
834095
832622
830754
833036
834213
832644
830288
834151
831022
836491
833604
831329
832535
833442
832644
830900
833245
831728
832033
828887
830650
830862
832166
832498
833427
831245
832230
836259
836390
830201
831338
831740
829475
833576
833146
832888
833819
837020
831391
832124
833470
830150
834685
830518
834670
832554
833410
831048
827758
832283
834416
833422
829579
831245
832214
831364
833611
832498
830638
832127
831978
831005
831088
832501
835047
832766
831612
829384
828761
832746
832476
830990
830443
835110
832354
831922
832778
832681
830492
831691
833112
831118
831134
833000
831899
830198
834142
829152
830894
830413
831719
832482
831805
832755
830097
831346
831716
832736
829368
828767
833488
829598
833218
834518
829991
831416
831736
830896
831291
832567
833061
831764
831641
831709
829614
831753
832548
829545
830949
832012
832880
834503
831577
831968
831229
832344
831841
830772
831729
828811
828952
830671
833383
833764
832839
831383
829275
831835
829444
831136
832908
829938
832028
830720
830733
830261
830026
832638
832506
832720
831497
830975
832939
832346
834346
834255
834951
832107
833518
830638
832140
828951
831361
832583
829961
832178
832385
833294
831560
832819
831564
829738
831784
832768
830258
835132
829852
831776
834062
831441
834388
831502
832519
831249
831367
832134
829805
829460
829368
833572
831396
832958
834215
831032
829961
828610
831351
831158
830804
835465
834309
829010
830533
831364
832490
830899
832421
828991
832815
830220
832631
832787
830190
832143
828980
829232
834044
829543
829674
828826
833563
830827
833616
831794
832624
833925
831934
830338
835635
831272
829894
831338
829865
834267
832612
832906
830568
832265
832873
828420
835635
831216
833229
834461
832409
830926
836121
831201
832411
831740
830779
832966
832768
834184
831509
831011
831616
831685
831470
829517
830366
831778
831545
828412
830682
831571
833258
830415
829801
833538
831754
831266
832975
829953
830973
832466
830736
829615
832941
830492
837468
834500
830896
832021
831719
831257
830424
833061
831270
834759
833091
831453
832358
832144
832367
832226
831647
833806
831515
830898
831114
831117
831646
832982
829041
830197
829605
830872
831165
831772
832661
831284
831130
832637
832230
830268
833243
831615
829438
832968
831318
831687
835289
832775
833104
831592
830196
833070
833246
832435
829024
830427
832130
832700
829519
829879
832410
835018
831488
831812
832268
830645
832843
834021
831082
832291
833827
832754
831124
832383
831261
829380
831899
830253
832281
831913
832155
832077
829947
831135
828767
830520
833062
831339
831959
833167
831965
829739
831044
832319
832364
833472
832699
831356
832340
833400
832162
835850
829763
830205
830416
831926
830766
833864
833526
831271
832910
830990
829730
834561
829160
830589
832258
831776
832395
830391
834849
828825
831348
834319
830641
832711
831393
831889
831922
833794
830009
831495
833107
830399
831492
832174
831017
831540
829294
831372
833262
830218
831226
833259
832200
835276
833784
831268
834162
829713
831828
829640
833631
830845
832001
830239
832179
831034
835812
830795
831366
829567
834402
835477
831569
829521
831671
830921
832685
830491
831199
831580
833553
830807
832519
835508
832386
830000
829918
830051
831453
830895
830993
833373
831024
834144
834708
828884
833699
831346
830321
831030
829610
835930
830427
831549
830586
830270
830658
831631
831039
834540
830289
831590
828978
830387
828747
832449
831038
835208
831503
832631
832437
833200
830354
829947
833429
830798
831298
834819
830044
831300
830520
833035
833299
831779
834515
832225
834068
829788
831640
833316
832536
830046
834400
833329
832453
831120
832006
834678
833036
832625
834646
831622
832444
832919
832370
831321
833167
831035
830776
833257
834520
833850
831017
831376
829356
828873
832710
830814
829368
833636
830218
834234
834471
830194
831310
831980
831987
833460
831360
830919
829444
829360
830585
830499
833869
831948
830142
832041
831365
831370
829645
832846
830274
833697
834086
831270
830511
832150
832893
832591
831521
834571
831084
831442
831976
832515
831978
832458
835781
831376
833335
833790
829021
830789
831190
832415
830271
833076
836795
832227
831891
832041
831322
834684
833511
830618
830031
830298
831871
832383
830890
831298
835266
831911
833180
829654
829518
831738
834403
829485
832271
833238
830544
830673
829947
835155
835616
834384
833203
830134
832165
830004
830589
832210
831588
829895
829369
831789
831989
834569
831136
831361
829556
830900
832473
830900
830689
832491
831286
833028
830603
831232
829876
833255
831218
832743
831738
831708
830254
830668
832186
830735
831776
832585
833747
833915
831618
833427
832112
833299
831198
829493
832938
832992
832789
832548
832764
828012
833089
832246
833325
831291
833149
831195
836562
833747
832471
832452
831611
830297
832291
835743
831958
833255
831624
828849
833096
829023
829549
831494
831944
836151
832207
829687
830558
829738
831454
832423
832813
830558
830740
829659
833016
835442
831329
830893
831547
831243
832024
834922
835595
832375
830891
829152
832667
834458
831713
834428
832673
829146
833118
834272
829624
835243
833614
833042
831757
832543
830945
828632
833143
832675
829798
830520
833579
830490
831438
834777
835596
829367
831869
831445
829945
831135
833521
831708
832561
832105
831597
833309
830295
831743
831744
833429
829740
831663
829221
831093
834027
835598
832553
833745
830564
829770
829802
834640
830421
830470
834037
837629
831811
830471
830654
831432
832913
830444
831574
831332
832529
834548
831323
830463
830368
831609
829759
835625
831257
833019
829933
833481
832144
833524
834434
834517
833043
833939
832115
835138
832599
833833
832158
830887
832852
830673
831469
831323
830068
831604
832075
834438
832216
832209
832389
831728
830899
831503
831120
830416
830767
832230
833751
831120
830160
832894
829046
833209
833638
831929
832695
831192
831760
830740
832493
832900
833399
832575
831778
831831
829687
832596
831287
832841
832907
830872
835103
831531
831722
837076
832549
831973
831552
832829
830352
831815
834067
833417
833455
832125
829436
832929
830900
833333
831919
832883
831133
832778
833046
832851
831875
832964
831091
831561
829604
833132
831778
830787
830435
830789
834527
831272
833903
831873
833722
830344
831990
830808
831151
829803
832347
831176
832796
830746
830974
833008
830491
830750
829368
831171
832492
831883
832694
832392
830251
829369
830814
833105
830147
832819
830449
833560
832766
831987
829318
830770
830076
832432
828322
831825
830236
831590
834973
828790
834876
831300
830168
831771
835152
830900
832840
830465
830692
832221
830915
832362
831584
834279
831658
833777
832989
833246
831470
832576
833002
831662
829371
832017
829958
832479
834449
833759
828319
833076
833648
832905
830452
828950
831915
831168
831120
833753
834558
829585
833886
834017
834669
833890
833058
832318
829679
831411
831844
832984
830557
832041
833145
832097
832201
832494
831542
832066
830610
833957
833850
829361
832214
833685
833663
836181
830837
831492
831797
832418
833521
831423
831572
832349
830810
831131
830389
831250
830198
834551
830341
832048
831041
833117
831707
832508
830967
833826
830366
833791
832142
832267
832188
833051
830354
831639
830629
833540
834792
831589
830757
831239
829397
832422
829821
829191
832902
832838
832061
833195
829676
834121
830430
830988
835864
831827
829292
833296
829998
832677
832629
832607
829148
832028
832176
832813
828160
836767
834453
831642
830823
829075
831271
831796
832021
833641
831307
832431
830192
828573
832931
833561
831629
832019
830575
831118
836270
831370
830606
838085
829217
831389
830273
832038
829670
830749
830422
833373
829910
834355
831502
831766
832203
829859
833349
831543
834526
832033
829449
831218
832356
831013
830496
831807
832557
829347
830478
833598
831865
833088
834707
830252
829687
829895
833954
831827
830014
831423
833187
834969
833132
831486
830558
830000
830401
830329
832022
832344
833874
830844
830667
831611
833759
830073
831356
831171
832455
832496
829852
832373
833434
831972
832048
833817
831026
832390
831692
830846
833635
832041
830366
829685
832613
833689
830515
831392
831343
830866
831938
831641
831132
832645
832509
831821
829413
831558
831290
831536
834876
832139
832246
832809
832083
830077
829541
831123
830418
834077
832205
835418
832405
831758
828957
830691
834150
831879
830266
830079
831286
831881
832001
831393
830017
830075
829295
832956
832915
832493
831166
833732
833817
833238
828368
830651
828979
830677
832991
831257
833818
830270
833038
830287
831896
830926
832462
834230
831708
833997
831347
830799
829913
832539
835581
831910
831736
830621
831132
829986
833232
833487
831641
835341
833051
833908
834286
831543
830955
832445
831369
833473
830529
834387
833833
832718
832528
831733
833219
829662
831557
831993
834838
830595
830582
834302
830490
834438
834111
832187
830864
830806
830054
833702
831103
829922
833242
831175
833480
834524
832483
831359
834273
832233
831338
827767
830172
831794
830094
832705
830401
832192
834726
831176
834880
832304
830221
831865
830507
829097
831174
831227
831080
834874
833952
830999
830913
833927
832995
829799
831135
832495
833699
832077
835714
832576
832607
830220
831343
832465
832554
831814
832729
830472
832643
835192
832258
829243
831140
831397
830710
830618
832436
828173
834142
831870
830468
829999
834875
831140
832669
831262
831151
829925
831318
834829
832751
832742
831185
831247
833284
831457
834156
834217
834012
832042
832262
830939
833106
832989
833275
831635
832086
831317
831758
830224
833495
829603
830671
834987
830063
830416
832230
831324
828861
832230
833614
831120
833234
829752
831960
831289
834849
833554
831860
830705
836139
830592
831864
833128
831386
829813
833908
828121
832264
832765
833264
830388
831888
831495
834336
829215
832113
833849
830825
830706
830647
831464
832005
834299
831235
834082
829041
830875
830364
830496
830586
833767
832000
829149
831248
834480
831513
830520
831129
836329
834277
831095
831499
832032
829998
831932
833536
833358
833238
830371
831098
832129
830319
835137
832016
828301
834601
830569
833673
830270
834466
831118
835662
831518
831454
832767
836036
831914
833274
833342
831775
830238
833534
832988
831779
831961
831759
830010
832860
833960
832397
831426
830743
830992
831054
829563
833113
832231
832553
832490
835161
832143
831543
833820
832312
831156
830795
832245
833291
831120
832844
831086
831239
829674
833008
832761
829732
828409
831057
831156
830693
830417
831535
831163
832339
829792
832491
834148
832583
831142
830471
832620
835951
831516
832175
830810
829770
830657
830675
829755
831887
835917
831046
832228
829538
832517
829416
833837
830773
830849
831340
831366
831596
831046
830906
829150
830901
831792
834198
830024
831141
831775
834093
831484
833622
833352
830611
833439
833934
830396
831677
833194
834092
830396
829806
832569
830569
829887
835537
830199
832555
835629
832787
830404
831137
833159
831522
831490
828444
830176
834936
833610
831188
830543
831120
832862
831489
831551
830632
831698
832316
832795
830875
830853
832172
833864
832064
832406
830987
830545
830516
835904
831246
833032
832183
831391
830787
832675
829401
831570
832073
832965
830042
834466
830711
834954
833713
830240
831826
832413
830255
833193
830778
830290
830623
831371
828886
832263
833089
834360
834729
833573
830985
835444
833092
833985
831048
833115
829979
833815
830945
834552
831880
831362
833142
831413
831884
831274
832832
829478
829363
831288
833426
832842
830739
831043
831489
831468
832904
832844
828423
830265
830702
830456
829691
831113
832489
830342
832876
830636
835745
832650
834318
833370
830924
833685
830264
829520
830654
831567
830107
831907
830516
833164
833226
831152
833904
832538
831611
831340
833988
831042
830380
829053
831648
832642
831203
831105
830715
832689
832013
832535
830294
832056
831120
833181
835985
830614
829247
831617
831313
832534
831320
829174
831123
832978
830912
830416
831375
831793
830790
832102
832662
831075
831571
833015
831159
832930
834044
830568
830397
830790
830950
829392
832792
832188
833279
831109
830273
832939
831733
831800
833384
832203
831890
832415
832693
831418
829381
832256
833890
833262
831056
832213
835279
831504
830950
829756
832372
831414
833975
832192
831634
832090
834248
833603
832423
831326
830218
830890
830465
833144
830991
829912
831903
833882
835219
831192
832242
831968
829081
833790
829892
829720
832340
832474
831539
832808
835701
833176
831592
830719
829022
834253
834656
832131
830558
833046
835366
830867
830680
832451
832386
829861
831427
834242
833426
834983
830976
833369
831098
833204
833776
832711
829767
831117
832561
833556
830118
830809
830733
831121
828925
832787
832013
831985
832818
829849
833402
832350
831850
831933
832160
832361
830168
834610
835605
830807
836337
833371
829790
831710
830981
831873
832503
835588
830407
830597
832560
831708
833276
832239
833235
831838
833090
832156
832661
829478
831177
833670
831932
832844
831846
834286
832962
831589
830900
834513
831537
834161
833782
836817
832039
830784
831979
831607
835272
832868
833079
832530
831444
833394
833024
833682
830422
831771
831407
830789
832056
830414
833167
832408
834230
830294
830606
833028
833609
831663
830698
832605
831389
834099
829680
833419
833098
832525
828516
833008
830701
829679
832984
833311
831696
836739
833086
830661
833907
831571
831558
831859
831960
834386
833289
830863
830140
831607
833017
831494
833487
834443
829598
832042
830773
832068
832763
833430
831125
832079
832204
831553
832196
833906
831636
832794
830037
830932
829610
830748
830749
834010
834161
835118
832463
832271
829667
831340
830895
832145
833142
831340
830472
829783
831313
830271
830525
830186
832877
834208
830176
830906
831266
832500
831340
831837
829914
834498
834601
832349
832614
831664
830916
830453
831371
832142
834844
830846
832672
836888
832304
830545
831338
831548
832188
832642
831276
831136
832805
833108
829996
831118
831421
829507
831540
833699
830664
832294
832251
833728
830250
831218
831092
830778
831646
831544
831548
828742
830301
831307
830095
832287
833540
829407
831344
829537
831412
831895
832782
830650
829599
833687
832515
832854
830561
832300
830298
830806
829511
834897
830635
830415
831577
830266
831009
830972
832089
831760
831282
836422
830308
829614
831340
835111
830070
830332
832192
830309
829697
831070
829494
831126
830269
829990
831947
831986
831279
830743
830960
833069
831822
832751
830270
831316
832984
830518
832279
831140
835256
833376
831118
830188
828740
832967
832814
832419
830864
832041
829849
831519
829915
832783
831736
832019
830686
831036
831197
831486
832995
833641
830287
830514
833062
830672
832895
830520
828813
830634
835119
831421
832332
830354
831396
830179
835414
831092
831993
832647
831597
829865
830884
834086
830564
830873
829767
829411
833330
833395
833985
829077
831871
830588
830479
831077
832929
832361
833711
833603
829804
830737
832498
828810
832762
830406
832139
834249
832201
834508
831364
830940
832387
834790
833922
831640
832926
830990
830597
832973
830319
831379
830365
830101
836670
831517
830788
829278
831320
830470
830536
834821
832240
830403
833420
833978
830567
830206
831720
830512
833218
830726
831978
831824
831743
831336
831165
829465
831442
832589
830256
835022
831360
832315
829075
831759
831221
831055
832234
831038
828171
831010
829021
837963
833284
830988
832400
832751
833321
832442
832154
830012
833627
831342
830041
833614
831267
830561
834314
829075
834101
831884
830132
831418
830862
834253
832343
829804
831661
829138
831708
831101
833021
832544
830676
829318
830766
830639
830836
829149
830182
832767
833312
833908
831986
829542
831636
833855
828848
829940
832414
831132
832371
831083
832584
831177
832636
834271
831055
830977
834018
833323
834106
834418
833496
831157
831738
831593
830417
832405
835140
831262
830639
834203
830885
832043
832338
835467
831292
831079
830526
830515
835198
832828
829888
835129
833933
834298
834636
828862
831153
833788
829129
830871
830565
830496
833235
834406
832316
832676
832505
834533
833063
833269
833458
830490
831768
830750
831125
830636
830817
832551
833703
831750
830486
831062
833299
830810
830816
829368
830190
831704
832587
829640
830345
831940
832380
832285
830325
831289
832428
832794
830816
835504
830759
832712
833615
829566
830556
830215
830323
830011
830588
832994
830560
831612
829394
830827
831493
831028
831240
831025
830888
830011
830244
830191
831980
832050
831436
830411
831172
831972
833073
830379
833133
832015
830978
829292
830192
832655
831809
832321
831936
829899
832490
833484
830375
832600
833286
832242
833511
832208
834458
831403
831972
831946
833479
834615
832614
832520
829871
834214
829011
831612
830749
829804
831973
830390
832202
830576
831747
832124
829597
831503
831727
830487
830126
832255
832338
831925
830677
830827
831588
831387
833594
833200
833447
832967
831342
832371
833344
833365
835263
829055
829674
834707
832641
832224
830017
832602
831344
830037
832491
833018
830970
831785
832872
832822
833541
836006
833050
831964
834085
831158
832277
832566
830589
832189
832010
830577
830516
833601
830072
832212
834495
828170
831816
832715
831496
831380
833208
832450
832697
831612
831380
832658
834400
831175
831936
828655
830262
832066
831400
831505
831126
832743
832527
832359
834348
834653
832840
831770
831489
833292
831789
830473
829798
830798
829598
831916
829368
832298
830268
831739
830700
831424
836833
831492
833256
831171
835174
831009
831572
833191
833331
831663
830930
831342
830888
830239
832713
831226
829962
830099
831997
832002
830501
830529
834916
829295
830773
832805
833765
831969
832005
829825
831336
832327
831664
832128
833717
831627
829720
832413
834090
831966
833662
831294
831841
830889
830370
830978
832717
832507
830506
831706
836171
835331
833763
831113
829804
831493
832982
834619
831641
832345
829882
834558
833069
830568
834761
832793
832444
832799
833470
831291
831885
831902
833848
830072
831571
832362
831984
831581
833474
831171
830908
833000
834344
831643
828793
831493
829804
829384
831714
832961
830880
831377
831770
830689
831200
832132
831860
832442
831764
830397
832250
830929
833832
833679
830915
829627
828885
830277
828600
832061
833207
831615
831254
830297
832038
830493
834829
832187
831171
830031
833318
833297
831795
831984
834736
833159
832146
832184
830196
831484
832447
831751
829816
830552
828793
833012
831267
830742
833263
830218
834419
830133
831042
830520
832275
829843
832868
831104
829968
830968
832959
830567
830313
832904
833765
834237
830959
830297
832790
832362
830760
830178
829674
832191
832871
832093
834846
830224
831378
832458
831706
832363
833819
833583
828484
829634
831795
831020
833610
828826
835404
832259
830575
832158
832099
833059
830670
831731
830862
834419
832182
832306
834667
830932
830642
831810
830731
831976
830928
832205
832041
833082
833421
833755
830447
833532
831203
834583
829359
829577
829266
831116
830857
830763
831741
831591
831123
834975
830143
832897
832174
833961
831793
833985
831118
831481
831962
830726
830838
831580
831018
834058
830749
831621
830020
832320
834028
833161
831765
832741
830416
830054
832349
831390
828765
831309
832789
834922
832382
837345
831859
833358
835365
831444
833613
832214
833161
832844
833081
830915
833168
835034
833105
832809
829636
831575
831715
832047
830947
831519
828294
831545
831610
831733
830804
831338
831198
832826
832179
834079
833228
830964
834911
829996
831578
830992
834010
832569
832359
831290
834008
833529
831424
830721
831247
831994
831386
831288
831884
832992
831086
833808
831443
832394
833150
830366
832410
835039
830921
832141
830511
830274
830616
832168
830558
831123
831392
831775
831695
831725
832030
831262
831529
834226
833641
831531
835132
831056
831250
829740
830889
831993
833176
829733
831453
833469
829998
831641
830739
832552
834503
829691
833217
831353
833751
834250
831698
831393
832139
833764
834087
830873
829197
829815
832021
830242
830170
832350
832386
829719
832488
831569
831759
831753
832984
833048
831486
830264
830944
829996
834049
833695
829585
829191
835030
833657
832751
830796
831772
832189
829553
832552
829804
832411
832462
830907
830457
832007
833725
830573
833656
830270
830055
834196
830655
831381
832367
829399
832220
830549
833095
832289
833723
832486
832893
832052
832684
829349
831243
831137
829331
832239
830518
831519
832254
833687
831534
830805
830022
833023
831255
830978
835175
829448
834192
833138
832354
831915
833525
830336
834083
832051
831073
828957
829216
834729
835388
831687
831479
831542
833240
832677
833118
833263
831997
834012
834507
831931
831817
831893
834485
829945
831773
831511
835123
832241
829745
829865
830794
831774
827663
831491
831068
831261
828720
831596
831492
832204
832634
828973
833512
831326
831811
830475
831420
830826
829765
831903
830135
830956
833810
833692
830999
830720
832768
833953
833403
832765
830573
832274
830729
829829
830362
832044
832403
834447
833486
831393
830198
831996
828950
829545
831539
831872
831696
833863
833371
831184
829493
832765
832564
829382
832054
830312
834053
830613
832041
836644
832183
832563
836649
830284
831611
830456
829572
829793
832646
830951
835102
829823
830125
830525
830727
832159
831699
834161
832954
832049
830706
832745
832318
834478
832824
834638
832222
833199
829701
832661
835160
829785
831193
831445
832426
831435
830918
831070
831493
829914
830764
832914
833838
831857
832019
833613
833166
831072
830892
832671
835208
832423
829422
836319
831294
833533
831346
830927
829217
830077
833011
831519
831300
835576
830699
831116
828234
831805
830887
833278
830003
832119
831538
829615
833459
833168
831243
833207
834165
829449
833084
830055
829368
835279
832558
830018
830545
832188
828665
831341
832455
834617
833383
830622
830816
830278
831629
832199
830514
831214
830994
831307
829860
832353
829645
829112
833088
833420
831519
832760
833096
833132
831286
836785
831689
830821
830812
832718
832464
835554
830390
831698
832259
831699
832172
830966
829712
829446
831709
831652
829149
833388
834403
835193
834460
831768
832885
831729
831120
832880
831128
833646
832780
832813
832680
829989
831437
831286
831176
830994
829300
832456
830448
831960
831135
833805
831747
834101
830697
833576
832826
832986
831574
830841
830552
835624
832000
831056
834081
830480
831300
829193
830416
828755
832768
834490
832079
832986
831244
829842
831100
832550
835387
832354
833434
833272
833945
830761
831194
832487
829697
830402
832309
828347
830863
832646
832125
831792
832817
830457
830904
831145
830726
831604
832819
831338
830488
831338
833297
830573
832741
837174
830899
830990
831555
832553
831397
830519
831170
830085
831487
834171
830346
832060
830493
833959
833382
831192
831991
831968
831589
835883
831897
833975
830259
831568
831341
830888
832736
832070
832680
830056
835700
831615
829359
831587
833178
830566
833281
832032
834193
830457
831446
836010
829891
831000
834267
830926
831914
830267
831741
833323
829919
831770
832431
830854
830555
832517
830008
834335
834393
832047
833211
830675
831379
830955
832917
830565
831445
836311
831625
828508
832541
831446
833688
834848
830345
830954
830675
830172
832299
828830
834396
830013
832790
831840
832668
832419
829724
832779
831129
833865
833286
829651
832581
833291
833001
831986
831558
836063
831558
831969
833166
835196
830792
833196
831776
831603
832512
831993
832265
830493
831272
830899
831397
833502
831298
831081
832407
830229
829136
829598
831520
830337
836006
830866
832020
832630
830927
833925
830794
834985
832716
834775
831349
831302
830858
831773
833116
833325
829438
831475
833997
831769
834277
831523
830416
834948
831722
830841
832718
830035
829202
832010
828736
832131
831454
834235
829079
831767
832796
833669
832901
831550
830815
836707
832642
830897
829673
831415
831885
831946
831908
830051
832173
829077
828950
832306
833222
832569
830299
830577
832677
828951
832210
833164
832568
831235
832044
831468
831134
833993
831502
831504
831319
830642
831927
831664
831453
833710
830619
830534
829691
832860
833457
830742
832940
832392
830271
831127
830556
832910
833107
830990
831248
832950
832057
830909
833626
830490
835708
831120
832004
831839
833211
829942
832347
832931
829665
830047
833402
832025
831435
829789
832590
835324
831487
830718
829890
832337
834418
830942
831701
832586
832809
830903
833841
829488
830655
834567
829201
834425
830815
834618
828550
831499
833356
830312
833279
829291
831622
829291
836012
830222
830243
832113
832742
833385
832151
830397
830690
831543
831196
830684
829822
830504
832309
831406
829359
832393
830989
830428
831225
830544
832872
