45193
39356
36843
39856
39886
43119
40515
41317
45390
39385
39606
44124
42084
42716
41851
37433
42550
41100
40718
39420
43420
41716
39599
45001
42075
46670
39455
40748
42399
41946
41902
42595
44698
41070
39200
40802
45982
40617
41755
43344
38432
40308
42854
41375
42207
40462
40585
42390
42178
42287
46967
44660
40600
40601
42654
40462
44791
47794
47990
42998
38834
44632
39618
45382
37406
39665
37256
40954
39762
38638
41328
46261
46429
41018
40916
44019
41394
39411
40800
45554
43601
46267
46593
44147
45021
40445
45063
40560
48283
39641
44641
41396
40961
47430
38472
41136
36452
39610
43376
41557
40530
41583
42310
43510
47206
45590
40856
37200
38794
39285
40845
37759
39843
35941
41788
41052
46163
38195
44111
41342
37076
40963
48785
48898
44178
39907
40571
40006
41675
45415
39140
45876
45226
40515
44022
42796
39260
40170
41697
38109
41063
40549
42558
40297
42096
44757
46081
42228
41592
42571
45820
41073
43065
42449
41123
41694
45546
38734
43119
44741
38726
38800
40947
38195
42949
45351
43804
38119
39503
39385
39675
38979
44505
40782
46196
43971
47434
40192
46330
37406
40838
41638
38188
43084
38606
41968
38109
42084
44051
46528
39510
41456
43729
43990
45278
43433
43502
47605
40168
45075
44727
45492
43884
40666
41612
45655
45137
43402
41591
41430
42372
38959
50184
40462
43524
42893
44312
40687
37869
41603
42880
41222
38995
38889
41136
39204
44603
39325
40838
44638
43884
37406
45836
43919
40833
37649
46781
37011
42305
43306
44835
39059
40457
46786
38995
40793
42340
42449
40758
48018
48313
46580
40696
43193
38413
43411
38991
39399
42281
37011
44724
42878
44407
42341
43598
44512
38608
44594
40870
43280
48333
40559
46646
40083
41519
39316
39385
45778
42628
39911
46928
40557
38720
43214
43435
42459
42567
37221
40462
44394
41396
40785
42006
45467
38694
42231
45332
40617
42393
41596
42926
42549
40572
45302
45542
41980
42396
45858
40960
38904
39385
43408
41915
42789
41240
44017
46573
43602
37798
39733
45982
42582
36851
41072
40962
43973
40203
41145
40802
43407
46192
42926
45979
39935
48248
42593
43686
43327
43643
47366
43337
38608
45718
41456
40262
42508
43542
38154
43288
42233
38413
44591
42732
39582
45018
42934
43656
49622
46559
37431
44164
39087
42786
46785
41913
44318
42340
37406
41052
42191
41884
41592
45986
38984
42498
44090
44370
49165
43566
46075
39874
46216
43010
41769
42659
51157
46475
40428
43562
41072
40576
39598
43594
45751
42871
37613
43584
41101
42029
40221
42370
46196
38995
41108
45949
39415
44673
41883
45622
48530
40926
42891
41540
48383
40003
38724
43193
44132
42238
41173
41063
40835
45429
43107
40627
39606
41852
39058
38750
46386
41066
43940
46771
42970
40110
42742
38881
45397
43214
41220
39448
42958
41910
44482
44427
43068
44182
45132
47389
42624
37657
47141
37708
50659
45433
40517
41713
48831
37327
44117
43554
40900
39569
45042
45402
43358
45223
43324
44103
41528
42170
41470
39534
43100
44070
43622
45259
39642
41659
38734
44189
42459
47225
39848
43650
39356
41798
42020
35390
40393
40222
37169
43991
38750
42335
41980
44826
43230
43678
38692
37406
41456
43099
42822
44781
37406
43616
37657
38800
43888
41851
40498
44729
39177
41543
41664
45490
37523
42483
45518
38831
43000
42147
39743
38903
37680
42836
44421
43543
47418
45408
39660
44482
40480
47821
40200
40401
41659
39704
41293
36305
37098
41694
39575
42402
42561
44752
44478
40045
44476
40359
42069
39615
41317
41666
47303
44228
42782
42717
50567
37827
42927
38638
41688
42466
42647
44360
40988
43938
45043
41988
38154
38527
48460
40775
41076
45595
44478
46576
38413
43444
41269
46509
41435
40850
38785
46216
45833
43488
43656
40797
40421
43582
46376
44190
44762
46783
40063
39427
42901
39750
42093
41262
40462
39601
43884
40366
41173
42459
42467
42246
42492
37620
41228
41050
46211
44231
45470
37826
37850
42114
43566
41044
42628
39455
42081
40671
47476
41025
46992
44523
46159
40013
40032
44423
46828
44370
44323
44189
42156
41822
41131
47105
44125
39321
41222
40032
40585
45386
43619
40383
46980
44132
43434
39284
46779
41862
44938
44925
37406
38296
36095
37827
40585
44415
37102
40849
38779
45346
40617
45042
37297
44120
39928
44990
41914
39420
41432
42983
43691
38944
41695
47182
41558
37181
41586
37826
42214
44019
42017
37406
47276
40032
40315
42126
40270
39708
45623
41712
39129
42488
45778
42686
45323
44943
39294
43209
46298
41491
40168
44555
39659
40462
38663
40576
40947
40617
41444
39104
38799
46408
42528
40938
46347
44620
46727
41533
40480
37200
43722
43498
44783
41813
40878
44638
39962
47800
43670
38354
40255
41303
43712
39674
40152
43244
42870
43308
44655
37112
41587
41915
41199
45040
42366
43508
45003
51020
38881
45674
42794
42178
40133
40585
39062
44874
39975
41676
40882
46945
41788
45727
40800
41728
41968
44189
43004
41240
42839
40489
45582
41979
40156
40232
44960
42891
39576
43663
44835
39157
42474
42748
42982
42772
44134
42956
43236
41234
46549
42308
46302
46093
42327
43505
43358
41246
41877
38330
40210
41268
41363
40486
43542
39828
42092
44513
44876
41732
44523
44481
40741
41356
43242
41967
43326
39059
41163
42956
37827
40601
37327
43221
41431
45278
47662
40907
42051
37826
45408
43048
39104
40064
42882
41563
39476
40522
41646
38734
39680
43733
40916
38483
43408
41664
43710
41752
43395
36452
38097
43419
43634
44195
46314
42610
38370
40687
45507
44453
38031
37537
42038
44667
40415
41955
41960
37708
44666
45656
43410
45658
43225
47734
45060
47333
40066
41914
39884
41493
38031
38259
42465
38991
42362
37551
46964
45184
38882
42880
44422
39615
42902
40970
43524
42807
45363
39852
43693
40810
41196
43405
43212
44693
40947
41980
40965
46243
37708
41263
41458
38840
45260
45269
43410
45008
48810
48397
42508
42786
47883
45718
45814
42607
42516
43691
41101
45194
41376
41327
42095
41893
40810
42835
39738
38924
40257
40947
44674
41167
41268
38978
43266
42012
48488
38109
43335
40557
45708
37262
38188
43104
41506
42879
40170
38968
43650
42628
45462
38154
40520
45840
51607
42310
44286
37406
46833
39157
44164
42080
42494
41009
39254
40814
42988
41270
41660
38244
43882
42256
46816
42923
40548
40409
42189
45723
41316
42446
39668
37827
39526
39385
40037
40038
41861
45324
41187
45946
38912
43639
43116
42827
37352
42310
45275
38755
44439
38995
37636
43884
44480
45565
40594
46190
42993
38322
42592
37263
46427
42500
43344
41169
36872
40305
43225
44030
42928
35534
39884
40520
43722
41298
42886
42178
45036
40073
37763
43268
41613
43890
36271
39840
41163
42437
44800
41171
44948
43341
42430
39464
44130
39869
39503
45602
42762
40120
42891
46793
45737
42872
42422
39884
43757
45414
44453
43644
41222
45587
42340
46378
44638
42787
48068
42626
43488
40091
39090
44538
41487
40948
41398
40625
41990
39285
41458
43645
44384
41001
43076
41388
40344
46189
39606
43559
41268
39397
42065
41049
41689
43705
41067
39258
40784
41332
43927
40594
42126
42985
40830
41649
43945
42133
42515
38574
38743
43434
40523
44428
45646
41520
45982
41654
48802
43511
47644
41608
40084
40066
42739
39554
43982
41496
42060
47827
37388
42022
41751
46911
45623
38845
39962
42425
45215
40687
43379
37657
43572
44496
43178
40589
42587
42555
40473
41773
40916
40970
41213
40832
42681
41963
45456
37759
44126
43691
41427
43416
41475
41365
41712
41709
38891
38936
41119
48665
43858
45185
44936
48886
37292
42226
37181
42386
41694
40668
43225
48328
39090
38740
39513
37613
43447
43477
42125
44898
44233
49538
41269
39328
37102
48979
39392
45160
36843
44498
43972
42278
39875
39752
45557
42535
46937
40498
44924
40036
44884
37181
37011
42881
39408
44774
44079
41487
46382
43572
44908
41327
40412
42249
41262
40574
42249
41056
42021
45207
41072
44497
44014
41592
48189
41222
39923
42351
41658
41419
39476
41743
38349
45954
40156
41556
38834
42509
39924
39637
46379
36789
38857
45018
37011
44270
42719
39118
41813
41344
42060
41930
49404
45319
41489
40480
39386
44830
42334
49559
40676
42319
39129
42333
42319
44530
43226
42278
42608
41747
45554
39911
38991
42372
41855
40940
45319
40467
41914
42442
48292
48364
47538
44482
43646
40151
44422
48341
43119
40036
45833
40545
40808
43991
45095
44345
45273
39794
39593
39129
39911
45002
43601
41469
43649
40751
41788
39605
42993
42962
44818
44151
46871
43444
43701
39284
37827
40021
37827
39265
47501
40612
43645
41718
40236
41731
45227
38243
44879
37283
43433
40848
40699
40767
40710
43666
40615
43846
38720
37974
44171
44100
46254
45231
45770
41003
37858
46472
42697
46358
39721
41689
44907
42143
44539
41585
38413
40513
46994
43799
41166
41903
36261
43959
39380
40575
42459
43289
40961
42848
41712
44936
40301
44948
40380
41167
44287
43636
41873
41327
39187
41796
41101
42789
36926
42927
43118
43384
42380
43830
41867
41564
39420
40038
44135
50032
44191
43819
41586
44907
44043
40904
38829
42329
45913
49330
42011
46258
44504
46259
39070
47104
46175
43784
40354
45986
38188
45546
42740
47112
40486
49163
39455
41360
45402
44608
43340
48798
42466
44141
36516
39444
42850
44345
40270
44048
38834
47978
38363
41107
38144
36701
42233
39989
43651
42868
40952
48593
49153
40318
43747
43845
38968
44252
47253
37489
42090
40837
41084
42340
42069
40623
43976
44358
38409
39510
43508
46955
50263
44576
48316
42868
42926
36784
40045
43696
42850
37826
50567
40462
39686
42364
40575
38109
41312
40415
45527
43722
39343
45470
38081
48631
49725
40812
42401
42567
44767
43435
43110
37763
43387
40585
40779
42017
40576
44243
40832
45303
51075
38309
42404
41433
36452
47102
40126
38689
41925
37751
46204
46429
45171
47855
43789
44024
38833
44546
41630
41999
43244
38511
42816
40121
42166
42231
40188
38045
44870
44304
41674
46098
42718
41179
42086
47173
41385
41487
38857
42728
45295
45016
45282
45312
39362
39313
43894
42728
42185
40696
41126
40436
41348
42850
42466
38682
45448
47100
40961
45281
41262
43469
40857
44425
41319
42851
37181
41945
43611
42069
42603
38052
43681
49006
43843
42528
41045
41998
40838
40576
44273
45197
39924
47734
37840
45315
37776
39840
38322
42401
44540
44059
41472
41324
42209
43454
46458
42539
43267
44845
45356
43129
42104
39386
38995
38881
42736
43337
42772
40469
39392
43432
40458
46386
45036
45990
39743
44000
40520
42007
39708
41750
36843
44847
42811
39479
39659
44929
42850
44105
40387
39531
41116
41352
38322
43007
46260
43511
42760
47627
39104
44448
43019
43165
39750
41852
44027
44090
47194
40929
41421
50854
41745
50104
42299
43890
43863
39420
50162
43086
41856
37943
43498
42880
41742
38365
42263
47407
42914
40108
42347
44609
38959
40140
45483
43640
52850
40349
42431
41262
44293
36452
45161
43209
41713
39805
43178
41769
40649
49159
39819
42772
43374
41262
44044
40161
39420
44881
44098
42142
43694
40355
41824
45042
41456
42316
43472
42591
39887
38330
41282
43960
40838
41088
43017
38369
46559
42986
44254
40877
39411
44439
47258
46755
38413
42414
46198
36516
41003
44126
45036
40617
37327
47175
44566
41131
39641
42985
39750
46176
41456
47027
39775
43492
41979
39588
41586
42272
42276
38757
48102
46723
50641
42068
40953
41150
42414
40624
39498
44816
40961
44239
39680
41901
39708
40001
42272
38109
43649
39087
38409
46168
39356
40545
42956
44233
46237
42795
43612
41396
37327
43537
41356
42473
42192
39373
41277
40517
44126
42466
43408
42617
46879
44054
41476
41631
39325
39316
44054
37649
40730
44767
47428
46220
43391
49362
48363
40961
46104
40970
42069
46030
41289
43471
47295
44748
44046
47092
41969
46384
39880
46114
43764
41002
39070
40897
41660
45676
43757
49538
43168
40617
47224
47046
38638
44353
43454
48145
40336
40952
42636
44614
39151
41222
40869
43425
42256
37523
39070
37406
41081
43120
45812
40362
42417
39744
45263
45798
39420
43365
47015
38924
40497
47018
41222
43054
40810
42202
42787
44803
39794
39676
36877
37927
45649
41689
43554
41822
42312
39962
44348
38364
44062
42096
44010
44370
36169
43441
39716
39856
40457
41052
42267
44582
38188
45495
46330
39771
41533
43377
42319
41864
41970
47603
40066
42346
38931
42287
42771
42437
42256
39812
45194
40248
41019
44666
48477
39697
43544
39161
43857
37826
46279
41585
42114
39316
44092
46040
41018
45539
42686
40624
40802
42281
41324
43836
41358
39232
43375
42359
42944
44427
40156
42178
41205
42613
40371
41333
39444
40743
42879
45831
40891
45858
41132
48312
43567
42147
41257
37649
45234
40317
44604
40830
40163
44962
46340
40588
40843
42460
42043
43359
46857
41582
36936
42174
44158
43520
38679
46724
46364
42954
36870
45058
44925
40596
41052
36249
42782
39560
42112
47966
41968
40581
39743
40814
40948
41072
37850
43807
39840
38805
47172
46244
41052
42870
40255
39526
46563
39904
42528
47110
45763
43170
42335
43912
44630
41146
44238
47450
46185
41192
42001
38413
43658
44672
47391
38859
43341
44853
44268
42459
43112
42010
40604
45904
40156
45412
40927
44858
41222
44175
42993
43053
43832
41584
43366
45915
47460
42460
48636
41970
42233
43231
39115
40006
40740
39169
39750
46394
43326
42550
40617
41169
39427
42628
45181
43537
40038
43123
42812
45142
41539
47416
41907
46300
43359
43572
42083
45183
43775
43902
48671
40121
39465
39420
39570
43544
37613
42632
43498
45682
40569
41114
43256
39794
37406
41718
45096
40520
40147
41675
40255
40899
38783
42949
38133
40445
39376
41543
43828
43112
42930
44238
41049
40354
47067
45408
50615
43509
40787
41752
42840
43926
42350
41997
40982
43384
43904
40485
45475
42508
37943
39764
43477
44188
44453
44498
46988
42902
40147
40235
37708
42065
42868
39923
43220
40517
38859
42442
45790
40037
47434
39385
41372
42249
44186
40691
36711
41256
40317
38720
43214
40810
47104
42891
42918
40336
42643
39228
43002
39386
41163
41780
42816
44202
42651
43998
46565
38988
41230
44026
43291
39972
42156
35870
45414
39285
39527
46391
40520
45048
40156
44638
41616
49516
45662
44366
40676
40623
42676
43489
42521
37431
43162
43746
42220
43537
47897
39852
38573
43226
40965
43990
42010
47582
44144
41052
44612
42658
44666
40722
40315
42802
42763
41390
38104
35700
41977
40830
38247
45191
36515
40627
45141
38038
40904
38483
41287
44939
41385
41131
42781
40786
42569
40281
46430
39982
44324
46668
42179
42561
40168
42437
41851
40708
47052
45811
42611
45846
40691
45314
39807
41263
42508
42874
43627
38052
42244
44739
44961
43469
39464
43231
42455
42677
41666
45281
40691
40285
46203
42549
43379
45170
41222
40090
49225
44734
42547
39542
43014
46237
43749
43900
40219
41166
43110
41617
39371
37327
36439
45121
44919
40904
40970
45836
42561
42241
41365
44700
43961
41003
42606
42004
46686
40095
40418
40537
43322
39674
41131
42075
45330
43537
45153
42334
41675
44295
42031
40682
37112
40469
38074
38608
40690
41439
40833
40200
42716
40758
44217
44839
45543
44935
37752
37726
40406
41968
42489
46358
37745
42532
38840
45904
38287
42281
40096
43858
41592
42446
43279
43597
43650
45836
40156
45764
39159
44102
41712
49401
41843
39284
41873
38097
45762
44778
40860
44566
41970
44351
42777
45009
41704
38995
42372
39420
43750
42333
43985
38409
40198
40710
42926
40954
38397
39385
43377
44386
46964
47285
40808
44158
42947
37826
41056
39537
39524
41833
41824
40485
43940
40295
39050
40687
42500
39869
45435
44004
42671
43593
46246
39812
44892
38154
40409
38405
41981
42904
39265
46378
41230
44829
39601
37684
45456
42202
43387
43165
43586
41396
40235
43286
42956
44800
37011
40716
47515
38887
41262
44440
45394
39840
40627
42418
40576
46117
44630
43822
37371
42417
44618
39641
45448
41365
44182
41256
43029
48931
40032
42704
38455
42662
40808
43817
45475
45892
41607
39385
39505
40784
38999
41348
41733
46038
43379
49053
38986
41231
44581
39170
46690
38052
40596
44429
43790
46425
43808
45429
44357
42076
40527
43076
39672
43817
45542
41564
43498
48249
41718
44738
41493
44054
38409
40519
40156
39675
41883
38638
40433
41210
44178
43466
40859
38052
43295
47086
44240
43494
38505
44127
44739
43354
41750
40032
46735
42011
42572
44449
43355
42959
44839
44348
42494
46615
41233
47893
38369
47836
46587
44342
44762
39743
43341
43697
38409
39316
40200
43125
42674
41969
47962
46572
40066
42716
42483
39278
46065
40031
45414
45942
45578
40032
43453
50164
42985
45618
46138
38936
41659
43862
43480
40354
43196
39958
40498
39651
45647
40658
45368
38349
45130
44262
44518
42233
43384
42240
40687
36397
41979
44103
46019
42012
43165
44241
45291
43943
46210
46270
41718
37674
43256
40797
45773
37740
41056
44620
41694
48965
47580
42914
39046
40926
42929
43858
41713
43917
40641
44988
41017
45007
43607
41268
47966
44167
44064
41515
47728
48251
39750
44258
39151
41915
40168
37433
39385
41445
44224
40086
46566
46240
44602
42772
42564
49401
38931
46537
39420
40045
45115
45574
39641
38624
39911
42593
45756
45593
45030
44111
46433
45153
37523
40646
40156
39738
47370
41148
40200
45414
45982
45946
45275
39755
43206
37748
38154
39917
38734
41682
43375
42575
41119
40240
45172
43006
43442
40170
48705
39059
42232
41520
37740
39328
40458
43466
42340
44792
43384
43237
47037
40699
40360
39284
42319
41773
43378
41847
39392
39337
43341
41263
39869
42961
42083
42902
40096
45402
44297
42196
42666
39611
44121
43182
42518
38936
45163
40236
41458
43326
43415
40465
41312
43355
45985
41698
39911
41356
39447
39415
42789
42291
38052
38590
41712
46364
45015
39284
42984
39887
42437
39058
44464
39151
40691
38829
41766
41769
45134
44539
42494
41832
39071
38179
40347
45249
45730
39755
44308
44278
49436
42445
41994
41234
46873
47188
42443
40192
42682
47644
42352
38199
44121
45886
43790
38618
40389
40133
40849
44271
39081
39656
42410
43236
39343
44295
42953
41915
44144
43019
38074
36363
44961
40973
39685
41210
43614
44468
40661
42012
40814
44738
40745
41698
43242
44212
42356
38258
46059
38188
42643
38889
47036
40428
42573
42453
37684
39328
35870
42922
47431
44004
38936
42079
42713
40596
46389
39070
44111
45007
45808
41752
45861
40588
41458
37625
40624
36452
43571
43456
37327
43178
52140
39794
41376
38679
43732
45711
41228
45763
41788
42328
39806
45863
40462
40814
41336
43382
42090
41698
44562
45764
42419
42895
46319
44218
42891
41802
39939
38179
39074
41282
36448
47814
42310
40785
44696
47832
45079
42668
39455
43992
36520
41855
39380
39641
41222
45806
44213
42244
44614
42242
41090
43991
44114
44884
41375
38834
39807
39707
41269
43866
38409
44321
40661
41879
42179
41333
47263
45602
41540
38615
42283
38320
44263
44225
46283
43119
40837
44687
41511
37133
40035
44164
37684
41753
41603
43559
46186
42366
39385
44847
42730
41327
40589
40596
40036
42029
41773
47367
43326
38485
42789
39790
43804
43384
41166
42696
49508
40387
43387
40710
43011
39385
40585
43493
41773
41771
45028
44002
41558
45261
41917
43384
39265
41210
42474
42861
43313
43132
44072
44582
43143
40943
45414
42614
49324
39056
39254
37746
43104
42114
46696
41351
45390
46318
37824
42614
40672
41934
38629
39709
41859
43344
41772
43995
43344
40814
39329
40710
43406
47262
41430
37973
42983
38936
43144
43930
44612
45981
42821
43132
46726
46310
42362
40576
39794
42240
46964
44620
38139
42460
42198
38638
49634
41116
44240
36932
42249
41861
45834
38109
49092
41659
43904
45661
42741
43607
40526
46572
37708
44805
43775
42854
39306
50207
41472
46804
40440
48102
40143
41980
41496
45341
37094
39680
39470
44576
44625
44262
36120
42924
45073
51311
42236
42593
43244
39385
46209
42010
38097
38412
41837
40133
39353
44126
43760
40576
40151
39708
40710
43867
42407
38188
42161
42734
42610
41862
42390
48647
38968
43854
38641
46543
43168
40336
37649
48551
39557
42249
43214
40617
42610
44729
42696
41456
40721
41873
45331
43219
44632
35870
43110
44422
40794
41747
41554
43534
45030
43224
41915
42305
45681
39791
41511
43256
40560
39917
42384
41694
42052
38515
37929
45924
44842
37763
40045
42893
38243
45878
38052
40617
39415
45636
46359
42417
45249
37296
39499
43252
39151
41422
42979
41856
45042
41988
40168
42425
44470
44893
37657
49420
37070
46573
39907
41968
44926
47037
42762
38589
43256
38755
44735
46809
44908
45583
43524
40517
39810
39805
41708
44147
43242
41502
39211
47317
44630
41485
43679
41163
41915
43747
43707
46644
45185
40624
43288
39869
38936
43486
40576
47655
39738
44666
37181
46652
41286
45409
42158
46454
44452
43251
45614
45534
44113
41383
41489
43699
40965
45706
46397
41747
41618
40317
40731
43959
41832
46718
39305
43521
37406
44542
42291
42455
40585
39887
40706
45045
41291
41492
38499
44970
40133
46036
44175
45132
43011
35700
42722
45165
40576
39794
44521
38349
39104
40996
39777
42390
41167
39425
41968
37927
42494
44506
41505
41332
46932
45814
43382
47305
39989
40166
44566
43572
40447
39284
42911
41569
44106
41772
41273
42075
43859
44854
45557
40100
37423
44394
45821
42064
42691
38168
45097
41005
44019
38052
44602
44905
44805
44153
44388
43022
41773
39952
49815
42263
44904
39157
42501
46418
45875
42340
43036
41978
42207
41496
40846
44520
38679
45851
45926
41898
45743
40485
42643
40255
43252
42775
42407
42508
40508
43288
43650
48277
40447
46824
41540
44425
40708
40186
39473
38924
39807
42741
44586
43399
35972
40730
45027
42922
44226
46618
44256
38162
39415
43416
44988
45160
45966
45954
41128
47156
43117
44019
41679
46318
41391
37429
41221
43508
44422
39184
46855
43679
40413
39380
43323
43654
40219
48069
43544
43341
40810
40798
42883
39527
42453
42685
48053
39571
43138
44453
42108
37327
44380
42036
41018
45036
42398
44335
42064
43454
44711
39899
38663
40302
45229
50034
39420
45745
41958
41127
42138
42004
39759
38188
42817
43012
44791
47320
47620
43326
43543
46605
45007
40462
40710
40168
37534
42610
40002
41268
42380
37763
46098
44614
38783
39554
40691
42762
41273
40976
39606
39540
41186
39716
42114
40036
39258
41052
44134
40757
42985
42868
42150
42879
41740
46814
47342
48371
42650
39674
42918
42132
44702
41448
41067
41845
44999
36448
39738
40617
42478
38128
38109
46886
43076
45114
38054
43868
39439
41372
40038
39169
42689
47818
51303
42103
42235
40384
47558
39777
41800
45329
43134
40038
44241
43938
49884
40100
39883
43114
40486
40031
39330
39807
41585
45005
45606
42425
37406
40687
40480
39522
38845
39062
44005
44854
38960
41558
42868
43599
38218
37763
42034
45001
43667
43698
36398
39852
44323
42229
44377
45019
42633
37759
43646
38924
44847
45127
45617
41073
44617
42404
44114
39329
45966
44657
39497
44029
40617
39372
42126
42841
41617
36851
38800
40671
40271
45751
38744
43214
41435
40833
43465
42494
40036
41022
41501
46695
44543
45471
40631
44901
38862
42267
43165
39039
42561
40105
43724
42521
43868
40754
41557
50011
43983
42436
39822
42017
42034
42340
38278
37973
40066
37943
46565
41018
42328
43427
40741
38721
40081
39309
44074
38093
43520
44711
41488
43031
37076
48321
39070
37406
41312
40814
39582
40624
41003
40232
40640
44181
41063
48053
45267
41659
40623
42364
42114
37290
42742
37763
41269
43710
42738
43595
40319
41105
42363
42714
49040
38409
44715
43499
40482
40066
41233
40305
42017
43804
41496
39360
40140
41970
44137
42503
41972
40246
38154
47380
41750
45002
39637
37406
45444
43326
42759
41278
43019
39323
40002
42015
44377
44774
45313
41934
46046
41337
41028
41324
46621
40784
42696
47077
50554
40576
44348
43087
47789
41024
45723
45164
42399
39755
48309
48844
44579
39399
43945
40842
36095
47348
44876
41114
43155
41723
39928
40415
46505
42544
43397
46833
45488
45306
43432
42007
45279
39058
39539
42567
46668
41070
41463
39738
42881
40168
45042
41847
40739
39637
38734
40772
40748
40837
39392
43489
40594
40624
47984
41528
39812
35870
42319
47083
47380
42933
44126
43870
44412
44057
36824
41940
38564
38876
41630
40515
41004
39329
39569
41808
41108
46168
45788
40306
37384
41540
36720
47714
43154
43477
39569
43893
45811
41586
44924
42979
39119
41363
41852
41970
40710
36515
40033
41788
39884
40869
44392
40523
40456
44334
42528
38924
41718
38102
41586
39087
41799
37952
44054
40485
41396
38154
39611
42238
46865
39488
41483
37406
44638
40689
38322
44659
44156
44076
42634
42350
41176
42125
38409
40572
40380
37776
42796
40297
45508
39415
42544
45605
42334
41488
42420
41024
45165
40363
44263
48880
39708
39672
44363
46483
44348
47066
47595
43532
38154
43613
43256
42370
40588
43219
42431
48895
40954
43076
41986
40421
39262
37680
39674
42219
40779
36926
39270
42914
43279
39962
40878
40384
45891
39265
38834
39951
43441
42179
47685
45408
40627
41324
41698
43766
42689
41456
44326
43244
41917
46606
42852
37613
40255
43936
43666
45921
42454
47355
42895
42804
40617
37929
44748
39305
39169
42204
40994
50348
37417
41981
38154
40088
36932
37455
42727
43818
43120
44421
47566
44614
40810
42425
41936
37657
40737
44478
43762
40951
45770
44607
39159
42201
38128
41108
45811
40916
42668
37011
45023
39989
39605
42149
45539
44411
41167
39500
35523
42914
42069
40440
43425
41155
43950
45444
39708
42662
43531
44898
40810
38330
40898
48393
37181
46964
43598
47734
41547
43172
40023
42868
44409
45672
44195
39447
41709
44292
39610
43536
44581
38840
40274
40295
45042
43489
42371
42219
42271
39570
43350
44188
38976
44413
42038
43009
43010
40486
44258
46198
38574
44272
44320
41970
44422
43256
40222
38689
42306
43567
42334
45249
39450
42993
44434
43344
40560
43985
42875
37763
45538
39763
40319
41709
44345
42201
38930
44380
44573
43295
45742
42339
39672
42494
44802
46246
44815
43477
44826
47530
40793
40383
40270
46786
38608
45394
40696
43414
40315
43442
35870
39284
41365
39962
43601
43923
39250
39344
44212
41017
41167
44509
39284
41776
49941
37674
44587
42126
42377
41886
44175
37011
39219
47102
37763
46074
43537
42062
42816
40837
45759
41222
45330
48467
46549
44268
42944
39499
45470
41619
44098
39420
40912
41713
41822
45400
41017
40810
40480
41541
39254
37094
39917
42544
41378
42189
39708
44396
45606
41543
40440
39611
44109
43058
44072
42372
41856
41717
41262
46599
43693
46051
42306
41980
41314
44607
41660
43764
40659
44802
40745
39464
42687
47656
39954
46251
43520
41361
40560
42582
45106
42401
37617
39736
43236
42126
41586
39392
42015
43242
42597
44875
37970
41754
35700
45065
42179
41183
39280
45136
45022
44611
38188
45649
41233
40557
39513
45036
38682
41052
41998
40192
43530
39569
48528
42662
43593
43221
40596
38271
41375
43770
47070
36741
46331
37297
39743
39420
38805
44439
42126
41005
45632
36169
46054
41510
42257
42111
39598
41419
38834
49350
39768
45651
39420
44877
40480
38638
41977
44271
42650
44930
48017
45115
41553
41333
42010
42142
47662
43927
45150
43172
44995
39900
40916
38405
41820
43221
44291
42235
38472
40734
41088
40521
49480
45795
43120
48737
42539
39570
41780
38624
39306
39102
46111
38154
49079
44879
40474
43770
40935
43586
43959
39325
42065
46108
43392
40838
42434
42986
39738
40534
42633
43489
42040
43507
41753
42992
40187
44659
39058
40050
38188
42812
36872
40201
49298
40699
40401
48286
39306
43205
44413
42853
45338
44310
40532
47613
45949
40699
42364
38109
41435
47870
40573
38794
44078
44385
39695
44690
42727
40675
40100
43622
40912
44727
43997
38409
42797
43666
43125
41533
43712
45299
41047
43795
41970
41131
43211
41862
40576
41903
41994
41269
41249
42986
46511
44069
40109
39415
40296
42904
42333
41931
44181
46751
44121
46279
41171
43502
46932
41653
43143
41953
50702
44072
45394
46833
44724
41319
44559
49096
42627
42075
41492
45905
39474
44593
42238
41001
40133
37779
47037
42582
40912
39723
37657
40964
47134
39491
49163
43890
48612
45182
42143
44092
41926
42202
44358
41186
42494
42596
38496
44536
38188
45818
44210
41230
40200
51085
41585
40268
39582
42004
42593
38188
40938
42762
38960
43024
38361
43268
40415
41583
42546
40440
46549
42196
42950
41037
43544
39856
51119
40882
42614
41719
37442
47206
40918
43893
43053
41408
42415
37327
45136
40445
44173
42528
40469
38444
42442
41066
44966
39526
43135
40192
40458
44717
41376
39900
41603
41235
37827
46888
42026
45201
42682
43913
43507
38075
46924
43834
44111
40045
46072
40568
42596
39371
41454
42341
41262
40520
46726
40557
38000
45353
48744
44831
38638
41696
44424
40168
47489
38409
41796
44242
35791
43362
37207
42999
42249
39715
42529
37625
44760
43537
41698
38148
41167
40192
43607
38109
42604
41188
46138
40697
44350
40785
37925
39641
41262
37523
47416
47859
41788
45517
42348
45548
40066
41151
43142
44562
41167
39641
41738
44744
42789
44614
45693
44144
45323
40576
44603
42350
39611
41292
41327
40224
43598
41551
41492
41431
39674
41179
42922
42034
44538
47205
40891
37763
39641
44503
39371
44026
38097
39427
38529
39499
41927
48781
38945
39680
42101
40797
40575
37264
37973
44738
42549
43604
41303
42897
39420
47120
40384
44295
43272
42196
46102
43866
45917
43898
40458
41108
38892
38936
44481
41687
44509
46838
40691
43486
40810
39479
42847
43766
43406
46772
44638
42524
41254
43943
43187
44792
47846
39904
41718
44179
37858
45157
44766
44503
41052
40810
44649
43212
44384
44604
39343
41717
46655
41385
47181
42402
41221
36452
44237
43961
46510
44798
40462
40297
45799
41681
43088
46038
43691
47656
39680
37616
38075
38404
43489
43514
42544
42470
44189
44847
38496
39385
39716
43379
40200
45278
40617
43587
40128
38054
40952
45624
40743
46521
45128
40802
40165
37011
42696
46355
44626
46223
41994
40520
41494
42817
44475
45949
38413
41824
44302
45131
43347
44759
41659
43514
39344
40001
43779
44910
43755
46507
38322
39161
40402
46105
41439
43266
37943
43701
41592
41751
43046
45633
39680
42828
45288
41856
41431
43442
43109
41936
38409
43442
44285
38188
43784
41951
44334
47321
40170
38825
45123
40691
42891
41995
41501
42471
49459
41314
37523
40575
42068
41753
41183
43209
41372
47865
40236
41564
42611
41329
42390
39169
38153
43187
47788
43525
40389
45121
43236
43110
41431
45780
47258
43154
44125
42238
43547
42446
43990
44961
40121
43670
44629
38887
42442
45788
44717
41650
38154
38483
45739
44823
43282
46777
45063
41946
40962
43345
44444
40319
45154
42384
37077
39455
41558
36701
46881
44115
40031
42185
41856
44225
42425
40745
37929
40336
35880
41356
41752
43453
42426
43387
44739
41724
47411
49693
50892
39246
41712
47369
43010
42178
44139
39476
44074
38999
40031
44030
42926
41856
40227
41923
43014
42508
42474
43076
41303
38881
41773
43594
44366
42206
45448
40745
43532
39959
41903
38905
41312
43458
42387
39420
45330
42033
40605
41530
38263
42614
38278
43884
41524
40640
43731
41365
40480
42474
43848
42068
41052
41876
41159
38724
38845
38834
47930
45121
43063
44762
46908
45160
42762
46982
43819
42209
44334
42812
39505
40170
48138
43578
46491
39721
43282
50078
41585
44302
43890
38287
42767
41966
43161
48316
40741
44385
43701
37634
41915
40388
40147
38608
42295
40151
43266
40085
38675
39641
42949
42081
44564
40156
42624
51113
37145
40585
44687
43704
43849
41821
40498
43735
41268
42156
40596
40520
52414
43181
42607
44409
44156
40641
43659
38188
43788
39852
41235
45428
41067
42604
44324
40757
48780
39794
37200
44588
37844
40092
43379
47067
44117
38924
40523
42189
43118
37992
38154
40192
45323
43750
42021
39316
40725
49610
47595
42759
39900
38727
41273
47206
41026
44480
43357
44765
40120
38243
43496
43148
40452
50451
42867
40748
45636
41698
41944
47543
38413
43469
40100
41903
41694
41006
41828
39914
40842
47112
42207
42970
38720
46175
46227
44862
40480
39059
38308
41373
42426
42997
43704
42453
45956
38300
41990
44467
41919
41726
39959
38081
42676
37283
43554
40428
42839
42891
43112
44443
43586
39392
43594
45375
47592
44629
47258
40813
42114
39272
40412
41052
45195
42583
43882
39420
39825
43544
42728
41356
43602
39840
44035
43314
40722
40110
43784
37759
43866
43846
43028
42549
44361
45001
40169
40793
46743
42508
45078
38983
41718
42976
42339
46139
39332
36720
45838
43560
42069
43918
44014
39284
40833
40094
38330
39392
44439
42143
39899
38924
42459
47845
42453
42959
40814
43190
43242
38575
43049
42961
43782
44498
40576
41180
40754
41792
42879
43888
41423
40520
43659
43099
38834
43759
41659
40190
41024
38924
43190
45257
48216
41017
40008
42611
39982
47304
40200
44370
40912
41431
40462
42233
38188
42018
40627
42240
40037
44635
38258
45122
44453
39285
40156
43983
36843
43116
42065
38743
41682
41063
43266
40253
40389
46907
45130
45402
43280
41939
41084
38322
38188
38799
45624
40308
45676
39206
39385
43176
44175
38829
42953
43337
42157
44509
40898
43065
40970
42075
46231
43733
40520
40575
40708
45171
48821
40583
45483
42069
40062
42198
41701
43867
40059
44401
44936
44217
38774
44408
39200
44717
42591
39386
42249
44552
43407
47096
47958
44024
40965
39971
45863
43998
47249
41811
42281
37929
44835
43721
44026
40456
45670
42650
43104
45178
42831
42306
39284
41174
45703
42007
39707
39254
41712
40326
39689
40627
43489
45676
39585
42136
37413
39316
44204
43764
41994
39459
45608
47019
42544
42093
42637
44477
46007
40161
43893
41205
44270
41530
38755
37371
38995
45765
43405
39270
46084
41458
43861
47031
42343
40168
39672
38188
39689
40837
38409
46574
42306
39611
44378
42278
38889
46579
42363
42841
43095
44564
41761
41332
41312
40899
45439
40814
42126
41029
41694
46174
43819
45869
39420
40389
38361
46251
43132
41788
38188
41890
42399
41712
42949
40270
40581
41234
46833
37406
42732
50518
38097
42430
39392
44520
42789
40520
38188
39975
41394
39875
40133
43882
43717
42133
40120
43554
45312
41101
42817
41101
41348
42912
41263
42442
37431
44139
43861
42483
39169
38488
41050
48662
41856
42633
44344
44423
39503
42350
43116
41331
45370
42103
41233
42010
42777
41234
37858
46786
39606
42928
38529
43342
42178
37625
40984
38800
42676
40704
47028
42538
44992
41533
43170
41914
45400
42363
41921
39852
42628
38074
42521
42442
41879
44800
41618
43806
38188
42264
42466
47879
42305
40095
41608
44240
37849
40234
42524
40486
42091
42992
45182
46464
38799
43192
43973
40522
45858
44286
36346
38188
41079
45651
40187
43508
39582
40095
44472
44440
38075
40156
39875
48397
41222
43547
46440
43670
45778
42442
44666
41686
42521
45106
43384
41694
43600
37165
41694
50173
44802
43992
48461
43444
40480
36755
43749
46781
45652
41210
40270
42930
42510
38924
44666
47417
46982
41344
38889
40980
43391
39505
43934
41461
37218
45105
40837
39582
45104
38016
42086
44648
41666
42430
40161
43209
42040
44258
44385
37929
40353
42828
40809
38589
48340
42676
38924
38188
43004
40687
46687
39232
44534
40169
43062
40520
45590
45707
49604
45440
43587
47487
42011
43524
40319
40036
43857
38564
45188
41938
43650
47110
48053
46537
37094
43589
41049
40305
39475
45869
44992
45938
41695
44774
42391
43475
38413
42807
37565
42474
44893
41148
38997
43622
44502
43542
41852
44467
47039
40849
42378
41673
40192
46563
44071
45477
44126
42689
40032
47389
37406
38183
45680
37708
42891
40515
44446
38834
41511
44394
44502
38511
43288
44025
44263
46038
40802
45441
43040
40792
42147
47173
43562
39907
39588
45175
39306
43559
38171
39641
36452
37102
41427
46070
39971
42062
41651
43784
44617
46516
37850
40499
39875
46744
45722
37502
44796
42898
44258
41663
42264
39601
42544
39911
38682
40623
44006
42405
45016
42065
39051
45185
43984
42444
46318
37929
39573
43775
41931
42426
42519
37763
43622
40192
40924
41994
42807
44666
38699
43335
42716
39554
38243
43137
41852
40036
41603
48038
43002
39048
43704
43830
43334
40318
45985
40214
44139
39801
38413
36452
45211
40594
43373
45062
44748
44156
41438
40592
39124
39376
43359
39838
40085
39491
43924
45518
39951
42628
43552
41312
39503
41487
40193
40061
43855
44114
42544
41548
45768
37578
45223
43593
39637
42570
43746
40940
41757
43217
42882
38968
38722
39385
42204
38936
39161
42065
40428
44189
44554
40031
37680
42898
43645
40648
40188
48796
40961
44079
42459
41439
44344
42240
44009
47333
45424
40394
45624
39973
37200
43952
36932
47909
41902
39420
38153
38824
37613
40228
37076
44430
39379
38960
43793
39807
36095
40611
39852
43696
38541
42881
38409
40682
41354
43257
42782
39392
41234
39924
39601
42891
38960
47567
43707
43154
41327
39386
35640
40515
43916
37133
46158
47558
39284
44724
41832
43145
45414
43054
44145
39777
43570
44062
47340
42762
45605
45230
40617
46088
43597
44358
42855
40335
37925
44670
43859
39987
43759
45691
47785
40953
38558
43355
39680
38800
39622
41262
40285
43846
42784
41038
41821
47163
43987
43142
41257
40038
43505
38827
41543
39594
41832
43673
40904
38682
41429
42739
44530
41664
44503
41726
40168
41666
43537
42669
45770
42256
43120
41491
41694
45301
42422
43248
44819
43764
42831
40748
40907
41214
38153
42589
41773
37708
42729
42470
38154
44576
44988
43656
41914
43321
41233
44032
44978
41228
40802
41558
40256
39582
47270
40498
41694
43442
45229
39476
42784
43347
42010
41050
43170
40383
39840
44215
37431
41487
46240
39926
41383
40401
41704
37929
44358
42862
38845
49285
41101
40462
38322
46967
38924
40635
42977
38322
40031
42069
41342
43044
42716
42933
41206
39211
37927
42040
50809
39989
40371
45156
45456
40289
40000
39254
42407
49514
37406
45365
39794
44225
43697
41745
40349
43469
40687
45954
38561
44449
47698
42626
43742
39104
43248
44642
42414
47224
49870
43108
38924
42812
39709
49715
44740
41277
46030
40929
44152
37523
41396
48748
41385
39674
41378
40878
38397
47287
42189
39701
45467
40904
46016
45760
38259
40480
39420
41061
41084
42398
41913
38862
41598
39900
43169
39293
46446
43057
39989
42288
43544
39975
43340
43292
45777
44826
37076
42398
41984
41158
42964
42984
43681
48472
38409
41702
40710
41853
41737
42524
41262
38188
41688
41809
37011
38887
39420
44570
40480
39313
42614
43937
40785
45767
42850
41166
40954
41999
43479
43288
39342
43273
41171
42328
41333
38243
38638
39923
41166
44960
43008
42628
39313
40147
42831
48309
42044
43901
38144
38457
47865
45438
45982
45411
40270
41396
39876
49513
38033
44948
41446
39951
38814
44394
38960
40682
46067
43872
41982
43193
40239
37759
41664
44803
47038
37925
46246
44175
39790
41233
44000
44074
42494
44000
39029
40440
46270
43169
40760
38694
40359
38243
43022
39039
47167
42459
39058
38033
40962
45304
43990
41430
43498
39371
37011
44295
39486
42431
43255
41998
43303
47707
38154
43594
43050
39058
37181
41970
41832
38834
40168
46591
40147
40066
40547
44386
39911
42483
48410
42192
44909
45293
43244
41084
43060
42935
40424
43468
41852
40066
40270
41938
40952
45128
40477
39399
38800
45737
41344
40899
43475
41292
44570
44504
40648
39050
39114
40918
45598
39708
42614
44130
40336
44289
41116
43820
39043
42240
44662
44736
39055
45408
44014
45420
40668
35876
46316
40407
41235
44919
46690
46032
39821
41660
44847
44345
41108
42605
42346
39877
39637
44602
37763
43554
42886
43747
38154
38979
40675
38635
48584
38694
43235
37657
42775
48218
41530
39689
39958
39560
43960
40675
43718
40631
40737
42034
43514
44130
43456
39541
40013
43075
43924
39104
41852
44582
44313
41642
43500
40970
45054
42535
40785
39399
43695
38247
43326
45718
41948
40389
43170
46449
40302
43353
39513
39917
43012
38859
43453
40523
36933
40762
42425
42753
44054
45387
39265
45226
42986
44633
47046
41222
43644
43578
43601
40914
45276
43248
37759
41914
43366
41990
41271
44240
43656
36095
48266
37406
42913
42425
38361
43665
48235
41312
38727
40031
46150
46264
39954
42149
42993
45177
46006
46103
40767
44833
38651
42130
40927
39569
40710
40518
39582
44545
42421
45323
44989
35972
47432
38299
40576
44632
47062
43477
43425
43214
44900
42012
40505
46879
46124
42887
44290
42746
38413
46503
42256
40276
43579
41856
42917
41088
39386
38638
38109
42265
42454
39386
49904
44208
41052
43288
49346
40261
42796
43822
40513
42998
41788
39415
41543
41744
38109
40596
42165
38990
43427
39914
43373
40037
43123
41228
40462
41322
40742
43758
37449
42228
42986
46240
39380
40383
38154
43461
40201
42256
46190
42423
42375
39284
42875
39582
42328
43649
39805
45676
40542
42789
39708
37657
44154
36926
41773
42868
36755
42850
37752
40659
40757
37748
41788
42299
37846
42125
40031
44452
45878
43042
39707
44324
41521
45360
40090
42442
41564
39891
44929
40741
39982
45939
38892
43242
41815
41664
43119
41231
40682
42748
45230
41694
36452
38052
39464
49853
42619
47978
40465
45876
40708
42682
42895
46618
45549
41639
38287
43104
42339
41228
44546
42950
42993
42069
46031
45557
44378
38959
38154
38960
42943
44175
44483
42034
42949
45055
44118
43625
37406
45010
40270
42945
43733
44777
42359
40458
39606
43063
41690
42073
40802
43161
39876
40849
44672
43515
46763
44500
37098
41348
42572
35390
44835
45253
44521
49754
40502
40743
42922
42486
42377
41337
39757
43763
41312
38354
41896
43084
42276
39887
45106
40066
41167
45445
46430
43260
49900
40982
39151
44648
40156
44238
44185
41492
45814
40821
40031
46400
38202
43311
44035
40545
44540
42739
44188
44746
39876
41472
48165
44554
40522
40091
38439
40159
42541
45022
43713
42943
40899
42417
44247
42052
45891
40151
43650
40737
45330
45995
40585
37483
41682
42065
40336
43471
43784
40681
40168
44030
41096
39629
41520
41217
45870
46680
46700
41712
39474
42494
39840
43010
44604
42301
42146
43909
38480
50593
44795
42977
36095
40458
40569
47134
43091
40661
40133
40203
45095
42592
45202
39206
47059
41018
43537
38563
40520
39750
42875
46743
43601
41101
39939
42150
45782
45978
43723
41262
37429
44132
44172
44177
39070
38188
40031
44921
45180
44757
42528
41317
40867
39265
41881
36799
42132
45800
44158
42069
39279
41230
40707
41187
41070
43639
43902
42544
42189
37826
46784
42455
41832
48998
41303
41228
40234
45330
47951
52090
42179
41648
41446
39522
41137
41297
42254
40392
42988
43463
40480
42690
39169
40617
46210
41273
40239
50073
42665
40686
39316
43900
42005
42673
44130
51111
45097
43991
40784
47247
42998
43110
42611
41287
40317
44826
48281
45309
39825
39989
40247
44673
37548
43047
40740
41061
44511
46027
40647
43088
44016
41931
43974
42220
45844
42628
42549
43867
38794
41908
37917
38322
38876
41543
45895
47482
40317
44939
44993
41324
41292
41102
47820
39284
40151
42789
41396
42819
40215
41533
46918
43985
45099
39376
41453
44637
42596
40389
36877
40745
43308
38322
39126
44926
40814
42566
42886
40573
41273
44146
42107
37763
40022
42898
40100
40359
45755
41648
42245
44862
43518
42401
40480
44430
41531
45114
40281
42614
38829
43601
38839
37181
47318
41375
41077
41194
43482
50762
44158
41286
39225
39594
42073
38444
41376
45278
44130
41639
37708
40624
41659
44286
46908
41632
40336
38031
37870
46004
42977
42840
41107
44774
43770
47931
45271
45040
41164
43248
40797
39987
42328
46936
45986
41630
42424
49248
41231
51504
43766
44608
42593
40954
40810
40066
40045
42368
38413
39588
53171
44760
44559
43598
41749
45274
44453
42150
41305
43444
42398
40490
47266
43059
41749
42182
38726
41502
38558
45080
41108
40100
40772
40968
42254
38188
43586
39510
39059
45086
46071
42494
49390
49441
46067
48062
39883
44539
43714
41968
39641
42307
40462
38326
42863
42494
44923
41250
37747
42831
40912
40542
42305
39641
38682
44310
40371
37406
43170
39183
40486
42083
45011
40257
43721
43764
39364
39875
46724
42943
38188
43882
38188
39254
42395
40486
40648
41687
37601
39907
39875
37617
42494
39840
38508
43578
42339
39344
40748
42602
50654
39743
44514
47994
43715
38097
42308
49612
40938
38840
44261
42812
42360
40515
43644
45657
44418
43998
41050
45250
42686
39606
43317
42240
42897
38409
45778
37708
40319
45268
42949
46776
41075
40617
45394
41263
40585
44989
43342
40257
44236
43701
39688
42891
40066
46599
42561
41792
42179
48498
44138
43213
45078
41434
42926
45341
44440
45489
39058
40026
42965
46359
42068
42536
44328
42759
41232
38859
45840
45954
47613
42418
41487
41047
44928
38607
44588
42789
41886
40848
43075
47357
41838
39812
48343
42134
41194
44582
41765
40315
38444
39117
44062
40032
45386
47806
36720
43088
42436
44285
41227
41755
43893
41958
44604
43524
38474
44700
43344
46176
40953
43000
45408
42068
45119
41979
41458
42466
37011
41659
40741
46264
47109
46605
41183
42069
38511
45763
41915
42519
45442
40038
45338
38937
44413
45019
41262
38608
44445
43129
40123
43800
45365
37929
43442
45763
42176
37708
39311
49388
44675
37684
41320
44565
43161
41659
48504
47520
38544
41885
45196
40077
45650
41942
42683
40135
41235
42121
42403
44398
38405
42470
40301
42910
42727
38634
44112
45550
40735
38608
44572
40968
42746
39680
45488
43060
42010
41934
44106
45256
38924
41108
42591
39962
45324
44044
40951
44501
42924
43862
45172
39545
38682
41487
41287
36526
41915
43698
46682
40808
41913
47052
45672
44593
41726
41998
41101
41556
42068
45259
41986
43149
45387
39270
46799
43355
41066
44750
39875
44340
44156
43914
43834
41752
40462
43494
40255
42228
47576
41520
39270
41651
41943
45198
43707
40384
38638
44116
42544
38995
46566
41999
40353
40319
41660
44749
42158
44703
47588
44074
37708
47657
40730
43379
38511
42102
39392
42859
42816
44777
38889
41133
42762
45198
48117
38081
42318
40576
45799
38638
42364
39952
42762
41659
45131
40415
39672
44638
40045
45676
37181
43627
37146
40032
38411
44720
41970
42470
40006
46509
38432
41986
40302
46235
44182
42509
40635
42335
48425
44298
39353
43225
40176
39900
42228
44431
36034
38725
44579
38097
41755
44100
41971
42506
40679
40517
41365
45093
42460
44132
39630
41003
41813
38845
41167
37418
38960
39547
40617
45864
47544
46855
40956
40447
40486
40548
43027
39392
42508
40462
44291
38805
43010
45744
47480
44559
46527
38995
43594
43936
42895
38959
41592
40521
45276
41398
40810
43644
39697
37406
45154
39415
43656
38154
39877
42547
45814
44682
42689
39254
42426
38188
37283
41166
44661
41155
41694
38183
47706
44000
41854
40710
41654
44459
38995
46034
43375
44307
44785
39971
44024
38154
41431
49995
41520
40282
44911
38755
45134
46428
40808
41051
40061
45055
41262
42902
45119
38243
40802
40918
40271
41198
47428
43530
40037
41832
45492
41580
41752
46556
40499
41585
40706
41926
38968
42886
43307
44093
40810
40411
37265
44925
49809
47242
43436
37989
39747
40585
44940
38691
41752
38936
43110
40970
40639
43862
44471
42308
43453
40976
38624
45411
42937
43662
44999
47914
47015
43560
49608
40234
38608
42573
40192
50547
40308
37200
41905
46646
41233
41219
39039
44113
46702
40682
40036
47468
41119
44127
44454
45466
44422
43866
47610
40900
38995
42178
38968
42654
47783
46137
40899
40246
42544
40916
41418
43663
44933
50102
39738
42096
41645
42292
43462
39284
42726
41005
37523
38243
39087
41082
45041
43603
41010
39392
47226
42302
44315
44620
45376
43918
41171
42393
39161
39900
41435
45364
41927
43499
43425
44603
41487
40427
49961
40940
42170
43344
41365
38936
45767
41222
42066
46567
39708
39313
40423
45863
41435
38638
41788
41235
39741
46176
40200
39169
42453
39680
38188
43928
38936
45402
39464
47389
39087
39335
44714
37909
44988
44198
43088
48331
39476
38188
46124
42875
43973
44294
38638
45917
45138
43355
44386
41881
47678
41852
43819
42368
38300
44829
41073
39026
40033
43996
43036
45438
40032
39526
44839
46565
37664
45436
46573
45424
43819
47577
43406
47484
41356
46204
40541
44247
44014
41018
44202
41694
44156
47610
41348
42498
43595
42915
40343
41933
39900
39707
38881
45012
41173
47730
39265
41637
43022
43463
43326
41198
38995
41936
40125
44934
41718
36936
40668
44766
39281
43601
39151
35870
41305
41008
42744
43346
38955
42964
41344
40515
41051
44089
42747
43808
46283
43846
41395
43782
42407
48673
42862
39476
38154
42565
42386
46124
44898
46188
44213
40754
38109
40717
47395
40318
42081
38097
39510
39420
35615
41404
44936
42151
40988
39680
41568
41427
42812
48149
41998
44766
41319
41556
38154
38682
43207
40122
41756
42502
41067
41988
39570
39945
39978
38743
40156
44742
42012
49040
43340
43495
43323
42176
47800
41592
41262
46777
36903
43082
46806
39455
41726
38413
41353
46415
43520
42387
42851
47321
41167
44999
42459
41360
46518
47696
44195
46904
41052
37708
41194
37819
39688
44023
39384
39982
45124
42817
42499
38052
42426
44370
47003
36261
45547
40422
43101
38694
36802
41456
43884
43024
44540
42203
42381
37352
46239
38266
43507
44847
37146
42891
40336
43764
39777
39008
41801
40624
41052
40462
41803
36970
40776
38959
38510
41108
43287
43432
47684
45323
43743
41396
44026
43601
41694
40489
42850
42589
41946
39641
48183
48867
44523
39969
46599
42305
40187
39958
40696
43594
41958
41324
38153
42494
45223
40791
44777
43408
42126
42142
42528
44934
45040
41495
44767
40384
44289
44054
46059
40622
44539
43615
38154
37572
41427
47024
39283
42419
39607
45355
46542
42622
39254
42166
39570
43397
37406
44242
40843
40659
40912
44632
44600
46026
41659
42340
40743
43433
42474
41600
43668
41773
39258
43433
40140
39420
41881
41111
42729
42845
43713
37763
43452
39329
39284
40037
40710
39464
42198
41718
40193
39056
42861
41747
38045
39232
41317
40203
43014
45280
47031
44268
42426
46409
39794
45247
38638
42608
44360
44029
42718
41968
43782
45054
41418
44238
43598
39750
42421
43791
41257
42650
41356
45381
45540
42996
37943
44636
44559
40116
40156
38081
34863
41614
43154
39265
44359
41430
37361
38638
47973
37518
42762
42362
38663
42642
41885
41443
39606
42241
40088
41773
40784
42419
43211
40970
43682
45090
40006
46015
46259
42460
38575
42913
42271
44026
44581
41119
48944
45225
45650
42615
38834
43379
39372
42242
42434
38413
46518
44569
40031
41458
43782
48692
46116
40037
44126
42238
44290
41843
44291
40764
39582
38413
44026
39455
38074
43866
40033
44513
46790
40624
44135
39154
45475
39852
39680
47595
44386
42455
39588
37763
42474
47963
39794
44074
37523
43466
37181
41263
38243
43173
39878
37674
38845
40045
43036
39817
44685
43594
40996
49141
43890
41533
39029
40003
41108
40353
42518
39743
46435
44028
40898
41456
43496
42460
37824
43173
44729
41638
44309
49869
45802
38725
37169
42886
43300
39254
44407
44614
45329
37523
47656
43401
40997
40810
45205
38905
41921
39738
42859
40946
41468
40541
41415
35220
40623
45386
41921
39254
42903
42949
39059
39476
41258
42310
46384
38995
41487
42731
42790
42851
39794
42748
45698
43749
42247
39329
38638
40105
45757
41070
40336
42874
48506
38188
40845
39680
42786
42310
40031
47119
40962
45562
40026
42518
46425
43140
41056
39510
46659
45314
46187
48180
40954
42470
44595
41851
47746
43019
44078
40486
39593
44534
40802
39911
45350
40837
41583
40629
41726
40596
40428
43482
37827
45099
45885
38892
37378
42104
39840
40014
50955
46762
35540
46035
41018
39151
42126
45665
40605
44640
36843
38529
44126
50555
47112
45318
44235
40652
43679
42249
40840
43631
43919
41828
42494
39161
41222
42520
41227
48293
45160
40929
40420
41379
48183
37929
41508
47198
43616
43543
43136
42472
42696
45228
44439
37433
42460
47351
40731
42414
38511
43065
43244
42200
42592
44617
41447
44425
41703
44654
41269
42696
47026
46855
42302
45016
43244
44704
42419
45706
44638
46232
45314
43554
42447
41958
44654
39738
43107
39680
38322
39724
38457
38836
43598
44502
40899
41643
40392
40170
41796
40502
44255
40412
45615
38755
43665
37747
47956
43650
39265
46569
43819
41354
39733
40687
42340
45773
41105
42779
42390
40413
46070
40545
42142
44105
39672
40596
41813
43537
44158
42513
42914
40165
46184
42508
46005
42643
42859
41603
41543
40032
41061
40659
45006
41492
37327
49860
41640
42868
44530
42193
41813
42864
38052
41437
40810
43852
42126
43219
40596
44874
39805
44070
41829
48786
39981
45402
41761
40151
37523
47555
42751
45802
43288
44344
41052
39805
42060
45756
37518
37763
45425
42958
38074
41821
42360
41749
37066
43266
41101
44506
42573
42092
40242
39329
39376
42959
42500
46574
41396
45223
44946
41907
39736
40604
43514
39449
41370
43017
41540
43613
38154
39420
40993
41163
40736
43437
47280
42886
42908
40168
41730
43375
39840
39372
37901
45369
45672
42794
42676
44582
44188
50796
40967
44026
47046
42185
38647
44530
41931
42068
40814
49187
42911
38968
42007
42950
44177
42682
40085
48126
35870
43407
44840
37827
38432
37523
36531
40523
40617
46651
42103
35534
43594
40663
45095
37826
43893
42731
43775
37827
47971
44254
40270
44552
42287
42292
43890
38726
38457
46212
40469
44311
40480
43701
40440
44133
40451
44806
48577
41447
46211
39766
39962
40357
43172
39805
42185
38608
43114
46507
42500
40340
41052
48280
39491
41738
45142
46328
44514
38511
40239
46457
39392
40318
42122
49326
41731
44841
44125
41078
37366
42761
39991
43011
41312
39911
47812
39922
43354
40031
43116
41911
38017
37523
42029
45545
46072
39415
42434
39907
44589
40462
43402
42143
38663
42272
39672
41828
40217
39680
40170
37763
46916
42086
38694
45711
43550
44823
42762
40117
42447
42363
45224
38815
43178
39951
46871
43884
43819
43838
40612
42917
39343
39957
40688
40779
42369
40336
39294
44672
42561
40315
42846
44638
45547
41698
42018
42782
38755
45448
44370
43190
42060
40745
39606
41682
39254
36926
41194
41822
43168
39169
40916
38188
43924
40785
40585
43981
40627
42544
43084
41031
48543
38188
41273
37578
45070
41198
39059
44425
39531
40095
49225
45878
40881
44889
40553
39675
40184
43858
41837
43173
44343
40772
45765
46567
41418
41773
42497
43652
41556
40912
44026
40037
38722
41586
40734
38524
41752
38188
41228
40741
40066
38984
41946
44401
45518
41501
49604
42483
38322
43328
35765
44375
47333
40317
47253
40687
42399
44162
48459
43436
45433
38720
41603
43059
42992
40996
43084
37827
42580
41584
41084
37889
38505
49807
42525
40156
42414
38876
44712
40652
46668
42926
36741
44036
47281
45995
45294
42266
42519
47043
41780
45080
38587
45833
42454
42340
39911
43551
41472
39869
44663
41624
45807
45301
42132
43922
41773
41168
37708
40498
42426
46912
43532
40810
39069
41914
44746
40204
40814
46530
37181
42328
43489
38188
47840
42879
38320
37406
42078
40576
39641
41837
45355
41968
46174
42338
39852
46867
47380
44342
43742
38800
43167
40091
40546
44068
43163
46589
38857
41354
40247
38243
44632
48476
36932
42083
41820
37973
39777
39344
43441
39087
42278
44800
44398
39039
38413
40319
43358
39386
44711
39420
46464
42238
43547
41365
41456
40513
44480
41879
38369
44665
43058
45920
42696
44708
41530
43627
42149
41171
39558
38634
41186
40898
48192
47535
44764
44311
44054
42685
39228
43486
39486
40270
44954
40779
44717
40680
44680
43461
40687
40299
40779
43225
46295
39464
40270
44714
39386
44932
37869
39362
41545
43916
44398
40837
39876
41018
40192
44072
41219
40991
36095
42193
44156
43882
43537
42978
45392
40319
41418
39415
42956
41022
38774
49078
37181
39637
45185
47194
40542
40726
42369
45149
40952
44988
43969
46082
44774
42284
42862
46479
38188
41444
45776
41694
49290
40462
41813
39309
41361
38936
41727
47958
43134
40617
42200
38638
40440
44302
40899
42185
42017
45811
38328
48334
43873
41524
39254
46936
41324
38188
42986
47280
43520
37791
44268
40791
42895
44421
44511
45381
39805
43644
43248
42716
42065
41780
39224
42914
43266
41694
39680
42460
41222
44632
40091
46292
42500
40682
43214
43819
40955
46187
38258
40696
41018
45024
44411
40342
37827
44494
45698
41822
44460
43244
40013
45784
43594
41116
40838
41018
41270
48211
42868
43536
39455
37763
38889
43417
43597
40360
40229
40401
40575
41373
37929
46998
41356
40627
41235
42895
38480
45465
41268
43881
42706
41164
40661
42467
41587
42269
38994
42784
41378
42004
38800
46795
41603
43807
42084
42521
40270
41642
42880
40038
39464
43004
43560
44050
44187
38188
40270
46270
41915
47018
46430
41773
37433
45518
43146
45254
42544
41431
42381
46458
38968
45752
40310
43442
43701
38978
40486
43733
40838
42883
39402
44428
41934
41546
40480
43563
40184
47320
44762
47625
40151
40943
43715
39420
44238
45682
48671
44846
43261
46692
40912
41017
40038
41731
38757
47333
41470
44208
41240
44602
42138
41374
41556
43622
41086
36926
38100
42847
41434
40140
42691
42766
49708
42816
41199
45670
42131
47296
38322
45323
42144
44357
43342
44036
38322
39254
39254
40871
48274
46783
42876
42740
45330
41333
42494
40754
37973
48081
39351
39820
40623
40938
39411
43647
39285
47702
42068
42582
41166
44963
46774
43952
39869
42498
41222
38320
39254
40672
45215
41074
38097
38825
37759
42314
39414
40147
42500
40949
38154
42935
42147
41981
46331
44572
41958
41587
41709
40994
43027
42494
38097
44938
42993
38153
42815
42149
46700
46065
38354
43514
41687
42312
39284
42890
40302
39194
40631
39637
46652
41828
40641
40355
40589
39894
44898
42060
42430
41587
40810
45155
41914
39284
50363
43818
43110
38862
39389
42276
41587
43035
47453
44633
43757
44829
38094
44755
38480
41132
37522
41171
46533
43698
44242
41454
42599
39715
44947
42453
39328
41478
39611
42325
42034
39624
44080
46240
39570
43784
45646
43342
42204
41503
39701
40907
44538
39722
38188
43566
44660
42057
42372
46911
47592
38984
42395
40348
36452
40857
40748
38734
40147
46174
43594
48195
41800
40617
43974
44792
37747
41603
43152
41024
37858
42442
40026
40140
39554
37297
44089
41799
42696
43279
40156
46246
42466
44169
42281
46663
40037
40066
40995
38936
41648
43639
42642
45212
40052
40527
45203
38940
38936
41998
42366
41188
43062
46202
43909
40036
43867
43173
38924
38183
42891
37406
42381
41324
39733
45021
40688
39560
41253
37674
45442
44757
42852
43514
45808
40912
42390
45030
43764
39420
44282
48346
41754
38608
45007
42476
40016
43651
37327
39778
44846
46814
39254
42558
41269
46717
42580
43084
43026
40050
42143
48786
40405
40922
40904
40557
42993
40355
44459
44629
41066
43331
41946
37929
40916
38409
41755
42909
45915
36877
37748
38188
41288
46661
43116
42628
44401
44009
48053
41371
46562
41165
47357
42453
40767
44543
44268
42363
37927
37011
44446
38081
45485
42494
42249
44895
40982
41194
40982
45751
40846
39272
39200
39254
44943
40489
40192
39683
44800
40454
37913
43493
44934
45788
44123
43049
42158
40038
44774
45707
41131
39819
41995
44145
46505
43437
41228
41256
38413
38845
39900
40810
40704
41934
46344
42580
44259
43236
41528
40040
43551
46159
43101
47793
40480
41365
42817
42103
41902
42118
38862
45187
43394
43382
46225
39587
43913
41208
43805
40627
39672
38800
45052
41492
36877
41666
39385
40156
43242
41133
41528
47336
47592
45216
36397
45982
46153
40085
44762
43225
40469
42186
37657
43237
43604
40168
39281
41235
48979
36997
40523
38960
39059
40389
42585
44566
42454
40560
41177
40001
41431
43633
41982
42796
41777
40036
43430
39914
38515
45287
38369
43763
39090
43187
37011
42796
42470
39951
42917
46002
45447
46406
44098
44594
40722
39114
40122
41914
42143
44130
41348
41003
36516
39381
42369
43943
42460
37613
45641
41824
41655
42444
42245
38995
42580
39151
38573
38179
38877
41557
46373
43784
38720
43261
42727
38959
37352
39976
42755
45821
39385
42573
42186
42443
38900
46378
42796
46174
45063
46461
44750
46032
45054
42658
41502
39750
42521
39759
40061
40917
41478
46411
46322
43023
46865
42544
45801
38188
44823
44360
40708
42985
40849
38309
40691
43441
39570
41580
38679
43750
38328
44000
39794
46967
40299
41432
41082
41131
43024
45402
40687
41493
40884
42508
39392
40214
42209
41903
45332
43764
41927
39316
41663
44833
39258
41322
45674
40996
45070
39773
37181
43607
40170
39738
46442
41558
40480
46715
41331
41872
37470
35870
47927
41910
44350
43634
41545
39505
45263
45365
41903
43906
42442
39420
41911
40119
41726
40603
39114
42738
39877
43256
38271
42845
39915
44348
41053
43594
44691
42797
39611
37406
43784
39708
41244
38413
41439
40718
41695
46021
44297
45242
40480
41456
47018
42372
43226
39316
45602
38511
39606
45021
39254
40776
41263
40474
47043
41378
42848
40814
38109
42604
44513
43510
41535
40151
43344
41029
37763
42258
37992
40074
44921
43087
44074
41012
40383
42727
45956
40453
47422
38183
41768
43371
41017
39161
38840
40127
44544
41977
36516
39532
40954
40807
42663
40257
39840
41616
44063
43604
43705
42772
42636
41018
41927
46346
42847
38154
43525
40914
43477
37708
46970
44823
45307
38960
43598
44638
41039
46987
41053
39499
42276
41323
40440
40994
46518
43433
39130
42544
45707
41846
39090
42917
41701
42310
43537
48489
36843
42149
39359
37181
38936
40808
44412
44026
40121
45973
36741
38515
42676
40294
45367
40927
46822
43605
44446
44651
41327
41324
39834
40006
42401
40002
41204
41986
44078
45735
40045
39911
46231
39136
41313
40006
43119
43796
41492
39734
38052
46061
39526
37842
40270
39134
42879
36095
50725
43137
42775
41171
41167
43242
44878
36766
46109
45341
44413
43253
41780
37297
40999
42908
43974
42328
46897
41192
42294
36618
43288
44349
43604
43560
40899
42989
42859
39911
40666
40596
40918
39900
38845
39519
42288
45322
38679
40737
42320
44360
40447
45208
40521
38322
45931
44279
38995
44360
40462
42126
38330
43230
41856
41198
42240
42178
46941
45718
40726
42283
46518
45414
47994
41824
39385
44124
44531
41955
40305
42984
41043
37483
44566
39904
39169
43248
47526
40002
46946
43401
41988
41717
42246
42314
41978
41724
44314
43242
39321
46238
39734
44244
45394
41432
39584
39683
36290
44997
43692
44132
43532
38409
45547
42096
42650
38183
42130
45711
37942
42425
46335
40965
41482
42383
41698
40542
41234
44074
39087
46707
42228
39399
37431
42328
41558
39159
41530
38188
40624
41946
44394
41324
40189
50628
41282
42676
41638
39611
41907
43387
43291
42816
43959
41800
44970
40520
37406
41313
38638
52009
36877
43665
38857
44655
38188
50672
42891
37625
41234
46402
38316
40318
35220
48953
42266
41149
37406
41480
39805
41269
42302
42891
39420
49158
41893
41378
47782
41431
46220
46101
41911
39557
39237
45520
41186
42862
39608
42574
41230
40037
46627
40002
45571
42201
41585
41989
43969
41985
46840
42893
43306
45506
36926
42414
37763
45006
44534
44182
39641
42874
40623
43082
39955
45500
40462
41973
41712
41251
41129
42179
44242
49169
47342
46386
43623
41466
42494
44009
44265
40542
43019
39977
40592
46739
40961
44154
43595
41879
43675
41778
42459
39522
39672
41472
40469
46425
44478
45891
39455
41454
40045
42431
45492
41191
40860
37371
40960
43644
41915
43770
47544
45971
43885
48396
45389
41548
41105
40424
48489
43236
41073
40006
42985
41864
43463
44347
42910
39641
43329
45574
41873
48147
43489
39376
42817
41233
47800
39838
39017
42081
46405
41221
43998
45040
42501
42731
44446
44717
42364
41018
40270
40095
49485
45746
44608
44311
39958
38663
44567
45681
42908
43394
41132
39212
45814
42161
38815
44252
44530
39169
39455
46394
44188
42954
42308
46151
41029
43649
40336
41695
41910
42902
43659
43507
41084
38052
41188
42760
41257
40966
45500
46345
41210
42591
46247
46627
45234
40174
39582
40151
39935
39138
43627
38300
38031
44970
41131
43924
44360
39058
44862
41926
38585
40527
39876
38692
41317
44375
41955
44258
41307
46145
40581
43140
46386
43087
43818
39680
44570
41579
37181
41117
40064
38472
40302
40301
39120
43027
45166
43433
42364
44083
43973
43434
48811
45099
42650
43706
44336
40722
46071
40486
44653
40860
40480
49453
38144
45660
46190
44398
40792
40802
42209
48412
43685
42663
39254
40882
45101
45743
39228
40797
39059
46809
43913
45312
41960
45834
41110
40163
43689
40687
41492
40073
42065
40837
40054
43242
39611
41694
39916
42903
39852
47497
47112
39460
48053
42558
40121
47336
35523
40465
44244
41166
40970
43242
43214
38774
40297
44806
40406
47305
38133
39570
41101
42249
41439
43010
44700
41072
41263
40318
41419
39875
40374
39570
42788
39641
45662
45142
36872
43966
43976
41299
45116
41070
47031
42816
39468
37929
40542
40706
40133
42060
41140
40415
44935
42334
45658
39384
44568
41317
41750
39758
40036
45319
40846
47740
46587
39476
39716
40588
40571
46600
40627
42733
50264
42508
41700
40682
44075
41120
45747
40393
44602
44461
38322
40553
38128
44418
40537
38271
42367
48183
50498
42092
44139
37121
46246
47484
37763
44004
38007
39606
44892
40151
41365
40299
43409
36452
40029
39087
38960
43938
45282
41519
45636
40882
45350
41840
45677
42179
40292
45880
42462
41052
46816
40999
44183
40151
39282
48196
42310
42069
41378
37518
41539
43082
45062
46033
38863
41425
47090
43191
44083
39090
42777
43112
37181
40156
38857
43931
46567
46204
39788
41694
44045
46225
43010
40576
45810
38692
39869
41105
42377
39312
42891
41586
39206
41492
43582
43435
43477
41250
43732
43083
48697
40970
42643
43914
40673
40187
40151
41222
38188
42256
44278
40637
42528
38597
41828
38052
44180
40741
44295
45514
43972
42476
42980
45417
44961
38188
41753
42868
40960
42859
36877
43646
44394
44791
49876
41167
38848
40140
41234
48035
40116
44717
44125
42933
43114
46974
42522
45083
37929
43341
43075
42582
44083
41938
41492
41270
40481
41395
41763
45610
39455
43930
43991
43673
44360
52884
41222
41587
46301
44126
39869
42083
39055
37763
40462
47068
41876
44238
43476
43118
45254
42627
39321
41822
42696
44970
37406
40838
42786
46903
45055
41339
45426
39427
41174
43866
46560
40810
45706
46005
48280
39706
47818
43386
45863
46558
40869
42895
43831
43173
46240
40882
44126
40999
41481
43344
41269
40899
42949
39805
40061
40297
41616
41726
42358
43380
39601
46600
41325
42328
44394
40037
41270
44957
46263
45582
42643
40135
44402
40588
39396
44084
45031
40108
42113
41824
41731
40401
44034
39958
44569
48392
48731
42461
42069
42361
43723
39675
40428
41327
41262
36095
45042
40898
44304
41603
38074
39254
44802
39919
40434
43145
45340
40308
41551
48330
37708
44224
44629
40036
40054
37297
39306
40215
45917
40156
38789
40619
47914
40745
44183
41752
41179
44773
38692
43100
46707
41375
41691
41773
40999
49977
42634
42913
43274
46175
45192
38188
43076
41505
43326
43696
39284
43554
40708
47824
43084
38403
40576
40440
40151
41903
47574
40002
40451
40810
42898
40833
41001
42438
45948
47566
42948
40860
40433
37759
38679
41261
40480
39791
50470
39922
37449
42103
41683
40380
45278
40821
41813
44446
37763
41262
37159
43155
42204
38154
43471
43906
41878
46400
46904
45352
44757
46923
39200
39522
42597
43013
39948
38511
41694
44556
44276
37791
40575
40301
42440
39343
39104
44746
45375
40066
41912
44027
43209
41052
43493
46344
41005
42233
45439
45399
41262
49649
38397
46868
43537
41475
42666
40415
41114
46458
38188
40576
46808
38529
44908
39343
38116
36513
45256
41186
44203
42926
39157
42300
41269
42439
46300
40248
41638
40588
44795
45932
42746
43996
42254
43384
41447
40617
40275
43155
40037
38901
38924
42474
42853
41888
46972
39894
41331
47110
44432
42985
43662
47361
41951
44630
45824
44422
45195
44854
38682
45794
39285
38188
43886
39385
41375
40022
39102
41369
37011
44047
44847
45402
41865
39254
44774
42254
41356
39057
40548
39254
38881
42068
44766
41768
37728
38772
39069
42993
41099
40916
41734
44967
38638
46073
44926
42340
38608
42434
42524
37973
46908
38154
39743
42945
40186
44664
41753
43974
43777
42249
39697
42387
40929
42048
40670
38052
47071
42728
43884
44843
42281
41061
39955
40045
41847
46712
46175
41788
39680
42868
38689
42186
40480
41726
42772
38936
44829
45301
41178
41130
38480
41585
46518
42984
42060
39420
40486
42107
42670
46158
39705
44988
38564
41067
45419
42970
43299
45005
42892
39104
43601
47038
44762
40006
39680
47112
42784
44795
36515
38188
38214
44090
37674
41494
39200
45498
45930
44638
37826
40687
45845
43326
43153
43268
44794
40741
40887
41904
45682
41049
38188
39503
42870
42158
41694
39284
38638
43662
52315
44307
43867
47313
43992
45574
46670
39386
40686
45492
49070
43649
49363
42276
44233
41092
42797
38097
43283
39338
43926
41456
45184
43762
41968
47845
38757
40916
42850
39316
43452
45385
47083
41879
41270
39563
44739
45293
50518
44280
42429
45282
42347
39911
43156
39285
40748
41116
42934
42293
44441
41885
39924
45574
41592
42854
44402
46936
43279
42419
41673
42328
41337
37406
45249
38924
42822
40994
43799
38575
40956
40061
42068
39316
41968
41443
40151
43053
43701
43684
38188
43378
45372
47931
47931
38052
41856
43104
39863
40085
38083
40703
41914
40682
37431
39641
40498
40848
42310
41571
39608
46150
40688
45198
40788
39575
38154
44439
41979
41370
38483
38188
44004
41822
48883
40061
49505
41915
38931
40309
41660
41585
40996
38349
44530
41039
46611
45063
44217
36851
40421
41063
41785
42684
42185
43896
43873
45674
45574
41305
43530
43326
42240
40845
45042
40557
42125
40247
42476
42086
44626
45854
41439
41262
44092
46868
48431
43324
39104
42851
44259
40383
40255
38456
46164
42536
42596
40833
42576
41592
42305
39961
40027
39967
41978
40309
42466
39992
37011
48937
41101
46835
38936
47896
43952
42079
45171
43705
45804
42121
44453
49796
44266
37009
44480
46653
38409
44547
40922
40659
36397
40301
40932
44162
43594
39606
38638
38056
47247
39766
46408
46067
41946
43532
42419
41005
41717
43288
39914
39660
41363
39285
44591
48131
44347
39048
41689
39794
40412
43478
38746
39959
45770
45478
44281
37327
36741
45388
47046
42201
46856
43094
42167
43297
44076
39919
39477
37943
44874
41724
43602
42701
43272
43845
45676
36452
38511
41303
43167
49029
37744
40244
42604
43641
37601
42740
41955
47936
42914
40086
40200
41228
43586
44560
44903
45447
38361
40948
45013
43593
43544
47167
41558
43358
39503
45676
45344
41186
46992
42494
41456
42952
41333
41853
40661
43588
41965
40563
40916
45867
42610
42455
39461
44604
38075
44028
42593
41478
39524
50170
39570
40553
41018
45355
39869
38638
37889
40459
45957
44666
42077
45054
45004
43354
43137
40122
43544
41717
39161
44638
44748
43023
39169
43686
44087
45453
40810
42249
47374
40632
40785
44141
44929
36988
45683
47621
40951
40032
46881
43794
42466
46410
43382
43173
47532
44774
41082
42470
45826
41078
40193
41603
43526
43861
43317
44839
48648
39523
44989
46406
43964
45323
37102
44534
43225
42651
42488
50132
42914
41700
41780
41550
43817
38959
42755
47119
45941
44727
41958
45365
46620
42926
38960
42133
38052
40156
40929
44567
36095
44698
42007
42895
37824
38496
41375
40383
40156
40810
41630
46199
42143
40776
47661
42020
41592
41975
40353
39415
41990
49501
44991
45608
44870
41592
44575
45025
44537
38488
45387
45582
46208
46872
38857
41540
41273
39605
44141
40837
43534
41533
40682
42914
42337
46615
39044
39716
40520
48358
43076
39420
43112
45448
41675
41067
41072
37597
43335
45676
43659
40802
42704
41105
38834
42238
43691
40200
41750
39159
39312
45232
36926
39070
41753
46126
42696
41800
40659
42176
39852
45020
46744
40999
44087
41977
40319
42927
42394
37523
41155
38665
39680
39812
41998
45251
38052
45595
41358
40617
43104
39861
41333
39392
40192
40317
36122
42403
39157
46204
46687
43757
42340
42185
41712
43172
42898
40462
42943
42083
46537
36741
43110
41391
40717
40948
38574
47321
41857
37804
41313
40952
43505
41108
41510
37406
39755
47513
42604
41905
44532
41712
42921
41454
41813
43226
38154
44762
43464
46026
41738
41590
40624
44889
43076
47661
46492
42628
40428
41698
43890
45515
43862
44515
42746
39875
42850
42845
45321
40026
40281
40095
38154
43088
48913
39801
45351
45468
44047
42364
38243
41961
42259
42006
46214
41712
40156
45872
42082
40882
39675
43246
47569
43923
43379
40953
40380
40557
44960
41915
43138
49153
40133
43817
39551
40462
42287
40319
41312
41464
42948
46970
41586
39775
42061
42519
46499
46007
42928
37858
40467
40810
41240
42124
41698
40100
45015
42816
39741
46533
47703
44614
44006
40622
44936
47994
44285
44847
41744
42592
41758
41673
42369
43788
40462
41713
40088
45818
40489
45440
37657
43832
39641
41914
41307
40965
42233
46684
42051
40026
43273
42535
40369
42696
43214
43248
41169
46498
38889
36575
42628
44523
43242
46283
41682
42399
48934
38188
39582
46555
39574
38834
41105
41592
42122
42689
44003
45598
42165
39812
42789
43049
46794
44530
44411
43572
47832
41108
41152
39911
48949
44997
41968
42780
46086
44196
40128
41485
39386
41279
41024
39284
40617
38924
41803
44240
47500
41648
45726
42407
40624
42034
41617
43645
37406
39420
44523
43271
49288
37759
45386
40696
46611
43184
42276
40656
41757
38638
38829
43166
40467
39680
41419
43137
39907
42113
40066
37675
39157
45518
41694
39951
42988
38936
44586
41268
46199
42926
42012
44737
42628
44290
47599
43321
42171
41800
43779
41558
41558
43342
38665
42569
42068
42693
41088
40442
40962
41982
47897
44019
39952
41234
42398
44629
41040
40689
42977
43766
40066
42149
42179
43341
44450
37383
36877
44004
35128
41110
38413
40668
44141
49828
47289
39554
41809
44176
36095
48183
40415
41269
42150
40423
38679
46086
37943
46628
44876
38195
46405
42113
41430
47463
42410
39420
43665
41712
41117
42266
39328
43698
42425
42579
38483
45542
43271
43036
46424
39464
38214
43461
40382
45582
44664
50567
42520
46926
45086
40095
43112
45900
42503
41879
40347
40036
39911
42021
39039
42377
37657
43998
47474
41622
40656
40562
41682
40384
43904
40897
44798
38774
45200
41915
42893
40532
42898
39899
42921
44206
41396
42689
38840
39683
47225
41881
40627
50614
45080
37181
40914
44898
41026
42926
49378
44171
40447
39284
39766
47714
44660
45251
44781
39558
39380
38496
50064
42763
38840
45751
45583
42797
39342
42186
38558
41800
39611
43525
40962
43244
41851
42970
42734
45402
44397
42391
40232
42985
40585
39630
49682
46358
44861
42852
38936
44666
38409
45016
43112
39975
42096
45799
39104
44246
43326
43039
45099
43011
43444
43231
36095
37776
38881
41701
44523
42176
46354
40945
38413
43960
40687
39129
40985
40446
43710
45465
45095
38511
44330
44411
41198
39958
40808
41617
42337
40897
40270
43959
44405
41049
36877
39775
41982
44211
41328
39232
44233
41558
42069
42147
39087
42354
40982
48723
42728
41603
42800
42602
39896
38960
37649
44892
46845
41285
44157
43000
45332
39680
46753
41543
44685
41198
41971
43375
40748
44755
42391
38924
44966
46424
42604
38413
42547
38337
44099
42937
36877
38188
44523
37763
45756
38679
44157
45006
41167
41660
41072
41856
39582
41698
48336
42689
38411
43468
41169
43382
39596
44152
38896
47815
43918
47690
43161
42895
39771
39875
42627
42286
44175
42253
42238
41530
42075
37763
38638
44233
42580
41603
42369
41712
43544
42302
39126
47200
41222
37327
42930
47637
42369
40912
39413
43322
44694
40745
39392
46381
42099
39876
43508
41616
43058
39982
38734
40317
39343
43322
41131
46525
35523
38052
38726
42191
40710
38074
42868
40156
37523
37041
45456
45677
41439
45259
43386
37406
42796
45837
38109
44893
42368
44607
43707
44091
42256
39503
44961
39306
46591
43192
41233
47492
42178
37491
43169
40837
39070
37748
40170
38682
49384
40486
47284
41690
44392
41492
41968
44756
40810
42407
41499
41730
40849
45794
39708
38603
43085
48583
43766
43549
40045
41958
45781
39392
45581
38300
41333
40843
41880
41227
43544
43594
42509
43794
45818
40814
42221
46158
46974
45583
40837
40415
45065
38693
44927
39852
40442
38936
40022
38081
42328
43344
37929
40229
42996
40257
38271
38188
41188
43195
37441
37927
41726
42238
50201
43273
38188
48157
42831
44095
42958
45866
43091
38480
38480
46003
41188
46050
43410
45371
37649
47992
40371
42069
42575
43011
40094
42956
39385
40947
43292
42981
41453
43068
43499
43023
43406
47867
48262
39554
39278
44581
39151
40869
46295
38243
40517
43678
38081
43616
40676
41431
43817
39743
37372
47717
46650
42185
44607
42713
39306
47807
44180
43594
37746
45808
42816
40785
45019
39185
39577
44752
43326
44021
43691
43120
41542
38511
38299
48204
38755
43543
38719
44802
40682
48931
39254
41238
42315
41205
40163
41660
46367
46536
49882
44246
41938
41240
39397
44348
38109
41312
42500
38154
41520
40095
43782
43920
41998
41543
40270
41430
40270
44304
38638
48110
43424
44134
45618
42908
43165
41950
40302
44570
40156
39386
36741
45718
41093
46899
48131
42034
44012
41014
42184
39087
46567
40718
40833
37548
45028
43643
45293
41307
47813
38088
43832
42332
40133
38469
42795
43113
45028
40009
42288
39090
42121
41664
43679
50624
43054
41717
40627
43225
39055
41832
42662
37846
42068
39210
38046
45156
43976
45630
40270
44228
38936
39090
38800
44735
43640
48216
43278
40203
41754
43991
43724
41268
37207
42407
43006
40140
42850
41533
42437
40547
39794
36277
48756
38075
42748
43217
39733
38488
40270
37763
40976
41320
42986
42715
39840
41856
39284
42850
39203
46418
41037
40428
40949
44384
40033
44847
40159
37825
46301
43248
39386
41980
38924
43013
46798
40959
45314
40200
39151
42950
45852
47386
42840
41946
41980
41084
43168
45851
38109
49273
44722
36606
42419
40036
38800
45122
40199
41902
46908
41659
40257
40849
44543
43266
41331
41968
40659
47055
40960
41324
46190
43537
45459
39519
39011
37827
46120
41698
37916
44975
39254
37406
42242
38188
41167
45201
42179
38322
38936
42802
37827
42908
43408
44175
45182
40328
51073
42197
42231
42188
44929
41256
45323
41263
39704
42760
38848
46591
37842
39497
42709
36932
47200
44294
41837
37763
47964
43595
41501
41838
46422
37943
44241
44837
42305
48756
37406
44179
44446
39577
42420
42328
39203
41348
41344
46600
45112
42284
40785
38734
45093
41132
42930
40624
36397
40317
42897
40037
41052
42133
45515
42483
39900
43570
40270
47780
41303
44425
37613
45259
40317
37406
48705
38936
41859
46663
45023
41481
42334
40200
39849
41061
45982
42903
46668
45845
44386
44530
37223
46386
46907
42796
42626
44660
39554
44126
48485
45402
43007
46802
38005
40247
42552
41808
42573
41333
43557
41712
45842
40246
45863
39210
40013
46695
40393
38074
45749
43120
38799
42207
45341
44360
41425
39058
44173
42442
41270
46908
47000
46320
45387
44097
45700
43207
41990
46512
40882
47875
41104
39794
39982
41681
42689
43733
44925
38538
45818
45424
47134
44847
38345
44358
41149
37489
38889
39476
50717
42509
41859
40380
43252
39840
40187
44029
41850
46886
43586
40436
43563
45871
50059
36616
40092
46758
46199
43764
44377
45558
41603
45705
39777
45723
47865
47052
42228
41822
44427
46183
41733
41366
40064
37076
47327
40558
44359
40208
46452
40904
40037
48254
39386
43730
40033
45416
39364
39794
44522
42614
40810
37417
40785
41766
47087
41936
40236
41437
39322
38995
42301
43701
39284
43137
43714
48554
41726
46440
42483
41936
41387
49153
41324
42363
47818
37929
51450
40778
41914
42186
42916
36976
43804
38405
45618
42524
45096
38405
49620
38271
43307
43798
43969
43151
43858
52799
38361
39386
42627
47339
37200
45208
43376
38444
42034
41927
36877
40843
40002
38194
43291
46535
38924
43430
37929
40917
41612
43656
42460
44575
44188
43487
36872
39680
40176
43022
43318
42658
42874
43906
38300
43119
46007
38354
45157
43142
41150
38638
42017
47809
41976
38912
45002
38750
43934
43832
41914
44147
41493
41660
40687
42689
41159
43257
44682
47406
48035
45293
40801
41519
45433
43242
47583
43605
40156
41468
43884
41546
42271
39977
43391
40617
44180
39385
48672
45758
39657
44760
45926
46970
40956
42361
38810
44360
47048
43031
44202
45215
44274
39911
46320
43607
45676
37992
36348
37827
40257
40659
47539
43244
43335
39926
46027
46109
44970
42840
46133
42707
39672
44439
43326
40140
43393
42831
43799
43650
37181
43090
41630
45479
42441
39959
39420
40589
46181
40383
38905
40353
38540
42927
44212
42624
43424
47033
38800
38800
42123
47199
40882
37181
45023
41003
41222
44457
44341
44703
40940
45182
43454
47655
40435
37406
41889
44152
45411
46506
39411
39750
40054
39210
43482
46219
43863
42291
38608
40774
43158
41327
48488
44666
43877
44261
40462
43087
42058
40935
43326
48252
42772
40440
39741
40133
41131
40270
40054
39151
45369
49505
40605
40270
40480
41751
40270
40343
44799
40203
39059
39090
43972
46994
44314
41948
43557
47616
40903
43616
43379
41765
41694
43586
41375
41262
43643
43572
45102
46627
45598
40882
45036
41024
39759
42258
47015
45299
40557
40359
45912
41231
42161
41934
45863
42851
46147
44244
46008
39876
39794
44992
40687
39672
39329
44528
42748
41505
39611
41249
47112
42398
45063
44910
44881
39554
45900
46203
46518
39281
39786
42787
40168
41217
42167
50180
43350
42012
39058
39474
44244
46950
38889
43484
40770
47886
45371
41654
40960
39392
38052
41061
46105
46504
49029
43526
41445
39743
41638
42158
40793
45023
38822
40570
45057
40954
42479
43085
40192
47797
37826
40085
35700
37098
41321
41418
42762
37858
44272
42557
44607
44820
42363
41169
43380
41327
40949
44862
40480
41101
42880
41365
43884
37406
38608
40095
43518
40687
39360
37553
46224
46237
43475
43636
41084
38349
39558
41176
47281
42127
45315
43423
36290
41493
44741
40816
41666
44787
47150
45706
42948
42193
45043
39864
41017
45811
38188
40517
43087
37763
40485
39637
45490
39274
40427
42266
45682
40703
40409
38188
44047
39875
40317
43344
42012
44660
41592
49703
39510
37011
40302
39726
39392
42419
42743
47632
40201
42254
39680
43444
42460
42193
42346
43733
45933
44739
41163
41696
41361
42851
38105
39805
43976
38564
40576
40445
45318
40576
49307
40576
39794
40887
46936
42868
40687
40904
46172
41659
42619
43006
40319
40168
40793
45874
51504
44842
43206
41788
39420
45383
44179
41809
38876
40120
43068
42433
43898
40785
44575
38320
43774
39399
43775
40757
41543
39126
43675
45773
40203
41137
42040
41674
46754
41472
41698
40061
41856
44088
38483
39321
41228
44837
40548
44326
41431
39338
41603
42185
45511
43049
43507
37943
49424
44682
40188
38128
41949
38444
43767
44957
39982
37601
44470
38307
41332
43943
42546
43410
47955
41717
41753
41468
40961
48461
48965
39875
43042
41439
40445
44762
45407
43749
42384
50039
38746
40383
40168
44440
43111
44244
37578
43520
45472
44156
40648
42414
42240
42522
41881
43784
40460
45706
45107
40031
43643
43602
41997
40037
44877
44783
47660
36516
38924
42550
37776
42544
41533
44177
40738
38936
38679
41262
43597
44065
41492
39546
41813
40462
43552
40670
37929
44878
42425
45562
41033
40037
42943
45843
46839
41747
49775
39059
43442
37657
40318
44509
40513
40940
37842
47344
41253
41489
41712
39380
43588
40066
42727
40428
41478
41303
45181
40253
43658
42390
40462
40045
48665
38991
40440
46100
44244
44078
42908
44047
41663
41332
45236
40054
36618
39285
52787
40576
44992
41709
45447
39708
42891
38976
40066
43984
40536
42371
44934
44618
40670
42451
38511
40786
40465
40948
41396
38936
43766
41619
39611
41454
44709
43125
43704
43572
41167
43697
43929
46440
44144
50761
42462
42200
40864
36877
42980
44405
45451
40077
37929
40585
44384
42202
37763
46020
42729
40040
43379
41752
43321
44657
43344
43062
45342
44305
42669
39707
48501
47033
38409
40802
42161
40151
39344
42004
45063
43010
38924
41698
39794
45718
40241
39606
40768
38330
44030
44798
42589
46276
41262
39471
40486
41532
44401
43266
44070
43677
42337
42962
38109
36877
41882
39641
40462
44723
44621
43265
42202
43850
43266
43425
38833
40622
43807
43959
46354
40617
46652
42279
39087
38845
48458
45833
38603
42494
44395
44360
44608
38601
44478
44595
41221
42895
39385
40916
37297
48647
43084
44244
41325
38188
38511
40838
45936
41876
41997
41074
38845
42989
42378
40384
41269
38109
45300
40073
40617
38840
40557
42419
38662
39491
40257
41222
40675
40952
42926
41052
42844
44933
39637
45433
41646
42256
44826
39601
43110
43650
41754
44211
46634
41898
40215
40214
39822
41965
40624
38959
43594
45453
41780
39925
37406
44016
43151
43938
41885
46818
43498
42138
42500
35700
43890
40044
42976
44026
40168
45408
42998
44090
44901
39070
48974
39876
41631
39862
40192
38638
39672
42815
45233
46831
40168
40627
45971
40215
43882
43938
51453
44994
42081
42256
47167
47660
44582
35975
37406
41269
43466
45033
41998
40810
44357
41408
42748
46424
46618
42193
42662
40710
40486
40622
45913
44980
42579
40904
47558
42694
47484
36741
40991
41808
43088
44800
42556
43551
39821
46634
37763
36851
43482
42364
45886
40845
41396
40270
39914
43452
38109
40961
45092
41233
43023
41556
44495
45648
45897
36360
38322
45462
45438
42976
44421
39360
44014
38469
40612
44210
40462
38995
38630
41001
45858
42332
42796
42012
40982
47088
45230
41752
42118
40271
44156
43927
46262
38859
41521
44862
40797
39554
42938
48620
43381
40299
45170
38585
43539
44003
41855
37776
44292
40739
48869
43854
43110
38931
37708
39444
46760
45377
41824
41780
41946
43729
47225
41359
45267
43326
40462
43770
44774
42328
36843
37684
42602
40458
41327
45569
40612
41530
40177
43685
40948
46461
39557
47749
44893
39881
41879
44879
41324
41138
43169
43772
43965
41073
37352
44970
37043
44027
38624
38302
44177
43289
44004
44027
48195
43542
39427
38905
37767
42922
44157
43639
42746
43818
42460
40838
43394
40447
40814
42868
43047
39104
40723
37181
43646
41603
45761
46406
45718
44604
41709
42721
42186
37076
45582
40100
40517
45323
39458
41688
47882
39878
42550
40749
45995
40753
42696
37763
42949
48055
43350
45528
42576
42204
40486
42068
38779
38905
42305
38960
41222
37523
42777
38413
41429
39794
41800
44938
41822
44279
45975
41604
42488
37747
40527
39420
40558
44695
37759
38273
40557
44711
43818
48665
37327
38905
39611
40617
43058
39392
44826
39527
42324
39284
41008
39340
45423
44463
40192
45507
45166
45914
43303
42340
42794
41385
45228
42985
38052
43653
42398
40710
42614
41788
44178
40281
42335
41864
40145
42240
42720
48446
44853
36618
44460
46213
39852
38638
41607
40659
41333
41914
40235
40869
41551
37011
43193
40521
44990
42434
43987
47178
40775
37181
42824
44349
41546
45773
43813
40916
43359
43893
39625
47229
44189
40486
44854
38968
42200
41049
43536
42985
40163
45893
42377
42083
42425
47718
42306
41355
41598
45758
38188
44976
43088
40095
40303
38573
38638
43053
48647
45521
42446
38405
42470
41988
44604
41263
44566
42179
38287
40701
42021
44343
45735
40982
44146
46296
39444
43514
41052
42258
43014
41234
48914
40576
41003
44854
39523
47302
40926
44567
41851
41915
39117
40251
42588
42524
44999
44540
38154
46877
44599
43315
44665
41186
39206
39339
48460
36926
44593
39680
45448
41585
40904
39674
43972
42052
38052
39954
37826
44044
42983
42034
42470
42308
44808
40486
38097
45260
42005
44402
44877
40576
36618
39491
39743
40270
39807
37743
38960
40814
43567
38834
42949
45163
42499
37076
44540
40505
44559
41430
43819
40605
42460
40650
42868
40575
38052
47178
42291
40235
43554
43174
47807
37869
41780
39705
39385
39343
43498
40644
45393
42794
42461
40693
42126
42789
38743
43863
40970
37657
47546
41885
43359
45870
42812
40270
37347
42096
40722
43103
42740
38258
43572
44196
42473
39415
49430
41663
44156
44655
38654
37489
45736
46023
42306
44781
37449
40480
40085
46312
37992
43409
42704
37283
39873
40214
41237
48008
41639
46208
44821
45323
38845
42850
42068
44503
37625
41213
45728
40383
40813
41339
40670
40649
43230
46457
41043
41198
43537
40525
39924
44546
45699
42096
43808
39694
41934
44598
46015
46431
38709
42147
38247
40757
44007
37401
40038
39385
43582
40567
44720
47186
45506
47333
41271
38052
43742
39680
42593
41659
42308
44169
41007
39420
47053
40517
41273
44285
41038
40486
38852
41949
47331
45776
42943
44540
43659
39582
38503
41805
44569
43036
37763
39104
41970
42697
41119
43784
42079
49618
43524
44307
36872
44893
47156
47381
42589
43611
41265
47991
38975
44357
42278
41530
36843
48994
44910
44694
39441
44791
36452
48831
42669
47077
40996
46481
44257
39570
37826
40967
43174
40898
40203
46228
43601
45991
43483
46007
44411
46118
40334
46081
43537
43358
42935
43976
36346
45007
42298
43598
43089
41192
53696
40066
39875
40772
41493
44732
41592
43784
39838
44511
42506
40259
42634
42309
44164
45140
42812
44130
42964
37489
42572
48262
45770
40217
40857
44241
42278
40982
39385
44870
43442
43843
42891
41800
38834
41694
45807
44523
37745
43153
39704
40810
43616
44241
42812
39039
43344
42114
42005
36903
43701
39750
42718
46240
45314
46034
45539
41250
41254
44570
46144
39922
37053
39743
43622
42745
39379
45818
43507
38409
38109
42868
39055
40889
44879
45106
39059
40589
44807
43097
46730
45017
47033
40287
43857
45004
44666
45042
40318
42403
46431
37708
38575
40912
39468
39641
40938
41160
38638
44559
41324
42842
44047
39284
42475
44514
42850
44599
43918
41166
42191
40861
39392
38638
43350
44292
43766
45630
39554
45544
38834
48139
41234
42891
38395
45330
37181
43146
41907
40921
44123
37406
41171
39794
44588
43884
44552
43013
37739
41234
40423
43890
39386
44453
43858
43823
44259
41885
38960
41986
43996
40192
42435
41233
41995
40327
40013
42555
42495
38188
39552
41540
43382
42549
45004
40585
42859
38188
40064
37927
39958
44900
40203
44774
45027
41074
36547
40523
42455
38511
40002
39265
43340
42862
40954
48474
40270
40953
46730
43002
44653
46291
45275
43226
42238
42017
44089
43173
41263
43084
45444
37406
39569
37827
40270
43647
45399
39582
38638
42850
47193
42249
44874
39637
41914
41009
46164
42957
43698
40912
43615
38322
37297
42298
41233
38413
38271
41712
43355
43442
40270
45234
45251
40624
41624
46372
38682
39919
39104
42725
40627
41396
39975
38995
42611
42593
40353
38483
42144
40469
39265
42558
38564
48267
42906
42849
43611
42328
38188
40814
45460
43357
40192
43558
37406
39569
44893
41643
40710
41973
43427
41149
39285
40462
42109
43819
40585
40428
41095
45975
43318
42240
40623
44901
43014
44846
45755
40772
45770
40200
39254
42893
42810
41730
38444
42498
39704
43522
43701
40903
40151
39763
39055
40960
47568
46155
45561
46809
42442
42377
38300
46882
45626
39810
47740
37406
43645
43204
44449
40838
45995
40151
43060
42470
44427
40576
43242
45970
42878
40486
42918
42914
44567
42126
39807
40682
41694
44375
41093
46804
42425
37763
41487
41192
42065
39102
43650
47873
46132
40520
43014
40156
44401
40927
41292
38188
43174
39582
41726
40830
41455
41074
46074
39175
39526
40596
42010
43846
42126
42010
45399
42524
44862
40708
43460
39104
41832
43162
39225
44357
51939
39284
42425
43222
36516
40383
44054
40026
37920
41676
46002
44341
45788
39852
40212
42747
42084
42361
39254
43698
43395
42048
40625
41858
38845
44800
38394
42306
38910
42804
40119
42978
41319
43612
47356
42974
43110
40596
42017
41194
38968
40297
41307
39763
45801
47095
42898
44582
42494
41884
40382
45905
42970
47219
38718
40648
45353
43594
37169
46302
38968
41481
38834
39875
41530
42183
41468
42738
41132
46167
41037
45167
43136
37763
44314
46946
42181
41914
40589
44004
42298
41263
44630
47417
44876
39043
44112
40739
45323
43231
38692
40462
40576
42507
43640
40032
43700
42328
41747
42610
42142
48372
40031
43784
45936
48484
45802
41813
44672
43119
42460
43602
45658
38362
41052
42025
42977
42522
39606
47039
41808
43379
46997
36843
40031
37764
44250
41263
43621
41348
41228
40045
41914
41592
42044
40513
39427
38740
41646
46204
40919
45958
40480
47782
43653
44809
41743
49920
45625
42007
42742
42748
44324
43113
42207
42202
37763
41546
42352
44979
42393
39029
40682
44117
40242
42819
41401
42802
47544
42380
38594
44000
45704
41910
38271
46858
42550
45010
43771
43820
41557
37406
39629
45926
41288
39285
41400
42125
42506
43019
40415
45263
45429
43545
45832
42442
40073
41262
42166
44762
43978
43041
40849
45036
45507
38682
43147
44772
49370
39852
38755
36397
42580
41808
38201
43384
41307
43129
43796
41912
44028
49819
42387
40095
39392
37763
44523
43261
42850
43698
39420
41643
41741
47826
43770
41222
44557
41119
41316
43322
49968
38188
44023
40414
43746
40741
41765
45863
38725
43801
41726
40982
39055
38924
41052
39794
42898
38741
37827
40261
43599
42142
44074
41348
43859
43368
40473
46036
36741
38188
43110
39674
45169
41396
46088
41521
36843
41235
39641
39321
41530
42731
39265
39951
39420
44372
39070
41718
40791
44285
39449
41018
43814
38630
43067
45770
41263
43266
39951
40627
43922
40271
39090
36877
42165
38859
46379
43264
40336
42178
48060
44688
40006
42198
40360
46556
39622
41119
40502
40066
41704
39917
40415
41493
41233
42902
42112
41487
37913
42824
42146
40156
36515
41328
42720
40680
44974
39499
39316
40916
45583
45558
39743
45574
46777
38960
40837
45438
48260
41753
38052
49285
39265
41703
48880
39201
40255
41228
39926
37927
42390
47504
42024
44963
40758
41851
46288
44860
41992
44323
39142
40810
38052
40347
43560
39929
40421
41210
39503
42015
46430
39027
41710
42417
48306
41342
39750
39794
39420
38977
42703
41422
41018
43918
38638
45045
38800
41049
41263
41694
41331
39581
46374
42600
46658
39161
48232
39777
44641
43244
44242
44146
39526
39344
43537
41750
44711
41430
43844
35866
40620
43616
37447
46867
46142
46714
42063
42844
42643
40560
43088
40912
41144
40066
49530
44567
40904
41316
39283
40133
44381
39911
38128
44364
44970
39306
43738
42249
39420
43335
40952
39876
38533
37406
44363
41885
43477
46159
42903
41530
43698
43575
43042
45886
42472
42651
43509
39385
42536
42249
45146
48491
41730
41980
44800
41558
41312
45852
41130
45636
37263
45057
38924
39900
42295
40281
44586
42843
47387
39527
43283
44439
41388
42283
41773
38271
40542
44070
41533
36641
41324
41982
40571
46378
39907
44241
46237
41819
41052
43084
48960
40212
40571
45599
42509
39645
42587
38726
39070
40415
43061
39180
38369
43145
37718
41718
38456
40779
42880
41712
43384
40943
40156
43820
38154
41647
38472
39392
46712
39455
37599
42029
41701
39284
50910
37011
41380
46734
39641
38718
37620
45854
44588
43326
50470
39807
43107
41234
39750
43662
45940
45119
38734
43402
41378
42328
42859
40845
42150
43242
39615
41726
45442
39840
38188
43957
40389
44130
44218
43215
40456
42220
38074
41893
41917
40603
43846
37767
38608
45201
42444
45806
43710
42328
39059
40140
39265
41660
41752
38942
41587
38154
44154
36877
41303
44421
39231
41642
41174
39570
39680
42328
41487
43860
41324
42690
45759
43866
38784
46748
38295
45652
42426
49125
41752
43410
48020
38859
43112
44153
39222
39605
42829
44266
42591
38924
41946
40462
42118
42017
42762
43798
42007
38069
38663
42386
39945
42950
42522
39582
43192
41344
37102
43927
43795
39680
44268
40201
47365
43221
40845
39822
40317
42610
47551
36976
39343
43843
41682
41250
45024
41881
37053
47074
38074
42237
41659
41256
38144
41994
42124
38511
40045
43948
40878
41053
44658
40389
38960
45736
40522
36305
42403
39733
44925
37223
39306
50708
42917
47824
41698
35700
42510
41131
44997
45557
40659
38995
38153
41356
43345
39519
38148
38154
41675
42264
40200
38188
46051
41148
43467
41914
44453
39392
44980
38936
43678
50835
42593
43779
39306
39455
44875
41864
45900
43174
42687
45134
45736
40605
44079
45676
44292
43337
39306
43004
47179
42446
40073
43169
44715
38845
45812
42126
41487
40389
43752
39420
43229
46233
46777
39725
42986
41697
41128
41363
43650
38924
44268
40192
40527
36530
43492
39157
38727
41230
46440
42748
44297
40523
44189
43470
42612
42490
45565
42161
45424
41343
43355
47427
44541
43084
38774
43330
41902
39427
41342
39875
42278
37943
39491
43437
37347
38154
44506
43337
45489
46452
43784
37406
41534
41872
47719
40912
41873
39037
41210
42068
41590
46718
41385
42474
45979
43867
38472
47227
39840
38154
44911
43444
41498
38834
46967
39380
44801
37827
45632
43722
38052
38413
42949
42015
39161
38833
39006
42797
42419
38361
36452
42126
46340
42547
39392
44589
44137
40234
43218
41066
45040
42535
41378
39142
41378
39781
39385
42880
42203
40843
41222
44569
41270
40026
40447
45220
37011
45027
43076
42592
46008
39582
41456
38109
40357
41943
43829
43860
41818
45340
42446
43987
43861
44509
43436
41828
41163
45368
43435
43023
43697
41608
41639
47119
39104
46458
43295
45227
44509
36926
43729
44205
42593
41540
44633
41387
42859
45036
44366
41103
39386
40520
35615
40036
40965
45903
40929
45620
40156
41856
39989
40814
41723
40997
41263
38413
37858
40687
42730
40486
41833
40255
42494
41700
43742
44420
42034
39356
39376
40837
37094
36851
42337
39563
42817
45544
38270
41052
40065
39965
43219
40837
40392
41270
44035
39852
45424
41494
41548
47944
41773
43678
44432
45643
43330
43435
41938
48886
41717
43644
40520
44398
47722
46267
40627
41788
39117
44666
41957
40623
40271
37929
38154
39733
37011
38949
39055
40900
45614
40784
44671
39058
41131
43154
40428
42461
40215
44711
41464
39385
42466
40772
43835
41726
41742
42140
41850
40899
39399
48309
47706
40576
46621
43211
43786
42319
40627
43566
41583
41492
42178
46425
42034
38271
44841
43688
41822
44787
39876
41575
40227
44617
43187
40033
43754
40810
39513
44353
42426
41383
40200
41896
45160
41533
40677
44147
44121
36843
43165
36877
46404
42064
44416
38052
39875
40270
37406
42018
45054
40133
43076
40214
45870
38413
42421
41292
43508
45424
44565
44305
44256
40589
43129
42879
39939
40679
42544
41545
46433
41186
40371
44470
46151
42124
49514
41198
42762
41148
44290
39736
40484
44910
47592
43244
45492
41213
44530
43332
38995
44892
45130
39975
45863
39151
42759
47905
43197
46704
45818
43242
46385
45119
42075
44106
40542
43248
38488
43273
42093
45070
39911
40200
41903
40064
39471
39743
45531
39420
39385
38862
43795
42466
47179
38488
43494
38638
40723
41717
42422
40808
40192
39887
39473
39102
43674
36877
44576
44364
42351
43756
44813
41659
39070
46108
43237
45170
42126
44895
45394
39856
39776
45857
42984
45537
38413
42667
42575
47356
47058
47375
38852
41556
42867
44285
40480
39006
42696
44602
42244
41979
40542
41663
41843
43530
45097
42320
40357
42908
42235
38983
42446
41324
41903
41231
38889
41925
39513
38409
43319
45633
42382
45762
38128
48261
46277
39376
42048
41167
43077
41554
42126
40624
41946
41528
44781
53118
40501
42603
43327
47852
40066
40006
44147
47146
40696
41938
44278
45541
47474
41501
42580
44926
40710
43523
40947
40505
45011
41454
44531
39558
40095
45016
44103
44360
44083
42575
38409
40036
36159
38623
46506
42079
43230
42831
39508
44540
36058
43347
41215
38726
48343
41210
42448
38413
43770
44130
39554
41754
39606
45319
41837
43344
37594
48608
39743
40810
39444
40163
43288
40270
40133
37279
44079
40192
40151
39270
39554
46340
40207
42256
40576
39762
39887
38244
44881
38259
45473
42502
38575
38511
43112
40421
41712
47560
45058
38322
40838
42060
43076
39092
45355
47468
40542
45714
42125
45674
41900
41546
45549
41881
39750
40486
44411
41651
42340
40687
49480
44549
44898
44085
44239
39587
38258
41618
43381
43917
44379
41303
40569
43209
40840
47402
44453
41228
40576
49554
40605
45765
44774
43553
39104
44243
40999
41686
41700
48285
42459
39045
41886
43725
40727
38834
42466
44351
41365
42201
40003
44891
44446
38755
42459
44249
39716
41263
42470
39922
40557
42430
43630
40608
45371
42976
40255
50038
41744
41044
45548
43698
43761
41228
41664
44459
42258
39356
48500
41456
42881
40814
43504
40276
40036
46072
38128
41042
45483
42494
40982
41688
38935
37406
43594
40462
44576
39062
43918
44934
47239
44397
40833
49225
41851
41438
39743
46594
40498
44116
44158
42563
37433
42619
43283
42914
43832
48121
41496
41915
41591
38757
45155
41027
40073
40797
38615
47146
40415
44263
44023
40301
43134
41398
41558
38942
38413
41373
47634
40797
46751
42524
42752
47028
48591
45831
44988
43509
41832
40956
45919
42789
39771
44800
42727
43712
39325
43373
44707
39386
40274
44270
41037
40159
44237
41166
42728
42544
45456
46237
46410
42550
41210
38188
39329
42726
41235
43622
38165
39141
39945
42941
40929
41333
40363
45809
37263
40197
41198
47404
40301
44054
39601
44537
38033
41919
38889
43818
44295
37523
40523
41726
39869
40498
42069
41788
38617
47431
40676
43497
42069
45417
44555
36877
40784
42319
46326
42624
42508
43368
39651
41432
39492
39582
40748
45967
44398
42390
43764
44086
43244
50657
42228
42257
40200
44211
41698
44547
42470
38081
44356
44881
44295
47762
40935
43373
46993
45221
43441
44233
39917
41540
42010
42812
37657
39911
49909
40270
45942
45914
47092
47164
41234
40912
41165
43042
39526
39204
39117
41801
46778
38679
39220
42142
40095
46352
43192
39982
41597
44660
38483
41768
39159
39234
44356
41063
43081
44254
41199
45490
43616
43882
46744
42628
40031
47919
41475
43894
44767
41437
40301
40377
41698
44062
45800
38834
42777
41265
42940
39777
45754
48364
43375
42981
40378
44835
41886
43987
37827
44189
41694
41516
39611
45330
41659
37181
39801
45874
39904
42689
41530
46627
46104
44157
38413
43375
43595
38109
41612
38188
41325
42560
39680
40899
45268
45188
46130
43034
42504
38936
41119
42748
40871
41577
44010
40632
39282
40723
43342
37283
39043
43135
37850
44077
36138
43766
41821
41788
39325
43408
44732
46219
42462
46992
39954
47001
44986
39399
43733
39102
42986
41630
42363
44847
41391
42245
37406
37283
42823
38944
37572
41704
44181
41431
41568
42544
39812
44583
39570
41739
44762
45034
39554
53705
46500
40954
44872
43076
43714
43409
40624
42574
41317
47962
44175
42891
38834
40049
39519
44933
42017
41140
42611
41978
36085
38511
43225
40899
43279
41180
40066
38534
42862
40758
46773
41585
39014
40696
41233
39069
42615
39415
40285
39385
43945
42012
41004
41053
40281
43054
39029
40517
42473
46528
43066
40772
40273
38409
40480
41522
45567
41933
38638
37158
39982
43732
41386
39570
41568
42302
39420
42812
44139
41638
46323
41584
44370
41638
45011
39258
45386
39392
43042
42713
43153
40064
38959
42986
41698
39716
43214
44449
40686
41600
43833
50398
38608
41268
42786
42924
39546
41757
43649
40201
41052
43531
39708
43230
48685
39344
42977
39059
39330
46065
43838
43698
40845
41630
39914
46078
46140
41694
43761
41327
41492
41396
42012
38119
40576
41994
45996
40201
40022
43400
45930
44232
36681
41856
38154
43873
41488
43382
42202
43818
42351
42626
41067
46828
43784
40151
42235
42238
45468
42435
42891
42407
41724
41907
43256
42370
43044
41320
38840
40771
37763
45015
42086
38188
41592
43480
42740
37763
40608
40710
41694
42586
40217
39415
41584
37509
38829
44772
40031
38587
41931
41492
39805
45839
41456
42390
40691
44877
43929
46634
39171
41196
41813
43314
48838
40617
41164
41698
39059
42431
42471
43125
39104
41963
41755
41720
40122
46739
41325
41260
41222
37728
42811
40151
40037
43817
41843
39389
40094
40576
42977
43817
43824
46239
40722
44530
43934
48803
50947
47624
42653
43860
43437
38165
43625
44615
43345
44024
45382
41240
42924
42005
40440
45222
42728
38052
40498
40301
41800
42010
42102
38725
46341
38188
40498
43267
41698
39497
38864
43010
44862
39738
39959
39159
38361
46157
44979
42908
44225
43960
41107
39794
42126
40066
42592
39385
40782
38181
38999
41785
41753
43688
43398
38635
43712
43855
40710
39975
42191
40415
43635
40317
38154
38154
46844
49592
40589
42565
42593
48248
37102
46426
43341
46591
40827
38638
37263
43012
44472
41898
38069
42069
47603
39285
44638
44700
43136
41375
46106
40898
38575
42789
40440
40066
40970
41717
42459
41543
46594
41375
45163
42740
41365
37850
40843
46140
40031
43182
40428
42950
38160
41702
43317
47021
41762
48111
39704
41456
46855
40693
43384
43069
43520
40032
43087
38074
46204
40346
43650
43992
40095
39420
41234
46189
43384
43119
37551
42985
39060
41914
40613
42628
41777
42857
42899
40486
43013
43691
41052
43373
38918
43393
39070
42795
43442
37352
39660
39009
43631
40151
44023
41717
47047
43289
41348
50601
44179
45031
45602
42249
42306
46316
44627
40792
42497
44254
41813
41217
41540
39203
42328
45524
39332
41856
43548
39371
38551
38924
42544
38740
41828
45323
40480
40691
41210
40837
38995
40858
48631
45420
37181
43957
42917
44707
39157
44898
38109
43517
39254
45444
39554
40866
42973
43084
46273
41210
46727
48081
44960
39239
39741
38936
42981
43514
40077
41230
39344
44178
46277
41996
40791
39840
42281
45393
38995
45070
39513
45121
43639
43370
44398
42121
39554
40545
41606
44050
39376
43407
45167
40688
44520
47960
42060
44369
42979
45770
45759
45595
42430
39606
46232
45937
47544
43866
44505
44027
39444
42508
44126
44783
41052
43916
42784
45381
41630
46570
40700
41130
38960
40057
47656
46334
41199
42473
47107
41108
42040
46251
39932
40576
40033
41198
43442
40982
40171
40254
41468
46167
42580
40151
44460
42519
42912
42715
40810
42389
42518
40576
40947
38924
43749
45546
38984
42726
41074
40800
43673
38936
38834
37102
42848
41375
41853
39443
38330
43650
45510
39513
43242
43187
39161
42012
42069
44019
40723
38409
43499
41969
47333
38354
45720
39142
37894
42624
41886
42504
38800
41240
44231
41753
43537
45738
41114
42010
40480
41701
44711
44156
44478
46799
41166
38247
39584
41756
38188
38857
44439
40458
39392
42380
42237
43677
45557
41651
48330
43004
39763
41539
40730
39385
43508
39476
40785
42917
35870
42707
41989
45994
38188
44291
42121
37747
41067
38413
40802
44637
41712
40952
41730
40677
40037
41540
44062
45777
40959
41101
45392
42331
43143
42751
39840
44095
41233
40151
42012
40424
44657
43525
45271
43044
39461
43354
41679
43129
41533
38349
41955
46098
41962
41954
39285
43924
45546
42328
47357
42831
49617
41821
43225
42178
41268
40486
41999
42537
44806
40520
45898
41741
44666
42319
41151
46187
37406
45303
42895
43602
42132
43142
39928
39309
43249
42186
39904
40032
45563
43969
40486
45682
39051
42034
43444
42340
47879
39911
52179
43678
44386
41575
40690
43214
40690
43532
38369
43318
38995
45301
38154
41246
42951
38734
40486
40462
43393
39272
42569
42602
44019
45193
39039
39040
41603
44562
44282
40624
46308
42830
42055
44028
37649
40952
45352
42762
44421
43503
42069
39967
39090
40947
42524
41166
41852
43504
44130
42489
44904
46639
46794
44714
39637
43659
36452
43218
40916
39975
40814
38995
39601
45128
42725
44696
39606
39070
44782
44307
43650
40336
43566
40627
40640
38247
41332
46388
42052
40274
39615
42192
40132
43650
44416
38483
41435
41324
44562
41685
40814
39696
39706
42650
39205
42335
39606
44331
48880
38153
39090
47457
50253
44616
46982
41108
40192
40520
42588
44029
43705
41298
42238
41726
47294
47520
40982
43460
41694
41183
44163
44630
43534
39274
43244
48672
39237
47209
39029
47634
43264
40793
43477
40520
40830
41108
48496
38889
44379
36953
37974
43112
37011
43413
38694
41709
41809
46547
47049
42634
41319
40037
39537
40810
46186
46396
40036
40748
42181
39657
38457
45159
43705
38743
40963
42991
39284
40389
39499
44029
44783
44007
45370
39931
40336
40462
42901
40336
43544
41233
42017
48299
39385
46665
44118
42466
43680
44216
37181
48816
39743
42524
41228
46467
43977
47167
44536
41843
41575
37094
46406
42814
44225
42886
45918
44888
45402
40309
46353
44384
42863
43998
38397
41324
42614
45743
40037
44696
42831
40261
41262
42949
40151
45922
38936
41169
42204
39087
43207
40542
43292
46260
39376
37433
39386
42200
36596
41074
37520
45574
40389
45402
42204
41712
48081
43437
40270
44298
44976
39996
41586
45154
45653
41558
41813
43707
38413
39864
47166
39459
41313
47495
43353
39900
51132
40486
42983
40186
40486
38154
40302
45304
44876
40140
42254
42762
45360
40234
45660
37177
44146
46192
43116
41808
39680
48665
47703
41331
45455
37572
43658
42494
43915
39582
40013
42730
42654
44860
39875
42817
45996
45903
43645
37674
45768
45134
36515
43508
42069
42983
43116
44860
41520
38960
43487
45548
46334
42220
44443
40837
42462
43133
39159
40032
38638
48138
39258
42912
41240
42470
46126
37263
42866
42538
43326
40700
43303
41730
43623
41670
40305
45222
42795
40624
44717
46101
46031
44408
45043
37076
45198
43129
44484
47074
42339
43712
39877
42933
39006
41800
39420
46948
44135
39851
39479
43977
42829
42142
44584
39265
45364
41520
42165
40045
41968
42816
42446
47443
44509
41737
42895
44026
43461
51622
40837
40585
38014
40268
40457
38247
42156
40588
49568
42306
40604
40270
39141
41773
40116
43880
41700
47061
43852
40882
41986
43444
41228
45260
41361
46818
38840
40480
42254
43819
39285
41183
43153
41696
40282
40066
43860
42276
37181
48965
42614
46987
42291
41820
39526
41666
42256
46695
39104
39254
42602
44851
39808
41873
40156
43011
42974
39415
42602
37763
44166
47819
45682
45920
44576
41747
43344
46907
38931
46668
42968
40661
40440
38102
45986
45930
41914
41718
41493
42235
42430
42830
42544
47609
44446
38829
42524
42256
42086
40970
43413
42431
42407
41540
42815
42491
49453
40384
43136
38784
45244
42513
46487
39455
43099
43799
35700
41592
38638
44311
42560
38691
41233
42964
42908
38456
43408
43586
40037
41292
45971
41365
40361
48729
43283
37827
43183
41439
41965
39642
39680
41934
39380
40647
41689
40838
43570
38842
42762
38960
39924
41317
41327
40140
42281
38881
45792
39474
44826
47218
45956
42403
45400
41585
43249
42390
42275
41664
46627
41813
44815
44559
43474
41785
43059
47299
46495
42295
43586
42443
47259
39855
41694
47790
44960
43266
43829
40110
42249
38638
41752
51329
43785
41186
39157
40515
46641
44112
41653
45220
38881
41585
46860
42731
45377
43998
42747
45547
38100
39464
46081
48035
41045
41167
43664
47172
39951
47656
42459
43834
40687
45109
49559
39376
48211
42034
39606
43545
42874
36261
38308
46873
41159
40480
44252
41872
47368
45978
44222
45021
43530
43435
40002
41962
39582
45766
41024
40916
41241
41163
46998
39611
44054
46431
41010
41269
40696
40349
39852
38976
43226
45362
37763
43207
39639
42138
48953
41921
37740
40360
45900
45451
41186
47119
45223
40360
42575
44090
43174
42753
45074
50499
38924
46533
44500
39871
43849
37181
46569
39029
48537
45978
39385
45320
43393
38836
38924
40457
41693
42536
43799
41598
42582
41108
38257
39911
44823
40334
39440
37011
42850
45302
39392
46599
41049
41163
47530
41061
40151
39680
42597
38984
38859
40480
42011
45730
43452
41608
40031
41602
42528
41372
40037
43354
49474
41832
43914
44390
44188
40673
41351
45505
42434
44593
37378
46874
43582
38924
46430
42867
37943
40785
40066
48225
39386
44231
37401
45727
45575
38959
41828
46507
47303
40336
38995
39344
44342
46574
46216
47637
39581
41323
41617
41105
44591
49980
45004
43901
42605
42096
36452
43190
41885
42479
38859
43353
36095
46256
42885
40192
37657
47246
47003
41901
40916
50478
42501
46569
41869
44240
41107
43996
37613
41756
42644
38638
43435
45485
41186
41537
41556
50814
42441
42883
40588
38743
44963
44407
40640
44510
42718
42276
44717
43226
41592
39420
43650
39869
44740
39157
40910
47046
44570
37406
46251
37327
47931
44430
38075
38413
41587
41262
38840
39601
46998
45985
38828
43152
41057
45927
41057
39689
40147
40486
44389
40349
44416
41050
41166
37406
46221
42170
35043
42655
41067
42113
38840
39219
41317
44079
40965
39840
41556
44991
38800
41826
47023
41223
39929
47320
42834
45304
43918
41530
38188
42942
45842
41706
45617
46557
38912
42068
41132
43337
46237
44642
41005
41600
43075
45900
41039
42580
44439
46267
44901
42180
40730
41828
39210
40966
47375
40382
41670
41164
44597
40612
42662
46777
43010
41475
40699
43888
43468
43605
44195
42891
44347
42143
44696
43597
44000
44174
48811
45386
41592
42597
36452
43924
42508
40970
44189
43335
41037
44826
45054
35870
40561
40159
41285
41205
45023
42544
44604
45649
42415
44062
44347
44405
36932
40849
42132
41698
38074
44760
44684
39810
43698
47021
41773
39043
42192
46244
38349
43544
40354
38931
42964
40832
50821
41919
46507
42442
42217
42139
42944
41585
42048
39225
45548
40245
45195
40255
40627
41282
41592
40033
46922
41905
43076
39840
42093
40929
37406
41107
42891
43661
41743
40576
46395
44357
40336
40457
40022
44092
40031
44537
38511
39704
43112
40722
38863
42981
38924
36095
43886
44674
40498
43268
41496
42862
43454
40532
45152
44478
40994
38743
41592
41327
38456
40676
41592
46316
40999
36448
39542
42651
42892
37634
40785
48262
40627
36561
40667
44584
40177
41919
41780
43765
48476
42886
41877
37827
44997
39620
43140
39750
43433
40965
41771
41375
44726
43735
41901
43084
41210
39900
39169
44427
45743
43862
38845
46780
41813
43040
41348
41754
41698
40837
41234
43230
44029
38052
40095
46587
44549
42818
43588
41235
40270
42034
43086
40270
39750
46611
40617
41431
39593
40263
38188
42976
41586
40864
44620
41982
45442
41959
45568
40066
37759
41982
41660
46237
45726
46998
40261
45555
44938
38603
41543
40786
43808
40287
43775
39840
40066
39159
38845
41333
42977
45944
42768
43811
46039
44313
42021
41288
45891
42471
41943
40270
45646
42539
39526
49124
40856
41539
40953
39203
42761
40576
46176
45901
38472
44603
44661
40522
43900
45818
39611
39582
45064
44427
47302
41660
46772
47387
47083
44508
42762
43493
46903
41979
42323
45070
40128
37657
41268
38682
41068
36448
42845
45901
42033
45038
39464
42896
46524
43083
45275
43256
39708
40843
39482
38868
41152
43794
41323
44218
43728
44156
40457
40833
37327
42079
44564
41070
36397
42561
40336
44826
42533
40758
41101
41052
44309
44189
37748
44810
48628
42696
50002
40036
42915
40116
43170
44876
41590
38638
42898
39284
41273
46744
39397
41279
45558
48807
45913
38308
42614
41974
39513
40687
38188
43662
44839
47115
39716
45577
43468
44876
45464
38758
41268
41361
38892
45602
41914
39385
39325
39192
46406
40648
39474
45013
38863
45557
41712
38725
43612
42863
44992
38628
41026
47167
42744
37572
38703
40659
45354
40060
43384
41668
46424
45030
40575
39987
39601
41747
40045
39675
42528
41915
42979
39876
38995
42442
43054
44030
40542
41444
43503
43802
40091
46246
42033
41115
42198
44099
40031
42587
48266
44782
42010
37793
41005
39439
41930
47257
38850
43787
41396
42981
45386
44571
38511
41919
40627
42702
45656
40797
40998
41119
41430
42555
45834
40505
42462
43622
44872
45259
39840
44514
43116
40480
38188
43268
45674
44026
43013
42459
41191
37940
43256
36095
39464
40797
38829
45794
47058
40649
39332
43326
41876
41990
45843
40814
46438
44964
41595
40328
42455
41752
40117
42959
42455
37827
47852
37181
45100
43559
42877
42369
43100
41771
40970
45340
40462
41981
38960
44588
40336
43680
42459
43283
49019
41262
41447
41444
42109
41907
39911
41998
44558
39615
46945
40036
43594
42463
41717
42991
37145
43553
43705
41354
37717
42443
43688
39274
41477
43307
41489
42473
42052
41287
42139
42965
40406
42914
43214
43237
48092
43794
41769
40037
46330
40523
41756
43616
42535
39685
43784
40031
41856
39399
48971
39420
48315
39392
40690
41262
41659
41879
42407
47682
46421
42270
41018
38995
45250
40384
40627
39531
39178
46822
37431
42926
42614
40576
40336
46687
38413
42696
44439
44009
41666
43202
36877
42730
43788
42442
42051
43241
38608
44588
44162
41250
40290
51157
48491
42886
41179
45169
41262
47320
37728
38369
42238
43811
42068
40843
39444
40037
44565
46506
42478
41558
40821
41024
47533
41378
39420
35972
39420
40215
41914
44748
40924
40045
43225
38369
41431
41747
39399
42075
42004
42096
44440
38527
47136
47058
39922
41731
42328
40682
42853
37279
44370
44147
41939
41603
45331
39161
43263
42934
38638
40679
42812
42643
40308
41342
39558
39523
38834
42473
41107
48343
39570
45489
44541
39284
40784
44319
43594
41768
39978
42238
43956
43682
40227
38154
40869
40513
43713
40770
41610
41664
40690
44375
42940
36872
45454
45080
39479
45546
37625
42616
42005
41801
41394
47389
45942
41901
43643
42816
41958
41282
39161
43376
44036
42426
42396
44614
38052
46081
40315
41757
47227
39794
42019
42454
43441
41773
50488
41820
43784
37943
44866
43565
39920
42669
41222
38936
45308
43672
39726
42178
46188
43120
39900
40036
43938
41068
41080
42536
40037
36542
37913
44216
40779
52922
42220
45254
44030
42277
40659
41598
47040
45528
40772
38606
41430
45608
42924
40121
45408
39680
49063
43376
43983
42302
39058
43691
40882
39316
40522
40336
40095
45718
45342
38665
41666
44570
39306
41649
44926
43770
47568
40940
37169
39806
42449
43735
46296
44475
44071
40837
43165
43847
52694
38532
48388
42933
41558
41052
40673
45743
43166
40259
37649
42704
42528
38800
43453
40652
41213
42902
43731
46507
39087
40486
43597
44928
44620
42459
39582
42515
42605
44241
43321
39537
42696
41528
39763
42710
39928
42841
38308
44009
38409
40904
41564
40192
46078
44566
41105
42377
42138
41944
41476
41431
40721
44360
40585
46702
41975
40962
38665
43028
46008
43853
42654
46600
44102
39070
42266
47635
43831
39313
42629
46233
39090
42188
41744
43639
41533
41222
39651
47194
43197
43560
39738
37383
43014
41528
38413
42582
40255
42332
42746
43893
45180
40912
43230
41458
39554
40294
44955
40038
44563
48179
43848
43174
39059
42903
44407
43084
42851
41332
41427
42759
45402
38726
41396
38840
42253
42730
42725
39764
38277
37625
41110
45319
43230
45799
48601
41982
40838
42894
41487
46920
41543
40270
42893
43119
40842
38511
42417
41724
40462
49094
39571
39285
40371
37992
42725
39840
41636
39380
42407
44098
44738
42459
41222
43067
46160
37200
37889
46220
40092
43178
40691
43526
38743
39612
42029
42442
42256
39159
43462
42944
44175
44289
41080
43116
44144
38779
40270
40066
39685
46846
41738
37827
41712
45589
41067
48053
43508
47331
42178
37406
44130
43302
43444
42306
44394
45902
44291
39455
42746
38834
42859
45997
43229
39254
38800
39942
41454
41694
44253
44581
44513
40837
41879
45549
41363
46669
40691
39352
47740
40036
40982
39404
45606
39420
41437
38720
38097
39254
40066
38667
42113
42474
41543
39420
46176
44241
40215
44141
41137
36516
46168
38694
44833
45447
42535
43172
42466
45870
38800
47280
42850
52162
45181
42249
42794
43707
48402
42362
42328
43410
39510
43248
48412
43542
46109
46174
43380
40574
42895
47370
44458
39155
42729
39927
42984
38074
41270
46201
44741
43019
42583
39989
37431
41989
45115
44440
41489
37826
43252
41344
39507
38936
41540
45271
40965
41815
45590
42093
49940
45979
41361
41353
41053
47921
43563
45385
49342
45510
40871
38154
47052
41312
42895
42902
39637
42339
46168
42347
47305
44611
43266
40480
45797
42431
47526
43784
42340
44602
41332
39284
40916
39316
43384
40700
42870
45939
42949
46251
49196
40601
41138
41728
46174
41307
40877
40480
39571
41616
42436
43544
42806
41865
44963
44407
37763
42908
43362
39091
43237
37011
44000
41317
48815
39641
49478
45870
44105
45770
43766
39611
46240
41486
43770
40510
39369
41650
40457
38974
44050
42100
46724
47168
42411
42684
42943
45141
42485
38199
44703
39929
38859
43477
49505
41986
47879
42012
38361
43261
40031
43560
45370
50027
43375
42202
43142
39007
39900
41796
40677
42233
46994
47186
41135
37929
44671
43820
43530
37327
38387
42200
42073
45498
44776
38052
39464
41726
41659
39392
41196
41773
42997
41138
47394
39750
44295
42302
46430
40813
41963
42466
42794
40945
37674
39385
37929
40001
47569
48807
43554
47527
43680
43231
39805
45606
42851
37763
42716
40741
39284
42430
40066
41528
42983
48121
41991
38804
45961
43065
39629
47740
42696
40123
39805
37943
43898
43639
41988
42138
41471
46241
42914
42746
45293
39097
39759
43218
38663
38924
40576
39826
46676
42518
40999
44666
42732
41317
42831
42524
40542
37927
41930
40140
43148
42100
45743
41037
41454
44314
43173
41998
41979
41052
42425
38603
46178
41037
42068
45160
42831
44798
44126
45725
41084
45157
44342
45999
42075
39911
42147
41609
43696
39316
37708
46449
39449
43967
40675
44955
42355
43944
39373
41700
38726
40522
43002
42817
45510
43445
43712
38559
46495
42257
50164
45133
48046
42446
38600
45821
39104
39254
44783
37763
42850
43808
45971
38031
39856
43882
44260
41982
42528
42147
42248
46191
42626
39896
46364
42782
38369
39907
44909
43350
38829
43646
40613
47009
41358
41803
48151
46084
45743
42284
42801
42126
42460
40415
41585
39741
43410
43616
41518
41435
45949
41850
41724
43288
41616
42012
41558
44835
43375
42299
37181
38824
38968
44239
43701
41360
45473
41648
44133
42431
47373
44130
47850
46566
42200
40953
42763
38936
38995
41493
39284
38480
37657
42282
43453
43499
41375
42988
44660
43132
44121
41700
43519
45527
43082
39608
41717
39641
42542
46950
42696
39777
46923
43120
40066
48699
40775
45063
43236
39733
40668
43757
37763
41217
38692
40270
39971
38509
42902
43216
38638
47384
36120
42964
38840
43677
39680
46639
42926
42933
41516
40164
38829
44523
40517
41749
40926
50646
39794
42801
43987
44072
41222
45447
39611
41994
39420
41724
43119
45784
42704
42922
39497
35870
39637
37943
43315
40401
43321
43376
39601
42983
40257
40289
42354
41815
41968
47094
43103
36926
45230
50009
39129
38834
43525
48817
41103
43437
43537
39156
42010
39788
44477
40838
42340
47632
42529
40953
43406
41292
44179
39284
44250
42001
55268
44796
38892
42868
45574
43650
40947
40147
40956
41800
43599
45031
37200
41262
39978
40741
41051
42060
43295
41492
41052
47586
39285
41378
42868
38409
38651
41119
39852
43190
40560
42294
43832
41447
46750
40668
45126
40200
43586
42150
43129
41548
41698
49249
41365
41210
41391
45169
43174
43444
41263
39606
36547
42598
46636
44334
37522
41194
41378
39294
45208
42572
38052
38663
39828
43974
40961
40627
38308
44670
46104
41458
40315
38638
41988
39151
44654
42706
45279
40485
37449
38936
43625
40860
41592
40594
39154
41072
41270
47167
38243
40727
38188
46164
41324
46217
40384
40948
39541
42611
42794
43247
39325
42901
41431
39392
46533
45990
43634
43273
42050
42226
42207
41186
43612
39392
45251
40682
43418
39473
41592
43344
44661
42007
44602
42891
44739
42306
44777
40147
45323
45976
42444
39923
39890
49883
42874
42807
42628
41268
42937
42425
42636
37383
39104
48408
41742
40779
36452
39558
44538
47914
36917
44520
41592
45811
43067
42126
36877
40285
38834
44879
38660
40212
42850
44132
40033
42941
46391
42685
41659
41265
49808
45608
38188
42882
41166
42364
44432
42949
37664
39840
43767
40938
46562
45291
43235
37181
47083
39327
43144
41233
44795
38081
42156
45986
38349
39805
39499
37992
40002
37200
40927
39652
38330
40036
43496
43886
43695
43120
41698
42829
42868
40605
47348
42795
43104
43855
44638
42494
44675
40899
47579
41273
44124
41171
39569
43917
43170
47534
44446
40066
39392
39825
42472
42176
35774
37599
42082
42614
45811
41591
45428
43716
41324
39720
39777
39637
46157
40739
39975
43784
46005
41108
45046
41788
38411
39589
46415
45487
43408
43992
48764
45306
40935
39220
41970
43983
40532
40582
41558
44666
44707
43884
42507
39794
44611
40904
43543
39277
41043
40659
39372
42181
40163
41540
41704
44678
40212
41754
38361
38802
41365
47770
43543
43611
42511
44307
39486
42103
49037
38271
42696
41492
38606
41982
41292
49332
45550
45914
40188
40022
40572
42628
42571
44061
38268
41128
38529
38720
38188
47480
41545
42328
41018
41968
46415
41843
44450
40462
44146
41425
42696
40612
38469
42851
42098
44835
39692
40440
37406
40899
36618
41388
41907
38181
44672
39379
38188
38097
43154
46551
43209
43534
40203
39911
43865
41187
44497
40044
46703
42610
40480
48443
41383
42500
45191
46317
40608
45463
44255
45230
41269
39284
39606
44079
38188
43350
43221
41766
44029
38077
39794
46714
39738
43178
40144
43776
41108
40627
41660
41331
44651
37523
43587
42419
37759
47537
41682
47456
41800
40305
45851
41903
40295
40036
39689
40006
43566
41675
37112
38727
42696
42549
42499
40428
43534
41101
42582
44098
45274
46701
42984
41506
40548
41233
46665
43154
41531
43028
39157
44026
41598
42397
41228
48222
41998
45170
43678
41014
37406
39738
42364
41981
44932
45845
41630
39385
44631
45646
45332
49832
41792
46780
40787
43506
41162
43432
40176
45784
41546
44871
41292
42661
38936
40255
37827
46458
37470
41167
43321
42191
36261
44033
38845
45582
47592
38271
43036
42281
42859
44775
43310
37599
40938
43570
42113
42886
46008
44428
39073
47143
45526
41902
44384
43547
41886
46559
44638
38575
38774
40927
41105
41396
42804
41903
40462
40037
42815
44398
38725
37572
40480
38725
44560
43559
44039
38322
40585
42494
42121
40010
51832
47699
41487
44833
40585
41732
43765
43452
44673
41585
41348
42202
39455
45686
46032
47043
45844
45008
44774
40282
40856
42685
41986
41694
38052
40624
41592
36095
45831
40882
45627
39926
41914
44567
40451
49917
42328
39329
41324
41005
41586
36120
41269
40826
37616
45002
41335
42716
36926
39157
42890
45939
43770
40918
42434
37728
40299
39069
45118
41218
44470
43344
42925
41263
43376
45074
41821
42364
39869
40248
46917
43764
38188
42984
37181
42689
43985
40128
41249
39169
44838
37181
42069
46600
37449
49284
49205
47885
46036
44477
42733
47595
47983
40810
39231
40952
47179
44223
41202
42974
39790
40091
44502
42908
38322
48149
43866
43648
42614
41832
40585
40542
42294
39175
43192
40993
42992
48256
38859
43839
40680
40573
39924
39680
44637
44314
39497
39145
38413
41970
49242
38829
41884
39714
44349
41317
43454
44476
43254
40186
44263
39411
44603
40415
41747
39464
45802
41910
43379
40281
41398
38743
42459
43650
42178
43814
44795
37664
36516
40624
40882
45591
39840
40772
40036
40140
40120
43623
42910
46190
40317
43775
44182
46967
40485
42000
41074
44370
40359
42569
39794
49453
42977
46855
44546
47773
42017
40605
40133
44260
44126
43554
40505
40003
44979
39750
42015
43244
45674
41856
41487
46537
39869
41786
40519
39104
39325
37177
40589
45029
43248
44442
41780
44079
44724
44967
43549
42069
47038
45728
41486
42138
41300
45368
35880
37889
41556
39420
44258
42181
48386
43252
42992
40661
40837
40121
40576
43504
40588
38188
44155
45574
46750
41430
44266
45330
43025
42974
42238
40467
43355
42911
40522
40415
37657
38960
42723
40125
42900
43088
40691
41066
44696
44459
40414
45068
46491
41049
43712
44063
41018
36720
40624
45393
41510
