936502
939569
936810
942360
941799
937367
943133
936623
940832
945556
937897
944121
942563
947003
945889
935073
941462
941144
941000
942760
942636
940885
941799
941470
942859
945606
942151
940843
942526
942626
940822
941175
940879
939185
944186
937606
940164
942804
941998
940520
947353
937059
944837
940479
940613
938748
940784
944432
942939
941852
942982
942722
940782
940018
942740
937949
939114
942578
943184
938508
941342
934693
946159
943112
941698
941969
943299
937653
944263
936680
941461
938857
936999
938113
941482
938918
942705
940281
937373
940895
937670
942689
943594
938990
943421
939268
936199
938912
944117
939283
935236
946075
943054
941620
943774
941116
945388
942858
938457
942375
941935
944105
940330
938656
941820
942208
938176
945655
944082
942138
939759
940777
939875
939943
942704
943246
943863
943466
940921
943380
935845
940172
943276
940284
940749
943798
942802
942708
937893
945980
943370
937487
940491
944362
941143
942652
948092
942142
941843
942911
939100
942948
940880
945688
942096
938582
942046
944826
942790
944391
937491
939184
941320
943317
941181
942908
938883
944864
942651
941233
938275
936782
942413
940961
939491
946420
942155
939788
941309
939966
938943
936684
940803
936980
942549
941857
939336
937040
943059
941492
940566
939134
939041
946527
940322
940686
941949
939637
940730
936091
939155
940144
943609
944434
940535
943527
939840
941462
942096
939658
938478
940741
943141
940371
935907
934852
941828
940844
943506
941879
940773
940388
937498
937906
937797
940540
947819
942768
941869
941319
940689
940715
938169
938922
938340
943895
940336
937366
939750
942697
937114
946536
943450
942897
944230
941616
938044
943987
942946
939186
940637
937327
942016
947267
943749
939805
940396
944500
944573
942308
944928
936898
944219
939016
944327
942202
941588
939543
938216
941922
942927
942793
938268
939861
939154
939735
938552
942203
939313
938022
938590
938614
940164
936193
938493
943196
944048
939783
940458
939794
940878
937430
940990
941987
941353
936027
937524
946826
943388
942233
941230
937447
939119
940882
945248
942664
942331
941978
938843
941914
943637
941200
934918
945936
943089
940476
942041
938146
939598
935942
935897
937583
942078
936766
942519
938444
942469
938761
944405
942201
943628
937711
942003
938560
936906
941338
938289
942090
940754
936307
943428
940603
939232
938445
941386
943312
944134
942727
940234
940674
941450
937469
940189
943466
940349
940426
939844
942849
940945
940811
938643
940163
940944
937693
947143
940156
940613
939743
934210
942329
941364
944248
940426
936645
943622
942466
939910
942313
951011
941226
939833
940054
938235
947617
940752
939111
939412
940147
941863
940308
942480
944651
939349
941849
935653
940966
938624
942628
939463
940928
941223
943452
940432
943063
937526
938414
937439
940192
941757
941885
941935
939440
940825
938555
945060
941662
938432
943362
944296
943134
936322
941246
944626
942653
940073
935475
939395
940150
940012
940841
942022
939256
939977
936453
942261
943427
946743
939354
935894
945666
942223
944644
943121
936957
936641
939892
942454
941994
938580
938514
943726
942438
940596
938378
937747
940075
940261
935445
942358
939766
939551
941487
941765
941016
941079
943876
941358
935770
941709
941085
937787
938666
945072
937630
943687
941308
942471
941374
938074
936711
947443
941065
942908
941809
942127
945731
946570
939898
939817
936640
941743
944490
937431
944946
934656
939639
942765
944684
939853
946375
944179
940789
941688
939265
938093
938657
941955
937115
944088
944767
944202
943518
939461
938159
940690
938109
938970
942321
937643
947500
941144
938697
945299
943301
942110
947590
939130
939260
939343
942896
941824
937332
944357
943084
935652
936817
940801
939713
940910
943620
944915
942652
936435
939160
942713
940129
938760
939245
940358
942696
942387
947949
936809
939589
942992
944144
942628
943966
942827
940544
938721
940118
945361
943366
939352
949858
938778
942701
939727
941864
938624
942717
940832
943304
942494
943027
937810
940347
940857
943036
939395
939588
940405
941092
941074
936572
935690
940192
948109
942208
941698
940782
937261
944239
940643
940541
937651
938746
939915
935948
941046
940429
944946
943497
938519
937388
947172
938179
940323
939383
940990
940049
941510
939494
942486
938403
943522
942142
935343
941605
942118
938966
942475
943056
945770
934771
942216
943251
943637
942980
947213
943876
944306
945303
941596
940415
938048
941836
939507
943305
939101
942023
941627
940896
935800
939491
941095
940387
938305
939780
935418
938484
934940
940879
939884
947990
938544
940632
946454
942562
946210
944389
938579
941002
941472
941784
942283
940136
943903
936771
943221
941962
937824
940404
937756
939546
940190
937378
938932
938752
941525
938785
942375
944988
944686
945322
936359
949703
938037
942327
945300
938063
940629
942135
941772
940815
937635
938443
940235
941009
936478
943031
939971
938305
942004
942023
944484
940184
939138
943297
940198
939422
942161
940820
942180
943287
938405
938374
938247
944110
940694
940418
940542
940797
941588
939319
937307
938807
936877
944876
945548
940217
941565
941901
936729
938023
941380
937823
941104
946152
943321
941363
944157
941148
948129
939510
936712
942599
939043
936709
939889
944049
943223
940866
939181
942227
940226
938368
939728
939874
941177
941601
938108
940354
937278
943838
941917
936383
943660
937817
938795
940363
942835
943962
944671
941612
943327
942722
944869
943302
940507
944583
943418
943488
935971
939466
944965
937944
936045
938357
938986
941872
942255
939708
939444
940001
947233
940516
947013
939566
945033
940881
944226
940069
937360
935915
942913
942396
942244
944949
938617
942698
943245
936080
941673
938543
939072
944497
939371
941258
938090
936262
944258
941562
938932
941586
947014
938273
937729
939060
940164
942564
941565
937069
937248
937856
942916
939901
947995
934674
943017
939195
943440
941237
941292
944160
942263
943690
940498
935288
942114
936875
940480
940905
944705
944101
939730
947574
939495
942608
942585
947387
937033
939254
943914
939005
941616
942542
943028
940076
945183
940646
935109
943146
943436
943408
942909
944924
942360
941359
944122
940369
942112
942270
937206
938601
937716
944840
941037
942511
940148
937626
940965
938910
941181
936126
937294
945312
936544
937242
937258
943134
943716
942988
940250
945533
943939
941183
942232
943889
940664
941204
938519
940848
937722
938678
939805
945398
941330
939176
936521
940967
939803
943370
945567
938509
936382
947562
939163
942555
941909
947402
940485
940123
939610
942117
946423
936446
939617
939642
943715
944653
941276
940688
939825
944718
938143
943649
940707
937645
941773
944621
943904
942039
940314
941672
941826
943147
940999
943238
941210
946164
941116
944410
943312
944134
940799
942994
944055
941512
938883
937168
940119
946582
938983
936185
940818
942772
938991
944288
947689
937946
939275
936700
942062
938440
937922
939245
940814
941784
940724
939093
939461
941078
948671
941297
941478
940988
940377
942084
945022
937063
941559
945831
940041
940358
938199
941832
940732
941300
944064
938177
939266
939156
937301
939852
940667
942856
941703
948962
941168
935230
941643
943422
938883
941919
943461
940781
939878
935268
942887
943953
937456
940269
938194
943892
937975
940560
939528
942633
937847
948296
941796
943580
939036
939374
940270
941043
938424
940729
942570
943012
944687
939325
943407
942638
938743
943541
942681
938760
937713
938922
939270
943778
937841
940407
941025
945344
938657
938597
938880
946605
941036
939643
942749
944621
942113
942284
940458
945024
941800
943011
942097
937777
945914
941820
937373
940618
940998
938336
946196
936793
937665
939342
940055
937000
941891
933579
943047
939874
945017
936442
938631
940347
945882
942853
944282
934234
945330
944104
942773
940793
938451
941619
941032
939854
941361
941201
943297
943517
940989
945539
941939
945170
938850
939808
941508
937808
943772
935887
941483
940412
937376
946169
938503
942373
942396
938559
943195
941609
944624
944529
939080
938858
939747
943448
941886
944099
938644
941220
938060
946252
939273
942601
938987
941306
940827
942042
941725
942967
939645
941047
939182
943874
938282
941652
939241
944060
939659
940442
944888
939633
940808
941690
943127
939916
944966
940803
941063
937344
938956
935756
938075
936912
946581
938425
939772
943316
942947
940706
937505
943093
936686
937579
942550
944286
939792
942790
936811
937201
943653
940935
936235
944674
944406
944736
942623
936996
940075
940890
938725
940429
945216
948374
948849
941540
948101
944195
943163
940189
938666
935727
938133
940295
939213
941336
937449
945938
938384
941684
943833
940263
941982
940190
944240
943960
937040
941576
939065
943099
941838
942244
942840
942525
937758
942611
947231
937355
939836
945702
944985
938445
938601
937649
941178
944967
947522
937991
938144
941956
939428
940748
936982
938139
937727
939275
940208
938099
938741
942887
943601
942740
938595
942086
942797
944504
942668
937775
935513
940349
942508
941468
939978
943040
939621
941830
938408
946004
943313
943563
937806
941894
935802
944957
946023
944361
945922
940097
941033
941515
937216
942348
945505
946220
936578
940677
941033
940100
939936
938519
942167
938030
938470
940653
943349
937445
944144
939756
939538
939917
940441
941131
940937
939172
942835
944315
943251
943997
942040
939384
939586
938567
938017
939268
938577
943593
943825
937962
940021
941027
939508
941240
945859
937893
939685
942995
943559
941912
937864
946243
942317
942108
948861
938736
940037
940727
942373
938568
946135
936463
943046
942716
941743
941419
942796
935338
936654
940975
940141
937549
944214
935986
938817
937095
943181
942713
943837
938198
937695
937342
942674
939779
944794
939952
942366
936773
946308
939203
939013
938780
940132
938204
944383
939823
943148
942091
940494
944286
945260
947165
937280
946447
941681
946727
943847
944677
939869
942604
937107
945326
942455
943433
942799
942697
944331
940083
940291
938498
941883
942478
939159
938882
945399
940931
943669
943269
941410
938375
939595
940360
940441
945464
944599
940628
937036
941248
940991
944305
937823
939607
941821
947525
941153
941028
942110
944867
939663
942967
946191
944411
939815
941690
941652
937934
937975
943933
943825
942684
937273
940599
941576
944979
941421
942211
935487
943455
942031
940490
946616
935728
938324
939670
939327
942690
945110
939428
936553
943674
936246
942483
942471
944072
938746
941804
941612
945723
942122
940899
940956
937850
941334
938901
939377
942118
936485
943745
937592
940610
949310
937241
938582
943943
943291
937884
938021
942458
941805
944015
939358
940419
942958
942568
947318
943234
940277
936736
942744
943975
940918
940938
942209
942746
932687
940509
947686
937772
943478
939545
939507
942359
938589
945183
937921
939158
941849
943586
943330
941902
941605
941472
942418
945560
942106
947353
943404
940749
937940
946448
939006
939942
943324
939367
945810
940840
947045
940319
944123
941664
937763
942628
940120
934854
941014
941217
943053
943986
940154
941127
941439
942881
947761
948495
943803
940724
937319
939435
938370
944599
944110
943408
944296
937631
937631
943169
937977
940567
942741
939793
939870
937032
940508
941425
934847
938159
943948
943776
942534
947331
939367
941280
945152
940091
941824
939483
939186
940747
939015
941661
939680
940403
940369
938585
942949
937874
937307
938205
943243
940194
941536
937474
943660
944958
942276
942403
940164
942848
943321
942083
943025
940799
939186
940178
942079
941317
943825
942917
939364
938613
942622
934869
936117
942448
939085
936959
943805
944162
942907
938088
943134
942892
939293
939772
936434
937705
941482
938029
941312
940933
937374
940594
936426
939170
937856
946687
942840
939421
943706
941544
937191
939327
940991
942853
945161
939542
939562
941856
934561
941904
940625
940799
943690
946811
942017
937676
942087
935586
946616
948005
944030
940982
938413
937428
943488
940021
939211
945530
939819
948260
942821
937664
942675
935418
944388
940895
940753
950817
938013
943614
939894
938785
939259
943096
935650
936742
939424
944324
948777
941268
939950
945385
937869
941688
944164
940496
941527
942088
945559
940441
946887
937086
941665
936639
942809
940483
942443
941608
944014
940893
941857
942516
939139
940733
942684
937149
936785
941724
942151
938973
940875
941853
941467
947397
937912
943706
942396
946926
942649
939672
947222
937379
942831
946244
937734
937636
935666
943269
939323
943542
935798
942638
943769
939562
936338
937702
940486
945256
942853
940081
944464
942298
940007
942452
947645
941264
943713
943525
942873
942574
942066
945621
942137
941936
943133
941855
943848
945293
943260
939344
941720
945001
943272
939933
939805
942231
940420
944979
940542
939877
939993
938244
937384
936735
938397
938236
942067
938845
939324
938594
944553
942854
945704
942586
945714
941705
942230
943031
944326
939024
944191
938794
937422
941905
938565
944634
938504
940162
942065
940448
944417
946884
939450
937577
948639
937639
940257
941632
948497
944360
939754
945678
942519
939071
941990
947106
940541
938674
945025
937852
948132
942225
940038
936930
940746
940976
942175
940164
940586
942854
940452
939352
938751
940444
939752
942245
941115
939087
940476
938846
945767
933541
936163
938715
943218
945364
935797
944035
940028
938693
937805
936683
938724
939969
938039
947117
941890
943563
945776
940408
940995
941133
939549
938732
940856
945747
941350
938496
939404
939952
939563
948039
943190
938343
945450
938093
942416
942927
943662
939265
945420
940609
943042
942537
939374
939500
947733
940877
941958
942522
944959
944183
938070
942506
938294
937961
942278
940923
941593
938114
946736
939875
945396
937756
939114
939623
946938
937740
943829
939986
940985
937229
943695
942396
940214
943045
947262
945463
942304
943600
939810
938004
937716
933585
939233
943707
936221
938902
946797
948526
936203
941718
939849
941877
943668
940215
938590
936979
941232
939527
943281
942089
943198
940914
940517
941678
943260
942732
940700
942433
940838
942863
943463
943915
942431
940550
943139
938641
937019
942306
940840
943817
940827
942305
937999
940797
943682
937750
942382
939362
942374
941128
939304
942781
942049
938339
946744
937516
942278
940766
938647
946700
939640
940740
935505
940487
946709
940551
938919
940916
941785
937588
940811
943621
940343
947915
938139
941727
940982
938224
942118
935463
946426
939797
944337
936982
936664
941422
943229
939166
941165
939385
941277
943977
941553
935934
941807
939923
940717
941440
941213
941375
941191
937474
940270
944954
940369
937647
944361
941232
943705
941761
940886
942773
940934
937348
942308
938971
944799
939787
944707
944858
936442
941117
938488
941577
942656
935858
934134
943325
943527
942675
942732
938865
941914
946263
942817
939994
939505
938171
938996
941950
942475
939712
938758
940844
944558
940958
939253
941530
943459
938949
939465
937190
940389
939771
941744
940643
942611
942851
942890
943517
938433
941270
944847
944880
944905
944059
948151
938269
944538
937157
941328
943846
945223
940345
937806
940453
937738
940689
941457
943155
941369
936928
941383
939570
939540
938016
942019
946167
942889
938901
938787
941415
939200
939941
946833
940349
939065
941640
945382
943456
941915
938040
940636
940285
942179
941655
941781
945877
940886
943005
936376
935798
941389
938169
943782
945470
944152
940032
941816
940868
938977
943011
944062
939947
940184
939899
943403
942322
941622
940712
941614
941602
942114
940978
936573
944240
938529
945760
938482
942584
942883
938176
941744
937936
935859
941746
942690
939423
942269
943551
939426
945786
940633
941180
939578
940577
939066
940264
939007
941638
943215
939714
939457
936386
942220
939828
940532
939603
937836
939127
941004
942200
937982
942763
938284
939162
939242
941256
944805
939534
935154
943359
942747
940317
942386
941254
943413
942525
945417
944188
942158
943608
938355
940402
941005
941577
943150
942513
942730
939944
944025
940558
938927
937658
936654
940017
945427
943203
941664
939237
945795
933816
942050
941156
939081
941396
945114
940283
941990
948800
937364
943016
942901
942825
939267
937496
941906
940767
940149
944497
944792
945037
943154
940638
938420
937387
939678
940571
943971
940892
942343
942147
935858
939843
943068
940795
944197
940222
939406
941792
939427
942143
940588
937951
944398
941279
942048
945352
944264
944086
939131
936347
942183
942644
936683
939072
944638
941701
943101
942638
938898
940622
944249
944195
941821
950980
940821
942343
945281
940280
945262
938406
940347
942397
944209
941498
942951
943145
940645
937506
940774
938356
938696
939711
936356
936690
943109
941723
942045
937715
942025
942671
944634
942899
939350
942226
942296
939976
941609
947023
945495
941451
941501
940460
940111
943478
944185
940854
944907
938561
944559
943406
938429
942395
940952
940324
939700
939288
938359
939473
936412
939553
940102
940541
942589
942600
939916
940693
938295
939278
943661
937265
936872
941546
946941
939122
937097
942821
943534
944280
940652
940270
943240
940954
939399
938375
938163
939833
945686
941999
939599
940813
941642
937486
942047
943717
939624
941879
943655
949645
938345
940817
944083
940690
941683
942439
937702
941061
937670
941246
941447
942557
946236
946221
941506
939580
937782
943989
934852
943300
938661
940967
939155
944744
938812
944687
944113
943896
941644
943153
940830
938412
946586
935930
940582
942533
942135
941736
945072
941240
940632
943986
940335
938201
940489
937282
940344
941226
946038
941274
942140
938781
948146
941335
947467
941747
936278
942493
940422
939108
939469
940947
941456
939715
941270
937981
947602
938064
942724
945047
941672
936064
939498
942100
938236
945929
936080
944179
936352
942725
945405
945432
941395
941615
940192
937476
938079
941852
940713
940713
938707
940851
938671
942816
942141
936522
940345
942950
945328
943457
938241
936569
947484
943015
946527
945549
939520
943030
941431
941743
939530
941445
941239
941801
936493
936195
944984
940161
942759
943023
940519
941251
939876
944065
940527
943096
940848
935300
936987
937801
942699
938566
942337
941113
939392
942233
944679
938889
941572
940794
943712
943317
941644
945247
942006
942642
939760
939780
944394
944437
944015
941237
943013
943231
942389
944128
940819
947354
937110
937197
946901
938884
939556
939365
939436
941899
938119
938618
939691
944744
942948
939059
940500
943021
939538
941399
943191
940787
939687
939393
943056
939721
936733
942396
942281
937062
937123
944667
946240
940711
946312
940778
942167
942138
946238
938948
938366
942367
943477
941056
946550
936837
946593
938546
938662
935429
942269
939900
937524
944220
943683
939200
944243
939311
941917
940537
943139
937727
943626
936403
941035
943324
946014
941000
943746
940496
941717
948078
940830
940338
937768
944940
939116
936436
936267
943948
946613
939170
943423
935486
937910
941527
940034
939360
941902
936674
946214
939375
942692
941983
936993
941690
939962
944353
947036
940637
942486
942689
941038
941258
936307
940914
941566
948167
943923
936486
938635
940953
945829
939151
940888
940132
947481
942512
945591
943564
945741
941936
937954
942469
943380
939866
940323
938780
947623
943085
942123
941014
940700
941854
941389
941756
939512
936360
941577
935578
942135
940041
941030
939790
937305
939759
944959
942818
941907
944056
942874
942757
940488
947774
941980
944377
940945
941149
942395
937408
939089
943807
943867
939249
939571
939510
940073
940173
936628
942727
937219
945164
944687
943707
940361
943853
939385
942375
943520
944838
939973
940716
940971
939760
947103
940644
941130
941738
938590
941063
944710
940490
938873
940315
942709
936824
940864
941368
939658
941034
941340
942308
939117
941317
937744
938768
941925
945655
941635
943147
939319
941484
940400
941137
937576
938508
941095
944833
942730
945572
938164
943353
940344
940014
939555
947379
940548
941389
941683
942580
939692
942539
943695
938168
940702
935535
937190
937059
938511
947217
944842
939904
942628
942844
943295
940285
942113
945305
942193
941311
941588
937316
941016
942064
943353
937590
938613
940241
944671
941586
936837
942545
943024
941070
942824
943181
941889
939754
939361
935336
940712
944509
939324
940181
937623
941382
942133
941428
941503
936733
938755
945541
946159
941514
934192
942704
939298
944193
938413
941181
942083
940069
938875
943112
936253
945344
936060
937535
941232
938434
940473
942103
942665
946030
943245
938527
940902
936977
940647
939472
938124
943857
939945
938410
940002
943833
944936
939791
943549
938185
937988
941218
941213
943041
939084
941127
939187
940287
938787
943059
946926
943026
939474
938191
941597
942302
941653
938623
938555
940193
936778
941099
943439
939748
940687
939185
936447
943280
944782
939141
937122
947049
947408
945986
942322
941290
943319
940044
944100
940778
941497
943364
942903
939551
943108
936829
938660
941563
941596
943655
941450
942993
946287
940749
937468
942424
938131
938223
936875
938442
938908
941620
940125
939525
942450
942409
937815
936934
940601
939237
937622
943092
937525
940464
939491
941321
942117
939407
937936
941155
936055
945408
940287
940027
941366
939222
938972
939072
945371
938736
937187
937484
938968
938461
942559
941832
944662
942753
940445
942600
943079
944138
944176
939440
938788
941736
944394
937307
945062
936256
946681
938439
942731
945358
945073
940086
939096
939908
943333
944966
938333
935345
938044
942210
938763
939718
945779
941349
940499
944016
942221
936832
940964
944125
941134
937213
938410
942495
937522
940445
940415
944909
942909
940735
943142
941344
942358
942323
942244
939035
945881
937932
938844
939927
943442
944082
941681
936196
940095
941391
943889
935520
941416
944896
943510
935834
937398
940823
939439
941082
941209
943890
941971
944392
942486
935441
942325
942290
948734
941480
943264
942292
941380
943353
940367
935789
941291
941323
943389
937385
943131
937267
938122
941173
939958
936846
940045
937504
942657
944003
942930
943023
942172
943426
946128
942341
941891
938711
939378
936603
942167
938862
944120
937615
939136
943808
939347
943902
939731
937152
940746
941174
942237
941333
941621
941039
938217
941387
944431
936741
944449
935444
935515
938508
940560
938276
939473
938030
942393
939653
943211
938246
941809
936814
943196
942656
941301
943186
939167
938607
940771
939904
939953
944363
941511
938982
939483
941551
939686
938485
944816
945147
942771
944142
942425
935543
945641
939684
938962
938113
936894
942147
938146
943661
936678
941409
936494
938567
939902
938059
942376
938421
939425
942351
943425
939928
938817
941857
938584
942387
945551
947249
944420
942607
945286
944477
944057
940357
938335
941335
939220
941635
942019
939862
942477
942410
938741
943200
937954
945111
938082
940548
942275
938598
938104
940403
937422
938924
939542
941696
940220
942171
938342
942176
938803
936690
940022
939604
936911
936764
945386
938340
934706
939027
939236
935809
939957
946505
942051
941670
941544
939263
940964
940047
941264
940634
941731
940762
938183
939029
936548
935471
943650
941422
937176
943036
939698
939389
943819
939847
939769
945798
942944
939270
940787
942256
937371
941681
937287
939923
943315
943085
940404
945817
939250
943703
938736
948770
941552
943079
936003
942636
943546
939917
940380
943911
939877
939080
938980
939917
943702
940676
941696
939034
939831
939776
941204
942748
942453
937472
939631
941751
940009
940880
940897
940625
938605
940516
938655
948555
940725
941111
938990
941678
936955
938340
939652
943798
941154
940735
937816
944108
938095
942123
941534
941649
938737
936665
939212
937246
950335
941056
938150
938623
947862
937254
939815
940930
941792
944101
942581
942697
939928
940086
942344
946624
943845
936278
945316
944987
942226
938860
945079
944587
937315
941808
940352
943120
942900
941837
941798
941072
939183
944054
938778
940583
938931
940166
938151
942997
942881
942794
941464
939664
939655
943288
939146
936568
942246
939111
939431
936716
944471
942178
948058
939478
944552
945105
942113
943178
941385
941446
937319
941063
943509
945874
937076
941352
938169
945235
939186
943531
938833
942566
945192
939323
940740
943369
938642
942881
943852
937506
941186
942292
943584
939030
941194
941566
948952
940242
944025
942607
938769
942774
939091
939686
934808
942249
941286
941295
941662
941557
939352
936491
943258
943208
939285
941481
941700
938506
940892
941478
941441
942844
940848
939321
939674
945354
938438
941580
943877
943648
940777
941906
942031
938738
944272
943785
938309
938517
945473
944891
939393
940543
944129
942120
938987
940453
937648
940008
938747
939875
941039
941040
943408
939444
938139
935699
936911
940973
940840
935945
937384
938151
938994
937915
940921
942186
943321
937560
937617
943315
939086
936282
942318
937665
937307
943707
936960
939398
939521
943486
940522
941071
937004
938709
946550
943241
938768
943941
944324
940457
942223
938541
937352
943849
941969
940595
939107
938289
939815
940762
938085
941413
943053
940074
944842
936989
943316
940634
942691
941531
943639
943396
941309
940275
940325
944633
942895
944992
944245
939834
942900
936174
939677
936589
942691
936775
939956
947166
938668
943214
938300
943558
943562
945947
938488
939573
942679
937632
938051
937774
943828
942130
944766
941334
945489
943438
949478
943107
939936
944397
942260
938865
943905
942394
942399
936817
939435
942444
938265
939185
943196
941947
941339
939134
944227
938257
940075
940129
943301
940507
936754
940117
941938
938654
939005
939482
948298
943703
942001
940515
942012
940354
943778
942380
939545
939624
937888
938562
937841
938733
940643
940724
939532
935931
938550
938613
940888
946001
936995
943643
940328
940900
937557
946349
937850
940616
937740
944819
943644
942773
942161
940186
937848
941229
946670
943959
941905
948740
939376
945539
941206
938629
937417
937385
940664
941891
941380
937547
940413
939042
938242
940864
941714
940935
936645
936855
942433
939386
943831
939950
941411
938445
943355
939988
947452
940584
939239
940452
939945
940697
941142
939845
940284
937730
944318
944336
938507
942365
938703
942144
937820
944780
939422
938249
937995
939712
938023
940712
940265
947066
942422
938324
936579
939779
938448
939531
938217
943215
938945
942427
941880
942884
944539
944739
940654
941417
939450
943365
945481
944151
939191
942260
938285
940474
941595
938057
940188
937136
939447
943366
941313
941600
936725
939319
944910
938028
943571
943620
938835
942279
936513
934730
942334
940608
938824
940335
938218
940880
938849
941015
939809
943487
936106
939198
939306
941264
941788
942844
940846
941484
941883
938100
942633
938636
941158
942201
943434
942410
935989
942179
943511
942004
942770
943105
942070
938337
940500
941000
944876
940775
938473
938619
943727
941345
937323
938802
941793
942422
939708
944338
940853
942067
939425
938521
937142
942588
936832
941107
944085
938819
939445
941459
938127
938800
942245
946492
941625
943078
937016
940380
938640
941185
938680
940276
937971
937582
937563
937047
939927
938661
936015
936043
938915
946502
942132
945092
940554
940575
942826
943477
935880
937822
940007
943630
942532
945518
940886
940155
940917
942810
950262
943539
941686
941615
940906
938273
939088
943702
939434
940717
939601
942913
938878
938577
938583
936852
941974
943548
942878
941531
939531
944152
942434
938490
936877
938275
945755
941714
944181
938550
940395
942749
936289
941965
937647
935800
937142
936492
936675
941544
940732
941068
940206
946022
940913
940310
940114
940030
941455
939557
935909
939427
944010
941447
943247
942368
949489
938387
935526
944390
942318
944052
938167
941241
941603
940024
938509
943406
940112
939959
941912
943203
939437
937490
939068
939535
939105
943661
935728
941313
938959
939192
939720
937941
943433
942608
941327
949710
941309
936158
939444
941409
942643
941753
941845
942197
939072
940123
936847
941005
940892
941579
943473
938765
938983
944068
935965
943499
938951
936994
938647
944557
944615
944884
940037
944087
940210
938410
939856
940084
936633
937681
940977
940971
941221
941851
942076
939121
937578
939953
943085
944950
936139
937600
939754
935524
945235
937910
942763
942919
949879
945492
941513
942844
943074
942865
944469
941531
938803
941530
944700
938885
945398
939066
935147
939643
941699
939351
939376
942082
945464
938777
937939
941906
940842
939279
937357
946929
941718
940171
937559
941863
940012
942657
939312
939019
938404
938317
940303
942866
939676
941924
942435
944906
943337
941686
942375
937769
940370
941811
947609
937398
941538
944490
939887
942492
943943
940303
938364
941824
937977
940419
936464
940922
940509
939033
939184
940219
943952
939342
941666
937172
940190
942449
943736
940890
937417
939742
939140
937581
939187
939767
934493
940814
936684
944757
935351
940045
943035
940670
941424
938700
941496
942544
940173
941311
945599
941553
940424
941874
937986
939850
939903
942155
942483
940224
936876
942177
939937
942897
940945
939145
938519
938017
940513
943614
939128
940184
941882
937847
939301
937810
944629
940863
938471
940969
940763
939807
939785
945722
936661
942297
943338
941038
942468
938944
940018
940619
943158
942886
941863
938075
941689
942753
943202
943618
939941
942396
938990
942453
942761
942126
941800
941430
937213
938530
937232
942534
941277
938394
939318
943728
941586
940328
938705
942083
943759
941388
941265
940543
945150
942454
936083
940002
942952
940644
942209
944664
940209
937866
944392
943037
942209
939627
938491
941134
939487
938875
942103
942048
935948
936831
945242
940953
945690
944016
940637
941320
941255
943538
941660
940891
938614
952001
939195
936795
938017
939556
939614
940620
942068
942701
943153
938980
943519
940108
941386
941107
942251
942188
939389
941151
942552
941602
938652
941147
938872
937702
941991
940530
943361
944179
941041
942781
943130
940929
941013
945953
944569
936787
938399
943126
944875
943836
939064
936987
941461
942929
939008
939475
941211
941143
941707
941912
942257
934772
939181
941420
944334
941920
945429
944756
940869
938724
939078
943818
936562
941808
941412
942320
940583
942610
941609
937015
938693
941326
945898
937884
938119
945683
938871
936587
941271
944888
940995
947699
938567
938897
941931
936638
941828
941594
943192
942245
938832
945735
941166
939576
940537
938448
938489
942060
939874
936786
936870
942731
940060
944801
940073
935008
941711
941159
943031
941561
944281
941585
942100
942078
943753
940953
938805
941660
941599
937160
939647
943348
943547
939534
942505
940961
941073
938965
941085
937972
946358
937336
946731
941796
945439
941048
942077
938847
937476
940376
936305
942809
938748
943112
942528
940301
945530
939955
942719
942641
940452
938280
939597
943149
940009
937646
947042
938428
939988
938240
942240
942357
940047
939195
944830
944242
939879
937358
939237
944850
946602
945648
942593
942308
943067
940167
945681
939263
938388
938472
948316
942183
942611
942354
943098
941303
940950
940205
943307
946662
940688
942799
944845
945457
944382
939171
936812
942106
941461
938504
948471
943212
942310
940320
944316
938813
939068
942971
938053
941177
940330
941640
945645
939716
938867
941457
946724
943391
940127
942559
936824
941578
937266
937478
934184
940286
937432
935575
939300
943663
937143
941193
939390
940374
940429
935297
939769
937631
941249
941079
942820
940033
937619
938734
939932
945186
938345
942737
940964
944145
938552
945231
943959
941939
943369
940881
947863
944607
940104
944052
937936
942643
943937
943034
940628
947678
943181
941552
937327
944178
941685
939259
936152
937832
942457
940565
937779
942902
943244
939565
940385
946918
938606
941257
942634
941896
942219
936741
938554
939196
938520
943318
943823
941160
939868
936686
943373
941576
937823
942277
945413
948303
940373
947819
941741
940383
942754
939416
945725
942475
945455
939956
938180
939627
941617
940839
939897
939764
941585
939284
940706
940978
943165
941986
934766
936835
938416
938995
941654
937102
937565
940807
944330
939667
935676
943211
939838
941884
942886
938735
941289
937242
937693
941562
945366
940636
943546
940501
940271
937382
940371
944937
940718
940212
944454
938004
943413
943004
943155
941148
939681
938734
940068
939905
942032
943739
938774
937986
937378
944806
937556
942449
942183
941035
937905
937667
941321
937644
947233
939323
939849
941940
940905
943040
939647
941239
941430
938572
939133
939820
943687
942546
939071
944956
940218
942248
937587
939262
939561
939335
938289
937022
939599
936233
941043
939530
941454
944200
939797
941712
939568
939599
938866
940394
946369
946603
942049
939681
939056
941026
936854
943311
941396
939924
942468
942738
938604
942498
941862
940878
939959
941338
939148
945463
938988
939433
944892
940717
940238
939823
944526
944127
941359
943141
935341
939936
941579
940212
938867
939590
940644
940088
935638
939436
939822
939795
940416
942922
940491
943675
946311
942017
939615
941016
938355
946650
940492
939101
945164
939581
943436
943375
941363
943385
940961
942390
940608
942111
938593
945690
942687
939912
942679
941389
938681
939558
938762
941684
938039
935974
945151
939901
941474
937972
937949
944001
934774
942730
937844
939918
948378
943428
941712
943735
943270
941636
942358
942100
946129
941005
942656
942115
940327
944060
942825
946097
940925
941649
937623
939897
942800
943494
943085
942397
940370
941050
943077
939802
938637
942587
942999
944736
939456
942516
941200
939973
937054
943082
942906
945601
936422
939325
938615
944369
941697
939233
942190
944958
941727
942179
939448
946817
936423
940843
939021
939515
940581
935784
941726
937110
938625
943241
941340
940380
942639
943388
942690
937767
939632
937962
940739
939022
939642
936408
942531
941245
938584
938004
941443
943088
945969
937532
944189
941000
943604
937492
939398
937346
936772
941457
940393
937970
943477
937260
941357
940588
937545
937036
941269
942514
938599
944668
936747
941596
943814
943421
941310
944653
947705
939383
946159
938249
937137
937856
937470
941354
945488
944905
941705
938522
944082
940417
941737
939914
944098
941385
938719
941577
937429
938884
941272
940858
939395
945354
942572
939102
940866
936615
939548
941080
944045
942764
944573
941550
939369
942178
938994
942070
939069
944469
942620
938772
937107
939888
943639
941615
945910
942089
940457
943134
943254
938138
943882
939793
936308
940963
943454
937038
938050
942136
940214
942212
948432
941756
943390
943170
939820
940027
939724
943954
939220
942370
938417
940441
938438
942332
945510
944950
940750
942442
940624
939681
940549
945056
939966
941045
938581
942602
942941
940605
941035
935822
937276
939541
938681
940734
941925
938742
940727
935468
944677
943521
943855
939751
936178
936383
940395
937937
942121
944651
943518
942128
939465
946229
944233
945511
943314
945690
942852
939704
943284
941451
939551
944101
941463
943456
937010
942912
945957
944177
938811
944091
940129
937690
936870
940486
939279
941498
941520
941697
942320
938066
942421
940948
942408
937700
939804
939853
940950
940450
941080
939414
941167
939294
941849
943397
939113
940899
945136
941988
943210
940382
938478
940108
943691
935792
938242
937680
939937
939787
937484
944367
937766
939912
938400
943247
937809
942477
942301
937972
941558
937692
941482
946153
940399
939595
940579
941990
944590
938989
944047
936414
933801
943433
942308
937569
937739
940062
941649
941940
943906
940786
936586
947155
941465
937815
947892
944715
946609
945162
940332
945057
940897
945298
939164
936070
944018
941193
938921
940489
939568
943427
947387
935450
942041
942937
940304
947784
940108
942096
942528
940086
941608
944367
943375
937257
943620
939980
940082
938065
947510
939596
941293
940225
939669
938488
937850
944228
947244
944390
945187
940457
936908
941944
936124
936248
937494
942106
944347
935768
938552
938050
936809
942542
935948
944200
941196
940693
940005
941916
938676
940526
944792
943245
944281
943356
936373
939469
938763
943506
945349
947515
939947
939378
942648
939243
946143
937204
942475
940108
939807
941532
939557
939909
942989
943659
940862
946113
939563
943605
939543
937894
939842
947464
940779
940924
941302
942573
938601
939036
944061
940864
941488
941008
937618
939526
939959
943870
938530
941245
938856
944518
939395
944485
940788
942116
939280
941860
941464
943428
944440
947829
940365
941149
941968
937662
941830
939570
938652
939555
939864
942389
938144
942379
938929
945438
938428
944455
941897
944918
940436
936092
942597
945685
945545
946220
940918
939305
940834
946368
943112
942072
941096
941484
941656
943702
939245
945433
944104
937231
947778
941113
938815
940730
943410
941907
941008
936188
943727
941052
944330
938131
943237
939700
935734
938649
940531
942102
937206
942597
937346
942237
938973
943616
941430
942916
937107
944097
939955
938056
937165
942731
939442
946481
942834
943410
942202
939503
943606
935777
947261
939857
940420
942993
941080
938346
937414
937526
939147
938773
939368
943560
938970
937484
939474
942195
939714
935700
940141
940507
940042
943879
949573
936475
943749
947496
943793
938163
935333
940033
938305
936440
944076
936575
947170
939307
941041
941548
940111
943456
937786
942291
937249
941476
947064
938773
937535
942552
940582
942944
937001
941350
937522
939380
945300
938022
938360
944685
939529
938167
946254
940131
940164
938227
939065
939950
940894
942298
940398
947017
939882
943365
937029
944531
938252
942059
942507
939276
940459
940326
940894
940444
940880
941174
939702
943605
943739
942122
939765
940152
940696
936132
938170
940456
939048
943040
936987
936056
942417
939395
941771
939102
941493
941921
937906
943637
940241
938337
946575
939144
938066
940794
940776
940881
939101
935353
938562
943906
936436
944590
941008
942765
939254
941522
939790
939532
942664
937990
945711
937005
936338
941961
943549
943030
941981
937815
946104
943074
939824
940424
943145
940065
941026
941059
940332
941493
940294
946560
938248
942145
942092
940675
938102
940013
945411
946120
939093
936166
938347
937140
937047
936313
934675
940411
942594
942431
944870
941015
939280
939351
943120
941715
948460
942772
938598
938115
942548
936897
938178
937725
938579
941367
943238
946301
937274
942995
945166
941775
940496
940675
945039
939180
944923
941527
940751
942592
942564
935863
942360
944429
937324
944128
937341
947536
939866
939659
941493
944726
942933
937763
943341
937417
941092
943496
938718
941531
941414
944647
936745
941520
945392
938707
938206
936609
939171
940153
944151
939913
942894
939314
940777
944444
939278
944161
941784
937441
944488
943804
944022
940464
943187
943510
938911
944559
943944
939651
937403
942254
940609
940265
941966
942031
941919
945393
938721
942819
945714
937187
944614
942935
941370
940419
945351
940462
942329
944666
939949
943143
943242
943601
944268
942239
941733
941000
946992
939494
940886
939002
939763
939491
936688
940461
942367
937560
943052
938598
940680
938831
944284
943051
949664
937791
940424
942132
941793
943898
939626
938214
941382
939591
942127
939857
942816
942811
941704
941821
942006
940427
942770
940793
942166
942234
934414
942714
937068
935505
942863
941713
936707
944491
939150
939595
938446
942973
938888
940826
942930
939375
944490
941767
942951
941063
941576
943087
939760
942650
942150
940405
942465
944334
938513
943695
941299
943421
938899
941424
940074
943753
941852
939783
938010
938702
936168
939338
940805
946027
941596
938856
943177
940129
942560
944271
942268
939239
940672
942349
943370
940007
939672
943793
948187
940383
938475
941796
942612
940127
935670
938345
937139
945402
943362
940521
944413
942392
943308
945083
943289
937369
940517
940266
944853
940083
937340
945370
943849
941377
945927
947013
941331
942191
942017
942025
941839
939347
937397
938933
938155
940441
939965
936840
942466
941784
939901
939754
944330
937753
939734
937882
940038
941658
941636
943903
941695
941435
940648
940883
941376
942024
943894
943894
939365
939180
938824
941558
943146
941377
943843
941601
940524
935686
941722
939920
940340
942655
936766
944128
941290
941000
938484
940508
937549
940378
942108
941463
940592
944453
940957
941502
938491
943083
938899
942608
936795
935994
943354
943442
942995
945032
943494
939685
942828
938828
941179
939820
938290
944910
940764
937645
944683
937185
936459
942535
939932
941363
938247
942094
933857
940030
940029
939404
939139
939772
940889
936691
942458
942424
942790
942408
947292
935685
944174
941930
938843
937120
940046
940632
939896
945067
942551
936725
940564
938838
938710
938562
942429
939187
940151
936867
940701
940396
943281
939868
944880
940400
942946
940512
943102
936375
941497
941169
939943
942771
941457
943496
942363
943643
935679
936389
940440
939074
936956
944147
942303
938922
941459
937431
941525
938985
941136
941030
941508
941560
938240
938342
939816
940588
945638
939706
941530
939300
938035
940720
946214
939346
941023
939416
937674
942955
940030
939728
935541
938759
948280
937380
942403
944558
937517
945566
946452
944755
942904
936153
940586
944202
939623
939524
944892
936850
941926
941115
938925
941922
939954
935381
942212
941648
942783
946186
943088
939677
938983
943856
942932
937866
940312
941058
940805
938017
945495
942031
941743
936421
943708
939479
940256
941229
941254
938865
940151
944325
947378
936490
941904
942516
943604
939723
946740
943537
937707
939118
937372
940364
940737
937184
936109
943251
943414
942227
942214
938173
941516
938414
940459
940875
935586
939071
942807
939989
941623
942328
939534
940056
937221
934318
945062
940676
935991
938819
944358
937110
942068
943006
938100
941430
941168
941089
941248
941209
939302
945675
936361
944035
937896
936516
942121
945008
940099
939999
939846
942376
942623
937398
941950
940071
938883
945532
937061
938799
942193
943369
941660
942185
940465
941537
939484
938019
935916
941548
939295
940209
941221
938948
936435
937781
937783
945236
943705
937491
945370
941756
943193
944380
943883
943034
940334
939217
935103
936406
943447
942040
941956
944648
939194
937119
941846
942894
942878
944632
935968
941749
946994
939943
942646
940808
937616
945052
939354
936795
941825
938108
941752
941397
939830
940610
942039
945673
941258
937279
938625
938665
938556
948424
936867
949034
945593
948750
944231
939518
939893
934528
942652
939732
939603
939182
943686
939965
941751
939556
937321
936691
941112
938528
942428
943185
941258
939251
941260
940755
936983
938682
943508
940208
940817
942984
936700
942834
940366
941311
943429
938265
940445
939829
941594
940675
944028
940397
942846
941102
941044
942642
943099
937520
942682
944934
944189
938931
936705
945208
937097
940075
945609
942486
934781
940807
938936
944620
943200
941430
935416
941445
938194
939352
939304
938800
942090
940525
945285
941828
937491
941631
940879
937505
942033
940995
942806
942962
944523
942145
942542
938283
940396
943943
938200
939846
937983
944303
944875
940339
942961
936853
941429
936475
942118
937003
943409
939642
940942
938559
940142
938218
941136
941502
934881
940655
939982
935548
941313
942005
936882
938196
937350
940508
940851
947779
939925
942646
941155
940214
940202
942817
942661
937837
940599
938366
943620
943340
938984
943151
935129
942133
938525
939310
934746
941279
947335
942495
940158
942648
937561
941241
941331
942771
939056
940424
940400
939989
942583
947053
939114
942769
936580
942165
942060
945833
938886
942175
936248
938350
936657
938237
948566
941122
944443
940603
940665
938822
938088
942648
940290
940903
941783
945283
935941
941934
937756
945159
939399
941570
942608
939669
942292
938390
939946
940819
939532
942678
937952
943576
943203
939597
942179
939603
938689
939040
941989
938743
943875
944578
936977
940444
940223
939590
945059
941520
941992
940012
941438
936918
940089
940785
944309
941245
939657
940215
939263
941135
941591
940115
940427
938472
941770
941112
941349
940835
939919
940315
940427
938623
944224
941174
941993
937683
945430
939495
940292
945576
941000
940499
942592
942680
940554
944917
945721
937572
946025
940431
940333
943042
941837
941296
940661
940324
938619
941167
943641
942845
947269
938073
941359
943669
942452
941777
948017
942398
939666
945729
942662
943099
944497
938747
940218
945405
944227
939954
947854
938393
940938
940021
940932
940611
945704
940540
935466
939033
942192
943593
942933
941096
940038
940409
936620
939023
939808
942640
943292
939532
942663
938601
943268
943321
939552
941839
944240
942454
943014
944697
938627
940056
941037
941902
941195
940128
936022
940263
941792
946381
939153
944154
942027
938879
943518
943071
945420
942696
940142
943835
938124
944228
936189
939038
939316
945687
944964
937650
936652
936089
941515
939752
938588
938763
945893
937119
938935
939380
938554
941379
942616
939509
943745
943666
943057
939612
941867
943661
940636
940171
942300
938885
941118
940755
949231
936933
939338
938759
940179
945121
938857
941987
938863
942799
947037
947334
940714
942257
938346
940506
945981
940657
939310
942113
936617
941264
939980
943382
942163
939457
939994
941014
942705
939332
943520
940983
938336
944379
939783
945875
941945
943245
939883
942044
936916
938243
937499
940568
941003
943727
938958
940403
938330
942362
941047
935465
944235
943990
940426
942506
941379
946217
938776
938742
944674
941173
941444
939878
941441
939758
940682
941348
941841
944968
939726
942829
936564
936181
944621
941800
941080
943209
943433
945221
940400
936665
939378
942054
938537
944300
941245
938526
941688
941618
945844
944758
942056
937087
939407
937578
942619
939642
943754
942312
938249
945117
938757
939884
939859
942471
941580
940154
939860
942333
939409
944709
941570
944006
941792
937996
936756
938297
945389
944793
939470
946136
946215
938568
938433
944481
941740
938369
940031
939884
941835
939249
937447
939080
942820
942274
939724
941040
939360
939671
941426
938835
941431
941087
938114
937390
944660
944503
943970
938735
940065
943151
947622
943097
943765
944439
934190
941764
942520
938607
938416
943069
942892
938823
943215
938342
938111
940480
942932
943169
940942
939587
940441
938692
940927
941233
941456
944569
941309
943063
941058
937548
940938
941561
940298
942499
942118
939290
938522
936564
941616
938736
946971
937969
938011
943822
939006
938121
941516
940857
944830
941000
946043
940095
939273
941407
948118
948282
941855
938687
939754
944292
938604
941030
943212
943195
941942
944150
943872
941599
944708
938304
943716
939204
942760
943715
939505
936973
940831
935981
939939
939728
938474
939979
936665
938780
941709
942404
939341
940841
940608
938741
944275
944470
941204
940858
939942
944955
938058
941663
939512
940568
939030
937489
941589
938678
942825
937979
938091
937704
946545
937401
942556
942917
942704
939283
942429
942534
940537
940866
942850
939344
938498
938097
938829
943198
942310
939275
945346
942455
945431
941864
941974
941370
944686
941029
934313
945464
937112
939002
943022
937183
940080
939560
944979
938896
937374
939996
938259
940006
940346
942714
945413
943959
937046
940221
939947
941510
938765
943044
939096
937470
942625
948351
939307
939223
944477
939341
939789
948111
939310
940783
939491
938767
943186
939991
943235
943441
942384
939511
936559
943310
936497
942468
942465
945147
941693
940521
940173
937916
942382
940713
942173
942596
940512
941320
936530
948754
938816
945272
936651
940900
940947
938830
941806
940782
939951
939832
938198
938261
940055
940734
938407
938498
944605
939162
934809
941476
940436
943399
939880
939197
937985
941885
940594
942354
944575
941302
939777
944005
940176
939118
942009
944859
939541
941847
939532
939352
946019
941560
942149
940669
942718
940431
939042
942372
940711
943144
940138
938313
945233
939197
939994
938786
936698
941597
936226
939853
943744
941292
936749
944106
941416
943740
942646
942024
936288
940008
944445
939073
940288
940974
947616
938810
938843
944679
939543
934499
942616
943048
940828
942635
941245
938891
942533
935343
941083
938801
940543
942267
939497
934629
941360
940098
940920
938106
942759
940828
943204
940883
939545
937214
941622
938482
940031
943988
943277
945399
943896
942610
941445
942255
940648
944452
942927
940106
940021
940174
939584
938863
946154
941252
945546
946240
940112
942434
943765
937177
937206
943741
941470
942773
941519
940232
939651
941960
943393
939013
943768
943396
940362
939367
943184
938812
940156
938634
940285
943127
939395
943414
944102
941275
938955
941849
937764
941279
944935
939788
939325
941457
940534
942764
940457
942728
940998
939309
941628
939747
943620
937672
935815
943060
942741
942881
944189
938284
944005
938743
946922
940996
943330
942127
939891
937771
936178
945384
946508
938779
938968
938032
940636
942717
942433
941702
939151
940261
943532
940462
938687
945982
936957
942810
943047
939958
943519
937200
943210
940034
941105
944749
941961
945265
940243
939890
942028
941293
937297
939629
941748
942628
947108
942028
942207
937378
941694
940414
939660
944519
940571
937961
943979
940270
941322
936501
939710
947455
941351
937124
936608
945241
940859
939091
937629
940842
939091
937995
943772
941086
939805
943350
938266
944580
940191
937892
943194
942897
944047
943320
938704
943254
939474
937427
937737
937499
941920
941345
941287
943370
941632
942210
942958
940706
942805
944426
937120
938848
942857
945339
940110
943175
949493
939678
939494
939714
937851
937405
944927
939796
945545
937772
938347
935360
941728
943185
943460
941095
944172
942475
943105
943100
944096
937141
940215
940589
940254
938609
947041
940252
940867
942106
942603
937577
938161
941115
944455
942760
938840
939683
940938
943976
936019
941128
940873
939037
941062
938576
938505
945748
940333
941959
939293
943447
943465
937762
939778
946091
939027
942891
938328
938626
947998
944934
939369
940269
942166
943049
939831
943691
939523
940196
938572
940342
939559
942948
942900
940943
940522
938875
942292
943161
946210
940954
940753
937188
941999
939322
941436
938072
942244
942403
942327
939829
943463
935113
943755
942950
937603
939156
940843
938646
941062
936974
942326
940224
938754
940161
936862
945521
936888
941039
940168
938271
941030
939163
940786
937562
943070
938988
940647
943603
944655
939674
939114
942128
941200
941212
938934
938946
942443
937460
942781
940743
937543
943943
940976
943287
946742
941850
944625
946227
941031
939984
940130
937639
943659
939859
946387
941672
942281
941690
941885
942257
941745
942740
940511
944260
940176
940761
941495
940042
939680
939056
941960
941440
937999
940392
941882
944539
937454
941277
940745
942454
942215
944344
936428
940036
944389
943022
940786
940092
945353
937492
944846
948048
940147
943964
940126
942534
939600
940209
943301
935623
942611
945175
944482
941828
938068
938046
938043
939529
943524
941137
943158
943200
937461
940610
943651
941486
938901
942843
938379
942831
936602
936530
942145
940871
940129
942577
940018
941429
945862
940624
936402
936867
940359
941269
941919
939571
940255
940706
938616
939468
942578
937701
941643
937147
937709
941119
939728
943815
943610
942630
937505
941942
941044
944083
939506
942438
949090
939463
942374
939445
943147
940096
942336
940204
939184
939323
947046
946071
944066
937672
941471
944034
939858
942540
940009
944305
942527
944231
947098
937676
942293
944083
940392
937587
936374
940583
940038
941493
939961
945041
941425
939531
939527
939051
943223
937893
942549
940915
939237
934999
942365
942298
940332
938957
942452
940262
940802
945305
941093
938608
940105
939600
940047
942140
941314
936763
946370
942481
939788
937668
941930
945868
943229
940994
942306
939970
938906
945480
940107
944750
940509
942837
948480
940349
939208
940297
941739
946903
941397
941490
941465
936752
938686
942196
941691
938661
945380
938359
943952
936088
938595
940131
938084
939613
939079
940055
942277
939758
941036
939845
940434
939554
944587
938325
945084
938373
942446
943501
935304
933714
937586
941123
945741
939443
945757
941877
937684
941687
944160
942128
942361
943935
942691
944244
942989
942471
942759
943104
936669
940904
941740
935896
947203
944199
944468
940761
948258
940134
939430
940184
938908
939441
938487
940134
933976
942999
939429
936025
942295
941815
941826
939670
941787
947086
940114
947669
941528
945031
938413
941180
941295
943839
939250
944358
941840
945607
940031
940829
937927
941340
938453
939542
940007
944471
942213
938220
939305
940093
936552
942599
941607
940542
939935
939081
942888
941153
942837
943142
941281
944422
941292
941911
939749
939333
938064
940449
943037
939884
941334
941393
946623
939368
939179
940862
938950
941235
946897
939496
940611
939566
937601
946201
938323
936786
940772
933423
940626
938952
938629
940979
941867
938995
940898
941856
939688
938261
937866
939694
939341
942188
941506
939941
944971
941032
940101
936862
941207
943734
942995
940170
939892
942240
938400
940724
942649
943481
939692
941376
942784
942499
940567
938196
944564
939840
941440
941188
937831
941671
937725
935484
944270
941627
938586
941385
942504
940788
937579
940867
944641
942652
939331
940763
943017
943204
940329
941714
937486
943814
942287
941812
941368
945511
943889
941914
937450
935981
941045
937062
945430
940062
942099
941076
941696
942337
940233
937230
942910
943309
942989
942219
944883
939555
946245
942011
943301
944983
938737
943640
935244
941237
942786
940503
939320
949088
940035
935902
941392
942252
942325
942098
942626
938682
938024
940632
939867
938851
944487
943952
947472
938564
940575
940798
938811
944472
943084
942871
935858
946052
939217
941030
939866
941083
938325
936525
946032
939900
943708
935458
944097
935135
941117
939857
938665
940295
938539
942891
941541
939250
939690
944311
942015
942378
935450
939986
943010
944676
940293
939508
941505
943470
942396
939179
943819
943223
938798
938892
939498
937422
946610
941359
942351
936833
941232
941680
943103
939656
946421
941842
943194
940600
941916
936544
943409
940568
947040
937388
937899
939032
940025
940502
939879
944705
943307
942796
940809
941089
941857
940359
935802
940296
942076
942314
941573
937281
942535
944150
937887
942264
938896
946565
938860
937210
941406
941511
940177
938587
939211
945965
938752
941420
940154
939112
937967
936563
944361
940809
940201
942331
945282
942968
943046
939538
938852
940715
938541
940621
943155
945120
944611
942533
937647
946049
936818
940087
935034
937812
945087
942898
938092
937603
943541
939466
944152
945036
936999
943305
938642
940410
938966
940548
943348
939082
940739
944411
944452
936184
944246
940012
937974
939901
943697
939545
943645
940043
937206
941084
940299
941994
940311
935434
944833
934995
944202
938192
941657
947552
941766
940335
938194
941960
942439
940249
939928
939181
940071
939731
937985
940445
940014
938193
942990
943911
943988
937331
942422
941967
942181
939102
938916
941518
943806
940779
940359
941181
943318
942520
943360
938609
940535
940006
940935
940077
939218
942499
945134
945279
939344
940862
941653
940957
945720
939325
942942
936762
938519
939672
935561
943075
942439
942099
941105
939685
941766
938746
942546
938796
938169
940950
938373
941057
939372
936335
943685
938012
943609
939801
940068
941962
941790
941927
939325
940039
945301
942631
946297
939900
937474
946741
944656
940637
939148
938303
938644
943018
939723
941599
942997
941057
939162
944366
937764
944352
938512
941033
940699
943773
940731
944452
944402
943391
945447
942821
938757
941225
939080
940676
946294
945787
939997
937685
940924
940697
945090
940398
939775
942362
939452
936074
936192
943942
939607
939008
935970
943413
938230
937002
939638
940988
943269
941051
940219
941420
938345
939968
942115
945981
942928
939224
938792
938582
937426
944993
941684
946096
940084
942922
945469
938931
937964
946963
940382
942594
940467
939536
940618
939243
939769
939235
937838
941275
942412
941425
944270
939059
937740
936866
939332
943442
936791
935955
941051
937691
939366
934920
940804
939611
939890
939876
938849
942483
940040
938389
947760
940759
946347
945607
937229
938869
939288
944251
941226
943805
943136
945060
938361
938038
938436
941247
943061
944464
941268
946166
938278
941313
942904
938562
940117
940958
939776
942420
937829
939389
943555
943762
942662
946565
944159
943028
937928
942125
941292
937000
937935
939164
939368
940660
943396
936484
943988
946870
939228
938408
943478
943832
946190
942076
942495
941851
939039
939886
938081
943725
939680
947475
945056
940720
945777
942556
942003
942846
938504
946732
945813
945373
938012
940763
940262
940778
939402
939038
942296
941208
944064
943630
942562
942000
943298
938766
944914
937638
939485
938893
938710
939058
941950
943220
941331
940320
938202
942982
937094
940967
934873
936688
939982
938968
938867
939801
939964
944929
941773
939031
938808
941096
945284
939694
936719
944311
942455
942841
937632
941729
942010
941531
942140
941677
939439
941868
939882
944744
942316
939266
940098
939347
942275
941685
936398
938851
945267
937825
940665
943241
936756
940102
942161
940869
940701
942971
940825
938092
944012
939743
940947
945453
937458
944437
941373
942064
943629
937231
942216
938446
942073
937029
940296
944192
941602
942229
939946
939982
939575
939309
942930
942342
942089
940182
940650
944149
940249
935869
944480
938363
937197
940143
937430
942497
943433
940725
946842
940557
937360
937823
936002
937166
940860
941142
939772
940961
945486
937088
939196
941284
935010
942853
938704
937859
940395
942846
944397
942268
946575
941156
941323
942208
948393
938880
945276
940204
940356
943888
937221
943724
940622
940011
942091
939173
938628
944420
940765
939063
939468
940887
942613
942081
945385
938567
935208
944558
940942
941979
938515
940731
938113
939752
941713
944485
940644
937596
947261
942858
939455
938455
943219
939086
937330
941471
940699
936350
942424
943774
941443
940795
940176
940990
943157
939527
940263
941805
941587
941060
940708
940930
938195
944102
943918
939067
944724
942651
941407
936541
940911
946885
939332
938068
940226
939154
937918
941696
943163
942443
938070
942574
940108
945692
944932
941659
939236
942544
942090
944418
939235
940776
944821
941323
940433
941346
943814
942174
943115
938679
947206
942849
938582
939073
942512
938163
942175
939501
945594
941069
937309
937670
943074
939186
950953
935906
941127
940763
941399
939498
940582
943755
944336
939716
943755
942339
939640
938498
941259
937962
943055
941188
939973
939116
939759
944493
943006
938104
940013
941043
945059
934144
936012
940294
942497
940500
938522
941789
935991
941972
938127
943066
944488
943857
943770
940075
941462
941993
945134
940296
941471
936346
938494
942910
936950
937212
939766
941773
938342
944722
941003
938648
939077
944242
937309
943974
945371
941449
942127
937230
939065
941333
939999
938419
940586
940406
943772
938916
939523
938679
940978
943196
939727
938608
940546
936894
944307
939724
938837
940368
934085
940250
939507
939286
937948
937130
940820
944583
938936
938683
944685
944539
942588
940037
935651
943480
940100
937884
942505
944652
940706
942364
938652
940923
939257
941376
938563
943985
939023
939744
937182
939887
944410
941006
940800
942851
941259
940793
939929
937956
942280
941768
948969
946944
940272
940169
939483
940378
939890
942540
946593
938609
941430
940654
941560
941695
941387
935882
940790
938362
941542
940153
945669
947603
946855
944209
945029
942923
941359
942130
939982
945705
943423
942409
940226
941087
945866
941002
942503
936805
938375
939603
937165
943422
937559
941591
939425
941691
943476
936664
945526
941888
943108
944242
938635
940878
940277
938005
938439
943728
938975
941061
944144
942451
942411
939926
945902
949246
947283
945663
937337
937640
941508
938966
946045
940673
935477
937271
941335
941035
936885
941720
943738
939090
940481
937878
939233
941210
940796
940301
938827
939942
940187
936601
938719
938881
942069
939477
936200
940255
943220
939627
944476
941645
941770
944522
940065
939932
940984
939549
942513
940411
941991
937830
938588
939266
941056
939887
939306
937710
943599
938481
938860
941967
938340
943742
939125
944651
939709
940846
938757
946365
939739
942838
945767
943313
936465
940312
941825
944943
937406
945652
938626
940183
946182
942216
942612
938532
939294
938188
941571
937815
941485
941256
938617
936038
942781
945325
940907
942446
944028
937223
940826
943542
941339
939751
937908
944189
944941
939060
946223
945317
943070
939502
940311
942713
939933
935735
938342
942164
938786
938712
940508
938317
940595
940059
943395
940560
943013
941292
941944
936841
938100
940343
938437
945082
945296
937615
940037
942571
944843
933189
937063
938142
940395
939193
946172
939823
941022
943810
940309
941993
942064
942669
948576
938591
940798
939990
945330
942808
945026
940347
945384
938251
946073
940585
944185
941514
938852
941409
937517
941711
940181
942340
942798
938309
938246
944728
935133
941217
941838
942690
942844
941243
938998
947250
943310
940103
942976
939783
939088
944843
944217
937093
936348
943535
941846
938502
940489
938608
939503
940378
941506
943056
941428
944220
937127
945204
941686
941247
938125
943100
945729
937932
939131
938549
937203
945446
945614
947921
943545
938170
942057
944338
944465
940151
939511
940903
937056
941655
939162
942725
939435
945633
943185
938667
938334
939325
942253
941446
941813
951292
939629
941866
943518
943261
942271
938075
945252
938572
942456
943281
943218
946344
947396
940630
940754
939104
944206
943013
935736
939647
938780
942858
937114
944053
941367
942513
940528
940986
941601
938741
943494
942965
937102
937709
943574
937324
940178
939709
946777
944226
935464
938123
939726
945463
939266
943993
945181
947439
943009
943057
939878
944193
940991
936185
940174
942219
936332
941824
942444
945627
943481
942594
939592
936998
943899
941000
941458
945031
943654
949450
938406
940914
940691
942023
939718
944937
943609
940392
944645
941482
937943
939906
938101
939757
938055
943709
945994
941609
941173
936909
947212
942538
937970
935551
944338
940336
943910
941342
945726
937551
941252
945057
947700
938519
937560
939815
941066
938414
938827
944062
940736
941511
940723
940864
943270
938322
940438
941952
937978
938944
936919
943094
938662
940693
944619
941113
942118
939944
943629
940254
943364
944210
940942
940229
940821
940209
935605
943753
943548
943772
936593
940440
937732
944732
939539
945229
947663
939353
937311
942644
941727
940620
936339
944410
941376
945691
943279
939678
942570
943155
944470
942657
939554
938711
942997
936442
941681
937850
940726
943396
941845
937280
943893
934849
936163
941877
939684
939054
941293
942158
941592
935274
942033
942132
942276
945223
938111
945207
936951
937827
939949
941285
942257
941525
935733
943559
936948
935932
942007
937673
938703
937992
942447
938895
943587
938859
940279
939640
940518
933949
940816
940300
943610
938129
941085
937186
937115
946675
945021
942182
939350
943187
942711
942600
940164
940738
937241
937838
940721
938298
942078
944228
939403
939689
940069
940699
943027
944191
942175
943740
938258
940289
943947
942004
943022
939850
942870
945190
938292
940444
948908
945426
941844
939645
941271
942679
937521
942568
946041
942660
939411
937426
942081
939354
941876
943454
939658
938447
945029
938515
945914
945088
937853
941399
940677
937622
941799
941812
943995
942083
948665
941116
938336
940313
941158
939890
941921
944871
944591
941530
943985
941778
941390
942862
936372
937811
938762
943942
938764
939963
942977
942981
942453
937933
940788
943969
940731
941314
938211
937318
942177
942231
936391
933940
936087
943140
938551
945562
942219
936840
944181
937825
945635
939655
940378
943549
942365
938929
939412
943250
943682
943391
936658
944989
940352
939033
939930
939393
941529
941376
936983
938068
940871
939057
939548
939360
944389
946323
940737
942422
939050
941734
942890
939741
944903
941681
940316
942232
946175
940438
941848
941651
940670
942452
940872
940331
939814
938832
939653
941957
938544
941320
938359
939528
942349
940845
936135
938624
944332
941438
939899
941554
944141
943955
940657
940095
938533
939800
942494
944564
938027
943484
940834
944572
939960
938258
939577
940273
942818
939613
943649
942171
942722
939964
942029
938879
941364
943593
942658
942031
935686
943662
940495
940883
940698
941138
939328
947853
941154
939983
944946
939663
946570
936215
938063
943593
950219
939169
940402
938927
937878
941995
943987
942595
944445
937570
943258
943626
944448
941856
941213
942580
939009
936402
936241
943989
945946
943504
941036
941047
939893
939539
939594
937463
938363
942548
940470
941800
938742
943494
938471
943875
935109
937965
939382
943968
941107
936979
942752
939005
939764
942435
946500
934912
939581
944879
938455
943090
939816
940469
942742
945560
938896
940231
942247
940886
942237
940546
941679
940272
941282
944110
942385
943151
938916
939784
940157
941120
937831
939555
935069
940268
937647
940077
937056
941285
951302
947344
943723
949405
942719
942995
943298
941322
943456
945396
940781
940559
941712
938526
943452
939314
937949
937783
938322
943402
940188
942622
942098
942879
941959
937559
944738
937867
940982
941859
940155
941077
941101
940704
940802
943840
937270
942610
942446
943794
942112
941190
940081
934883
942381
935720
940719
937266
940930
942627
942092
944092
938597
941541
938764
942769
940069
937960
937434
939227
942209
943104
939521
945121
940398
941696
940953
939967
938632
939871
944648
941433
939823
942313
943619
938603
942894
941154
943720
939575
937074
939339
941205
940077
940848
940852
937643
939408
941119
942185
941500
940591
942148
936716
943273
940380
938925
942083
941518
938067
938981
939133
943598
940133
944737
942872
935330
937763
939529
944819
940529
941152
942724
935339
941027
937976
947333
940592
939168
939086
937590
941786
941850
944706
942867
939692
943572
939057
938484
937075
944361
937208
944657
938839
936993
943668
938281
939012
946775
940588
941604
945164
940957
941277
939492
942292
941482
940160
939715
939846
941817
937824
937646
937717
936258
938334
936632
941148
938104
942271
937134
942357
942111
939078
944089
936690
937555
941675
938237
943260
938379
940135
941488
938923
946374
942801
943170
938705
939914
945307
940075
942130
945566
937876
940072
945476
944995
939785
943349
941002
944668
944117
943010
944449
942583
942832
945533
941380
943308
936685
941070
943011
940008
941858
943443
944931
940396
938430
939377
939563
939198
942595
940973
945709
942184
940757
940959
938007
940473
942482
942098
944452
942619
940010
943125
940902
938956
942255
941051
939230
946659
939215
943391
938957
938516
939338
945943
940803
944744
939837
944912
944273
941691
939246
941619
942043
941991
941571
939209
944039
940931
939955
939816
941298
940435
938187
942445
950136
940046
940918
939568
941137
937880
942483
941836
941869
940789
942640
942739
943318
940914
945936
937896
945273
939281
941898
944302
945658
941516
938113
939049
940078
935335
941708
941236
937793
942455
946165
942180
942937
938493
941261
941403
941905
940398
945495
940847
942635
944347
942460
942218
939008
941082
942457
942443
938764
943467
938905
941270
939277
942826
941481
941427
937555
937496
941703
939782
938488
941030
938446
936970
944925
935725
938286
945302
939827
945272
936268
938637
943290
943707
945211
935539
943681
937862
939420
940127
942302
936898
943016
944878
941663
937117
948271
935004
940313
940584
939045
935618
940003
943297
943859
939146
940233
938827
943932
937637
939795
947488
940480
938298
949032
942973
940819
938407
943647
944966
936722
943593
937255
938497
945216
938160
938467
937083
941396
941456
939537
942083
935744
943159
939571
939429
944057
937990
940909
940156
941798
940619
938371
944270
940487
940058
941354
944173
941250
936877
939616
939320
941475
945713
937940
942068
941081
947354
941605
940906
937004
938335
942849
943026
935088
945732
942519
939811
941457
941188
936631
939356
944221
938890
943894
943197
937148
940500
940593
942372
944265
939430
939852
940037
937998
939303
942265
947370
936650
941055
939178
939264
940029
943604
940675
938917
941800
941642
941628
943834
936201
940301
942572
940147
942008
940240
939608
940385
936480
940919
940125
942833
940750
938890
947136
940216
940711
942086
939623
937440
946564
941207
940219
944117
939536
940495
941785
938213
939961
940401
939791
945483
944420
942554
942290
939620
945219
938241
938052
941017
937736
942024
939467
944695
945094
937864
939085
942620
940758
939928
943718
939379
945036
948026
943228
941438
942960
940913
939278
942895
940801
944198
943245
942058
938059
940510
943529
940028
935527
939452
941280
937443
936477
940618
939159
939437
941634
944633
944415
938670
941759
943116
937162
943552
935431
941878
937629
938441
945038
940849
941866
941554
943438
944658
941992
940685
939950
941958
944574
937478
942919
940252
939579
947951
936815
942333
943080
938895
939527
937813
940802
941564
945024
936611
939790
936045
937027
938202
942347
940800
936473
934832
943924
944633
942944
941107
938506
940261
940487
941208
945055
938845
936471
939045
940618
943976
943353
938512
939632
951591
945161
943007
939395
941024
940683
945787
938721
935026
944637
938542
942401
943090
946555
938498
939870
937973
944234
943562
939512
941023
938756
945112
945669
941797
941463
944373
938702
943700
940343
943293
941345
941684
940931
938056
945062
940510
939139
938740
938955
938690
941307
940862
944684
941315
936567
943173
940314
938916
938336
941361
940204
940184
941668
940054
942129
939592
940398
941481
941761
941712
942515
938565
941022
939506
941405
940430
941573
941158
942969
947517
942605
938446
941892
939176
940145
939108
939882
939702
938562
936814
943056
943305
939422
944975
941174
937563
936580
944071
945821
937524
937457
940857
946449
940543
941585
944447
937415
940829
941985
946623
936176
942314
938218
942121
940404
944224
942451
941825
946087
939084
934269
945021
941238
934396
943447
938867
939120
941420
942784
938308
939026
944516
943968
943813
939081
944372
945337
939160
936910
938432
936437
945916
939655
942367
942692
944913
939677
937799
943570
939908
944145
940655
941109
939691
940365
941824
937740
942255
948604
939961
940318
939893
943766
943272
942906
941701
940301
939751
940468
941801
940562
938046
942230
938566
943547
945521
938532
942974
940226
936029
940658
938380
937565
935706
936560
939601
944046
936967
941271
940677
936824
940883
941156
943466
940794
938941
944275
942954
945314
939472
939738
942883
938870
939450
941979
940887
937939
944505
937315
941976
939859
941935
938213
939352
938836
938212
938474
943483
943063
945299
944402
940671
940627
939460
944992
943911
939692
939278
941940
942445
942279
943357
940945
943539
944677
940164
942784
949800
941237
948217
938931
938139
943226
940032
944999
942158
940395
944779
938141
943221
937383
936841
947225
944256
935874
941178
937448
943753
942179
942541
941612
940114
938231
940127
941375
939943
939738
939730
939150
942752
939957
941137
937939
940199
938194
936465
940333
940227
944703
944431
938424
941725
941963
941722
942089
940007
936919
943703
941788
939509
940202
942462
944163
947346
938328
940488
941193
942859
937160
942751
943740
936516
942119
940505
941160
937873
940596
945813
942600
944306
937890
935652
939195
941820
937217
940148
947937
942486
943143
942439
944609
942487
943367
939941
941188
941889
941793
943255
942770
944860
937554
945302
941962
947171
940122
940322
942735
940188
942174
936831
942947
935736
941806
939988
940106
940079
939061
938500
940870
944473
942578
932755
940144
941402
944837
937587
943403
936753
941893
942811
941472
938518
940916
938924
943993
941173
939655
940235
940416
941199
936356
942102
942137
942627
940577
937637
940742
936704
939153
945698
938201
941850
944753
945960
944723
939385
941642
943333
942628
947219
939115
944335
939945
939223
941395
940127
939009
937907
935208
942340
940908
942429
938894
944610
943039
943259
937878
941768
941156
935919
940702
939106
941344
936616
938944
939312
939253
937209
943509
943881
943887
943692
943180
941353
939521
940470
942291
938990
942228
936866
940956
942921
938903
940151
944422
945886
939564
943051
943806
946184
946846
941342
940685
944137
941977
935053
939697
940009
942035
942826
942819
946516
944087
941704
936468
943384
941131
943590
941280
940718
945395
937326
938495
941972
940518
938980
936405
938681
944515
937889
941188
939843
939442
935976
942262
942253
939682
940328
936962
944178
940378
937142
939973
942688
938727
944596
941361
944302
942198
941256
940728
950491
939997
938802
944181
942600
942397
941085
937278
946183
937461
942889
941652
941896
944376
945100
935846
948838
936834
945146
943204
940110
937115
939475
939136
939059
944587
939670
942005
939516
942169
942451
943231
939188
936740
936816
940275
943633
939443
940996
938947
949310
940161
939544
936169
941234
940252
935843
939137
943336
940709
940813
947861
938465
940303
939754
940608
936966
945806
943384
944549
948270
939684
940380
938317
943548
938893
937096
942717
942875
943880
938955
941811
938690
941030
943921
940540
946262
939406
941803
943511
940401
938597
943888
945166
944057
939442
943587
938048
944607
943806
939147
937478
948093
940852
940331
937285
938697
946778
937859
940976
936320
944811
940100
941131
938861
940507
941581
939974
943554
941204
942138
943605
934174
943538
938596
936717
942912
944181
943075
940468
936046
941561
941465
940873
939819
934529
942207
933725
940909
949497
941404
943179
938493
941430
936283
942374
939386
943353
942418
941583
939632
941708
940983
943436
942211
936532
940689
939983
938915
941993
937094
936811
937962
943110
938002
939839
943214
943638
941849
943410
937115
940385
943091
937638
942413
937009
941858
943802
939256
941508
944605
937193
947182
939887
943226
942703
942513
945308
941808
941400
944092
948855
941125
946022
941793
937047
947095
943640
940798
943879
942597
939537
940721
940388
941804
945408
946736
941114
939841
938284
940922
943639
940852
940707
938098
939617
942503
937485
935396
937446
946520
947954
934600
938023
940526
943070
936786
943197
940842
939768
942515
941883
939699
943714
940121
942400
940234
940250
937055
940507
938738
939775
941357
944368
935928
941911
939330
938541
936359
939577
939246
943408
941636
940567
937124
940883
937022
941711
936027
943714
935485
940074
942193
939243
937996
937739
943902
941845
939397
943340
939819
948395
940303
937259
943388
946484
938407
942159
940496
944481
940405
943390
938630
939714
943295
944545
942539
941130
946241
940912
938396
942170
936335
942568
942680
935911
945343
941719
941198
943572
946747
939105
937495
939695
942542
935663
944814
937811
938627
939009
941387
939872
940027
941172
939048
942148
945064
940922
942862
940118
941375
943781
936918
941380
938118
940563
937789
943678
948451
947167
940823
935535
937922
941880
943517
944054
938596
942345
937918
935106
939731
942245
940174
939787
938976
938254
941194
942048
945761
939312
944862
941513
941649
942655
939757
943441
942451
940530
941878
937919
939167
935586
941249
940035
939488
939555
941570
940391
942281
939493
939397
938428
936976
940085
938616
944093
939391
940522
941361
936695
937670
943568
939230
936860
937161
938430
941952
941540
941320
940631
939083
942008
940692
944351
945060
938881
947260
940676
938344
939449
941325
944825
945990
943024
937937
937685
943621
939374
939950
941070
943441
938108
946869
940914
944272
941463
941889
938072
940510
940880
936817
938474
940247
945122
940209
942363
938957
938787
939535
938623
942796
937327
936840
944988
940398
944985
940169
936990
938624
939388
940273
939263
945313
945999
943870
939925
940231
942207
942956
948243
935928
946267
939158
942923
940926
942375
942361
944151
940340
939548
939227
940422
942530
942470
941664
941253
936812
937737
937466
942380
942413
937453
939200
937269
937059
940973
943271
937899
941680
941385
945588
940288
940839
946453
939359
940202
937688
942439
942070
940389
940273
939290
947280
941221
945359
942402
945550
936514
938504
944932
942707
943756
943512
938062
937769
942568
938964
937927
940398
940205
942514
941673
942758
938060
946851
943774
941905
937426
949103
941910
939019
943115
934009
944724
943841
941572
946726
937102
941365
941775
943586
942819
941545
942376
942370
941885
943336
949306
936285
942629
938313
942740
938240
943861
936793
942461
941350
944864
938351
942034
940924
940315
941903
940829
944239
940199
941296
939198
945148
944420
937036
940058
945327
935971
941609
943318
944664
945014
943767
945160
939563
937371
945169
945881
938511
942261
941799
941835
938656
947393
944232
938493
938933
942925
940530
947808
939597
940429
936300
939504
942299
945628
941616
940430
941084
941480
938560
940434
943301
939541
944845
943675
938639
939331
943139
941303
942235
939937
942955
939067
944044
938167
938479
942436
942416
945153
938433
946548
939051
941203
943932
940821
935140
936104
938553
943790
939957
940819
945234
937597
944702
942565
939175
942433
945444
938164
947802
937218
943068
939812
937170
944414
943318
937825
942174
943097
943786
939482
937936
942505
938321
944370
940239
939931
938974
944367
935918
937854
940664
939484
941174
940679
940978
942097
938907
938490
937009
945402
941186
938627
944151
939060
941036
945119
939210
942461
939522
936940
939845
937681
943618
938673
941247
939388
941873
938872
942920
940051
943303
942470
943343
940074
937859
940707
941987
942170
942512
941441
942767
943288
941511
939280
948350
939389
934994
941742
940949
936444
943076
944025
942966
941060
938686
939375
941028
942263
940163
943648
942851
938423
937943
939268
938326
935014
939037
938947
946067
944185
939112
940366
940044
946794
942363
941400
936912
938444
940791
942061
939269
939098
940125
941659
937141
942378
936799
940879
938258
944998
943533
940769
938381
940255
946037
939023
945386
937148
945163
940943
943740
940639
946057
944967
940591
935027
940493
944762
935490
938274
938427
943588
936077
941357
937971
943105
940416
939047
936116
943268
938548
941273
937285
941284
941122
938079
945663
943679
940943
940029
940971
942512
942041
942780
938622
943691
941650
941050
937673
939632
939060
940531
941621
942578
941685
945797
934867
941863
940348
936959
942441
946151
944624
943856
936754
941588
944185
936959
940348
945633
942310
938925
938281
944331
937723
939165
943311
942640
943578
938727
938431
940647
942601
943029
943400
940340
942085
942728
942745
937909
947199
940428
945464
940338
938859
940935
942940
939617
937354
941617
939456
943060
947156
940402
937406
939883
942414
938257
937317
940986
942082
939827
944972
940149
939491
939472
943119
948597
941771
941145
943100
942783
938838
945425
939097
942306
942659
947181
944183
942986
940665
939545
943746
939745
941029
939805
942086
941878
943563
938313
939462
938669
953015
939262
939794
939554
942046
940090
940530
941505
939443
941162
939901
944659
942050
939031
939098
940135
940917
942193
940137
937801
944194
944760
942092
939596
942779
938638
936958
936852
944528
941268
938115
940029
939312
939561
942066
941722
946985
942033
947151
941059
942912
939724
942944
944091
942444
938040
943193
934918
943460
939569
937378
939384
937272
934814
941268
940924
942655
940884
937038
937785
937675
943016
935546
941155
940150
938020
937103
939486
938832
946073
945444
938829
945689
943347
938728
940050
936561
942352
943053
943394
938631
941588
940598
941924
942279
943496
942646
938166
940509
939688
939033
939901
939271
941726
948169
942126
939964
940534
939994
943849
936282
945612
940830
944943
938506
943251
938979
937966
940686
942377
940776
939971
941633
944032
940634
942668
946105
936601
943953
947986
940951
943803
938459
937662
937344
938818
941611
939150
943540
943990
936946
944849
939836
942270
945681
947450
942673
941027
940326
945624
942871
940635
943169
942894
939973
943390
942476
941344
944665
945774
943298
937761
939370
941131
943765
936989
943320
937532
940366
941429
941591
943526
945510
945396
943614
945329
942830
939344
940347
944550
938562
938330
942255
940650
934392
943687
941898
947530
939038
938499
942800
941138
942486
940917
939327
940180
946042
938684
941619
942308
935976
941020
939235
945826
938065
946416
941818
941089
944080
939404
945208
940433
940635
941370
940604
940273
937127
944401
944422
941217
939267
939766
942485
942159
941941
938653
940145
935904
936650
943461
941411
941878
939098
947768
945751
939202
941228
943500
943353
943530
943875
939794
936750
943014
945530
940912
939960
940290
945128
934965
938956
937909
939683
942273
940876
939962
941331
940406
947265
939444
942895
941645
937835
942008
939296
936788
937103
937478
937925
940847
940458
943708
938564
938333
938942
945262
938628
938196
942648
944045
939856
942782
938424
938123
938766
940380
933698
938235
939775
937778
940276
941796
938419
941174
943408
939455
939375
940864
938360
940931
940815
938541
944948
941431
940609
940081
942152
939418
939366
943147
937806
943671
943372
938014
945411
942931
944331
943921
944857
938418
939217
942610
942458
942497
941288
940419
944632
940386
938923
938801
940467
936848
943578
940644
944145
940035
944343
938203
937887
937093
944882
941569
939131
941438
940852
942791
939199
940687
939684
943621
940462
939264
937242
942469
944494
937931
942354
944918
939371
935926
937694
941946
942416
941196
942412
936059
943561
944090
939806
942625
941937
939797
944536
940619
945065
940619
941852
943054
939637
940903
945343
940599
937448
937783
938845
940900
939808
945625
939223
940323
943213
942617
941615
937723
940044
937608
938642
942363
942540
943909
938678
942526
939856
940552
937602
940997
945074
939723
940410
939059
941766
939693
933944
938961
940645
936588
941205
942646
941162
942941
943464
941513
939379
948209
938370
938305
942583
939769
942900
943212
935394
940951
941548
937436
949194
938045
940537
937957
938359
937403
939149
944384
933635
940709
936628
938679
940369
936504
936305
939361
939919
940461
942839
940906
941889
937479
939815
938647
938516
940343
942214
937552
938179
938797
940516
937978
936177
942640
943927
946127
934925
949441
944855
945483
941674
938618
943354
941194
934714
944967
944627
947269
939710
943483
944502
941120
940958
940422
938251
936792
941739
938632
938174
940443
937975
944795
938914
946309
942949
942674
938353
939674
945036
942161
938620
938890
942200
943037
941677
942065
944033
942763
940549
945855
937685
942320
942511
941292
939443
944735
940384
935032
943247
947243
939074
941349
946638
941021
942500
939546
941773
942867
938571
943424
943524
943049
941005
940891
941655
941524
935487
940376
940889
937989
943386
942968
944485
940518
943258
941157
946820
938098
937778
939291
945939
942929
939922
940752
939171
942793
943144
936766
945051
942059
941586
939706
938085
939046
945765
941676
941756
940897
944388
943740
945781
942666
942231
937848
937105
941808
942281
937760
942147
940212
942209
943986
942625
941947
945099
938882
938967
940317
938548
939763
941120
942174
946140
942176
942747
939461
941876
940215
938470
940962
940148
945887
939099
940687
940119
938122
941587
943173
937734
944255
937542
939187
941221
936401
942272
942199
938555
941372
942242
941483
943746
943525
942234
935623
944733
940747
943232
944855
935474
944802
938961
939040
943248
943530
939527
940541
940958
942340
939656
941225
939658
935637
943085
942248
939959
936870
940954
936036
946875
940183
935327
940139
945364
943361
943085
941594
937258
942662
939228
941889
941341
937720
936684
943378
943789
939052
941853
938483
941891
935922
941138
942290
942955
938121
943262
942779
937931
939165
936372
943723
937625
941445
937055
945662
939411
938309
943513
939495
945238
946352
942837
938622
941046
940940
941698
941763
937314
938139
950043
943063
939113
943463
941632
937615
941746
939544
940496
938461
943504
940413
941486
941212
936448
940851
937276
942433
940133
938712
939532
937789
941205
943381
936193
936578
939403
938835
941870
945537
939577
942363
941299
937223
938302
938749
943208
941449
942748
946334
939891
940892
941485
937839
939730
941826
942337
942783
940479
941802
940374
940296
938354
942477
944656
943663
937533
945930
941086
943143
938873
943665
943440
944327
938888
942200
940705
941831
943803
941348
942313
941972
942836
937367
941255
940531
945378
940061
943692
939744
940218
937969
938332
941188
939940
947039
940911
939053
943236
939351
942034
939460
943759
938073
942091
940246
937026
939210
943044
943177
938594
941094
943446
939997
938395
941457
940581
942412
937655
939810
943957
944098
937878
938579
940348
945287
945667
945117
945741
941729
938772
940428
937389
939181
939059
938435
941594
939709
943115
939451
939262
937844
943178
943092
942917
940564
939331
940505
942792
934554
943209
938737
940456
938874
940178
940142
936495
936934
941610
942074
935666
940273
938170
938934
938083
940827
938942
940439
944612
944310
942920
933955
942263
939998
942995
944697
941391
937469
936078
942644
942154
939237
936333
941064
947608
940750
939714
939254
940852
938963
943523
936590
940293
940802
939865
943175
940947
941372
938405
940831
939152
941047
940886
941836
937675
941301
938662
941069
939541
939572
936106
948688
942258
943815
939018
941643
939448
937437
941910
939031
944121
937413
941233
946885
941547
940006
942645
940894
940535
937314
939392
938838
938842
938358
935644
941862
940104
938211
941397
946220
936154
939480
940391
942253
937680
940000
942065
941531
941902
938464
942524
943734
945420
939877
940345
946956
940471
942069
939010
940256
943182
941843
943094
943526
943685
944659
939245
936683
942837
936349
940172
936872
938543
943807
945970
938399
943405
940148
938056
942361
938466
939730
936004
942912
940431
943236
945936
940699
940357
945844
941166
943543
943466
941091
937054
938508
939602
943912
943717
939109
945615
941962
942877
938656
940837
938693
943674
941336
943376
938267
940364
940257
943046
941626
942194
938066
945367
941497
936633
943931
944428
948727
940514
937886
940237
938989
942024
935003
937916
940767
944710
943420
944696
938204
943418
948967
939932
945465
939025
946017
938965
940417
944765
940592
942446
942407
939139
938763
939267
942983
944135
938390
940133
940379
938641
937184
944299
942408
938636
944313
943213
936373
940723
944794
937554
946641
940760
937117
944499
939643
942632
936566
934984
937308
939640
942452
941716
939420
939630
943797
940443
944157
937616
943880
944751
938827
939504
939362
942440
939185
936369
942086
940746
943417
937698
941783
944019
940601
940749
938140
943687
946116
944775
940768
937838
942001
937408
937976
939134
941709
942502
942952
944262
939694
938560
940685
940776
943100
940194
940718
941299
943284
936871
947262
941990
946725
945127
939868
944246
940611
938369
943677
942036
940998
946566
940603
934924
939061
940125
936480
937211
944511
939532
935103
943873
938719
941886
940898
936945
940357
937545
943337
938402
944713
936648
943551
938737
942326
937717
939025
937400
939817
939741
940646
937544
939690
939659
942155
942239
942041
939580
938732
940889
941358
943314
938177
940066
941189
940297
942681
941667
941262
942267
938497
938725
935591
941981
941023
939473
944695
942187
948640
941743
941220
940437
937904
947067
942220
939117
938898
940538
938711
941749
943777
940759
947950
937956
938943
938469
942127
937210
940993
942400
941811
941158
937692
941277
937804
942870
946070
944000
943920
939055
942109
940964
944483
938903
938410
936891
941732
940142
941779
940976
936397
940909
942660
945978
940488
944339
939056
942791
945243
938497
937778
943807
940517
939747
943740
939666
942709
941689
944874
937384
937495
938503
942154
938037
939697
937794
936328
940919
938291
941382
938374
946524
937499
940122
938070
939302
940816
943749
936619
939270
943843
938860
936300
942691
939904
936026
941042
936931
941721
944169
942384
942339
941188
943508
938807
942666
940888
940329
942272
939274
943480
944742
937323
941022
942101
937037
937515
938733
942323
940070
938780
936651
940664
937497
949055
935831
939533
940847
942062
938508
943967
936859
940907
940488
938370
945575
940251
942996
939444
947371
941612
944161
941119
941628
939677
941788
941221
942784
939165
937453
938942
944984
939998
942055
942112
937972
935916
943887
942831
940818
943365
935931
941571
942942
938515
942415
943108
941387
941563
942840
940695
941288
942574
942232
940487
939962
941171
937799
940473
943817
942887
945810
942810
943865
944487
940012
940688
945103
935136
941686
941060
944668
941575
942498
937462
936516
939855
942356
943492
940769
943645
939861
938840
942025
936215
940648
941131
938264
938239
940744
941874
945611
940490
936409
942302
938455
941633
944407
945071
942531
942771
945676
946026
940407
942529
943693
944261
943693
942341
937467
945299
939780
940710
947863
938477
936670
938110
942940
939673
940728
943578
939504
944072
937252
936182
942541
941929
942421
942389
941228
942388
937244
939065
938396
944575
939779
944567
943209
939843
948152
940214
942337
937311
942181
939711
939175
943230
938520
943979
940115
941594
944888
939365
939169
943547
944096
941882
945612
940219
941541
941302
939814
934402
939853
944915
944518
944356
936949
939845
942078
941755
939668
942198
939913
943509
936854
936630
938767
939263
942211
944567
938268
945330
939912
943664
935560
943185
940646
948260
939669
939832
939211
942246
942384
942524
939492
939295
941706
941500
941023
941363
945432
937522
940546
936694
941557
943354
943006
939358
940139
940297
940372
939135
942109
937893
943535
942658
939948
946753
937829
943142
940377
946950
944442
938366
942906
937151
940403
940924
938497
945214
940190
941922
940941
936838
945036
943351
940164
944896
943722
941504
940329
944826
944029
939162
935788
945623
946540
945567
942804
940422
939520
937691
937356
940626
941265
942909
939005
943626
940578
938113
938493
941006
938018
942746
939220
945229
939509
945459
939410
941706
944753
939093
942478
938141
934884
935294
942028
947423
938114
941956
943862
935602
939024
939334
937649
940040
942246
940456
935417
945104
940948
942185
941144
938819
937558
941793
945628
942251
941775
937335
940764
940328
938437
950069
938643
941175
940800
935281
941992
943851
940927
943935
943562
940548
937381
944700
940576
942664
938986
940362
938393
944482
941153
946431
939585
940109
942091
941886
940549
940244
942613
940314
939359
940600
937654
939846
945424
942023
944017
943881
942574
948805
944026
940256
941125
939816
944501
942556
938557
940576
944007
945250
944274
943410
939347
942380
937441
941179
936277
940886
939860
939162
944129
938041
940508
939866
939165
945015
941461
937915
937583
943527
943480
940612
939355
941318
939625
940835
945082
941490
938672
941460
940878
946254
940370
939612
943890
938130
941020
946249
938706
939981
942586
940326
938990
942975
944258
936563
937182
939032
936913
938758
940507
941347
937772
940359
944128
944987
942037
941868
935145
937531
942850
935393
940068
938706
941078
941137
936811
938797
940100
943015
940239
942641
940401
940550
947189
941032
938182
935903
940619
942805
938145
943639
943047
937127
936847
945485
941148
946407
944235
935317
937450
945631
945855
944614
942259
941127
943502
941184
944283
936559
943348
939115
941124
941351
945353
936078
941874
941204
943630
939452
937456
936948
944088
945439
938156
942270
943052
940780
939628
941185
942642
944274
942540
941162
939001
939735
942824
943550
940816
946246
941970
938081
937218
946756
940111
938941
942836
937493
942548
940020
942750
942976
941137
940246
939121
939601
941279
945106
943844
941098
945008
942037
941855
937428
939497
941301
938951
938894
937284
940748
939303
940698
942096
940462
940356
943253
943309
937842
943048
936561
938378
940350
944129
940904
936880
941649
943275
939906
938862
945383
943245
940951
939081
939884
943782
943051
940772
937297
939679
936479
942211
944983
938956
939095
940112
938013
940027
940822
940784
945555
941694
939184
940143
941878
940225
948784
942877
942798
949096
941081
943360
943575
935228
939202
938956
944339
945456
940151
942572
941286
942964
940557
940628
944742
941302
942066
947239
942832
939764
944382
940789
939049
937900
938158
938515
939780
940535
939364
937975
938276
943070
942207
935227
939330
939150
941863
944360
937057
944354
941378
940866
943285
939750
943138
945834
939776
943249
946885
943999
939646
940850
944240
940770
943524
943579
947543
941399
945878
941206
939265
935828
935113
940883
941726
948601
946796
945226
938280
939105
940289
942466
941614
941596
940151
941744
945520
946641
940045
942069
944064
942233
941324
943329
943297
940212
937701
939122
939268
942615
942456
942488
940264
939538
941425
942293
945435
941928
943761
944923
941358
948875
941015
945720
942024
941940
938505
942161
944576
941185
940388
941715
939584
942114
943826
942327
944863
942622
941640
937072
945192
939373
936746
942021
942623
942860
947664
943255
937156
935986
940775
940205
939784
937377
943075
935632
942667
937425
938616
939358
940910
936480
944147
944893
938582
944838
943987
939969
940451
939777
947264
939010
938023
936712
938444
939279
942131
942551
943366
940440
940590
942505
948360
941257
937586
940290
939202
942047
942790
942528
937512
940020
942868
945061
944278
943473
942544
938780
941114
937343
939883
941649
943387
941437
941691
941922
940979
941614
943259
936091
939605
946195
941025
941203
939375
937127
942599
941507
937654
937012
935716
942315
938929
941658
938728
947189
939733
941009
942299
943380
942095
939997
944373
935787
936700
940325
938104
947928
941723
941962
939015
942253
938881
943701
943508
940953
936938
942701
942831
943253
943359
941818
942956
946221
936934
941222
934930
941986
938873
939119
939666
942114
944096
941891
946626
946496
937807
943384
939775
941910
937666
943169
936801
941361
945517
941409
942309
940790
941025
937694
939913
935547
939889
940907
939100
942666
940154
942279
940456
939525
939523
939564
939504
945600
941808
937025
940400
940321
937512
942822
938993
941543
943532
940460
944467
937797
938619
943464
938879
938273
943632
941131
941359
940922
941605
941415
940008
945370
944702
936092
946031
938381
939377
944537
941075
945020
938742
935996
942412
937668
936702
941966
936558
941248
942148
941417
950606
943368
939778
944424
940313
942531
940688
938133
937885
937971
940261
941073
944530
940127
944099
945152
942983
934345
942597
939139
939718
938567
945486
940792
941387
937030
940214
935077
939044
940832
940788
944275
940800
937657
947457
948140
942449
937466
939284
941432
941616
939787
940052
942275
935512
940957
938860
941903
939274
940293
940017
936560
944022
943537
944228
946525
944712
944703
941735
940849
944325
944888
941812
938208
941046
943758
943121
939632
938259
944278
943277
939688
944111
941684
943871
937888
939197
942802
946261
937870
943769
939846
939347
940353
947758
942089
943202
941003
938131
940721
948240
947341
940818
944157
938040
943128
938646
940823
942003
941875
941788
941929
942592
943100
941559
940972
938662
936132
941688
939939
935808
943989
940242
937810
937157
944670
944434
940884
940028
937061
944638
938746
940643
937525
943434
941017
940068
943308
941642
945911
946483
943478
940100
941749
943955
941434
941060
939172
937389
941042
940440
935730
941007
939064
942732
941461
942579
945988
936505
938930
942319
937034
947106
940654
942082
937757
945498
935647
941182
938990
938135
944241
939049
940106
941150
945905
938164
936939
939064
938135
942894
939083
942238
946776
939380
943568
937126
943316
941672
938868
939098
938566
938548
939774
939434
942928
949346
945279
944311
938664
940101
941204
942777
944467
944143
936332
938690
942387
943151
940052
939990
945658
940877
945292
943833
943969
941496
940134
941343
940567
944745
942853
939043
942719
938953
939431
939090
941002
946070
942789
942805
936949
935916
940537
940624
949594
941588
941969
946363
938647
938937
938827
945453
938713
949866
940767
943439
934283
935165
939865
939538
941844
940803
943008
942428
941894
938096
940320
945113
942336
941689
936856
939190
937672
940949
940917
937770
940922
940018
941677
943263
944179
942839
937997
943196
939543
941876
940287
937507
936308
940417
941549
940773
938889
939944
939758
941227
938717
941656
938238
936275
944213
936149
942714
939148
942491
943842
941748
939002
945339
944233
944202
940859
938219
937765
940926
940734
943085
939558
941162
945218
939441
939535
941892
947597
938920
942041
940466
938613
946594
940610
941120
939892
938594
940970
937639
940957
937377
939768
940351
941890
938356
946497
939719
938475
941919
935605
942740
936768
938420
942225
944710
942765
941683
942133
940234
941355
938270
943644
949373
936740
938720
941435
933839
943007
938086
944827
943697
938019
938948
939808
944077
936114
937094
937407
936513
946492
935793
942817
945289
938835
941089
939884
941053
941242
943534
946777
940339
941583
945244
943782
939598
940882
946381
941499
943873
940733
937298
939992
937561
940015
944656
940710
942253
938895
945405
939825
940056
936979
941773
941397
937991
939688
939976
942092
944092
936988
936005
940640
941723
942645
938347
939755
938663
940464
944292
943392
941198
938788
937000
941333
938302
938594
940537
941409
944960
937553
950677
941480
938991
937966
942347
941620
942516
937017
938505
944941
940268
946252
943337
938746
938106
943952
940322
935816
939504
944759
939899
941155
942405
935303
937865
937329
939367
942585
941778
945588
944075
933886
939070
937196
938608
945690
936154
939535
938176
937437
940640
940309
944366
943347
946648
940914
943493
947012
942462
937621
942323
943223
939186
941981
939578
943548
942356
939915
941088
939937
942128
940988
942718
944363
942520
940883
941051
944105
937885
938758
940182
943957
940204
938339
940296
939956
938975
946602
946137
944797
939749
943595
942544
937397
940130
939794
938005
943431
938481
943602
938468
937417
945282
944047
936307
939267
938539
936990
941066
945660
938832
944785
942166
944366
941309
947529
941817
945710
939278
941660
941065
942297
941279
940312
938499
938555
937207
942023
946701
941037
941381
940146
944547
942392
945254
940060
942101
947138
943287
939641
942083
941218
940515
937116
942103
940971
935779
945563
938626
936027
942434
949578
938739
939816
942268
941333
940726
942973
942467
947276
938054
941705
937123
938468
940715
937114
941634
946476
943286
942869
943095
939731
944347
940502
943683
939639
944246
938238
943448
941447
948083
936164
944020
940114
944186
937167
939313
941674
939056
940175
938817
939265
938128
939552
943647
938828
943728
938804
938559
937421
941791
941259
941275
940749
941068
943748
938276
935224
940299
936101
937905
939451
940140
941836
941529
940901
938753
942714
945224
940931
940896
943631
940602
945421
940242
942533
943976
946681
944194
940233
945734
941364
936966
941438
947919
935093
944407
939414
941845
940024
938860
942374
940294
939004
936818
947759
940759
942906
935757
943987
935946
940950
940242
942645
944821
941844
937828
939798
940561
941817
938487
937962
946126
941697
938928
942548
940767
940244
943633
941213
942501
938752
942804
940938
940668
941747
944555
947946
941399
939207
941818
939326
943552
948703
943923
941985
937478
938259
939829
944789
936146
936812
942581
943067
944684
943633
940020
944120
941077
938951
944061
936216
945348
941966
941986
942040
938437
943376
944555
940479
941171
942974
940937
940254
945391
944009
940509
941504
937530
941673
941186
941658
937512
940034
938229
942017
943571
940141
941433
938482
945583
939121
940946
936523
941560
939118
937505
938784
942371
941953
944525
942278
945039
941898
942724
938880
938576
937772
941467
942316
943002
945109
937179
942301
937448
939400
942987
939542
938173
936112
939815
939325
938168
940769
945935
940148
943160
941319
939905
939920
937379
942678
939813
947177
943607
938678
939986
941223
947076
937322
945749
941237
945799
936643
941329
943035
942520
941023
936209
940196
941716
941708
937579
940564
939227
935327
939629
942958
938233
940575
945354
943883
941180
940867
944655
942996
943209
942849
941671
940485
942951
942440
949228
944559
938711
936122
941155
945041
941817
941908
936846
944670
939938
937321
944201
939280
941676
943843
936434
939851
938846
937942
941274
939905
943213
948630
940288
943073
940083
942998
936719
942248
938587
944079
944265
939083
943996
942704
938501
941839
941642
937272
938466
938583
938672
943091
943220
939327
939986
938848
934430
941643
941136
939677
940439
937395
934479
943779
944530
944072
943418
941027
938546
940657
941887
938042
936417
939389
940102
946654
940282
939148
938293
944135
941958
940552
937348
936710
939748
941441
945747
941723
940359
945790
939804
941720
944608
943685
942805
942872
936601
941161
936504
940616
941268
943140
943342
942703
938887
937935
939934
941308
943864
940471
937423
942335
941965
944004
941331
939958
942168
939134
938840
943146
946409
942853
944638
937871
944580
935896
945527
945641
939458
943890
940668
942177
943219
942009
943739
937836
941553
939727
942611
945230
944407
938159
946790
938039
941862
938094
941979
941382
942993
938513
944051
941358
939345
943189
937807
941340
941271
938905
943894
936127
936405
943288
943658
936758
941907
940572
937070
941269
940689
936668
939213
941125
941547
939853
939766
947677
936948
939566
943568
942807
940753
943583
947969
942397
942673
945829
935106
939458
943020
939188
942356
941570
944472
942456
940364
939451
942746
942505
942676
940100
947724
941096
941553
939207
945163
937693
941492
937732
937072
938171
941306
947277
938361
936681
941230
948079
944516
935541
941876
940956
937336
941545
942085
942314
940691
937029
940473
942987
941124
939506
943108
940862
939881
945167
937499
942133
940628
942065
946754
947163
945161
941570
940586
937311
941769
939420
940384
945252
942910
945731
941902
948951
937277
936076
939462
942336
937685
942716
939688
939421
937193
941319
942288
940758
942978
942710
945523
945065
941062
945710
943070
944167
939282
940296
937644
938141
943233
937096
943620
943378
942945
937685
943126
938545
939699
937494
939271
941041
946720
942889
944568
944757
940622
938894
941809
936164
937404
941579
944351
939806
940218
940871
939583
939883
940430
937295
947678
947350
948345
942789
941931
940359
942434
938502
937431
939246
941995
938286
936330
940126
939123
940516
938260
942781
936242
943332
939480
939482
941520
946003
944155
943717
940856
938894
945612
940301
941492
942315
942214
942111
942976
940134
938756
939365
940253
941038
938288
938622
940045
950238
940734
939770
938041
939825
942437
940880
939322
944029
946042
941099
939899
944581
939960
941787
940046
945017
940069
941575
942197
941715
940083
942956
940380
949313
939569
941901
940972
939509
940291
940136
945525
943719
939606
941051
941634
940276
943279
942049
940528
940174
935682
941915
939852
942113
943148
941112
938245
948151
938186
938977
936960
940857
945229
942632
940446
941362
936678
938305
939985
941717
935197
938274
940493
943475
944023
941936
942249
946647
942852
942633
939265
941676
939501
941444
941705
938100
935973
937702
945255
941144
942697
945334
937971
938887
941072
941594
942791
934333
943432
939554
943180
944643
943087
942254
943407
942245
940351
942342
944047
944359
940385
938919
938523
945457
941212
942575
936784
942468
946423
944716
940122
940964
941201
940124
937932
937400
941683
936299
940952
943706
944194
940162
940520
943638
941235
944533
940771
942174
940568
943604
936104
943232
936803
938068
942558
943775
939824
940991
945110
940838
946669
938857
940119
936693
939227
938835
940782
942265
935614
941071
941525
945098
939743
943405
940497
937358
936647
942816
944320
941289
941124
935240
937018
940065
939185
940968
942341
938393
939693
940608
941211
939777
943235
947116
939696
938797
943136
940291
942493
938272
939863
938549
938652
941595
937039
940627
942084
937328
945638
937442
939230
942862
940671
939111
944183
939792
940738
942325
943699
939779
940779
940843
935664
944714
942834
939474
941229
940046
943084
941953
950279
941630
942142
941588
946525
939740
945596
938739
944964
942143
937660
946974
945792
942924
944436
946935
940458
943079
942421
942565
940313
939806
935893
937915
943474
938937
942297
943334
940502
939486
938477
944125
940458
946096
945055
940787
936476
936861
938901
937363
940437
938995
938060
934650
944645
940680
943789
936047
936990
941650
941459
944184
940172
937250
939071
941331
940027
941667
941071
943692
944408
940292
942270
942998
943902
939087
946033
942283
943725
935573
941678
940409
942939
940229
941939
936720
937957
938857
942686
937460
935756
941595
942646
945545
942009
943197
944706
938456
939274
943837
943685
939231
942916
945135
944150
939120
938960
944369
934758
936085
940589
939289
939965
941700
944352
939920
938604
939495
940532
941985
940898
934915
939419
944570
941750
939833
943411
941819
939121
939379
938550
943501
940969
943945
944393
940409
937821
944636
938486
937396
944223
942364
938284
941097
938558
939088
944146
945593
938038
941460
939066
942146
942103
941906
941515
946544
944346
941645
940807
942154
941606
941440
941437
950243
940449
938544
943398
939507
939572
942567
946744
942748
938919
941493
943124
940732
937114
936868
946371
939849
941811
946104
943872
938288
942879
936634
941334
941397
947660
944380
943068
939006
938457
945352
941843
946892
941054
943902
944826
937353
943373
938645
944413
938119
941703
944399
940860
939576
939341
943683
940026
946211
939922
947997
942158
937284
943086
939984
939870
942309
940967
939871
939205
946720
941970
942155
945788
937570
939571
940251
936720
941661
937325
941754
942272
946268
945967
941715
937748
940025
937307
942461
944293
937635
944550
938403
943865
943704
950120
947486
939214
940159
940538
941396
941229
944234
941691
941989
939257
942109
940671
942814
940435
941170
939730
938641
942686
937516
945093
946419
937690
939934
940195
937634
939128
942291
940934
940270
938720
944238
938431
941509
940115
941905
937904
946271
941308
945808
937788
943467
941521
945751
942898
942244
941478
943620
941195
941891
944146
942090
943424
939291
947804
946214
942082
937340
937853
941631
939846
946952
943923
938284
941817
940453
939995
940133
943819
939754
941592
948563
939840
940846
939114
940756
939608
941759
944665
943004
938886
936397
947091
940069
935965
944998
942544
945687
941116
937465
940037
943479
940419
943717
939420
941254
940193
935554
940357
941149
944450
940710
941403
937949
943320
943908
938027
942748
938066
941514
937725
939743
937597
943160
941425
944330
944718
939096
942648
941536
939991
939974
944409
938247
942986
940321
935517
943830
941045
940323
940445
940652
942706
938676
939603
944523
937410
938192
944484
942548
945347
942584
940518
940768
941838
939592
945666
938656
940243
940222
937610
939074
940858
941852
939287
941364
942141
937140
942966
941449
938483
936197
940825
942012
941938
946681
941763
943989
943283
942904
936619
938278
935331
938248
945590
942191
940741
943470
940999
943470
948480
942574
946731
940954
942571
940477
939298
942686
939220
947935
937591
939288
942468
946570
944583
943650
944303
941167
937772
940180
938999
940892
947835
944520
941581
938742
935417
939981
941611
940232
937871
948277
941562
942009
943310
942449
944482
936299
941825
944717
943913
939332
940154
940848
945590
941651
945037
945238
942662
943077
943915
936634
938702
941986
940473
940882
943535
937660
943575
941589
941403
942517
944755
946302
943090
942629
946913
944822
940280
940213
942001
939770
936423
940502
941435
938790
938001
939596
940012
939057
939065
938990
941414
943085
941212
936528
937527
945804
939616
943778
937380
936973
937603
938341
941989
938879
939569
938687
939488
943771
941705
942778
936590
938843
941267
943049
940713
939083
937736
939773
943915
938557
941061
942103
940519
933782
939440
943243
943080
941552
944254
936058
937656
935419
941329
936723
942257
942943
935348
939928
939726
939451
938624
942602
942143
940517
935732
938729
938991
938664
938706
940245
940313
944145
937500
938126
940498
941868
939421
941838
945451
940902
938769
942827
942770
940893
951497
939700
938969
938426
942068
941531
937806
939851
940613
944949
939646
943289
943104
938692
941954
941094
940655
940741
937993
942445
944712
943215
947712
942579
941407
938541
938382
940675
941860
941409
940806
941762
940283
941738
942638
947221
938913
942142
940562
937914
943810
940493
944821
938127
939040
942376
941296
938591
941793
944376
940813
944793
939450
938602
938276
941425
944104
936603
945014
943185
938225
936588
942404
935563
937383
946933
940347
944884
944193
937545
939738
941927
944134
940623
942452
938985
940964
943912
943671
939718
940668
941293
937193
946140
937468
940744
941505
936732
942583
938043
943869
940751
942098
941238
942537
936870
950226
942255
938629
937382
938656
937437
940717
940685
939892
940867
939422
941058
942468
944993
943137
942561
938750
935422
941900
941604
937303
936802
944372
941381
942029
945937
944031
940630
941898
942391
941832
939650
937567
938084
942312
940463
943934
942178
940448
948164
940143
940513
941214
938133
944686
947243
941596
944201
943468
941922
942512
943399
940960
940656
938954
945253
941886
939460
943883
944111
940727
942161
941616
938945
941347
944898
939265
941805
943671
945774
941432
940641
939199
944166
941505
938699
939613
940862
944596
941701
944709
944326
937987
938959
940948
940441
948962
939380
938899
938376
945375
943819
937549
944702
942027
943417
940363
944784
943706
941878
936409
941131
945390
941903
942984
945298
943738
940829
945538
939007
942439
937440
940942
941280
933300
938828
936489
941605
939470
939897
947902
940496
938781
943807
937854
942911
942917
940963
943156
940741
938482
937269
942567
941994
942031
947253
940695
940834
939785
938747
937944
941597
942619
942751
940907
944529
939123
936422
944463
944440
941221
939446
940963
938642
940599
939333
940776
940595
941750
945875
944447
938592
940510
943281
938935
940571
939203
943902
941788
945286
941636
944820
935752
940166
941844
940647
944150
940407
938572
950529
940812
938858
939446
942062
939426
942512
945416
940798
945246
941585
944511
937495
940649
942177
938975
941423
937743
938523
948053
937840
946599
937244
939682
940750
938502
936330
943414
942299
937633
943209
947224
939282
942877
944234
942519
941409
941903
942339
942053
938973
939315
938741
943087
939229
945196
941577
941182
938463
938942
936655
935729
945471
945162
939941
944358
938518
943762
941425
939504
938029
939832
937608
941542
939240
939904
942819
939312
943007
941432
940214
938207
938981
942292
941449
941681
940887
936864
937775
941479
938414
939031
941783
942848
939375
943277
941581
942627
944315
940098
941753
939617
938293
939675
941936
934421
942924
941182
944915
938459
940395
936992
935165
934843
941031
939725
942638
941414
942284
942190
941621
940835
937477
937506
944832
943706
940522
942173
947392
940708
941012
937211
938457
942715
937958
940193
936571
945713
936931
937856
942066
941930
942717
941098
944772
941235
936632
941764
939986
939136
942644
940960
938469
938980
939843
942296
939042
941968
941698
940206
944512
944057
940620
942435
940398
942366
943629
939654
943610
937761
938029
939167
940172
940125
942005
943319
939976
940121
938020
943539
942325
945131
942809
949709
941341
942071
937495
938616
941453
940675
936615
940472
937214
941567
941185
946590
938481
940052
942113
938428
939471
940261
946198
949784
942953
941388
942031
938594
939774
940515
942350
941326
935151
943576
946533
938140
944205
941497
938921
943326
941259
944128
940513
939085
941829
943442
945581
942754
945739
938774
938187
944150
944362
942385
944044
941980
939735
936782
939492
944396
942207
940805
938010
943696
937289
940566
943081
938966
940204
939198
937368
941750
945765
942152
941065
940795
940168
939167
938907
938112
941995
941416
940476
941284
938840
942311
937190
937461
941053
944176
945079
937627
936840
940409
939264
938271
941308
943656
940318
938859
939668
935309
941207
936063
945668
940041
938614
944827
941495
939345
939562
943458
937653
942021
939479
938960
941520
939447
941381
940948
944982
940241
943004
945067
946535
936955
941447
942588
937317
939868
945005
941870
938666
942554
938093
942131
940829
939049
947999
938051
939103
941742
942293
942893
939297
942688
941928
940107
941341
936767
936939
942583
937304
942117
940658
940888
940026
944015
950503
940167
939986
939423
941783
938060
939526
938011
939178
944782
936970
934765
941373
944970
937707
941139
942603
939150
946106
934658
944914
940843
936058
941311
941769
941077
939451
944128
939341
944138
938001
940540
937579
940608
939101
939889
939065
940376
938594
937813
942578
937663
940856
944563
944849
938665
941192
940843
942269
941812
935970
943695
936483
941000
937163
941311
936501
938319
939813
938693
940384
936775
938010
944605
940893
938419
941291
942239
939638
938451
945105
939802
945074
938907
940872
940574
944966
948313
946323
940159
941764
939624
940090
939380
936315
942393
941940
938003
941851
940232
940440
942568
945913
942270
936803
939089
942043
940365
938767
947272
941350
941232
938357
945426
935091
945172
940495
935546
941668
939578
938951
936818
936433
937998
937224
941272
941544
936154
940360
937555
945692
942118
941178
942310
943886
940980
938293
938047
942712
941639
941423
939135
940393
937233
942030
944178
941553
939110
937398
939714
945296
935389
945286
938926
944389
943182
938131
937501
942292
941229
939924
943643
943236
939049
942822
941614
945045
944258
941721
938686
947148
943934
944177
940486
941449
944117
942067
943786
942029
937771
944684
939731
935848
939759
941857
942689
944978
940958
939054
935402
939609
940953
942836
937534
942666
940243
940708
946660
937716
942951
935262
940075
939947
937844
942216
943573
941071
941277
940177
942646
939975
946397
943356
941850
940872
945441
939577
940700
942306
938812
940998
943218
942077
942142
943044
942443
939932
938226
942392
941943
937659
939602
939556
943497
944160
938917
942655
941044
936437
940799
941562
943296
942131
939183
941128
940804
940115
943895
943628
942838
943712
944159
940921
942799
942868
937943
936435
941886
942719
942494
943922
943090
941288
936068
937964
937107
936222
939803
945357
936940
942401
944718
941654
939993
942301
942851
939001
942492
939951
941213
944799
943525
942066
939072
940389
938583
935697
940936
943366
947257
941821
938043
941748
939771
942840
940567
941668
939075
938475
939840
941713
941203
939710
943363
942358
938633
939502
946740
939496
937386
938360
942500
938716
939109
941151
941721
941450
944331
938041
945075
941769
943019
940692
943907
940188
939945
941506
944403
940497
940328
941762
944516
936122
941805
942670
936684
941179
938553
940978
938739
943007
944494
940472
939892
939612
939100
939300
941687
940533
942941
938431
937848
940744
938591
941289
940658
937566
946106
943089
937053
942489
937523
940645
940426
940762
942345
940346
942984
943121
943692
939208
939000
943841
942901
941213
939388
939536
940290
941221
939288
942702
946111
937958
937729
945686
945421
940753
944156
940380
939389
939355
939141
936682
942783
943238
944483
941757
944021
941310
944313
936950
940282
936619
935800
941946
939764
940520
939625
939570
941821
940060
937192
942418
937840
937568
941409
945374
938509
942398
937743
945460
941299
943094
940387
940226
939806
944172
939416
939603
943346
938753
937365
937525
946142
939610
944788
938207
938482
940210
945549
943879
937781
939293
939309
936754
942816
941794
936798
936895
944497
938827
940934
938776
937826
938950
939404
939536
941345
938768
935024
937592
937469
941609
940392
940750
939303
938685
942511
941229
942736
940605
937228
946604
937471
943645
940740
941559
937100
940514
939552
945039
946968
946060
945359
939572
937063
939089
937687
943971
940708
940622
942882
945587
939984
942524
940884
944178
944414
941408
942841
936590
935946
941423
937118
937697
938626
943298
943013
939839
938856
935907
937771
938118
943838
943723
942864
939020
940320
941180
942437
944458
940089
940133
940659
937400
934398
937282
943279
945578
940640
942056
937829
936573
939111
942312
938593
937626
941805
938874
941627
939858
939865
940102
938109
938702
942608
936695
939243
939064
944799
937582
939565
939720
939332
942367
941540
940376
943060
939534
938955
936898
944022
940418
940424
942545
943201
942227
937795
936363
937248
938615
942733
941955
942966
942266
939785
942339
939373
936498
937472
940435
943122
942314
938133
940628
940244
941820
937408
941080
942172
937924
940731
942537
939854
938649
943297
935728
943971
939942
937959
937943
941379
938959
938577
938511
943298
940233
945938
945638
945873
941682
937236
940712
942067
941720
943668
946113
946259
941205
936797
939094
942466
944417
941212
936845
939488
938583
940139
943628
940767
939371
937338
941090
938278
944824
941496
938575
947081
942714
942355
943775
941174
936989
942520
938888
943517
940863
943843
938935
938480
940439
948827
940495
943314
938035
941231
940480
942496
942411
940945
942563
941515
941583
937388
940130
940116
941263
937937
942415
945040
944784
940155
937600
941622
943356
942757
945844
936279
940357
939332
939209
944925
938107
941135
940650
944286
941259
946476
940519
937394
941724
940638
941835
940873
939396
944067
945335
942642
947850
948164
939785
941943
939431
936127
939842
941136
945467
939379
940691
940315
940968
939768
940704
943397
944040
941837
945046
937653
938406
937500
940359
942422
943930
942251
940858
939135
940631
940862
939743
939561
940517
941856
941181
943199
937494
947075
942745
941050
941833
939881
942896
946856
943049
935849
942277
944321
941970
939113
940995
941904
943288
940270
936380
941769
949978
941152
945246
937721
944412
938718
939487
940113
943607
939611
942186
939084
941254
936008
938105
941529
939163
938762
942531
939184
937567
937717
939710
941878
938741
941144
940239
937236
937917
943832
942400
936749
943645
938673
939500
938751
944069
943646
934741
938746
939856
937890
942807
941484
937364
939467
934823
941649
944093
941494
939317
940276
940904
942216
940609
945848
940993
946605
943035
940093
942554
942429
942999
942036
937385
937366
940563
935980
939820
938723
939923
940994
941233
943451
944699
937480
941923
943465
940510
941077
940831
942745
938727
947784
939679
940364
936032
945818
938654
936888
937991
940160
944967
941268
942526
939795
941997
941294
939072
939915
940380
941026
944381
937211
939793
941766
941212
939270
938270
938051
943761
939774
935322
943155
942700
935377
939921
947295
939788
942795
943304
941741
944753
941382
943769
941766
941031
939642
940459
941619
940983
937842
944583
942739
943075
938756
938990
940153
939738
939023
942142
941747
943488
941305
941194
937772
941892
938866
940861
941218
941946
940163
941359
938331
938939
943173
943743
945457
940748
939933
944002
935440
947058
942378
943098
941458
941345
937578
937304
938584
937316
942400
942536
941885
938767
942685
941719
939225
946106
942044
941072
941083
940576
940820
942687
943132
948059
938341
941092
940084
946175
942881
943164
941038
944317
939832
945919
935945
938824
936579
940332
939497
941690
940532
937412
935611
940413
936195
936448
942635
941204
948480
940662
939829
943633
944323
944307
939006
938515
941997
944272
947114
938902
942311
945466
943429
943790
941213
939069
941848
941240
940588
941211
937807
944690
945361
938511
942449
940444
941824
943340
945609
937433
944010
942114
942385
942384
939246
944396
939162
936731
944848
937312
936786
941898
935125
942739
942272
945008
941989
939716
939015
944809
938305
938544
945640
938688
943664
941307
947202
939553
944556
942744
945291
938848
935946
945842
938887
940819
940500
945149
942037
939388
939920
940151
936737
941728
941567
940737
939300
943954
947992
939633
940009
946433
943931
939396
943799
947036
943435
938264
941569
940986
943060
943091
938522
944317
942733
938522
945439
934786
940900
938979
938287
944254
939632
939595
944549
944561
941542
937768
942621
937997
939885
938823
945878
943236
941303
945356
935530
943665
941711
942801
936176
940015
937466
943413
942311
941472
937386
945202
937945
938664
939807
944071
943269
938556
939199
942839
938926
941940
945898
941538
939096
940223
940245
942689
946396
937215
939414
939850
940066
941968
941584
938601
940040
942911
941458
946176
937726
936977
937690
941849
945424
941701
940796
939643
942283
942871
937839
942268
942311
940819
945484
936723
941156
936730
942720
937136
938877
939950
939410
937568
938247
940414
945328
941227
938838
937058
942466
946738
939380
938704
941354
943389
945260
940536
941075
945439
939787
941355
937442
935729
938530
943237
940588
940617
942556
940132
942824
943171
948776
945849
939282
943020
936690
944326
939453
939600
941445
936919
942697
936562
942290
939080
942140
941685
941013
944949
939772
938434
942753
943295
947871
938316
937287
940293
945011
944140
940737
944097
941582
939513
936551
942018
943016
943443
943137
941340
938479
936223
943656
936530
940992
939565
940069
940727
937572
936542
940066
943200
946276
938838
942721
938511
939841
938366
938403
945272
942320
947178
940930
940006
942984
948114
938979
939678
946765
942419
937754
942345
940135
940910
936546
941514
939452
939713
942368
941495
941548
942245
943938
943877
939962
943346
941146
940590
937268
941976
937610
939884
937356
936033
940911
940290
939566
944193
944077
937375
946374
941804
945574
941089
942437
940907
941042
940645
936721
944773
937218
937920
941637
943338
939950
941579
943715
945602
943717
937338
941430
942710
939651
938755
939486
942886
941879
936833
943614
943148
940221
935601
943058
944048
942398
947289
941960
940021
941552
937774
939153
939985
940653
942387
939715
940756
941222
945165
943343
942837
938370
937344
942824
941521
943376
937794
940998
936127
940624
943792
939474
943835
937157
939272
938397
941941
939511
937925
943667
937543
939974
940418
937611
941511
935083
939382
944932
938131
941260
943270
937982
941649
940953
940854
943321
944899
944615
938475
939544
940484
941943
942066
943598
942343
938067
941521
940965
942832
936447
941706
937363
946054
939266
940506
943626
939524
938926
944586
946535
941609
945033
941696
943596
940007
940941
944667
939329
945238
943759
941625
946860
943386
938297
939447
945861
939616
938928
943418
943565
939901
938746
937647
939755
938582
944856
938985
939559
943853
935691
939488
941327
939907
942464
942075
940633
942617
942603
939929
942735
944960
948601
937232
939040
942057
937664
944771
942076
941074
937987
944684
945679
941715
936463
940278
941368
935800
939123
940834
942478
939083
940622
940071
942129
942090
942987
941339
940236
939131
946455
940423
942348
939593
944131
944794
942377
936858
939366
942517
945776
940436
936277
943265
940260
940797
941425
937989
941423
943282
937454
938647
946729
942110
941736
939527
943227
938776
940866
942777
940561
937009
940184
938945
940813
942107
939027
942651
939627
938635
941223
941367
938770
940341
936558
944091
935014
937036
944999
938502
942016
940424
940878
944190
945019
944224
938832
939098
941973
942600
941777
941926
940352
936805
947534
941807
938833
940883
945432
940231
936072
940714
942379
940861
939725
944048
941869
939660
938606
939986
938759
943320
940399
941572
942034
940718
938279
940003
943356
944007
947636
943564
942364
943596
939639
940233
946126
941999
948840
943784
941754
939871
941221
938685
940936
942941
938424
941932
937830
939212
945128
937286
939194
942194
945065
944715
943546
936404
939676
941193
942389
946236
937685
939983
940280
941679
944519
935571
936960
946205
940369
942404
939247
943286
938732
940594
946835
941702
935833
938917
946960
939707
945253
947287
941988
938746
944088
940795
938557
939673
943226
939976
941915
947566
944004
943477
945627
943359
945390
940132
941728
942544
938026
945971
938513
940155
944336
935782
941293
946092
942226
935293
939382
940758
940557
941535
939855
940824
941599
939360
940005
944127
938302
944054
942597
943000
941757
945459
940302
942944
934964
940988
937850
941416
941282
939470
947788
940574
941007
939412
941656
942629
940584
947488
941111
942889
942710
942099
938627
942883
934760
935877
946597
941986
941979
947735
941034
941993
941137
946860
937788
938960
940877
936434
936799
947035
945263
939527
939899
939212
945216
938763
943672
939191
940627
940472
943137
943102
938800
942698
941147
943828
938980
937700
937390
940431
941540
940799
938119
939835
938572
935706
941497
935180
937497
943947
939845
940251
938290
940253
939636
943870
939060
943372
938436
942226
937279
939926
939891
937042
942923
940064
937623
940790
939817
943688
942853
943472
936225
941780
943178
938955
943579
938140
937873
943729
942126
942438
942440
946741
939219
940827
938739
948068
942458
943482
939679
943876
938807
941607
940647
941321
940924
937815
939593
937145
946770
939301
942657
940328
942542
940362
943304
939775
939342
940222
942089
940868
941263
944040
940110
942343
935342
943580
944730
936866
936388
939649
939462
939587
941789
938857
940188
945593
936626
939999
938659
940266
943614
939098
937695
941338
939800
943883
937227
938988
936252
941390
944850
942790
936166
944252
943298
939320
942841
943663
944015
941187
936883
937292
941572
941905
938912
938781
944601
944100
935583
938690
941586
939010
938337
940033
938825
938287
940341
941724
937873
942807
939227
938875
947557
942732
943123
943922
938570
945037
937974
942906
939587
941860
937735
940592
946131
934752
940267
940112
945419
938764
943208
942598
938923
940400
939601
940306
940126
940182
938296
937381
940965
944638
937586
944180
939571
943614
940661
942264
941808
937845
940133
938712
943958
944198
943453
938912
939409
938761
937982
943340
940740
941043
941430
937796
940859
942854
937271
938506
939482
940867
940282
941310
937246
935590
939462
936504
941399
937628
939056
938470
944882
940229
940416
939041
937759
942628
939959
936811
943112
940929
943143
940958
935604
942119
941338
946939
936009
942488
941155
940643
941232
942305
941429
940377
939822
941535
942123
936684
942125
943090
943891
941123
936125
938734
939181
943840
943761
939727
938870
941001
941264
943674
943222
938435
937879
945384
941431
940329
940492
941939
939164
943195
947016
940776
944155
941797
938471
939830
943287
942282
937934
941442
944957
945588
944345
940762
942451
939164
944705
941276
940408
938599
942057
944203
940609
939484
939427
941985
937057
938468
939844
939584
943578
939083
939064
944880
933886
938821
940585
940238
938089
942518
944033
936297
941209
945460
941293
940874
946079
939329
941233
940441
948714
939949
941195
938046
938457
943092
939086
933614
943775
941629
941731
937485
943143
941214
939517
939769
938709
942716
941613
943847
940714
942909
940670
942160
940502
945774
942279
942762
943502
936564
942616
941117
940422
939875
941654
937492
938562
942211
941167
936615
938728
945918
941284
937400
942624
946500
938610
939356
935962
941259
938344
940854
939239
942822
940876
947280
939494
945595
944196
938124
945544
939459
941495
938675
940400
944787
943490
938685
938690
939495
945620
940349
936075
939575
943175
942852
937278
942257
941043
939733
943922
940881
940067
941593
939503
940303
945299
939775
942023
940893
940943
940421
940111
943692
942836
937330
938941
940095
941899
948818
938352
943435
940966
941880
937604
946387
939074
941755
943092
941496
938521
940106
941330
941307
938643
938895
939360
941529
943528
937169
943109
942749
942371
941074
946211
942726
939425
939476
937002
940580
942530
942631
937054
945233
941519
941908
941595
937076
947202
941052
943480
938911
944450
937976
938831
943926
938892
943013
939003
942250
937923
942154
936528
940308
942346
941499
944749
941813
944238
939454
939414
939153
940215
944571
944041
936965
942744
939257
939690
947629
939279
939539
942920
940205
940987
940491
945168
938912
936802
944482
947532
940291
938842
945104
938650
940669
940935
940742
940753
938345
940413
944149
947948
942810
944213
941158
938416
940241
939955
940023
939205
939299
944611
938637
943345
937473
945514
942247
937942
938338
939543
949380
942172
942410
943534
941496
944705
946217
938846
940808
941579
939824
941019
942190
942771
944614
939635
941945
946086
940529
940036
942714
945412
940476
941543
943958
937316
937253
941730
945602
942486
937053
937915
940866
938765
935452
944689
943515
945452
944414
940863
939450
938514
943026
946330
941301
941580
951719
944574
942261
947409
943945
940227
939722
936925
939729
945190
942595
945115
942059
941149
937530
946725
941751
940367
938298
944612
940062
936629
939932
941564
944305
944273
938847
938354
937672
944512
939152
938541
939958
939653
938547
942572
942286
940026
941045
939525
943679
944884
940871
942460
941279
941716
939305
942931
939312
939162
942794
943022
941035
942592
939226
938871
941115
937171
942048
940597
940302
941261
940733
942185
939592
943681
940638
938813
940162
947624
943233
943097
940272
935643
939052
942539
941418
939442
941845
938347
948666
934549
941950
938699
940484
941533
939511
935285
941180
941557
942698
938547
940689
938847
940840
941304
940351
943546
939384
939825
936670
941647
943916
942524
947646
937741
939057
943031
938342
943645
941166
941394
939695
943382
942190
943880
938058
935859
938632
942923
944473
939054
939606
940410
943817
941449
939111
944192
938350
943433
942807
942910
939210
940920
933297
938907
944224
935506
940292
939487
939298
944340
937551
942519
938729
944247
944515
940769
940647
936702
941658
941342
940765
946124
936624
940543
942047
938599
939300
946225
946782
942188
945459
947498
940038
936194
941534
935716
940835
943583
942075
939111
937666
946851
942245
940232
942605
936443
940587
944747
938028
940868
942436
938656
937937
945512
943192
945465
944653
945536
944192
937509
941037
935563
942903
941787
938461
945773
946305
945358
940260
944034
948253
938800
942464
946609
940541
938099
947172
942131
942993
938029
943099
943902
943770
942821
943747
940133
939427
941327
941954
941523
944414
939949
935788
943399
942345
937596
941391
938285
940157
942244
942629
939962
940602
935343
942302
938824
938710
944501
937734
937564
941112
944135
943733
943899
942961
939602
937436
947505
937307
944793
945004
943576
942465
936703
940954
938397
939743
944056
939518
940912
942128
941630
941052
944553
944102
945304
939913
935282
941979
940804
944414
942383
942503
940833
939158
942365
941186
939402
939977
942384
940124
936836
941290
940840
950982
944787
937405
944205
939018
944691
940314
942460
939900
941742
943218
939984
943662
937002
943239
945749
941213
940944
941404
937722
939611
940825
942509
941636
937478
941903
942279
945603
940006
940390
944126
943473
938019
944947
937832
937433
947640
941111
942162
940803
938641
946038
938652
934871
941396
939792
945034
941007
942920
938260
940123
944452
943609
941942
940827
940767
943057
937335
946467
947398
940286
940327
941223
941983
937196
946333
938579
942493
940883
938842
936123
942704
940481
941758
945751
947236
942168
940972
940521
941782
937701
942820
938572
941311
944604
940552
936811
946684
941351
942066
940171
941135
940223
943322
939894
937821
938368
944268
944089
935693
941247
942169
939502
940128
942771
939968
942256
943784
942508
939487
942322
939722
945096
941724
940309
941681
937229
942539
944984
943162
942027
941629
939661
943955
941567
942097
940667
943138
936246
943191
942582
940812
945259
943554
939985
942145
940859
939723
941260
938925
938284
938601
942430
942459
939961
943184
939443
938997
943592
941221
939829
939382
936868
937001
935938
942537
936506
943859
940328
935840
936704
940348
938568
941694
939334
944091
941612
942848
939053
941825
937511
938328
944800
943226
940028
935926
943053
944967
945568
943522
946016
944278
940736
939826
939009
944321
941273
936986
943182
941637
943514
943591
941137
944168
939362
940780
939269
942704
943114
944066
944751
943813
937710
941431
941103
941613
941415
940536
941324
942989
937896
941697
940777
940466
937528
934211
940791
942177
947986
942527
942394
942156
939200
939771
937750
937956
941477
935125
936824
944290
940301
945566
941916
939260
944474
940571
937117
946327
941703
943744
936965
940984
941077
939431
945439
938530
940440
940935
939542
940766
941000
940964
934761
942251
936211
940597
941353
939925
946119
938176
944070
938894
936650
942702
942479
941261
938063
937886
938616
941965
939056
941704
942779
946348
945051
939903
941845
943024
939499
937866
935396
943052
945979
939852
937445
942813
945395
940938
941503
939713
941459
940053
940185
944096
943003
941050
941033
939652
943178
938873
938943
940977
935633
940286
941043
942374
941151
941864
936561
942190
941538
945292
941719
943063
946327
948351
939324
941073
940396
944817
940079
942046
944446
945126
943289
945325
942553
938523
940227
936934
939845
942173
940085
941044
942254
941212
946464
942321
943139
945142
941412
938897
937113
943288
939469
942756
934715
943440
941915
939923
936007
942287
941387
943791
939277
942605
942931
941676
942994
943044
942074
935812
942116
939735
943520
936874
941623
941272
940357
939136
939140
942436
944019
934409
938881
937444
942364
942924
939057
936968
939927
946306
941979
938358
940652
939870
937852
942791
939372
939547
943634
941259
941593
936745
939122
941961
945036
940863
941909
936163
943117
943254
939609
941859
941318
941882
944733
938020
940898
938841
943195
944944
939305
945215
942658
942628
940273
942399
941843
941881
942167
940210
942298
941088
941868
940697
945518
940097
942291
946123
937876
947067
939905
938981
939249
944845
937929
936243
942824
947118
941206
945357
937482
946519
945973
945551
944984
946629
942077
940161
942129
946557
937757
937454
941076
943059
941071
938622
945968
939394
943704
943346
939796
940759
940190
942088
939211
938450
940921
942628
944665
937609
941947
938737
946633
940464
942322
941893
943303
936004
942869
943366
941350
938607
937353
940461
944080
938915
941016
934441
937796
938787
938464
945666
935676
941461
936327
939988
937064
940595
940779
941759
940666
940387
939920
939721
938834
939039
935833
941182
945043
942679
944544
941466
946574
943811
942730
939238
939941
943997
940936
937146
940409
936776
938200
936653
944147
941434
942293
938624
945814
938664
938915
942269
940197
944303
940533
947471
940911
939628
937636
936957
937869
939572
940012
940219
940981
937099
938055
942320
943372
938616
940424
941446
937352
945434
941308
936569
946292
942699
939422
945250
939320
941611
941221
940246
935065
945557
938277
946251
944551
942970
940033
940604
946542
938748
941507
942547
943783
941279
939043
942437
942719
944273
939212
938301
936762
938750
941301
940888
939128
940852
941984
940029
940346
938650
945154
940701
940020
953567
945821
939500
944530
938928
937907
940861
946409
941496
938380
938739
941986
945676
940680
942978
936146
939360
942311
942689
939776
940845
941924
941347
938647
944538
940711
944177
944063
944042
938896
934258
939133
942007
941766
941329
942202
942048
943843
945798
943198
945880
941695
938324
941828
938870
943989
944430
935333
942001
945911
937056
940637
936752
943442
937300
942915
940300
948248
947783
937314
939823
941213
938489
935273
941681
943727
940552
942366
941322
942112
944344
944228
937720
937860
938501
939140
941594
939680
941439
939740
940443
941803
940364
941716
938815
942415
939043
938981
942011
939359
941710
940841
941417
943540
941742
937355
946024
945875
937474
945689
939037
940795
941218
940569
938801
937780
943013
945911
940336
936663
939374
938143
939780
946049
949037
939502
937487
943351
937486
940339
940254
944752
941744
938105
939479
936165
941455
943600
943420
939791
942589
940266
940165
945856
941604
938894
936224
941190
938932
942456
942528
937926
938762
946468
942200
942420
941748
939630
943732
942329
939522
940995
943785
940485
934926
943851
945810
944921
942683
938033
942156
939215
941354
938046
938931
944910
941610
942541
938632
939836
946514
938524
939890
937510
937294
944729
938138
937884
940570
942855
942464
944244
938034
941187
942450
938349
943305
943989
944795
941218
940758
941016
945260
939663
938012
940516
937953
945749
937698
940280
942450
941591
940577
945166
939633
942529
946766
940007
940932
941950
942827
933987
939407
937588
938352
943088
941744
943804
937713
942162
941025
939175
940662
939254
936934
942081
936942
941531
940528
942121
939018
938954
942607
937326
941294
945288
941836
942452
938532
940772
936214
939347
950316
941027
940524
935837
938930
940465
935469
943690
936820
942621
939148
942861
945295
940285
939462
942092
945255
938957
942302
942739
937957
940683
944024
939703
938398
936180
947824
944268
942763
938857
938794
946922
939517
938545
941343
943306
939584
942252
938898
936839
938493
937746
943915
940767
936832
939206
941162
942247
936680
940184
941805
943353
942455
939054
941323
944025
943962
937349
944608
940778
941793
939783
941042
939690
940186
942401
943670
944441
941584
939132
940452
939195
945460
942128
940639
942058
937473
941810
941734
943077
944591
941088
941437
943008
937435
943993
939152
939180
942759
942012
940305
940605
934610
941653
943017
937329
938268
939363
941311
942104
938445
941316
943992
939288
942154
940495
945245
940147
939249
940757
942514
942511
939830
938299
944542
945354
946947
941953
938709
943940
943328
936419
940481
942938
941358
946865
944178
942000
945346
938084
941030
939368
937797
940430
939351
943827
940987
946743
941791
945007
938768
935052
937801
939545
939851
939604
940525
938714
942440
937763
940443
940734
943543
942396
938594
939634
939884
940148
941162
938469
937734
943459
936579
935411
942442
942460
944869
943270
941233
946565
939792
938979
944506
938251
941990
941534
942897
941172
942768
944365
944550
945713
947816
938103
939508
940029
941252
942186
942574
941079
937336
940516
941425
943820
941452
944400
941297
942855
937063
935997
940396
939171
937322
937533
943830
935259
940956
940076
937916
939492
938759
945900
950191
937462
939751
944657
941705
941547
942715
945778
939686
936373
946599
940489
942649
939278
938515
943759
938706
941227
938449
939034
942928
938908
940219
939784
938350
938477
934980
939827
938443
946148
941961
945188
939554
945514
935334
940327
940674
940217
943892
935901
941407
938391
942745
943487
940929
938752
939977
938925
939506
941389
942526
943397
940374
940321
939399
939939
937950
939578
938799
936582
941025
943678
939690
942500
938997
936013
938635
939998
943666
945972
945228
940552
947421
947351
946134
935080
937485
942143
935705
939793
942289
944445
945375
941036
937514
943176
938272
938157
943514
942837
937295
941322
942649
944155
940016
943038
945025
940084
936223
940132
943755
937923
943651
938697
940771
942942
937856
943260
946423
941896
942114
937338
942183
936168
945793
942428
943639
946382
946100
942198
937576
943447
939674
940163
944749
943749
942177
942195
939076
940922
940111
943840
945713
941773
942348
940815
941024
942306
939420
937562
938011
941960
943082
942596
934894
939150
945337
940270
942080
940288
947761
937350
938843
947545
939682
937880
939666
938455
938838
939910
940919
946643
942117
940068
940527
946321
936395
940153
940493
942029
943535
937518
944241
945395
940179
940157
944025
940553
942074
939747
940843
939779
938163
938600
937389
938945
937284
939520
941692
936297
938747
942710
934455
940622
939927
941531
940136
942880
942066
942936
943347
941229
939889
940851
939783
941265
937981
937661
938885
952246
946595
938379
941661
940077
941867
940992
942613
938446
937373
942953
942099
939182
945932
942356
938271
939483
939485
940129
937113
943911
940966
939707
935788
938019
940193
941342
941119
940351
938361
939640
941083
941917
938122
941722
941747
939725
939872
934626
941572
941880
937151
944732
943607
939722
942719
941793
941407
941405
943866
943103
943860
940087
942757
943842
949220
948390
936547
946174
944755
940776
939563
944665
936787
942520
944158
941178
941525
940247
940352
941107
946809
940860
942422
937473
942774
939222
940634
940215
940636
939420
945279
938174
946125
938453
943470
936265
942131
945162
942877
938747
944946
946073
940598
941438
944120
941399
937235
944095
946255
936700
939793
946109
941367
938225
942383
937682
941249
940356
938870
940064
940848
942384
938223
940045
943677
942983
942134
941763
942149
941583
940048
936134
941544
937981
940317
939947
949304
940192
943267
941183
938713
944958
939344
941446
938797
942063
939827
939082
940404
939903
943230
940116
941254
941608
940386
942739
939346
937322
938507
943027
942392
944408
936585
937307
944978
938180
938901
940287
941036
938966
941261
941605
938727
944743
943434
939905
941184
942136
943654
940924
938817
939640
942369
945996
939868
937672
938400
946790
940803
946394
939884
939390
940588
939812
937335
942229
942802
941515
946588
946551
938845
939832
943383
940814
943409
941639
941984
936385
944891
936964
945699
947954
944869
944383
943866
943541
936373
944350
944925
940423
945794
944372
940819
939118
940561
943610
938123
943499
942754
947158
940645
940689
938619
941389
940878
940894
941526
939220
939381
936384
942039
943609
944383
944024
941892
944029
940855
944542
946312
944452
939454
939518
942146
937546
939733
939748
939980
937732
938795
939375
939920
943469
943093
942329
939022
946436
942986
939853
940785
940640
941454
944869
940975
940993
942572
945002
943562
940614
938989
942209
940581
942580
943854
942438
940577
944118
936982
943508
946084
936386
942029
938892
943311
940569
935656
944266
940308
940636
940634
936644
943723
942553
943494
941265
938741
938243
941606
939446
940323
951201
943220
944532
938668
943184
943160
942703
943261
937759
938311
939423
938483
943299
938533
943392
938873
949302
940436
934575
943656
941274
940759
945244
940680
939062
945997
937303
943183
937392
943210
937410
950012
938578
939796
938753
943575
942515
938169
937128
937077
936363
938207
938963
948974
940753
943913
946932
936412
947961
939517
943862
938144
945014
940332
941876
942442
939272
938560
941410
940133
942061
942994
942151
947444
942240
936524
943442
940504
938554
941949
937622
945486
939729
936431
939131
938316
945504
938575
941035
937483
942701
943285
941632
937434
940164
940723
944009
939502
939508
935111
942780
941716
939275
939247
940907
937710
940648
941538
941955
946075
941590
939996
943342
935457
941141
942496
935942
941858
941541
943690
944584
942932
945461
