69777
66705
69099
66980
67355
67564
66469
67425
68589
69544
68664
67569
69169
67963
68854
66844
68160
68289
68436
68042
68003
67060
66705
67569
66183
67355
67569
68664
70122
66705
68939
65980
66705
68964
68939
67944
67080
67569
65724
67355
68939
67960
66705
67080
66255
67944
66705
67658
68073
66844
68964
67080
67569
67425
67641
67425
66213
68780
67944
68075
67355
68983
69544
67456
68436
67080
67960
66705
67800
66255
68797
67688
67080
69374
67080
66705
68219
66325
67630
67080
68964
68289
69169
67569
67296
66705
67569
67800
67189
67080
68016
68589
68664
65605
67296
67944
67080
67844
67425
67800
66824
67425
67800
66705
67569
69140
67960
67080
67355
66700
67944
68864
67844
69622
66375
67355
66705
67080
68522
67080
68964
67080
68276
66844
67933
66980
68780
66469
67944
67700
67860
68147
67255
67800
67564
69099
66705
68522
68289
69099
67569
68564
68939
67425
68219
65605
65980
67688
67080
67355
66325
67700
67355
66705
67355
67558
67080
68664
67283
66705
67585
67544
68449
69524
66705
67960
67800
67658
67944
67944
68972
66705
66980
66705
67080
68580
67425
66469
67569
67944
67355
66980
68925
67425
66705
68664
65880
68653
67425
67119
67569
67355
67169
68219
67402
66980
66975
66705
67169
68939
67569
67027
66724
67800
67944
66705
67569
67940
67800
67080
68219
65880
66255
67933
66444
66325
67800
68075
67444
67189
68435
67080
66705
66705
67080
67119
67800
66705
67944
66705
68564
68219
65980
67588
67569
69169
67944
66705
67422
67119
67800
67844
68824
66980
68147
67119
69169
66705
67944
69444
68664
69169
67080
67944
68219
67569
68075
68289
66844
67080
66705
67355
68824
67355
67556
69309
68940
66705
66469
67544
67800
67402
67658
67944
68422
67844
67425
67831
66255
67080
66705
67355
67960
66588
67588
67189
67564
68964
68589
67800
68664
68538
66833
67960
66980
67080
67355
69273
68417
68003
67944
67556
68449
67425
67844
66705
68494
67800
68724
66980
66705
67080
68075
67944
67355
65980
68824
66705
65605
67569
67700
68589
66325
65980
67569
66980
68219
67080
66824
68033
66600
68305
67099
66824
66824
66705
67569
66724
67355
67700
68664
67080
67080
67800
67196
67313
67278
67355
67844
68266
70267
67960
65999
66469
68219
68075
66921
67641
68780
67585
67355
67080
67839
67425
66844
68420
68522
68664
66844
70160
67080
66700
68142
67080
67080
68568
69542
67800
68797
68664
68305
67355
67278
66449
68589
66705
67425
67355
68282
66705
67944
66213
67569
68219
66705
65999
66980
66325
66705
65605
68653
68378
65980
65980
67944
67189
66705
66980
67189
67944
65605
67425
67800
66844
67355
69444
66705
67700
69542
69242
66183
67355
65724
67944
67080
67080
67099
67080
68797
67585
67322
66705
67456
66844
66588
67800
66844
66700
66705
67080
67080
68824
67569
67569
66844
66449
67080
67944
67080
66449
67844
65605
68564
67296
68075
67355
67080
67564
67700
67944
68664
68664
67944
67355
68449
67944
67119
67080
69544
67080
67571
69488
67658
66325
66705
65927
67630
68289
66980
69309
67704
67080
67080
68939
67569
67080
65980
68664
68449
68219
67569
68219
66980
68448
69584
67425
67800
66980
68289
68420
68435
67569
68289
66705
68378
69684
68424
66705
67800
66980
67944
68522
67658
68289
67080
67604
67425
68695
66469
67080
68824
68289
66705
66213
68219
67844
67080
67425
67564
67169
67944
67630
66925
67425
67080
68289
67844
68664
67933
66980
65724
65980
67944
67080
67569
66700
67355
67944
66700
66705
67080
67697
67658
67060
67800
67355
67944
68219
67944
67119
67425
67800
67040
67425
68664
67800
67658
67960
66844
68235
67425
65880
68219
67585
68589
67658
68219
67641
67564
69242
67944
67425
66705
67047
67080
68289
66344
68664
66650
69273
65349
69099
68939
66980
66980
68664
68378
67425
67080
68219
68724
68045
67080
67700
68076
67422
68289
67080
68664
67283
68289
66196
68839
67630
68408
67080
67080
69863
68075
68664
67080
66705
67425
68939
67355
68986
69167
66844
68219
67355
67569
68289
68964
66705
67080
67800
68422
68016
67080
67944
67529
66844
66921
67080
67944
67569
66705
67944
67688
66705
67489
67080
67800
65980
67800
66824
67080
66705
68964
67313
67425
68219
68075
67080
67800
67355
68986
68940
67181
67355
66824
67585
68939
66705
65605
68389
67960
67080
67099
68449
65605
68664
65605
68305
67099
68664
65605
67860
67569
66824
67944
69800
66705
67944
67564
67080
68049
67283
67658
67800
67800
66980
66705
68235
67425
67456
68219
66705
68289
68664
67080
67425
68664
65880
68289
65980
67425
67944
67208
65880
66705
67800
66705
67080
67080
67960
67944
67800
67080
67700
68664
66705
67569
68955
67296
65605
67960
65605
67800
67569
65880
67658
68142
67800
68166
69099
68061
68305
69402
67944
68664
67355
67080
66844
67569
66705
67944
67944
67569
67944
66449
67080
67283
68003
67169
69142
68075
65605
67080
67355
66705
66444
68422
67080
67425
67944
67329
68219
67080
66980
67425
68983
67614
68797
67564
67119
66705
68664
65605
69517
68420
68219
66469
67464
66705
66705
68142
66183
67944
67080
66705
67960
66980
67329
66449
66705
68408
68939
67944
68449
67080
67313
67355
68075
66705
67641
66325
67355
67800
66541
67944
65724
67944
67283
67874
67944
68653
67564
66705
65724
68235
67080
68824
66844
67569
66980
67355
67800
67844
67569
67569
67355
67844
67080
67080
67944
67425
67700
66980
66705
67313
68289
66705
66705
68955
65724
67283
66980
67800
67569
65605
66705
68420
67569
67800
67355
67355
67944
69242
67800
67800
66975
67296
66183
66705
67800
67800
67844
68664
68420
67844
65880
69819
68278
68664
69819
68289
67080
67569
67425
67569
67425
67944
68880
68964
66980
68289
68664
68016
67355
68724
67080
67800
67564
68305
67944
68073
67080
67355
67944
68075
67099
67569
67933
66255
70060
67569
68219
66980
67080
67844
67800
67844
67800
67800
67564
67355
65605
66824
66705
66700
66458
67944
66449
67080
67944
67355
68724
67569
67080
67355
67189
65275
67080
68680
67564
67585
68282
66705
67844
68235
67844
67800
68235
66183
68003
67891
65349
68664
68653
67355
67844
67569
67080
68664
66824
65980
67080
67355
68075
67080
68449
67080
67080
66844
67181
67944
68160
67189
66844
65980
67099
67944
67658
68939
67464
67658
67569
67470
67844
67960
67355
67080
67080
68289
68408
67080
66449
67569
68408
68522
67844
68289
67569
68219
66558
67658
66705
67080
67080
68589
67569
67944
67569
67080
67944
67169
67355
67569
66705
67785
66325
66903
67080
66469
67844
67800
67558
68986
68422
67800
67278
66844
66255
67080
68164
65980
67960
68075
67569
68564
66469
67569
67658
68219
67933
67569
66069
66705
68049
66705
66469
68449
67564
68212
66980
67944
66844
66705
66705
68568
67569
67425
67489
66980
67425
66705
66980
68219
68964
65980
67080
66705
66705
66844
66980
65980
67099
67296
67688
66705
67688
67944
66975
68939
67658
68193
66705
67944
67569
67283
65940
66980
68913
68320
68449
68289
67569
67080
67944
68664
67569
67080
68420
68672
67944
67080
67355
67355
68664
67944
67944
67844
68939
66705
66659
67785
69544
67569
67348
67569
67944
65980
66824
68075
67283
67800
66600
67944
67569
66705
66469
66705
65980
66744
67099
67688
66980
67658
66980
68075
67080
68522
66724
68147
66255
68219
68219
67080
67080
68219
66705
65605
67080
67585
67255
69402
67080
68664
68235
67700
67658
67080
67080
66844
68075
67585
67569
69374
67800
66705
66705
66325
67080
68289
68219
66980
66705
65999
68245
68160
67569
67556
67688
67844
65605
66705
67844
67425
66705
67556
67355
68964
65605
67800
68680
67080
67944
67944
67530
67800
68964
67355
66705
67080
67080
68289
67800
68664
68683
67800
67080
67944
67425
67564
68955
68378
68864
69684
67355
66700
65605
67355
67700
68683
67355
66980
67278
67080
66705
67425
68494
68289
69040
66844
66824
67960
67569
66705
68075
68699
67355
66705
66558
65724
67658
66705
68805
67080
67800
66724
66719
67080
67891
65880
67569
66980
67800
67080
67800
68289
67425
67080
67425
68219
68664
68147
67944
67080
68289
67585
67189
67080
66705
67283
67944
66705
67329
67355
66705
66844
67189
69239
67944
66705
67080
68016
67355
67099
69920
66449
67641
67585
68219
67979
67564
67800
67569
68219
67569
67800
66744
66469
67944
67335
67944
67569
66183
68664
67283
67944
67355
67564
68219
68219
68664
67585
68564
67569
68824
67944
68939
67585
65999
67864
68378
67944
68580
68664
66558
65980
66456
67080
67569
67355
69544
68219
67944
66705
70478
67819
67080
68139
67422
66705
67456
66449
67355
65880
67800
67944
68653
67080
67425
66705
66325
66449
67355
67800
67169
68289
65605
67355
67944
67569
67355
66824
66844
67844
66705
68160
67944
67099
67425
66705
66325
66705
68589
66705
69624
67558
66980
67355
66705
66980
69167
67569
67688
67355
66469
68075
67700
67080
66705
67425
66750
68075
68680
67944
67569
67944
68589
65980
68422
67080
68664
67569
68289
68911
67677
67569
66705
68564
67080
67800
67425
66705
67080
67569
67844
67569
66705
68219
66980
68075
65980
67700
67800
68964
67944
67588
68160
68564
66705
67283
66213
66700
66980
68939
67355
67944
67569
68219
68797
66844
68479
67569
67355
67080
67700
67047
67320
68664
65980
68075
66705
67296
67425
68289
68278
67800
67080
68033
67569
67944
67688
66469
68289
67119
67080
67080
67569
67080
68580
66665
67425
66980
67425
68075
67355
67800
67944
66685
66705
66705
66980
68653
67355
67313
66705
67425
69140
67425
67425
68765
68305
66824
67800
66980
68653
66469
68664
67320
67800
65605
67800
67425
67800
67080
67844
66705
67558
68522
67425
67080
67558
69469
67027
67944
67169
66705
69684
66705
67944
67355
68075
66255
68664
68235
66980
66600
67080
68522
67047
67585
68075
66069
69142
68964
67569
67844
66824
66980
67080
66980
67944
66980
67569
66824
68003
66705
67017
67464
67425
67588
68219
66469
67080
67944
69959
67558
67944
65980
66325
65880
66980
69309
68289
66921
68378
66558
67800
67355
67844
67569
65605
68049
67944
66705
67944
66705
67080
67944
68824
67569
68147
68813
67169
66705
67569
66705
67569
67080
66824
67080
67800
67355
67800
67080
67944
67444
67080
68964
67444
68219
67800
66444
69584
67800
67080
69517
66980
67819
68378
68016
67844
67119
69393
66469
67558
67800
67944
66844
67080
67569
68147
67569
67944
67944
66705
67844
67944
67080
65605
65605
67181
68939
68219
68219
69544
67904
68664
68939
66844
68449
67425
67080
66705
66705
68449
67425
67844
67800
67944
66980
67944
67800
67558
66705
67844
67944
68422
69844
67933
68235
67569
66255
66213
66844
65980
69684
67080
67800
68940
65980
67886
66705
66469
66705
67080
67355
66705
66980
67944
68664
67283
66824
67080
67700
68664
67569
66844
67355
67944
67425
67800
68289
66705
67322
67564
66444
67569
68939
67470
65980
67585
65605
66980
68289
68813
65980
66980
65980
66705
66975
67901
67844
67700
68342
67355
66980
68664
66705
67963
67422
68238
67080
66449
67080
66844
67944
67060
67080
67355
68522
66980
69167
66705
67425
67800
67569
67658
67944
67800
66325
67569
66863
67963
67960
67080
66705
67313
69095
67569
67558
67658
66069
65980
66705
66469
68276
67422
68964
66724
66600
66744
66325
68867
68449
66705
67944
67944
66980
67080
66469
69718
65605
67944
68653
66705
68075
66588
67564
66705
68564
69080
67800
66375
67658
68589
67283
66255
69309
67844
67944
68939
67425
66700
67569
66469
68824
66705
68320
67080
66705
67313
67425
66469
67166
67569
68289
67189
66960
66469
65980
68075
67296
66705
68664
68564
67355
66705
65605
67800
66456
66255
67564
67700
67444
67800
68422
68219
67564
66844
67944
69099
67080
67944
67800
67080
65980
66588
67800
65605
67355
68075
68664
66705
67425
67569
67355
67800
68538
66469
68420
67425
68448
68422
69169
67119
68061
67800
68289
67080
67558
67181
69099
67800
67569
67944
67944
66945
67355
67844
67944
68664
68209
67564
66705
67355
67700
67283
67119
67569
66444
68176
68664
67080
66980
66255
66945
67960
68824
67544
67800
67901
68075
68235
66705
67819
66705
66705
65980
67080
66705
67944
66558
66705
66600
68075
67944
67944
66980
68664
68422
67189
66213
68219
67844
67700
67425
67944
67355
68955
66469
67700
67080
67355
66356
68664
67944
67569
67704
65980
67425
68939
68219
68075
67080
66980
67569
67800
66558
67355
68680
68235
68147
67355
68219
68939
67047
67944
66705
68664
68664
67860
67189
66469
66980
67944
67166
68449
67080
67355
66980
68611
67800
66705
65880
68075
66449
66700
65980
68219
66824
67839
68664
66705
68939
67283
68955
67963
66980
66980
68664
68305
65980
68219
67704
68383
66705
68289
69315
67425
66705
68289
67355
67839
67080
68305
66705
67844
68664
68824
67569
66705
67355
68289
67402
67700
65980
67800
68939
67558
66844
67819
69140
66705
67296
67588
67700
65980
67944
67944
67944
67080
66449
68003
67379
68664
68147
67844
67425
67800
67944
67588
67080
67944
67355
68291
68522
68235
67944
67800
68664
67355
67844
68939
68289
67080
65980
67944
66469
67944
69169
68219
66705
68564
66705
67960
69544
68664
67080
66685
69258
67464
67080
68219
65980
68524
68824
68824
67839
68664
66705
67080
69239
68589
67585
67944
66705
67800
67569
67283
65980
66700
67425
65980
67425
66980
66705
65980
66824
67355
68075
67569
69099
67296
67944
66980
67355
66975
66600
67844
66700
68939
67355
67658
69239
68219
68033
67944
67355
67688
67800
66705
66600
67569
66705
67933
67844
68219
66469
66844
67641
66705
68964
67425
66705
67283
67080
67080
68797
68219
67944
68276
67944
67355
67080
67080
67425
66449
68219
67119
65724
67355
69517
67944
67080
67944
66980
68564
68955
68664
68219
67080
67425
67944
66705
67569
67700
66588
68564
67080
68468
67556
66705
67700
67355
68522
67960
67944
65980
67080
68449
67080
67080
67425
68163
65605
67080
67688
68664
66705
66705
68045
67944
67569
69645
65980
66705
67080
67800
67099
68564
66844
66833
68408
68075
67569
67658
67944
65980
68695
65980
67944
66705
68883
67355
68305
67405
69469
66833
67944
66844
67302
69444
67355
67844
68653
67569
67944
66744
67767
67963
68289
67489
65605
67944
66705
67569
67800
67844
66903
67355
67864
65980
66705
68867
66980
67944
68664
66844
67944
68305
67080
66705
65880
67963
67569
67425
67944
67569
67658
66980
67099
68289
67080
66980
68289
66980
68664
67569
67569
67641
67585
67800
65980
68824
66255
67060
67296
67425
67944
68219
66449
67355
67181
67080
67800
68664
69544
67800
68664
67569
67544
67569
67080
68219
66705
67080
68289
68378
66975
65880
67425
65999
66469
67747
68219
66744
68219
66844
67355
67944
67569
67425
68289
68289
68589
67844
67844
67944
68522
67569
67800
66705
67355
67800
68003
67800
67080
66980
67585
68564
66705
67569
68235
67119
68449
66705
66980
68505
68003
67944
66705
67839
65980
67700
66980
68003
67296
68598
66255
66700
66824
67944
67800
66705
67944
68219
69309
68245
66980
67080
67800
66255
67604
66824
66980
67569
67944
68864
68289
67355
66824
68864
67819
68219
66980
67080
66980
66980
66469
66255
66705
67944
67800
68075
67944
67960
67080
67425
67080
67355
66705
66705
66705
66844
67425
67355
66558
67355
67789
66200
68139
67080
67425
67080
69027
67080
66700
67355
67588
65980
65980
68422
68193
67402
65880
66469
66980
68939
68664
68964
66449
67080
67569
67819
68664
67860
66705
68134
69618
67700
68278
67080
67944
68589
68522
67944
67944
69415
68824
68363
67080
66700
69099
68049
68564
67080
67844
66980
68289
68664
67819
67080
68305
67080
68075
68289
69684
66705
67564
67569
67800
68680
67944
67080
68075
66705
67355
66980
66980
66700
66705
67658
66705
66980
67355
67569
69239
69415
67181
67425
67080
66183
67425
65624
66705
67608
67355
66705
67425
67960
67080
67169
66325
69309
66705
67080
66069
67365
66980
67169
67047
66844
65980
67425
67569
67688
69385
68219
68219
68219
66705
66449
66705
66980
68235
67569
67569
66705
67585
67080
65605
67944
67080
67960
68664
67800
67119
67800
66344
66705
68939
66980
67944
66705
68219
67944
67944
68939
68219
67944
66833
66705
68289
67979
68964
66325
67588
67313
65980
68664
68664
67080
68880
67688
66096
67080
68378
69542
67080
67944
67080
66325
66600
67569
66980
67080
66255
66700
67960
67944
66705
68664
68075
67355
67119
67595
68939
67800
66824
67960
66980
66558
68305
67313
65880
67844
67804
67283
67313
68219
67680
66844
67355
66705
69544
67944
66844
66801
69544
68664
67189
66844
68589
68422
67960
67080
67585
68075
66705
69844
68219
67080
66705
67944
68235
67080
68075
66705
67944
67080
68867
68824
66449
65999
67425
65605
66183
67944
68075
67080
65605
66705
66325
67944
66844
67800
67800
67313
67944
67355
67080
67080
67313
67800
66255
67944
65980
68219
67569
66844
67569
66705
67944
67119
67585
66863
67569
67283
68867
66975
67564
65605
67564
67688
67080
67080
68449
67800
68494
68664
68604
67944
66705
68075
66833
68451
69887
67569
66705
68864
67800
68664
65980
68584
65980
68939
68235
67425
65980
67355
67080
67099
66700
67588
67080
68219
67960
66705
65605
68983
67800
68695
67569
67585
67569
66255
67944
66705
67704
67944
66449
67944
67944
66705
67080
67080
68522
67658
66980
68219
68522
67800
68589
67080
68033
68664
68289
67296
67569
67658
66705
65605
68589
67944
67960
67080
67047
65980
67355
67571
67569
67355
67800
66588
67944
66700
66255
67944
65980
67425
67569
67700
68235
66980
66325
65980
66705
67558
67080
67169
68664
66980
65980
67688
66824
67569
67700
66980
68589
67355
66255
67944
71142
68080
68653
67564
67080
67425
65980
67489
67944
67283
67800
66488
68664
67080
67425
67558
66980
66449
67080
66705
67569
67944
68449
66588
70564
67569
67960
67944
68664
67080
69684
67355
69099
68219
68664
67080
68580
66833
66705
67080
67080
66325
69027
66488
67080
67569
65880
67425
66833
66824
67080
68449
68664
69169
68664
65724
67933
67564
68075
68964
66844
67569
67283
67080
67425
68664
66980
66921
67425
65624
67800
68522
67355
65980
67464
68378
66705
67839
67080
68147
65999
67355
68336
68568
68964
67355
68422
67047
67425
68538
67080
66255
67658
67080
68305
67320
66449
67700
67585
67569
67569
65980
67080
66980
67800
67425
68449
68219
66844
65605
68494
67080
67944
66844
67080
66705
67800
67425
68289
67844
67844
67425
67800
67189
68564
67564
69458
67800
67688
66471
66980
67080
66791
67425
67296
65980
68219
67569
67944
67080
65980
65980
66119
67740
68212
67800
65605
69324
67080
68219
66945
68219
67844
68664
67569
67355
66449
69374
68289
65880
67355
66705
66255
66980
67585
66921
67425
65605
66980
67355
67944
67569
67944
67944
67080
67944
67080
67944
67569
67569
67425
66700
67080
67569
67844
66705
67556
67800
68505
66183
67944
68016
67080
67080
67080
68219
66255
67181
65605
67080
68653
67688
68219
68664
68219
67178
67581
67425
68664
67754
68219
68824
67700
67422
65880
65980
67402
68664
67585
68060
67944
67558
67355
68289
69099
68664
68824
66705
67283
67800
67844
66844
65880
67800
66744
67080
67119
67960
67080
68664
66255
68219
68289
67569
67800
68219
67800
68939
65349
66255
67080
67944
68219
67800
69169
66705
67425
65349
67800
68939
67585
67944
68075
66705
67585
67095
68664
67889
67700
67800
67658
67313
66705
67556
67677
67355
67844
67800
69544
68245
66980
67704
66705
68664
67564
66705
68580
66600
67296
67800
67080
68864
67585
68664
67425
66255
67080
67080
66471
67944
67916
67960
67296
68289
67080
65980
67800
68964
67944
68680
66844
67544
67283
67544
67844
67569
65605
67569
67569
66980
67189
68378
66750
68219
67610
67700
66705
67960
67080
67569
67425
67944
68080
67800
67569
68289
68075
68289
66980
67200
68683
66844
67355
67658
68438
68420
67569
69309
66744
67569
67960
67944
66700
67944
67355
66705
67355
66469
67844
67080
67963
66705
68289
69684
66975
68363
66558
69444
66921
67080
67569
67944
67800
67700
65980
68219
67080
68305
66705
67425
67844
66705
66705
67355
67700
68424
68664
66980
67800
67658
66469
67944
67313
66705
67422
67564
68075
69258
66705
67425
67080
67556
67944
66975
68160
66844
66705
67844
67355
67944
66705
67901
69469
67960
66700
67800
67080
67658
67080
67080
67844
66824
67960
66558
67700
67544
68939
66444
67800
65605
67944
68289
66469
66980
66705
67080
66844
67800
67844
66705
67425
67189
67196
68939
67569
66705
68075
67569
67060
67641
67564
65980
67960
66844
65980
67425
67700
67944
67839
68378
66980
68724
67189
67425
68235
67181
67569
67944
66469
67944
67544
67313
69402
67569
68060
69309
67800
67944
67080
67569
67944
65980
67080
66705
67960
67169
68378
68564
67080
65624
67119
67800
68075
68797
67178
67944
68664
67422
66705
68219
68964
67944
66069
67425
68620
68075
67785
67283
67320
67800
66069
67960
65980
66980
66705
67569
67944
68522
68436
68564
68939
69415
67080
67080
68397
68680
67944
67604
66700
67355
67402
67080
67960
68147
68680
67099
66469
66744
67944
66705
67283
68291
66325
67569
67860
68075
67960
66705
65980
67959
66705
66705
67355
67585
67944
65880
67080
67658
67080
68219
67700
67320
66705
67944
67641
68564
67844
66255
67080
67944
67425
68680
67569
68420
68289
67800
67944
66980
66449
67099
67283
65980
67844
68219
67944
66469
67355
66705
67800
68664
67844
65980
66705
66980
66705
66980
66449
67080
67080
66824
66705
68735
67944
66705
67569
67080
66975
68075
67564
65880
68075
67944
69169
68484
65724
67099
66469
68378
66980
67080
68378
66705
68289
65980
67688
67944
68449
67789
67313
67944
67355
67355
67860
68451
66980
66844
67944
67569
67960
68589
67355
67800
69900
68964
68867
67844
67080
67844
68219
67189
67944
66844
67944
67585
66700
67569
67588
67564
67569
67569
68664
65980
67801
67700
68449
66705
66980
66469
67425
67425
67944
68448
67844
67844
67569
67558
66255
67355
66700
67800
67564
66469
67864
67119
68179
67080
67569
67080
67355
67569
66824
68664
65724
67080
68664
69300
67080
68680
67355
67658
67944
67425
67569
66325
67189
67080
67564
67585
66325
67740
69517
68541
65605
67658
67700
68468
66980
66705
66844
68449
66700
68564
66744
67119
68664
67569
68219
66650
66975
68664
67844
66705
67944
67255
67080
67588
67658
67860
67960
66705
67283
68219
67080
68964
67960
66824
68939
69544
67944
67080
66705
65880
67080
67844
67569
67080
68378
66980
67800
67944
67963
65980
67944
68664
68289
67585
67278
67944
67080
67860
67800
67700
68564
67509
68797
66705
67444
68625
68408
68015
67564
66096
67569
67080
66705
65980
67688
65980
66980
67080
65880
67278
67614
66469
66705
68219
66469
69819
68664
66824
68680
67907
69239
66469
67800
67844
68522
68939
68219
67569
69718
65980
66980
67944
66844
67844
66700
66824
65980
67355
66705
66469
67569
66458
68289
66705
66705
67944
66705
67860
67844
69099
66705
66213
68800
66724
66824
67569
67688
68664
66705
67569
67255
68289
68163
69959
67905
67283
68003
67569
67080
67464
66705
67630
67944
65980
66705
66255
67355
66469
67425
68522
69544
67944
68289
68139
67569
68075
66980
67831
67283
68378
68219
66744
68724
67960
67080
68289
68964
68664
66449
68076
67944
66975
67080
67944
67800
68589
67944
67080
66980
65980
67564
68765
68219
67169
67040
67080
67569
65980
67355
68939
67569
66921
67800
68289
65880
68797
66255
67355
67658
67588
67569
68564
67944
68075
66700
68219
68289
67489
66903
69544
68422
65980
66700
65880
67425
66705
67355
66705
66705
66824
66705
67119
68964
67585
68289
68075
67944
68147
66724
68408
66980
67425
67425
66980
69544
68880
67080
67355
67080
68378
65980
66824
68564
68824
66705
65605
67944
67800
68278
67658
66255
67844
66844
66980
68589
66469
67278
67585
67080
67189
67556
67355
65980
66213
67944
68235
67800
67119
67658
67425
68664
67080
66824
67355
66325
67425
68664
68664
66705
68163
66705
67700
67944
67933
67700
68680
66980
66700
67544
67189
67080
66456
69677
67700
68939
68824
67569
67080
68235
68417
66980
67944
67944
68939
66705
68289
68289
67785
66705
67860
68320
67658
67944
68664
67425
67688
66705
69844
66255
65605
68033
67080
66980
68883
66980
67569
66449
66705
67425
67960
68436
68664
69300
67905
68724
68939
67556
68805
67569
68564
67355
68564
66700
68724
69027
67080
69099
69167
69402
67355
67960
67688
66705
67944
67700
67800
66255
67569
67080
66255
68219
66700
68219
67944
66824
66705
67300
67099
67544
68075
66744
68664
68289
67169
66980
68075
67901
67700
67080
67564
68075
67080
66255
66325
66975
68422
65724
66705
65605
68664
67099
67425
68864
66449
67604
66844
67558
68075
67425
67960
66980
68664
67972
67944
66705
68664
67569
67800
68939
67080
67099
67700
66975
66705
68564
68163
67080
65980
67944
66705
66705
65605
66744
67080
67425
68235
67800
67080
67355
67564
68680
67944
67944
67569
67080
66705
68219
67800
67844
67080
68564
66705
67844
67780
67080
66705
66705
67658
67944
67688
68867
68045
67283
66325
67944
67283
68075
68003
67800
67080
67844
67800
68880
67569
67080
65605
67425
66724
67080
67944
67944
66600
67839
67569
67189
66600
67658
65605
68417
68033
67080
68522
68797
67933
66325
67544
69309
67313
66705
67800
66705
66705
66325
67800
66705
68939
67569
66980
68939
67425
69155
67119
68664
67569
67800
67080
67844
65821
65605
67080
66844
67944
68864
66705
68664
67422
67080
67800
67080
67658
66844
68420
67700
66921
67800
66705
68564
68867
66824
68219
68289
67569
67080
66844
68320
67080
66844
67944
67700
67080
65880
66824
67658
66744
67800
67556
69544
65980
67080
68219
66705
65980
68664
67944
67196
67444
67944
67425
66921
67355
67960
65980
67800
67944
66980
65980
68964
66705
68289
68219
67080
67189
69819
67355
66744
67944
66705
66255
65605
67569
65880
67080
67831
68664
67844
68664
67944
67080
66980
66844
68147
65980
67704
66705
69817
67080
67944
67569
68075
66705
67355
66469
66844
68193
67944
67569
66980
67944
66705
66844
67844
68664
67080
67800
66916
68939
68408
68522
65880
66824
68939
66705
66724
67355
66488
67080
68564
67585
68564
67189
67660
66705
67700
66980
67944
66744
67944
68824
68564
66844
67080
69819
67355
67839
66705
68147
67688
67569
67844
67556
67944
68055
67688
67800
67355
66255
66824
66980
68564
67569
66980
66980
67444
65605
68664
65605
67189
67944
67944
67944
67189
67569
66705
67080
68119
67080
66469
67800
66824
68436
66469
69544
66705
66705
66705
67080
66844
66325
67569
67080
67800
68378
66980
67844
67963
67080
66705
67839
65605
68320
66705
66705
67080
67960
66824
67099
67963
66325
66980
67569
66325
66705
67700
68939
69169
69140
66705
68589
67677
66980
66705
66980
68538
65605
67800
67080
65880
67944
67800
66705
67700
67080
66705
67080
67688
67688
67308
67960
69684
66705
65605
68176
66705
66705
67700
65880
68289
68564
68589
68219
69180
67700
67080
67080
66844
68160
66449
68176
67844
68075
66824
67569
68939
66980
66705
67944
67944
67080
68867
68075
66514
67464
67839
66196
65980
67302
66705
67688
68420
66705
66980
68824
66705
67933
69343
66558
67944
67080
65605
68075
67425
67080
67819
66469
67800
68278
68016
68420
68289
67080
67800
65980
67564
66469
67355
68219
67569
66980
67464
68664
66705
67080
66705
67844
65980
67569
67080
68864
67425
66705
67569
68449
66744
67933
68564
65980
68664
69415
67355
67080
66650
67569
67944
67839
67569
67800
67355
67119
68449
67944
68075
67080
66705
67569
66705
68813
67944
67944
68289
66705
68564
67800
67944
68289
67963
68664
67080
66705
65980
65605
67944
67700
66980
67839
67944
67700
67544
67944
67658
67944
67569
67169
65605
68664
69684
67080
67767
69458
66705
68824
68422
65880
68449
65980
67569
67489
67944
67080
68769
67963
67425
66744
66705
65980
66469
65605
68449
68075
68219
65980
65980
67080
66844
67355
68955
66705
67456
68408
68378
67119
68219
66705
65999
65821
65605
67569
66705
66980
68664
67080
66915
67944
69517
67355
68955
67569
67355
68289
65349
68664
68289
67630
68939
67569
67658
67080
68867
68235
69099
68724
65880
68219
67960
66469
67296
67944
67944
67080
67283
66469
67080
65605
68724
67944
67425
69309
68219
67963
66705
66744
67080
67569
68824
66705
67355
68219
68664
66705
66705
66744
68219
67080
66255
67425
67313
65605
67355
67800
66980
68289
66705
68664
69747
68680
68219
67355
68664
67569
67944
67080
68589
68075
69099
67489
67099
68278
67569
68664
68291
67355
68289
67944
67080
67355
68664
68664
67944
67700
68408
65980
65880
67296
68235
67322
67944
67425
67944
67355
66705
67080
67425
67080
68209
68939
66255
68564
66700
66705
67080
66705
67800
68289
67099
67080
67080
67464
67800
67944
65980
68680
68589
68449
67425
68045
66705
66844
66824
66640
67569
66705
67844
65980
67099
67569
67564
67800
67960
67569
68955
66196
66255
67569
67944
69517
67425
67569
68409
68664
68016
68219
67839
68664
65349
66705
68235
67585
66705
67944
67844
66096
67425
67800
67080
66824
67425
67641
66705
67569
67080
66705
68584
68824
65927
68680
68163
67355
66724
67963
69099
68075
66558
67569
67322
67080
66705
66069
66255
67355
67119
67569
67313
68147
67700
67800
67800
66700
68016
68449
68939
66980
67569
68939
65605
67558
67700
67355
66183
67800
68664
67355
67080
67544
66705
68033
66705
67080
67700
68765
67422
67960
68289
67569
67564
67080
67658
67355
68219
67080
66600
67355
67585
67080
67355
67800
67944
67355
66705
68075
66700
67677
66325
66456
67569
66705
69779
67677
67444
68219
68289
67099
66665
67313
67688
65605
69169
68235
67960
68964
68045
67296
68824
67944
67960
66705
67569
66705
67425
67489
67422
67588
67800
66705
68003
68176
65880
66705
67960
67569
65980
67933
67425
65605
67080
65980
67425
67800
68219
66980
68824
66844
67658
68436
66980
67464
68449
69242
67425
67355
67283
66933
69169
68939
69819
67800
66705
68219
68964
67080
69402
66705
65980
68003
67700
67860
67569
67425
67080
67800
66469
67697
66816
68724
68964
67658
66980
66081
65980
67355
67374
67944
67963
67355
65650
65624
67800
67080
67080
67080
67588
67355
67080
66183
68289
67944
65880
69544
66325
69677
67800
67080
68219
66705
67944
67080
68075
69544
66255
67355
66980
66705
66705
67355
67569
67080
66449
67800
68408
68219
66705
68964
69444
67569
67099
65980
67355
66705
67355
66844
67080
67569
67425
67569
69040
67189
66824
67844
68235
67080
66980
68016
67864
66255
66705
68278
66980
67839
67839
67569
68075
67960
68449
67080
66705
68305
66705
66705
65880
67456
65880
67355
65980
66255
67355
68147
67944
65980
67569
68164
68075
66705
67569
67688
68045
67569
67569
68551
68235
67425
67080
67844
68235
66488
67569
67960
66449
67425
67800
67355
67944
67355
67080
67558
66945
66705
66980
68378
66844
70122
66705
67080
67588
67944
68235
68219
66700
67355
66375
67355
67658
66600
69328
66665
67080
68075
68289
65605
67800
67860
65605
67049
67355
66705
67800
67800
68408
65880
68964
68235
67960
66980
66705
67864
70262
68278
67688
66980
66980
68016
67355
68045
68589
68289
66705
66945
67322
67960
66705
66705
67569
69099
66456
66705
67569
68075
67569
66705
66469
67119
67569
67040
65724
65605
68522
67933
68289
68724
67704
68653
66705
68664
67355
67080
68797
69469
68955
65980
67080
67585
68939
65980
67569
67355
67080
66724
67355
67355
66975
66469
67196
68219
65980
67080
67569
66469
67313
66705
66705
67837
67944
67844
66705
69544
68564
67800
67313
69959
67944
68589
69099
66705
67080
66824
66469
68664
66705
67119
66705
67080
66458
66705
67422
67080
67944
67355
67080
65605
67569
67425
67944
67558
68378
66705
67800
67569
67099
68664
67464
68824
66705
67944
68033
67819
67944
67564
67819
67569
67080
68664
67558
68724
68724
67839
66705
65605
67564
67425
65980
67569
66980
67191
67080
68320
66705
67080
69240
67080
66700
67080
67355
68075
67944
66824
67844
66980
66700
68075
66705
67800
66705
67800
65980
67080
67800
68219
68680
68538
68664
68683
69584
67425
66705
67800
67944
68075
67080
68160
67355
68289
66705
67080
67963
65980
67800
67569
68003
67569
67658
68664
68147
66469
66469
67080
66833
66325
68449
67080
68219
67080
68983
67569
67080
66700
67355
67119
67080
67189
68551
66705
67080
67944
67313
68193
66744
65605
69167
69517
67944
67564
67569
66705
67800
66469
67800
67278
67129
69684
68219
68551
66325
66600
66469
67581
68665
67313
67080
67080
65605
67800
67944
66980
67355
67569
66824
67080
67402
66375
67080
67099
66705
67569
67688
67800
67080
67800
68623
67425
67080
67658
68797
68939
67588
66449
67176
65980
66705
67080
66705
67544
66255
67831
66705
66705
68664
66600
67047
67544
68564
67569
67944
66833
67080
68695
68289
67569
67800
67944
68219
67080
67944
67569
66980
65605
67544
66705
68522
67785
67944
68964
68664
68219
67944
67944
67569
68986
66705
67944
67355
67588
70435
67355
68219
68378
66705
67080
67944
68824
67944
67313
68522
65605
67355
67800
68680
66844
68664
67181
68564
66844
67425
68564
67355
68147
67688
69354
68266
67860
67944
67700
67544
67080
67425
68939
67700
67569
66844
68449
67960
67283
67080
66705
67944
67800
67080
68289
66700
68824
67355
66980
66724
67080
68363
67119
67844
67569
67080
66980
68664
66980
66705
66469
67196
68939
67704
68408
68568
68664
68219
66844
67700
68939
66844
66705
67355
65999
66824
65980
68964
67080
67658
67688
68664
67844
67425
66700
67422
67080
68289
67099
68939
67080
68824
68219
67119
68289
67119
67704
67355
69684
68235
67569
66980
67425
66325
67080
67800
67944
67569
67080
68016
68147
66705
67688
66705
67080
67933
67425
70189
67080
67800
68235
68664
67080
67569
68449
67944
67569
66325
69155
67658
67425
67425
67080
69517
69099
67425
68378
68219
68219
67819
67425
67944
67960
67080
67355
68075
66705
67844
67585
67080
67963
68564
68075
67080
68867
67355
66325
67800
65349
68664
68289
67080
68219
67944
67080
67529
67658
67800
68094
67080
67944
68964
68824
66456
67569
66475
67658
67080
66449
68289
66844
67080
67641
66844
67800
68664
66833
67080
67800
66824
66824
65880
68664
67800
66705
69844
66973
67080
66469
67569
67944
67119
67800
67963
67944
67944
67355
68896
69099
66325
67764
68564
67425
67425
68665
67944
68664
66325
65980
66705
68939
66700
67080
68219
68305
67889
66705
66844
67700
68305
66705
68724
66588
67080
67355
67569
67564
67402
67119
67688
68075
68075
68289
66975
68219
66844
68522
67464
69099
67080
66705
67658
66344
65605
66844
65605
66824
67944
68235
67080
66558
67080
67569
70122
67080
68033
67080
65980
68664
67800
67355
67844
67844
68147
67080
67544
67944
67313
67740
67800
67569
66844
67169
67080
68163
65624
68653
66705
68075
67800
67425
69309
66744
68033
67189
67960
65880
68219
67119
68289
67355
67944
67944
67355
68408
68797
67355
66705
66449
70295
66705
67804
67080
66933
66844
67688
67800
66921
67080
65980
66700
67688
67080
67944
67080
67564
67569
66980
67181
68289
67800
67944
66700
68305
67944
65980
67355
67425
67544
66824
68016
68653
67181
68664
66705
66824
68219
67944
67944
67688
67569
68075
67800
67080
68142
68289
66469
67313
68289
68336
67800
67963
67800
65605
66255
67080
67844
68564
67979
66980
67355
68449
68664
66705
67080
67553
66202
67425
68939
67444
66980
68147
66325
67569
68289
67080
69684
68219
67355
67080
67963
68075
66980
66724
67544
67891
66705
68564
66705
66975
67688
66705
68333
68449
68797
66325
68824
67189
66844
68420
67569
67355
67960
67944
66705
67080
67759
68680
66844
66325
67569
67944
67944
67080
67569
67588
67569
67564
68422
67569
67944
68522
67688
67960
67800
67585
65980
67569
67080
67080
67425
66705
67080
68289
68147
66558
67355
66705
66096
67963
67080
69214
66705
69242
67944
68045
67080
67571
67844
66449
67844
66705
67425
66705
68235
68219
68810
66705
67189
68664
68604
67283
67569
68289
68664
67569
68219
68939
68289
67800
67080
66705
67569
68964
67800
67355
67569
68219
67080
67585
67080
66705
67569
67425
68939
65605
67425
65980
67944
67944
69677
68147
68522
68075
67800
67944
68564
68235
66469
67569
67355
66705
67569
67080
67080
68594
67080
68139
69817
67080
67944
68061
67700
66744
66980
65349
66705
67355
67944
67944
68864
67585
66921
66705
68664
68193
67189
67860
68408
67819
68289
67831
67080
65980
68219
67944
66700
67960
66356
68964
65605
67355
68075
66705
69053
67944
67901
67296
67355
68680
68964
66469
67944
67800
65605
67944
67569
67944
67080
67944
67569
66980
67944
67080
66449
66705
68824
67464
67700
66980
68939
69169
66705
67425
65980
67800
66824
68075
66980
66705
67704
68378
66705
66844
68664
67944
66449
65880
68235
67844
67658
68564
66705
68699
67916
68003
67425
67569
67313
67800
67944
67864
67800
67800
66705
66705
68939
67080
68289
67569
66980
68075
66469
68016
66700
68420
67355
66700
67080
66705
67080
68964
68664
66980
67704
66844
68824
67585
69959
67800
67080
68568
66980
68522
67564
69242
67080
67571
67080
68378
67700
67080
68448
68075
68219
66705
65980
67944
68219
66705
68289
67860
68664
68522
67944
68003
67569
67080
67844
67556
67425
68289
66705
66600
67080
68289
67313
66705
67569
67844
68680
67080
68075
68683
68075
68219
65605
67355
68824
67569
67080
67169
67355
68289
67080
67080
66980
66705
67544
67080
68964
67564
67844
67700
67425
67425
68449
67800
67944
67080
68408
67080
67569
68955
67425
66705
67800
67839
68408
67080
65605
65880
68305
66456
67080
67119
67658
67800
67585
66705
66705
69428
66541
67585
68451
67860
67944
67080
67080
65605
68378
66685
67425
67080
65739
66700
65605
67283
67864
68449
67189
67099
67700
67569
70035
67569
66700
67800
67425
67355
68075
67944
66647
65980
67425
66705
68219
68022
67944
68564
68664
67080
66705
67283
66844
67944
66255
66705
67569
67080
67960
67585
68522
68653
68449
66705
67944
67355
67080
68420
69239
68939
66724
67569
66325
66705
65980
67585
67800
67944
67080
66844
67080
66844
67080
67313
68665
66844
67529
65980
65605
66844
68219
68422
67944
66705
68955
68479
66844
67283
69169
68538
67569
66705
67700
67080
67080
66705
66705
68147
67944
68624
67569
66844
67080
67630
68333
67780
66183
67944
66255
65605
67464
67425
68219
67425
66980
68522
67355
67944
66844
67860
66705
68219
65980
65605
67119
66705
67800
67080
67960
67800
66844
67425
68075
66705
66705
67944
66980
67119
68420
68867
68176
65605
66844
67944
68289
67800
68320
66921
68797
68219
67641
67944
69514
67944
67425
65980
67355
68937
67677
67425
66980
68075
68420
67080
67080
66705
67189
66705
68075
67800
67860
70369
67329
66705
67425
69242
66183
66705
67960
66705
67355
68448
68219
67355
66824
67944
65980
66469
68880
66705
67365
67800
67425
67944
66705
67800
67080
67569
68235
66705
67569
67688
68664
67844
69309
66824
69415
66325
67080
67080
66705
67355
69415
67080
67569
67181
67355
66449
67700
65980
67080
67569
67800
67700
67080
68219
67313
68564
68045
68522
68564
67425
67944
68219
68219
69099
67700
67425
67355
68075
68219
67080
67564
68219
66705
67944
66705
67944
66255
67355
67080
69167
67688
67944
67944
68219
65880
68219
65980
66705
67800
66705
66824
66449
68420
67080
67944
67080
67944
67800
68219
67585
67080
67425
69169
65880
66705
67844
67800
67569
67080
67944
66469
67844
66705
66980
68939
67800
68664
67080
67355
67844
68964
66213
68075
67944
68460
67944
67181
67080
68397
67963
68939
66980
69544
67080
68075
67944
68305
67119
66705
67176
67355
66700
67569
68378
69469
67355
66980
67544
67944
68075
68939
65980
67800
67944
67544
68435
67569
67944
68797
66844
66980
67425
67176
67080
67464
67080
66705
67355
67080
66844
67355
66705
67944
66975
68219
67296
67355
68350
67569
67569
68289
67800
67585
65980
68939
66469
66980
67844
66844
67080
68939
67658
66456
68664
67119
66844
66705
68664
68939
69027
67569
67944
66705
68219
67313
66705
66705
67296
67080
67819
66469
67944
67960
67944
67080
66449
69180
67080
65605
67800
67080
67944
67960
67189
67933
67080
68147
67844
66705
68075
67355
67844
66469
67944
66600
67569
69242
67425
67844
67099
66945
67080
67569
65880
67080
66444
65980
67080
66700
68589
67355
66600
67355
67355
68754
69242
65927
67960
66844
67080
67669
67027
67901
68147
67569
68266
68522
66705
67558
67700
68219
66705
67080
66980
67960
67080
66325
65980
66705
67944
67355
66844
66705
68939
67860
67080
69140
67960
67080
68075
65980
67080
67355
69544
68219
67425
67658
66558
67569
68305
67355
68449
68289
66705
67704
66844
67844
67189
66824
67080
67080
67588
66916
67300
67569
67588
68522
67569
66456
66980
68160
67080
66945
69162
67402
67844
67355
66980
66705
65605
68219
67767
68075
66255
65724
67704
67569
69959
66469
67080
67688
67614
65605
67080
68939
68219
68824
67844
67080
67544
67189
68724
68797
66469
67080
67514
67960
67800
65605
66705
67080
67944
68551
67569
68219
67608
67313
66558
68289
65624
66183
69312
68016
68219
68824
67080
68289
68119
68219
67963
67860
67425
66705
67700
67080
67080
66449
68564
67944
67844
67355
67800
67933
66705
68824
67080
67080
67700
67119
67080
67944
66155
67944
66844
68939
69588
66705
67700
66824
67425
66705
67080
68291
67688
67169
68040
66449
67569
66980
68824
68289
68219
67080
68580
68824
65980
67944
66705
67080
67944
67700
67944
69588
65605
68219
67425
65980
68289
69402
67080
67099
68219
67944
68664
67944
67700
67283
66705
68939
67080
67322
67425
65605
66980
66541
68449
67425
66705
67960
69142
67080
65980
66449
69819
69239
67944
67800
67355
66824
69099
68680
68075
67355
68939
67080
67385
67800
67700
66705
67080
67564
67700
66705
68219
66705
67355
67355
67569
67569
67944
69239
66449
67800
67963
67355
66975
67700
67944
66980
67944
67901
66844
67944
67844
66705
66844
67585
67080
67960
67944
68289
67080
67355
68664
68075
69169
67080
66980
67933
68522
66844
67960
67355
69142
68664
66705
68664
68075
67569
68075
66980
69169
67544
66469
67960
68276
67080
67785
67569
68765
67355
68147
68289
67564
68724
66844
67355
66705
67844
68219
67864
67080
68378
67080
68708
66469
67960
69328
67944
67800
68305
67944
67080
68964
66980
67569
67569
67313
67425
67355
68664
66469
66081
68964
67080
67355
67355
68219
67544
66255
67444
67700
68289
66600
68564
66925
68235
67963
65980
67569
68939
67700
66705
66705
67080
67800
67425
67569
66980
66449
67800
67080
67700
67456
66980
69239
66469
67800
67585
68664
67283
67944
67296
68378
67844
67944
67944
67844
67944
67080
67800
67080
67169
66456
67425
67800
67080
65605
66325
68955
67355
68122
67944
67278
67080
66705
66213
68289
67585
65650
67080
66255
68289
67569
67080
67960
67944
67080
67080
67844
68075
67080
67080
68276
67080
69684
68911
66705
68939
66980
68824
67355
67080
68049
68219
69099
66449
65605
67944
66469
67944
67425
67080
66449
67556
68235
66980
67040
69442
66375
67569
67800
68564
66705
67658
67944
67080
68219
67800
67569
67080
67080
68664
67355
68305
67860
67569
67844
67944
66980
68219
68408
65980
68075
68075
67080
66980
69599
67119
67800
67944
67688
68522
69169
67801
66255
70262
66558
66081
67844
67700
65980
68589
67785
67800
68139
68664
66975
68564
67355
68208
67944
66980
67569
67960
66824
69817
68075
68939
67569
66980
67080
67569
68683
67800
67569
67569
67688
66980
66705
67700
67425
67355
67080
67688
67119
66973
67569
67569
65980
67844
69312
67569
68219
68075
67181
67569
68040
68075
67569
67080
69239
66213
67119
68219
66980
67355
68680
67800
67688
66705
67944
67569
70189
68589
68219
68664
68289
67819
67658
67569
66325
68664
67860
68289
66705
67080
66558
68824
67080
66705
67066
68449
68680
67800
67944
67456
67844
67800
65605
66844
67080
66824
67080
66600
66081
67544
66705
67355
66705
66844
66980
68589
67080
67544
67785
67844
67800
66705
68147
69544
67080
67355
67944
67571
68333
66255
67569
68003
68538
66705
67844
67080
68824
67585
67569
67080
68164
66700
68797
67800
67425
66980
68235
67080
66844
66705
65980
66844
67425
67544
66705
68305
66705
67355
67844
65980
67425
68964
67944
68219
67080
66705
67080
67688
67355
67283
67944
67864
66705
67355
67355
67422
67080
68564
67700
68564
68939
68939
66980
66705
66903
67800
68289
67181
68522
66469
67027
65980
67819
66921
65980
67569
67355
68420
67569
67425
68522
67963
67569
68680
67569
67355
68680
67564
67844
67425
67944
67080
66705
68305
66705
67785
67425
68964
66705
67355
66844
67800
67785
68055
67960
67080
67425
68964
67569
67569
66705
66200
68522
67700
67425
67944
67688
67425
67944
68964
67080
67355
67800
67844
68824
67844
67944
68983
68305
66705
66700
69844
67569
68075
65980
67544
68049
67569
66844
68378
67080
68824
66980
68964
67544
67080
67944
65349
67700
65349
68219
67800
67800
69146
68378
68160
67544
66705
67800
67355
68522
67181
67944
66705
67080
67569
66844
67569
67169
67944
68289
67933
66724
67556
68219
67933
67688
67355
67099
68964
65980
67844
67080
67800
67355
67641
67819
67944
68378
68939
65880
67585
67585
67569
67800
68939
66558
67080
67425
68029
65605
68075
67700
67456
66705
67569
66705
68449
67425
67355
68824
67944
66980
68664
67080
66980
68033
68147
67944
67944
67960
67944
66705
67944
67740
67658
68289
66980
66844
66844
68235
67425
68522
67451
68864
67569
66744
67355
67944
67234
68042
66558
67283
68867
69169
68664
65605
67080
67800
66705
67080
65880
67080
67169
67569
67119
68075
67569
67355
67080
67944
67080
66705
67585
67355
67844
67569
66824
67313
66980
67800
66705
67355
67944
68422
68049
66469
69684
67944
66980
67944
65980
66789
67800
66980
68939
67800
66844
67844
68075
67963
68219
67831
66980
67080
67080
66705
68664
67080
67658
67800
66700
67080
68289
68289
65605
67425
67585
68219
67944
67658
67283
67944
67960
66844
68964
67944
68664
67080
67944
67355
66705
67933
67569
68564
67080
66469
67800
66824
67080
67944
65880
66980
67425
68824
68219
67569
66705
68219
66980
67614
67569
68653
66302
68824
67080
67080
66980
67569
67080
66600
68449
67658
67944
67569
67864
69819
68864
67944
68939
67564
67569
68219
67800
66705
67355
68305
67080
67844
66325
67355
67355
68033
68219
68219
67080
69309
67800
67944
67785
65980
66705
66705
68964
65980
67944
65605
68435
67944
67963
66375
67060
67355
68939
67558
68147
66980
67960
68003
66744
69288
67704
67569
66824
67700
67569
65605
68653
68664
67189
66469
66705
65605
67080
66705
66980
67355
68235
67080
67544
67425
67569
65605
68147
67569
68843
65605
65980
68147
70122
68564
66705
65880
67819
67785
67700
68797
68075
66705
67169
67844
67916
67785
67564
66719
66255
66469
66705
68163
68147
71142
67944
67839
68334
68045
67844
67688
68266
68664
67944
68824
67569
67585
68664
67585
67313
67585
67960
67944
67425
68664
67944
68420
69444
68680
67944
67558
65605
66183
68122
67844
66705
67080
68448
67944
67355
67585
65605
68289
67425
67944
65980
67239
68219
66705
67080
67844
67355
68664
67080
66705
67658
66449
66458
67080
66705
67944
67800
67569
67569
67080
68664
68564
68824
68522
66744
70175
67080
68664
66705
67944
68438
68289
68075
68219
67844
67944
66844
68075
66980
67283
66705
67355
68664
67355
67080
68939
68160
67080
67080
68986
67944
67080
65605
68986
66469
66975
69169
66705
67425
67080
68664
67355
67080
67944
67585
67080
67080
66705
66265
69959
67800
67080
67800
68680
66980
66705
69587
67080
67800
67080
66449
71057
69542
69140
68160
67844
67944
68564
67944
67860
66705
68522
66700
67313
68724
67800
67944
67196
67313
67080
67355
67080
66449
67569
67569
67425
67944
68033
67181
67944
67800
67425
67080
67800
67800
67080
66980
67425
68955
68147
68308
68235
67569
67963
66449
66705
67080
67208
67700
68522
69819
66903
67569
67569
67944
68664
67800
67944
67119
68289
68219
67700
68955
67979
68664
67960
69239
67355
68824
67844
68824
66705
67944
67569
65980
65605
68034
67800
68824
68166
68219
65880
67080
67080
66705
65980
68664
67329
67933
67355
68664
68580
66980
67080
67283
65605
67080
66705
66705
66705
67080
65980
68695
65605
68564
68824
67844
67569
68505
68033
67080
67944
65605
67688
65980
67320
67804
67080
67080
68333
67764
67739
67405
66980
67944
67585
67080
68664
69099
67355
66824
68422
67080
66980
68564
66705
68075
66705
67800
67688
67658
68522
66824
68664
67355
67355
67569
67355
68589
66183
67080
68219
67080
67569
67800
67080
67844
66469
68235
67355
67080
67960
67313
66705
67569
68541
67571
66449
67425
66705
66325
66375
66705
67425
67080
65605
68449
68075
66705
67080
68564
68266
66705
66705
68724
67080
66705
67425
67425
69959
66705
67080
68522
67355
67585
66705
69242
67080
66844
67569
68075
68147
68824
66705
67080
67800
66824
66325
67425
67080
67569
68724
67544
69213
66705
67080
67944
68382
68422
66325
67080
67080
67355
68219
67464
68449
68289
66705
67313
67080
67080
67963
67944
67569
67080
68235
67355
68219
68564
67296
67119
66804
66469
67080
65980
66744
68033
67425
66705
67960
69099
67569
67425
68409
68680
67355
67080
67933
68589
66705
67944
66705
66980
67944
67196
68235
67080
67080
66824
67569
67944
66600
65605
65980
67658
67944
67800
67080
67080
67800
66449
66705
67047
66255
66844
66705
67697
67080
67425
68378
66705
69469
68724
67901
67800
67569
67844
67355
69169
68797
66469
66705
67588
66705
66469
67585
67181
67355
68289
67080
68824
67569
66705
66705
68219
66705
67080
66705
66577
67080
67355
67700
68998
68147
67556
68664
68824
67355
65880
67322
66700
67425
67688
67080
68564
68939
66705
67564
67569
67283
67944
66844
67800
67080
66558
68824
67944
67080
68797
67944
68075
67296
67569
67901
67397
67569
68219
67944
67963
67944
65980
67944
67944
67080
67844
66705
66705
69242
68219
67119
67960
66980
67080
65724
67569
67355
68235
68824
68219
67080
66705
66325
67585
67080
67569
67944
67944
67355
69309
68289
67944
67080
67800
66255
65605
68824
67944
68219
67080
67585
67700
67944
67181
68147
67283
66449
65880
67944
68664
67425
65605
67700
68289
67425
68580
68075
67944
67564
67944
67944
68824
68564
65880
67569
67080
67844
68147
65349
67080
66705
68449
67800
68219
68883
68305
67080
68664
68219
70006
69544
67569
67944
66980
67963
66705
68664
67585
69544
68289
67569
66705
68289
65980
66488
67355
66980
67080
68449
67963
68305
66724
67425
67080
69239
67355
67569
67800
67800
69587
67355
67425
65880
69544
67176
67944
67944
67585
67759
67355
67425
67080
67099
67944
67355
68075
67569
66255
67355
67960
67585
68160
68289
67425
67569
67569
65880
67944
67569
66744
67944
66705
67944
68348
66705
68045
67844
66705
65980
68075
66705
68864
68479
67800
67569
67544
66844
67425
68449
65880
65605
67585
66705
65980
68219
69444
66980
66705
69844
66705
67569
66488
67080
68724
67099
67529
67425
67800
66705
67425
69169
66558
68212
67944
66844
67355
66844
67944
67313
67944
69542
66700
69169
67800
66705
67569
67700
67558
67558
66255
68939
68075
67569
67569
66705
68664
69444
67283
67080
66325
66824
67944
69684
67700
67283
67119
68219
67569
67080
66705
68289
67080
68147
68564
67569
68568
67569
66705
67080
66705
66469
68680
68075
68824
67080
67425
67355
67425
66705
66980
68422
68717
67960
67313
67844
67569
67355
65980
67944
67569
69309
68422
68075
68075
67864
69684
67800
67080
67944
67425
67080
67944
68664
67080
67800
67425
68703
67658
68075
68664
66980
66705
67080
67658
66705
68589
68219
67080
66705
66255
65605
67099
66921
67080
68235
65880
67569
66980
67944
67944
68664
66705
69040
66705
67080
67283
67608
67080
67425
67564
67355
67944
65880
67569
69887
67355
68075
65980
67355
67569
68664
66980
67569
67785
68664
68075
68680
67700
66183
67189
67126
65999
68664
66705
68016
66469
67355
67944
67283
68219
68564
68045
68422
66081
67080
67944
68449
66975
67569
68420
66705
67700
67464
67189
67080
67569
69544
68193
67658
66255
67800
67355
68408
67189
67080
67080
67944
65605
67800
67569
67425
67456
67944
67425
67960
67425
68664
68522
66744
67933
67355
67355
67569
68683
67422
66980
68899
66750
67800
67080
67080
68060
65605
68551
68867
66744
68075
66705
68003
66449
67080
69544
67944
66588
66980
65980
66705
66705
66705
67556
67569
69156
66705
67831
67080
66705
66980
67080
68664
66469
68664
67658
67944
68589
67944
68075
67425
68219
67080
66975
66980
68664
68964
67119
67569
67080
67189
66650
66356
66705
67569
66705
67080
68289
68219
67283
67569
66705
67080
66081
68939
67944
68147
66980
67569
66449
67296
67355
67471
67080
66844
68219
67844
66139
69544
66705
67080
68289
66705
66705
67355
67569
67688
67944
67944
68723
66980
67080
67569
67080
67800
67080
68420
68219
67080
68955
67080
67569
67464
66700
68880
68664
67556
68305
68449
66255
68664
70332
67944
68564
66705
67944
66469
68378
68664
68859
66255
68939
67296
67944
67080
68378
66325
68680
66980
67800
68824
68147
67080
65880
67080
67700
67844
67080
67119
67944
68289
67569
67080
67080
66255
67944
65605
68075
66980
65980
67944
67189
68075
68139
67080
67569
68378
66844
66744
67255
66705
67585
67944
67944
65980
67844
66255
67960
66469
65724
68939
67080
66469
67189
68160
67944
65605
67800
67944
68219
66980
67800
68075
69239
66255
68522
66705
66980
68680
67181
67700
66903
67944
68219
65880
68867
66744
68964
68664
68564
68235
68139
66903
67944
67189
66469
67944
67080
67700
66705
68147
67080
68522
67556
67425
68522
67700
67688
68765
68219
69684
67080
67944
69544
66824
67080
66700
66700
67569
67425
67800
66705
67025
67571
67308
69065
67564
67658
67296
67569
67760
67569
68589
66255
68435
66705
68939
67800
68289
67963
68797
67700
69242
67425
65980
68564
67944
67585
68522
67700
66980
67844
67933
66705
67080
65605
67944
66196
67119
66980
68219
66980
66705
67080
67588
66705
67800
67688
67444
66705
69309
68664
68219
67080
70192
67944
67844
66980
67944
66844
67569
67944
69515
68538
66744
67080
66980
68589
65605
67080
68664
65980
67569
67944
67355
68289
66844
68664
66705
66980
67099
67080
66469
67658
69684
67800
67425
67425
67844
67080
68451
67355
67960
68422
67569
67080
68867
66980
67800
67425
67944
67944
67700
67800
67588
66705
67080
67944
67837
67080
68964
68003
69242
68289
67080
67800
66700
67355
66980
66705
66980
68163
68219
68724
66980
68589
68219
66980
66844
67556
67119
66558
68219
65980
67700
66469
67320
68564
67944
67800
67944
67189
66705
66600
66824
68289
66724
67844
67080
69040
70397
68522
67425
67960
67844
66824
68289
66705
68664
67080
67688
68075
66824
68160
67944
66255
68289
66705
67800
68664
68289
68289
68551
67296
67080
67080
67080
66744
66824
69878
67283
67800
67569
67119
68867
67080
68522
68420
67933
66705
65980
65980
65980
67296
68003
66824
67944
67425
67080
68664
67296
66980
67558
67355
69309
69584
67355
67658
66705
68695
67569
67425
67844
66833
68075
68664
69517
67944
66325
67569
67080
68176
65605
67944
66724
67569
67569
65605
68551
69242
66449
67569
67080
66255
66980
67080
67080
67544
68435
68564
67700
68664
66469
67944
67080
66325
67080
65605
68664
67080
67844
68664
67080
66705
68289
69514
67080
68449
67080
67944
68824
67080
67944
67833
69684
68219
67080
66980
65724
68964
65980
67189
67844
67564
66705
67119
68003
67080
67569
66471
67864
67944
68867
66588
66705
66705
67588
67944
67944
67800
65980
68328
67119
66705
67080
67080
67355
68664
67425
68765
66724
68824
67944
65724
67080
68664
67558
67944
69684
66705
69242
67800
67080
67080
67688
66255
67944
67355
67800
67080
67944
68964
68033
65999
66705
67844
67080
68289
68289
66469
67080
67099
67569
67425
68378
65650
65605
68568
70119
66844
67422
66700
67425
67080
67556
66705
68160
67080
66458
67944
67569
67569
67784
67585
68180
67944
66980
66980
68289
67944
67944
66705
66449
68564
67080
68147
67944
67944
67944
68664
67558
67080
67569
67099
67080
67313
67960
66705
67700
66824
67569
66705
68219
66824
67944
67944
66449
67844
67800
67944
68724
68664
67544
67960
67296
67080
66325
68219
67831
67355
69273
68664
66824
67800
67933
67189
68219
67405
65980
67176
67933
67355
66744
67569
68305
67764
68308
68608
66705
66325
66705
69517
65980
67080
68939
67189
68075
67556
65880
67800
66844
67080
66705
67181
66255
67080
67963
67405
66980
67080
68147
67080
66980
67080
67080
68939
66469
66449
67355
67688
67181
67080
67677
68589
66705
68699
66449
69819
67819
65980
67800
67844
67944
67313
68664
66980
67181
68289
65980
67313
67944
67080
67564
66705
67944
67080
67569
67080
67944
67564
67819
67944
67569
67080
67764
66469
66980
67080
68219
69584
67080
66980
66213
68664
67658
66980
67119
68075
67080
66700
65980
66705
67181
69309
68378
67080
67080
67944
68075
67080
67027
67569
67569
67080
67544
68075
66705
65980
67080
67425
67080
67355
67258
68522
67800
67569
67800
67283
67080
67080
67963
65605
66705
67800
67933
67688
67080
68664
67569
66213
66980
67355
67080
67944
67080
68147
68219
67944
67080
67080
68289
66844
68139
68589
65605
67569
67800
68939
67844
67658
68075
65980
66980
68219
67425
65605
67564
67960
67425
70119
67080
67944
67700
67658
67355
69744
65980
66980
67489
66705
67080
67963
68289
68219
68724
67700
67556
67585
67569
66449
68219
68522
68680
66705
67944
67960
67688
68604
67569
67864
65980
68147
67800
66980
67944
67700
67800
67658
67944
67080
66700
66705
66980
68664
67800
66705
68219
68939
68449
68505
66980
66744
69099
67944
68449
67700
68075
68664
68235
67080
67700
68219
67767
67080
67080
67569
66844
68564
67944
68219
66705
67308
65605
65980
67585
66705
66449
67080
67569
65999
67080
66980
67080
66255
67569
67944
67080
67080
67588
67800
68664
66705
68438
67944
67944
68939
68564
68939
67800
66844
66705
65980
66700
67700
67425
67688
67944
66705
67425
67355
68584
67844
67080
67080
67960
68451
66469
67355
66705
67569
66705
68219
67785
69027
69684
67960
66705
65605
67569
68420
67425
67355
66824
67944
67569
67296
67425
67953
67355
66255
66844
67080
69142
69242
67099
67944
68305
68305
69324
68289
67425
67844
67080
68289
67944
67355
67355
68219
68449
67080
68824
67844
67355
67844
67569
67944
66705
68289
67189
67080
66975
65605
67425
67944
68276
66325
67080
67080
67844
68289
69309
65605
67080
67544
67080
67119
67355
67844
68003
67844
67844
68564
66980
67355
67800
67080
67960
68797
66469
67844
66705
67933
68075
67425
68797
67569
67569
67658
65605
67960
68003
66824
67080
67604
65349
67800
68664
66980
67530
66724
67944
67464
67355
67080
67658
66980
67944
66750
66980
67700
68664
67839
67569
67700
65880
68494
66844
68219
67844
69169
67944
67569
68864
66980
66705
67585
68289
69040
65980
66705
66705
68305
65605
67355
68964
67944
65605
68320
67355
67800
67425
68235
67181
68289
67080
67080
67080
67800
69542
69819
68664
67569
66903
67819
67569
66980
67080
67944
68864
67300
67355
68664
67844
67181
67355
67564
66705
67944
67080
67944
66705
66705
68422
67080
67569
66705
66705
66705
66325
68738
68075
67425
68160
67944
67080
67099
67544
69887
67569
67944
67080
68408
68664
67080
67944
67944
67569
68160
65980
67425
67080
66705
67569
66844
67355
67080
68219
67569
67425
70006
65605
67313
67355
66705
66724
67080
67283
68289
67700
67800
68219
67860
70020
67080
67658
68505
66980
66705
69309
70166
66700
66705
66744
67080
68664
67080
68420
66541
67800
67700
67944
67189
65724
67700
67080
66980
66744
67425
67688
65605
69542
66705
66824
67425
67569
67800
66980
67658
65650
66705
68219
67700
66744
67099
67569
68075
66255
67556
66469
69099
66705
66325
66705
68664
67963
68664
67080
67169
66705
66844
68584
66469
65980
69242
66844
68289
68664
68289
67444
67658
68075
67080
68797
68075
66921
67933
68564
67569
67080
68664
65980
67080
67080
67844
68305
68305
66469
67355
67944
66705
67569
65605
66844
67355
68664
67569
66744
67569
66325
67864
67425
68305
68193
68119
66705
70022
67571
66255
67564
68843
68060
66469
68680
68219
67800
68867
67844
67604
66705
67944
67544
67425
68664
65880
67169
68020
68664
67800
67585
67425
67283
66705
67080
67355
67944
66980
65980
67080
67283
69489
67355
67844
65980
66469
66558
66588
66705
69169
66980
68060
67658
68449
65980
67119
65980
69309
66705
67844
68219
67860
66588
66844
66980
68378
66705
67425
67800
67569
67800
68664
66705
68724
67588
69544
68305
67658
67080
67080
67944
67080
67944
67688
66449
67585
66705
68664
68781
68420
66705
66705
69242
66705
68824
66705
66183
68266
67355
65605
66933
68564
67355
67402
67544
66705
65980
67355
67944
68955
66469
67060
66705
67844
66705
66705
67944
68408
66183
67844
67355
67844
67355
66705
66980
67119
67944
67800
67901
66469
66705
68408
66469
67425
67425
66705
68664
67569
66844
67700
66325
67844
69169
67585
67355
67355
67944
68864
66705
67402
67864
68219
67402
68075
67099
67944
66980
66980
67960
67080
67960
68964
68235
66980
66705
67569
66980
66705
69469
67425
67296
68219
67080
67960
67047
68964
68305
68075
66705
66844
68219
66824
67944
68608
67169
67944
68378
67313
65605
68075
68664
67080
65980
66469
68235
68864
67569
67844
67080
67700
67844
67355
66705
67688
67944
66863
67844
67189
67355
68235
66705
67700
68219
67800
68664
68964
66705
67181
67800
67943
67080
69315
68045
68219
66705
67080
68564
67944
67355
67800
68824
66705
66705
66975
66705
66844
67080
67569
68289
66700
67569
67658
65880
67789
67080
66705
69300
65349
69677
67800
67944
67569
67944
66744
67844
66700
67933
67891
67255
68664
67080
66700
67099
67944
69302
67080
67425
66844
67800
67944
68939
67944
68219
68780
66255
67944
69517
67944
68289
68522
68160
67080
67569
66844
67844
67080
67844
69785
65980
67800
67839
67283
67558
67425
67658
68219
67944
68045
68449
67658
67080
66255
67556
67569
67080
65980
69684
65724
66700
66980
66980
67800
68289
67944
69040
67080
68075
66705
68219
68449
67355
69517
67569
67944
67169
66980
68193
66980
66705
66980
67355
67080
67800
67933
67080
68964
67080
68219
67700
69169
68289
66980
65605
67080
68522
66705
67944
67080
67169
67425
67119
68420
66705
67569
67425
68955
69242
67933
67960
67700
66705
68219
66705
69099
66700
69544
68580
68653
67569
66705
66705
68219
67080
66705
67569
67588
67944
68939
65980
66705
66469
65980
67800
67040
67641
67944
66980
68664
66700
66469
67080
67960
67355
69684
66980
68075
66469
65980
67355
67944
66705
68219
66980
67585
67844
65980
67700
67800
66844
67800
67425
69239
66600
67944
68955
68289
67860
68664
67080
66705
67933
69584
67944
66255
66824
68939
66700
66980
65980
67944
66844
68505
66705
67080
67569
66255
68864
66705
66824
67569
67944
65980
67844
66844
68564
68522
67425
66744
67658
68589
69180
67569
67800
66844
67080
67800
68289
68769
67944
69242
67129
67425
67700
68824
68522
68664
68289
66980
67080
67944
67425
68680
69169
66325
67944
66844
67844
67080
68160
68664
68449
69491
66255
66705
67944
68219
68395
66844
65980
67080
68664
66824
67080
67944
67080
69309
67772
66705
68867
66916
69309
68067
67119
68033
66724
66325
66558
66600
67080
67355
65880
66705
67831
67960
65980
66750
67960
67425
67960
67569
69444
68219
66600
66600
67080
68680
67080
65605
67569
68033
66456
67080
68564
67564
67355
66469
68147
66469
67700
65980
65980
67355
67569
68163
66705
67080
68680
67844
68176
66980
67425
67688
67944
67569
68219
67080
68568
68797
69239
68219
67944
67569
67944
67355
66469
68564
67080
66325
67119
67944
67800
67355
66824
68680
67080
68580
67569
67595
67944
68003
68219
68003
67355
67080
67283
65605
66744
68219
67944
65980
66469
66705
66588
67569
68016
68664
67080
67080
67196
68724
66940
66980
67944
67944
68538
66705
67569
65605
67365
68075
68564
67944
67944
67819
68939
67933
67944
66705
66705
66705
67571
66980
65980
69819
67944
67080
66449
68541
68219
68289
66069
67422
67704
70509
67355
66705
67080
66705
68305
66705
68420
68564
67425
66705
67489
67944
68333
68680
67080
66844
67569
68939
69213
67080
67800
67569
67944
67080
66469
68003
67800
68522
67355
68219
68289
67658
66213
67944
67933
68409
67800
68289
67080
67571
68075
67800
68664
68276
67544
67080
68449
68289
68033
66980
66705
67569
66705
65349
67355
67944
68219
67569
67080
68664
67944
68219
68289
68289
67355
67191
67901
67569
67944
67944
68680
67080
69243
68289
66705
66325
67444
67569
65980
65880
66980
67839
67189
67355
66705
67800
68939
67944
69239
66980
67027
67800
66980
65980
67329
67569
66700
66824
66824
68680
67569
67080
68408
68864
66705
67425
67569
68522
67800
68305
67425
67800
66255
69242
66705
66724
65605
66705
67960
68522
67700
70122
67355
67658
66255
66705
67569
66469
68289
67425
66705
67785
66705
68939
67960
66980
67569
68219
67080
68939
68680
65980
68664
68160
66469
66449
67425
67425
68408
67569
68219
67080
66724
67944
67569
67963
68219
67944
68422
66705
68147
67099
67688
67080
69959
68664
65605
67944
66980
67960
67080
66705
66705
67080
66255
66705
66255
68939
66700
68449
68289
67080
67944
67944
67189
66255
68075
67944
67658
66844
67313
67080
69959
67355
65980
67944
66469
67569
67944
67658
67569
67080
68824
66705
66469
68219
67080
66705
68142
67189
68278
68564
67700
67296
68664
67080
65980
67960
67080
67080
67569
68964
67960
66449
67588
69242
66705
67944
66705
67425
66705
66844
68824
67080
68568
66705
67944
66469
67080
66744
67585
67844
68219
66980
67569
68219
66700
68664
67944
67080
68664
67080
68289
67425
66700
67425
66069
66705
67585
68695
68235
67860
67355
67944
65880
67129
68219
67800
66600
67844
68289
66705
68219
67569
65624
67944
66705
67355
69239
68824
67080
67944
67688
65605
67080
67564
66824
66844
66863
67080
68219
65980
67569
67355
66705
66255
67569
67569
68075
66844
66980
68939
67860
68824
68422
67080
66824
67700
66700
66980
67355
67080
67556
67571
67080
66700
68522
67355
68075
68219
66980
67944
67569
66744
67283
67355
67800
69239
66980
67844
66255
66705
68305
68937
66980
69242
67425
68289
67800
68564
68219
67355
67944
67839
67313
67402
68564
67080
67800
66705
68289
67080
67080
65980
68219
68075
69099
66980
65980
67425
68964
67800
66449
65349
68664
67800
66705
66980
66705
67080
67569
65605
65980
66975
68664
66255
67080
66719
67556
67080
66824
67944
67544
67800
67700
67355
67425
68538
67119
67355
66980
68147
68664
67844
68564
66213
66705
67944
68824
68664
67080
66705
68289
67944
66705
67355
66265
68449
68289
68075
67944
68289
70422
67080
67944
68378
67080
66980
67313
67569
67099
68219
67569
68308
67944
68824
66255
67080
67800
67080
66705
69040
68664
67569
66588
68305
67425
68664
65980
66444
66705
67080
67080
66980
67944
67444
67425
67844
66980
66325
66705
67569
68864
67425
67425
67189
67944
67119
67080
65624
67283
66705
68219
68664
67080
69517
67355
66700
67944
68664
67425
67080
68964
67080
66255
66705
67425
66844
67558
66824
67425
67425
65605
67569
66705
67080
65980
67425
66844
67944
67569
68305
67355
66469
67558
67080
67080
68824
67800
68724
67844
66705
67355
67658
67933
66980
67569
68589
67425
68219
67558
67355
67700
66980
68449
67677
67569
67569
68219
67844
66469
67800
67944
67569
66833
67960
66600
67800
67080
67800
68680
67688
68075
67585
65880
65880
67844
69684
68939
68448
66449
66469
67313
68939
68884
67944
67944
66255
65605
67569
66824
66719
66588
68522
66705
66449
67425
69324
67080
67080
67688
66980
68219
67800
67583
65605
67283
68235
68075
66705
69288
67688
65605
67569
66921
67365
67080
65999
66456
66844
67944
67944
67800
67839
68219
67080
67464
66255
67569
69747
68289
65605
67831
69684
67181
66921
67944
67444
67080
66705
67425
68955
65980
67944
68334
66255
65980
67355
67569
67588
68449
66469
67080
66705
67464
67700
68235
68964
66705
67688
67819
68164
66700
66449
67688
67688
66980
67355
68235
66469
67585
66980
67080
67464
66975
67569
67800
67080
67800
67080
69099
67944
67569
65605
67425
67080
69544
67080
67080
67355
69140
65980
67944
67080
68683
66449
68664
67585
67800
68664
67060
67569
66196
66705
67080
67080
67585
68045
66705
67080
65980
68824
66705
67944
67839
67080
67080
67355
67355
68664
67688
67425
65605
67425
66449
69099
67944
67080
65980
66844
68289
66980
68664
69302
69587
67569
66705
66824
68075
68289
67080
67658
67296
67960
67080
68219
68664
66700
66705
67425
66705
67944
67700
66824
66844
66744
68219
68664
68045
67080
68219
66255
65605
68219
68839
66705
67944
67944
67355
67658
67558
66980
66980
65880
67080
67080
68176
67080
69099
67080
67080
68235
68664
67844
67080
68289
68075
67844
68378
67080
67119
66700
67283
68378
68664
67080
68282
66844
67569
67944
68219
66325
69099
66444
67355
67080
67355
69629
67844
67080
66469
67800
67800
66980
65980
65980
67080
66469
68075
67296
68016
67080
67839
66469
65624
69340
67844
66705
67863
66744
67800
67425
68460
66844
69169
66975
68219
67844
66705
67844
67308
66824
67558
68937
67080
67080
67355
65980
67960
68864
65980
68551
68289
67313
66469
67425
67688
65605
67080
65980
67080
68449
66705
66469
67558
67800
68033
66700
67569
67080
69288
66700
69444
68564
67800
68289
66744
67569
66705
65980
68219
67119
66558
67283
67355
67800
68653
67944
68289
67355
66705
68075
66541
66469
68939
66724
65880
67944
67944
67569
67800
67283
67425
67544
67944
66731
66705
67944
67688
67831
65605
67944
67960
67556
67569
66458
66705
67688
66325
66705
69099
67425
66705
67944
67944
67658
66705
67844
65880
66824
66705
67355
67425
68219
66255
67080
67569
66700
66705
67700
68333
68664
67569
67569
67944
68219
68219
66980
67355
68939
66705
68664
66925
68219
67278
67080
66980
66183
67355
67355
67080
65980
68664
67819
67800
67080
67658
65605
66600
67080
68955
66844
67874
69171
67425
67080
65605
67960
67944
67800
65880
67960
67189
68589
67569
67080
67569
67658
67800
67944
66705
66449
68564
68522
67944
67800
66844
68664
67944
67355
69099
67569
67697
66375
67080
67704
67355
67169
65980
68589
67700
67080
67080
68664
67489
67080
67688
67641
66375
66325
68680
67080
68522
67355
68378
67569
67944
68045
67425
66824
66469
68219
68289
67658
66213
67544
66069
68449
67944
67564
66844
68883
67800
67800
67544
67569
68397
67564
67283
68219
68664
66705
67080
67800
67425
67944
68824
66705
67313
65999
66705
67700
67960
67700
65980
66844
66096
67800
65980
67800
67944
67569
67800
67080
68378
67355
67844
66980
66469
67569
66705
66705
67800
67080
68664
68289
68235
66705
68564
67944
67099
67189
67688
67355
65980
69312
66469
67864
67658
66705
67556
69156
66705
67355
67355
65980
68867
66844
69167
66600
66325
67425
65821
66705
67800
66844
66824
69242
67355
67080
65605
66265
68075
67933
67564
67944
65605
66980
68664
66705
68075
66705
66325
66255
67099
67688
67944
68289
66705
68219
67080
67839
67080
66744
67800
65980
67944
67425
66600
68075
67080
67585
68998
67355
68955
66705
68289
68449
67425
66700
67944
67119
66705
68219
66255
67933
68219
65980
68680
66719
66744
67933
67569
69328
68522
68964
67425
67677
68219
65927
66558
69517
67800
67944
66325
66833
67800
66213
67283
66844
65349
67569
68289
67800
67800
67585
67080
67569
67355
67569
67080
67355
67944
67564
68219
68939
65605
67355
67425
67355
67831
68664
67060
67355
67119
68867
67688
67944
67944
68664
68289
67658
68075
67564
67944
67119
68305
67933
67355
67080
67080
68724
66705
66705
67283
66705
68075
66705
67080
65605
65980
66325
68049
67355
67080
67355
68609
66255
66255
67355
66700
67569
66903
66705
69243
69517
67944
68536
68664
66449
68664
66705
68075
67844
65724
67844
68867
67944
68075
66824
67944
67800
67080
69142
66469
67844
67844
66705
67944
66660
67800
68422
68653
67080
66980
68664
65980
67355
67688
68724
66469
67944
66705
67355
66844
65605
65624
68289
67569
67080
68408
67569
67800
66705
66980
67080
66705
67355
68580
66705
67080
67569
66980
65605
67700
67080
68680
67944
67080
67355
68219
68219
66744
68289
68160
67080
67181
67080
67944
66488
65980
67099
68075
68664
66844
66255
68664
69544
67425
68033
66980
66705
66980
66844
66705
67080
68449
67355
68824
66705
68449
67569
67944
67080
67355
68664
67944
68797
66705
68075
67080
67558
67800
67080
66744
67944
68422
66921
66980
67456
67800
68449
67944
66705
66705
67944
68075
70122
67785
65605
68142
66744
66705
67844
68147
69328
66449
67169
66081
67080
67571
67464
69631
66705
67569
67731
67080
67944
67800
67564
68964
67800
67080
67425
68219
67189
68075
65605
68219
66705
67944
68653
67080
67425
66449
66325
67080
67641
66255
66705
67080
67169
67944
66600
67355
67355
68219
66844
68075
68653
67355
66705
66139
68680
68378
68289
68422
66700
68289
66705
67944
68664
68219
67944
66844
67080
67800
67569
67585
68075
67553
67800
67944
65550
66844
66705
67080
68589
67800
68664
66196
68449
67860
68289
67355
66255
67355
65980
67569
67080
67355
67660
68333
65605
65980
68867
67944
67800
67569
66903
68289
68305
66844
67569
66705
67944
68939
68664
66980
67181
67425
67800
66921
67544
67283
67181
66469
68219
67080
67080
66705
67080
69140
66980
68219
66980
67080
67944
66705
68308
67800
68289
67944
68308
65605
67564
67456
67700
65980
67860
67181
67080
66705
66824
67569
67844
67944
69040
68075
68219
67569
67464
68522
68420
67080
68075
65724
67564
67080
68724
69533
67860
67844
66980
67614
67080
67296
67027
68864
67658
67800
69544
67704
67569
67569
66255
68289
68522
67080
67839
66705
67355
68664
66705
65980
68305
66705
67080
67944
67944
66705
67080
69309
67080
67944
67080
69239
67569
68420
67080
67080
66705
67944
67080
66705
66844
67800
68939
67944
66469
66705
66700
67355
69155
65980
68564
67944
67844
67564
68033
67569
69302
68289
68289
66469
68939
66255
67296
66980
67569
66705
68022
67080
67425
68522
67080
67569
67569
67181
65980
67800
68664
65980
66700
66980
67800
68564
67800
68664
67641
67944
67844
69312
66469
67080
67944
66744
66705
70310
67844
66705
67688
68724
66705
67860
67959
68955
67080
67080
67800
67844
67080
67355
68479
68289
67080
66844
65605
68408
67355
66705
68219
66705
67355
66705
67569
66705
67944
67080
67313
67800
65724
66213
67819
67831
67564
67800
67564
67800
66705
67558
67080
69444
69544
68664
69684
66980
67355
67944
68955
66824
65605
68564
67569
67080
66705
66824
68219
65880
66980
68219
66600
67569
68724
67181
69099
67569
67425
69027
67960
69844
67933
67119
67283
67080
66824
67425
67422
66444
65880
67080
67169
68680
67785
68964
67944
67944
67464
65880
67425
67080
65605
67080
67189
67839
67658
66255
69169
67585
68075
65980
67569
67700
68824
68276
66213
67688
67569
66705
67080
66824
68824
66980
66255
67944
65980
67944
67425
67080
67569
67166
66980
68308
66705
66705
65980
68867
68449
67355
66705
67944
66705
66980
69142
67569
68824
67860
67944
67819
69544
68219
66588
66700
68864
68422
67819
67800
66705
69544
67800
68147
68219
67425
69684
67099
67688
67080
66980
67080
67080
67080
66700
67355
68235
67564
68522
67944
67944
66705
67355
67614
67456
65605
67944
68075
67569
68564
68033
67874
67944
67080
67800
67658
67425
66705
67844
67944
67556
67080
68408
67944
67944
67080
67944
67283
67844
68424
67355
68564
68664
66469
67047
68522
67425
68219
66705
68664
66700
66705
65980
68680
68033
67080
67944
67355
68448
68075
68305
68664
65980
69744
67944
69469
67800
65349
66705
68016
67844
65880
67425
67080
68147
68060
66705
67080
67080
67169
67080
69542
67800
66325
66710
67425
67844
66600
65880
67944
67425
67569
67556
67425
67355
67569
69444
67080
67080
67425
69312
68505
68219
67080
68589
67960
68305
67189
65980
67800
68541
67080
69959
67844
66689
68408
68219
66255
65980
67080
68160
68163
67614
66844
68219
68824
68664
68939
65605
67425
67499
67080
67960
66975
66705
66705
68075
69114
67425
66705
68289
67564
67355
67080
67569
67569
67585
67944
67099
67355
67425
65980
67456
67080
67800
67080
67569
66921
67080
68867
69312
67944
66705
67944
66705
66705
66705
65980
66824
66744
67425
68139
66705
67569
66600
67800
67760
65980
67034
67425
69040
68219
67569
66705
68219
66705
66558
67283
67425
67944
67080
68075
66705
67080
67189
67569
67800
68075
67355
68435
67800
68680
68925
67944
67080
66705
68289
65980
69309
67800
68235
67569
67080
67801
69542
67263
67944
68219
67302
67800
65980
66449
68289
66705
68176
69242
67489
66488
67800
69056
66705
67080
67283
67355
67944
68664
67355
68664
67569
65880
67800
67355
68589
67569
68484
66980
67320
68505
67080
67544
66705
68664
67944
67944
67425
67355
66824
67800
67569
67944
68797
66196
66255
67583
67944
67944
67080
66980
67099
66449
67119
68016
68235
68664
67080
66449
68880
67569
68219
68219
67080
65624
66705
67569
67844
67800
66700
67569
67425
67355
67831
67425
67861
67658
66705
67355
67119
66980
68219
67080
67556
67944
68664
67080
67080
68589
67080
66469
67844
67355
68075
67944
67425
67099
67355
67944
67944
69469
68229
67800
67569
67944
68449
67080
67800
67700
67569
67425
66705
66325
67944
65880
67697
66469
67700
66705
67960
67944
68664
67569
67785
69517
68289
66744
67080
66558
69099
67080
68880
66705
66925
67355
67844
67710
68219
67119
67569
67355
67313
66456
67800
68142
67080
67425
67425
67239
67189
66975
67944
68289
67800
67080
67080
67569
67658
67700
67181
67080
67385
67800
68564
66824
67425
67960
68683
68420
67296
68045
65980
67278
67080
66980
67080
66980
67944
65349
66980
67585
68420
67630
68939
67302
66705
66980
66844
66705
69819
68964
67800
67944
67425
66844
67355
66833
67800
66700
66325
67569
67944
67080
67569
68964
67080
68033
65980
67080
67556
67080
68289
68389
67569
68350
67700
67800
67944
67080
67099
69239
66705
67355
68664
67944
66844
65605
67944
69099
68664
68939
68378
67844
66705
67080
68147
67800
67425
67944
67569
66705
67844
66705
69684
68653
67080
67355
67296
66980
67585
68378
66302
67425
68664
67080
67800
66325
67425
67800
67509
68289
67944
67569
68219
67944
67569
67569
67960
67189
67944
68219
67960
67080
67569
66705
67641
67425
67080
66558
67700
66705
68282
67588
66449
68653
66705
67080
68139
68435
67944
67355
67080
66980
66255
68664
67425
68564
68522
67422
65605
67641
68607
66824
67569
67960
67960
68797
67844
67099
67313
67800
67916
67080
66844
68683
68664
69169
67839
66705
66980
67080
67080
67569
65605
67080
67425
67800
66200
67569
68896
66824
66705
65880
67569
68522
66844
67944
67119
67569
67569
67944
65980
67960
67425
68664
67425
67355
67800
67080
66705
66325
68289
67844
67080
66705
70440
67425
66844
67425
67960
66469
67585
67355
66449
65980
67844
65605
65980
67844
67099
67800
65880
67800
67556
67800
67355
69242
67355
68939
67189
67800
67764
65880
68219
67425
68033
68864
67658
67080
66705
68219
67027
68436
66705
66449
66449
66705
67800
67844
69309
67585
67080
67800
68219
69442
67944
67080
67080
67080
67864
69684
67355
67489
67355
67658
66824
67960
67569
67189
68235
68075
68219
67355
66705
67569
67658
69239
68147
66700
69517
67425
67080
66705
66705
67308
67425
65980
65980
67944
68522
67844
66705
68939
67080
67080
67844
67800
66705
67944
65980
68964
67944
67558
66705
68075
67355
67800
68147
66356
67569
67569
67831
66744
68219
69309
66921
67891
67944
67944
68235
67564
65980
67080
68824
67080
67944
65880
68664
67569
67569
67355
68589
67425
67080
65980
68939
67355
69099
66844
67425
67425
66705
68305
68235
67800
68939
66705
67944
66558
68664
68235
66705
70262
66705
67283
68604
69309
66705
66449
67080
68589
67119
69957
66980
67844
66325
68449
67944
68378
68289
68219
67569
65980
68680
67944
68664
66844
65980
66844
67960
66824
67355
65605
67080
67585
65999
68939
67425
69542
67080
67569
66844
67569
67960
68075
65980
67080
67839
69428
68075
66824
67844
66705
66449
67544
67944
67800
67800
68060
67569
67355
69258
67585
67700
69760
66705
66833
68589
66705
67844
66921
68045
67283
67080
66705
67355
68449
66844
67564
68075
66700
67800
68522
67944
67189
68003
68075
66824
65880
68219
67425
68589
68289
65980
67719
66449
67080
67355
66705
67080
66844
67189
67355
66650
67558
67080
67944
66325
68289
67322
68134
66705
65605
68075
67944
67944
68880
67569
67080
66600
66750
67464
68176
66325
68664
67080
67944
68680
67844
67181
68219
67355
68664
67844
67800
68420
68408
67944
68278
65980
67080
67355
69243
67800
66705
66945
68664
67425
68664
68680
67800
68940
68664
67080
68305
67119
67080
67704
67658
67080
68708
66744
67080
67080
67944
67944
67060
67425
67585
66724
67944
66325
67658
68378
67189
67489
67585
67800
67571
68664
66844
68045
68350
67844
67800
67313
69142
67944
67080
66705
67800
65605
68765
67944
66600
68160
67080
67819
68522
67688
67080
69584
68219
66744
68939
66705
67080
65980
68033
67313
68219
66980
67800
67944
66700
67027
67080
68664
65605
69258
67700
66600
68449
67960
66844
67119
68289
65980
67960
68522
69544
66980
65880
67944
67944
66325
68328
67700
67355
69242
67571
69142
68664
67080
67296
67700
67080
67569
67569
67425
66980
67196
66705
66980
68219
66705
67355
65605
66705
66824
68235
68449
67844
67944
68505
67425
67169
66255
69309
67080
66705
66665
67944
67944
66469
68664
66844
67800
68695
68163
67960
67944
66980
68139
66824
67119
69684
66863
66700
66719
67313
66980
68147
68449
67080
66980
67564
67080
66975
67313
68163
68219
67355
68147
67944
68305
66700
67658
66469
65980
68551
68235
66980
68589
68824
68422
67944
68664
68289
67425
67569
66541
67080
68939
67780
67641
67844
67355
66255
67944
67569
67944
67425
67569
66705
66255
68176
66375
66705
67800
66705
67585
67355
67658
68219
68408
68219
67558
68160
67558
67080
67355
68075
67080
67080
68015
68033
68219
67933
66705
66844
66705
68664
65605
68289
68163
67844
68665
65980
66980
67569
67556
67944
67425
68291
67585
67960
66705
67080
67569
67569
67658
68824
67569
67944
66744
67944
66705
67569
67944
68219
68964
67355
67080
67800
69169
67963
68289
68522
67844
69099
66705
69684
67080
67080
66844
67569
67800
67944
67704
67569
67355
67658
67564
68289
66824
65724
67800
66444
68219
66705
68219
66824
66705
69027
66744
68003
67355
67080
67569
67060
66980
68219
67080
67355
67944
68235
67658
67944
66700
66980
67785
66705
67688
67688
66469
67080
67080
67553
67700
67944
67425
67558
67658
68964
67944
67355
68003
67569
67944
67080
67425
67080
68964
67355
67080
66824
67844
67099
68664
66255
67944
68422
68541
68964
66705
66705
67425
67080
66980
68075
67944
67019
66255
68378
68219
66980
67944
67355
66705
66705
68522
68219
67658
67960
67484
67569
68538
68333
67819
66705
66705
67944
67800
66705
69239
67080
68219
68955
67296
67425
70189
67080
65880
68664
66325
67747
67080
66980
68289
67355
68219
67800
67944
66980
67080
67944
68075
66469
68964
68955
67355
67844
66863
68219
67080
67355
67080
67169
66980
68522
67189
67425
66469
68864
67355
66705
68219
67355
67658
67944
65980
67080
68378
67844
67080
66705
67080
67688
67595
67688
67080
67933
68797
66449
68075
66731
67800
66705
69542
66903
67425
68824
67027
66705
65605
68289
67860
66705
67569
67425
67464
67800
67355
68664
66844
67800
67569
69469
67544
66705
66921
66744
68964
67960
67944
67844
68003
68449
67800
67080
67944
67569
68564
67944
67355
67355
66469
67355
68664
67569
67944
66558
67080
67944
66844
65605
67944
68219
67569
66705
68219
67658
69819
66469
66471
67569
68075
67564
68122
67800
67080
67844
67569
67569
67569
67080
66297
67080
67658
68219
67844
67080
68378
66863
68880
67080
67355
67558
68289
68680
67080
65605
66700
66469
70047
67569
67569
67800
67080
67569
66833
67080
66844
66705
66921
67944
66255
67704
67800
67080
67800
66980
68664
66183
67402
68060
67080
67944
68219
67080
67355
66705
65605
68219
67844
67080
66844
67080
66705
69309
66975
68219
68522
69169
68964
67080
68219
67080
68219
67944
67569
66325
67080
66705
69544
67944
67080
68664
66705
67355
68305
67355
67355
67425
68219
67553
67944
67641
67564
67355
67944
67944
66705
68075
67080
65980
67080
67700
68003
67800
65980
66705
67960
66325
66449
68289
66449
67189
67944
67308
68664
66705
66325
67080
67800
67355
67944
67963
68664
66921
67944
67080
67704
67080
67569
67944
67080
66824
67569
67800
68695
67933
67844
68664
67355
67080
67119
66705
67800
66980
69242
67569
66514
68219
66980
68408
68289
68420
67080
66980
67080
66980
67080
68680
67355
67800
65980
67844
67080
68435
67944
66558
68589
69878
67558
67944
68420
68797
67569
67556
68276
68964
67355
67355
67800
67688
67944
66824
67178
69819
65605
66980
67944
67860
65605
66980
67569
67176
67944
66980
67080
67564
67944
67800
67425
67800
66469
66705
68564
66705
67944
67944
66469
66980
68075
67800
67944
68075
66980
67585
67080
67800
67697
67569
67080
66255
67080
66980
67907
67315
67080
67700
68289
66081
67844
67844
68439
67569
66700
67425
68378
67119
68289
68289
67658
66705
67944
68955
66700
67355
67665
68664
68016
67099
66921
67704
67181
66700
68289
67844
66705
66705
67839
67963
68483
67944
66975
67588
68883
67800
67080
67700
67800
67456
67355
65980
66705
68266
65605
67080
66069
66705
66705
67080
67564
68664
67544
66183
68289
69484
67080
67313
68964
67355
67963
66705
66824
68289
68939
68939
66325
68016
66824
65880
67904
68680
67080
68219
66705
65605
66705
68664
67677
67800
68522
67688
66469
66705
67944
67080
67080
67944
67080
65605
67944
68824
66824
65605
67425
67800
68824
66705
67355
68664
67658
66255
66705
66705
65980
65821
67464
68564
66705
66705
68075
67080
68289
66824
67944
67080
65605
65880
67960
67944
68564
66700
67944
68160
67355
66844
67700
68664
67425
66980
68653
67355
69517
66705
67800
69959
66705
69324
67355
67355
68564
68664
67569
69542
67800
68075
68864
65605
66975
67080
69415
67099
66705
66700
67585
66975
68075
67355
67569
67569
67080
68680
68219
67800
66469
66700
68318
66804
69819
66705
67355
68964
68219
68449
66980
65605
67080
68449
67844
67960
67944
67839
66980
67425
68664
68075
67569
66705
68289
67080
65980
67283
67700
68824
68219
67425
67544
68348
66980
67800
68664
67080
67963
66705
67564
66980
65980
67944
68664
68564
68964
67569
67080
66921
68824
67800
66705
67641
67425
66980
67819
65980
66705
67355
67080
68119
67425
68378
66705
66980
67800
68939
65349
65880
68424
67080
66255
66844
66705
67080
66844
67569
67944
66980
67844
67569
67844
67960
67425
67569
68219
67588
68522
68289
68589
66705
67700
67585
68166
67569
65980
66824
68937
65605
66705
67296
68003
68983
67355
67960
67944
68449
67080
67864
68276
67169
67658
67080
67944
68219
66705
68219
66744
68147
66705
67564
66980
66325
67569
67099
66980
68449
67844
68589
66705
68075
65980
67313
67944
69544
67800
66700
66449
67944
67544
68219
67425
68564
67080
69242
65724
67944
67569
68939
69458
67355
67963
67569
67119
66844
66705
67944
67585
67800
67080
66705
67189
67585
67944
67080
66975
67425
67569
67425
66325
68193
69309
66980
68378
67569
66558
67569
66325
66700
68522
67080
66980
67370
67425
66705
66705
67860
66980
68219
67944
67960
66980
67425
68664
68075
66980
67800
69959
67080
66975
68449
67658
67296
66844
67800
67355
67800
67844
66069
67944
67355
68289
67944
68378
67355
67800
66705
67960
67571
68219
68824
68176
67944
67944
65980
67189
67080
67302
65980
66700
66213
67425
68664
67844
65980
66724
66844
68449
66705
65605
67080
67944
67080
66700
66844
67933
68664
67585
67080
67700
67080
67944
67831
67800
67800
67569
68449
65980
67844
66705
67800
66705
67700
66705
66705
66724
67944
67355
69309
66744
67080
67080
67800
67080
66705
68824
68219
68664
66705
67844
66700
67080
69288
67944
66325
67355
67556
66705
67614
67425
66980
67944
67588
68564
65980
67800
66824
67944
67355
66558
67800
67169
67313
68142
67355
67800
66980
67355
67944
68955
67080
67569
67080
68219
67800
67080
66255
66600
67731
67944
68939
67944
67569
68305
65605
68235
67688
66724
68075
67564
66744
67585
67800
67569
67569
67700
66744
67800
66980
66213
68305
67099
67355
67355
67569
67688
66844
68219
68664
67864
66705
67080
68408
66705
68219
65880
66700
68289
66980
67944
67080
65605
68176
67569
67355
67944
66705
67355
67080
66705
68824
65605
67355
67080
67355
67556
66469
67080
68564
67355
67080
65980
66705
68219
67080
68939
67169
68937
68824
67963
67425
67569
66705
66255
67080
67080
68864
66325
67080
67189
67119
66325
67355
67800
67425
67700
68680
69288
66705
67944
67688
67425
66458
66824
67569
67569
66705
66705
66824
68305
66980
67119
66824
65605
68061
68664
67080
67402
67944
67569
67080
67688
66255
66705
67800
67944
68939
67080
65980
67819
67944
67585
67800
65605
67944
68522
66975
68664
66705
66196
67891
67844
65880
67181
68664
67355
67860
66833
68379
67844
67569
68824
67944
69402
66705
69533
67355
67355
68445
68075
67080
67944
67080
67569
67569
65980
67564
67080
67844
66744
67700
68580
67080
67944
69428
66983
65880
68289
68680
67800
67944
68449
67169
67080
67080
67569
67944
67585
67080
67963
66200
67844
68683
67080
68289
66925
66824
67544
67564
66705
67688
68075
67080
65880
68449
66980
67464
66844
66705
66705
67355
67283
66744
68289
67569
67558
68683
68664
65980
67425
69242
66705
66844
66980
66844
68589
67355
67585
69677
66705
66558
68378
67355
67585
69544
67944
66980
68219
67278
65605
67278
66069
67569
66921
67355
67080
66469
65605
66325
69167
67080
67860
66705
67425
67080
68564
67704
65980
65605
67658
67425
67080
66705
65605
65605
68079
65980
67944
66449
67700
68075
68765
66700
68664
67800
68939
67425
67569
68289
67658
68664
68964
66844
67800
69684
67080
67569
65980
67189
67960
67080
67800
65605
68939
68738
67944
69242
67283
70160
66325
67944
67564
67569
67800
67944
67080
67569
67047
68219
67944
67569
67800
69099
67916
66705
65980
67080
66700
67944
67425
67080
68724
67800
67402
67283
65980
67569
66255
68219
67080
67425
69744
67944
67564
66844
66705
67080
66705
65724
67564
67569
68219
68305
68147
67688
67944
66705
66700
67800
68408
65880
67944
67944
66844
69242
67080
68235
68955
68305
67800
67425
68219
67800
67080
67425
67800
69309
67080
66705
68695
67569
68176
68219
68180
68784
67080
68680
67944
69402
67569
66980
67355
67571
67425
66705
67080
67329
66449
68305
67700
67080
67080
67189
67700
67564
67080
67844
68964
68683
66705
67080
67800
67296
68664
66833
67080
66705
67944
66705
67196
66844
66705
68664
67425
67944
67355
68219
68219
67800
66456
66700
67569
67355
66255
66705
67425
67569
68964
65980
67425
66255
67080
67960
66980
66705
68664
67080
66824
67296
68333
66375
68045
67944
68589
69169
68305
67944
67355
67355
68680
67960
67119
68939
67641
66980
67355
65980
67296
66255
66705
68664
67355
67569
66700
66469
67558
67569
66744
68219
67704
68219
67963
67944
66705
66980
67960
67080
67944
67355
68664
67080
68289
66975
67355
67080
67119
68824
65605
65980
67585
67080
67800
68219
67944
67355
67080
67800
66980
67588
69242
68664
66705
67800
67569
67944
67944
67181
67944
67569
67425
67489
67944
66705
67569
67800
66975
67425
67800
66980
67425
66700
66705
68664
68219
67658
67355
68219
68266
68435
67658
66980
67308
67283
68824
67355
66844
67169
66255
68219
66975
68869
67800
66705
66255
66705
67355
68160
67569
66744
67700
68219
67688
67564
67688
67800
65880
67355
65605
68320
66469
67355
67080
66449
66449
66925
67569
68824
68695
68289
68289
68589
67283
68378
68295
68219
67022
67800
66325
69309
67119
67944
67585
67944
67960
67944
67278
67425
67800
67425
68955
65980
67944
67960
67080
67355
67844
67944
68229
65605
67119
68680
67355
65605
68003
67569
67558
67944
67569
66469
69053
66705
67355
67080
66588
67844
68867
67658
67569
68422
65980
68278
67588
67569
66705
67080
66824
67569
67080
67564
69588
66844
67800
66700
67080
66705
67700
68883
66705
68219
69402
66705
66824
67860
66744
68033
68939
67800
67569
68075
65980
68955
67700
67181
67944
66700
68289
68278
66744
65980
68939
67740
66705
67080
68219
66980
68824
67658
68219
67569
68827
67913
68797
68219
68075
68160
67283
66196
68219
66255
68664
68664
67767
66705
68320
69099
68219
67944
67780
66705
66844
67080
67080
67700
66744
66705
65980
67800
67844
67844
66980
68219
66980
67569
67425
68880
67569
68505
67189
68160
69563
66705
66705
67569
67425
68449
68219
66824
67800
68289
67556
67944
67944
68680
66705
67585
67944
67425
68680
66325
66705
67544
67944
68003
67700
68925
67960
67800
67800
67355
68680
68289
67844
68435
67080
67080
67569
68448
66705
67308
66824
67425
65980
67569
65980
67800
67080
67564
67658
67944
67080
66903
66705
67189
67080
68166
66096
66705
68551
67740
67355
67800
65980
67425
67080
67080
67944
67080
67800
67313
68824
67944
68276
68075
67355
68289
67960
67944
66469
67080
67569
67119
68134
66700
67760
66980
67944
67844
68289
67944
66921
66705
66824
66705
67283
67569
66705
67569
68075
67355
69504
67571
67700
67355
68289
67080
68075
67080
66705
69819
66824
67080
69239
67819
67080
68664
66705
66980
68664
67080
66255
67585
67080
68664
65605
68289
67080
68003
67569
68289
67569
67080
67800
66844
68219
67800
67638
68408
67588
66700
68589
67688
68003
68305
68664
67355
68522
66705
66705
68664
67800
68219
68219
69239
67588
68075
67355
66558
68219
68289
67080
67844
67960
67569
67564
67355
65605
68160
67080
67080
67569
67569
67355
68378
68664
68955
67700
67080
67080
68378
67844
67556
69162
67119
66705
70189
67080
66705
68235
67569
66705
67944
67800
68724
67800
67564
67119
66750
67844
67844
66213
67425
67569
67556
67569
68664
67425
67658
66255
66705
67464
66705
66744
67278
68589
66600
68724
66844
67933
67080
68289
66705
65605
67355
66705
66824
68289
66449
68939
66824
66444
68320
67080
67960
67569
66844
67700
66705
69328
67569
66325
66980
67641
67960
67844
67569
68289
67080
67801
67355
68955
66705
69402
66325
66469
66705
67080
67080
67800
67585
65880
67355
69544
67425
67658
65980
67355
66700
67283
67080
67960
67800
68964
67355
66980
66458
67944
68289
68824
67425
67196
69169
67800
67355
66705
67080
65980
68122
67425
67800
68925
67080
68305
67080
66469
67569
67080
67080
67860
68276
67564
68448
67080
67169
67355
67569
67819
68075
68289
68289
66980
67569
67558
66844
67800
67080
68939
68219
66824
65980
68522
66370
65605
68289
66449
66139
68212
66705
67080
66705
66824
67585
68939
67800
67425
66255
68864
67080
67355
67027
67422
66844
68824
66705
68824
67944
67569
65980
65605
66325
67296
67944
66255
68378
68813
67444
67658
67425
67569
68075
68015
67355
66975
67960
67800
67944
66824
67944
68664
68147
68075
68422
67944
67700
67080
67844
67425
67844
69887
67960
67800
67425
67944
68235
67119
67080
67080
68060
68289
67844
66980
67556
67422
67080
67704
67355
68134
68664
68449
67355
67080
68219
67425
65980
68219
67800
67080
66558
66705
67944
65980
68964
66705
67166
67355
67800
68075
66839
65605
67080
67080
67355
68394
69684
68289
68378
68219
68664
67355
67080
67047
67901
67569
68212
67944
67944
65980
68664
67080
67425
67944
67785
68320
67800
68219
67355
68664
67944
68564
67444
66705
66980
67425
69239
67944
67464
66980
67080
67080
67080
67569
67402
67080
66980
67425
68266
65624
67800
67425
68880
68925
68538
67119
67099
67960
67080
67944
68589
66980
67119
68075
67569
67944
67080
67933
66399
67425
67700
67080
67080
67080
67844
67944
67080
67080
67960
68964
68420
66705
67700
65605
68589
67080
66980
67464
67464
67800
69819
67355
66705
67425
68683
68708
67080
67569
67800
68147
67658
67844
67425
67080
67544
67960
67558
68939
65980
66705
68680
68289
66700
67464
67844
67080
67688
67355
67844
68664
67355
68522
67963
67800
68449
67800
68003
68209
66705
66980
67944
67944
69027
68664
67080
65605
67080
66705
67844
67569
67569
66705
67944
69169
66844
68289
67189
67944
66705
69169
68163
67759
67355
68147
67944
67800
66705
67080
67080
68664
67080
67844
65605
66700
68522
67960
67080
67585
66700
65605
67944
67658
68142
67283
67189
68939
67080
66705
68589
68964
67564
67800
67844
67944
67569
67556
67544
67080
68235
68939
67169
66705
67080
65980
68219
67960
67569
68075
65980
68219
67313
67425
66705
67464
66975
66705
69458
66705
67944
68937
67080
67844
67425
67569
68219
68955
66558
67355
67944
67080
67844
69142
67080
67860
69343
68538
67425
68664
69544
67585
68664
68449
67248
65980
66824
68564
68060
68867
67960
67585
67844
67700
67944
70020
68219
67556
67239
67944
67700
68289
68278
67080
66449
66705
67422
68564
66255
68589
67933
67569
67047
66844
67080
68075
67960
69099
66980
65980
68219
67944
67700
67558
66705
67300
67544
67569
66980
68564
67558
67313
68824
68289
67960
66824
67569
68305
68664
67080
68289
68289
69169
67860
67080
66980
67960
66980
68045
68664
67080
68003
69415
68219
67355
68049
66833
67944
67658
67944
67080
66255
67944
67569
70160
66844
67944
67425
67556
66645
67944
68564
68939
66980
68073
67355
67425
66980
65880
67080
67080
67944
67944
66705
67080
68193
66705
67569
67844
69309
67080
66705
67355
68939
67189
67569
65605
67080
68147
68955
66744
68939
68522
69542
68409
67080
68564
67189
66824
66844
67080
68449
67944
67080
66325
66255
67313
69099
67569
69959
67944
67402
67425
67080
66449
68219
66705
67558
68664
67425
68219
68664
68219
67080
68664
67302
65880
67080
68336
67425
67658
65980
67658
66183
67425
67800
66824
67283
67564
67658
65980
68624
67355
66980
66700
66921
67585
66449
67119
65605
69544
67944
67080
67800
67027
67296
68003
68075
67425
67080
67425
67569
67544
68219
67800
67944
66469
67800
66705
66844
68589
67080
68289
66724
67700
66700
68075
67355
66844
66705
68664
67080
67844
67080
68408
68983
66705
68664
68998
68219
68664
67080
67080
67425
66824
68163
66705
67080
66700
67688
68939
68522
67425
68147
67080
68219
66945
66705
66325
67355
68219
67944
66705
66705
66255
67355
68219
67944
67355
67800
67658
68003
67080
67575
65980
69142
66844
66705
67313
67080
67313
65605
67119
67080
66903
67844
67569
67569
68664
68219
68724
67944
67658
68075
68378
66255
68147
67080
67901
67569
68289
68986
66588
67944
67569
66705
66844
65980
67944
66705
67800
66980
67944
69747
66705
65605
66705
67588
68939
67800
67944
67080
69533
68166
67080
68867
66558
66469
67080
67080
66705
67564
67425
67425
66844
67800
67080
66705
68664
68939
67308
67355
67960
67080
68939
66705
67425
65980
67080
67800
68016
69155
67801
67425
66700
67800
66469
67283
67425
67425
67355
69819
67080
68940
67569
67569
66469
66255
67944
67944
65349
67558
67585
67916
67569
67700
67933
67800
66456
65980
67944
65980
66705
68122
67800
65880
67630
68235
67189
66705
67569
67844
67569
67189
67860
68589
67425
67614
67860
69517
67944
66325
66705
67544
67080
70119
68564
66824
69402
67080
66824
68824
67564
67700
67933
65880
67944
65980
66469
68824
67080
67196
66980
68449
67569
67080
67080
67944
67960
68664
66469
66975
67944
67800
68913
68664
69169
66588
67767
67844
67080
68305
67425
67944
67080
68664
67569
66750
66980
67425
67296
68813
67800
67800
68219
65980
67355
66705
70422
66980
67355
65880
67556
68408
66705
68289
67800
67860
67569
66980
67355
66705
66744
67963
67944
67296
67080
67944
67080
67080
67080
66469
67544
66980
69442
68075
65605
67933
67944
65605
66600
67700
67569
68305
68219
66844
68664
68219
67800
67119
68342
68424
65880
66705
68075
67569
68408
69457
67296
67944
67040
66824
67569
69599
67080
67800
68075
67800
68289
67425
66980
67800
67355
67080
68219
67569
66705
66980
67080
66469
67800
67944
66705
67933
66558
68033
68564
67080
66700
67569
68939
68219
67313
68422
67944
68219
66980
70464
69099
67355
66980
66844
67944
67569
67080
65605
67355
67800
68664
69027
68883
66705
67800
67944
67944
66469
67944
67080
67800
68664
68003
68664
66824
67080
67425
67800
67080
67569
67080
67422
67080
66705
68075
66255
65880
66255
67569
65980
67588
69140
68219
67800
67944
68664
67944
66824
67425
67658
65980
65605
66255
67355
65980
66705
68449
68291
66705
67569
67189
67278
67080
68219
67658
67944
68505
67688
66700
67569
67844
68195
66685
66705
67944
67785
66705
67569
67944
67944
68276
67080
68664
66705
70020
67080
66844
67569
67585
67313
69309
67080
67425
68408
65980
66705
66705
68075
67800
67704
68410
66558
67313
69169
66705
65880
67196
65275
67080
67080
67697
68219
69542
68219
68564
66824
68664
68219
68045
66255
67944
67800
67800
67080
67944
67564
68219
67080
65980
66705
65624
69309
67688
67080
67933
68589
67080
68824
67800
66705
68449
67080
67355
66980
69099
67800
68664
67080
68896
67569
67700
68724
68438
67283
68824
67944
67080
67425
67800
69309
67700
67944
67080
68664
67944
67944
67569
67800
68289
67444
66600
68235
67080
66645
68075
67944
68219
67658
67464
66588
65605
67800
66744
67944
67800
65880
66980
67080
67564
67169
67080
66705
67933
66705
65724
66449
65999
68939
67658
67080
67780
66325
67080
68219
67355
67704
67944
67080
68824
68305
67080
68925
68653
67800
67080
69587
67944
68278
67080
68449
68219
67800
66558
67569
67944
68324
66844
67944
67960
68420
68449
67569
66705
67800
67658
66705
68964
67425
68075
67355
67355
68229
67047
67425
68955
66844
68289
66705
67569
66255
68219
67944
68522
67425
67080
66705
67944
66933
67944
67800
67119
67944
67569
67944
67080
67569
68880
67329
68664
67569
66700
67425
67425
68880
68664
66980
67080
67080
67960
68564
67080
68289
65980
67944
67425
67944
67944
67960
69242
65980
67800
65980
68939
67960
66980
68147
66824
68219
67688
67585
66975
68219
67080
66255
67844
67569
67080
65980
66705
67944
68033
67080
68147
65880
66705
67944
67464
66980
68289
68724
67658
67944
67080
65349
68289
67425
66705
66705
65880
67819
67960
66705
66980
68664
69428
66325
67080
67080
68219
67585
69544
68765
68911
68075
66824
66844
67080
66705
67556
67800
67960
66824
67944
66980
67080
68219
68219
67425
66255
67688
66824
67944
68564
67944
67800
69277
66705
66705
66921
66844
68664
67569
66705
67080
66980
67960
67944
67080
66255
66980
68147
67313
66844
66705
68664
66980
67080
68219
67944
69819
66705
67080
67099
67575
67355
67355
67558
67027
67355
67080
66844
67658
66255
66700
68864
68219
67944
65980
68075
67569
68683
69444
67080
67800
68235
67355
68937
68075
67080
67569
68564
67658
66724
68219
67355
67800
67080
67564
67944
67425
68664
67080
68219
66844
66255
67800
69584
66705
66705
65980
66705
67355
67080
67080
66449
67355
65605
67080
67800
67688
66844
67658
67860
68451
67355
66724
67470
67960
67080
67800
66196
67080
66705
65980
67313
66449
68160
66824
66325
68522
65980
68075
67080
67933
65980
67800
67569
68278
68289
68219
67080
68939
68664
68680
68724
67960
68695
69242
67569
66705
67080
69618
67558
67556
68289
68289
67569
67688
68824
68276
65980
66213
66705
68289
67569
69428
66255
68449
67860
67425
67080
68953
66449
68564
67119
68664
67080
69140
68680
66469
68003
67569
66975
67422
67080
68964
65605
66449
71142
66700
67181
67571
66705
67944
67944
67800
68664
66705
67099
67425
67355
67585
66705
67585
67740
68289
67800
66980
67800
67283
67080
66302
67355
66705
66444
67080
68589
66700
68235
67700
65980
68683
66744
67558
68604
68680
66824
66196
67095
68611
68449
67944
67080
66469
68664
67080
68448
66705
67080
66469
67944
66469
67355
67425
67801
68422
68824
67569
67080
66600
69544
68219
67700
67960
66705
67080
68219
66705
67080
67425
67960
67844
67800
67585
68219
66255
67944
67080
68163
67080
68219
67080
67080
67425
68147
66844
67839
66980
66700
68075
68289
67960
68435
66705
67677
67658
67569
67569
66458
67658
67080
68075
66980
67944
67844
67800
68664
66705
67658
66980
67819
67080
68075
68160
68289
67700
68229
66724
67355
68522
67844
67944
66980
68235
68305
67080
66844
65980
68219
68522
67080
67569
67080
67844
65980
66449
68664
67425
67844
67355
67569
67355
66705
67080
65605
67944
67944
67080
67119
68033
67944
66705
66469
68664
68164
67944
67425
67060
67080
67080
65605
68075
67355
68522
66558
68075
65980
68964
67658
67080
67944
67425
68289
67080
67800
67313
68867
66824
68824
69302
68664
70238
67080
67944
68522
66705
66469
66980
66724
67944
67080
67080
67844
67425
66705
67569
68939
68824
67700
67635
66705
66705
68219
67800
67080
67080
67355
67080
68824
66980
67296
66980
69544
68378
67355
65880
68724
66449
67181
67960
67355
68378
67169
68939
68522
67800
67944
67355
66600
67544
67080
68219
67569
69660
66705
66449
68824
66705
69242
67080
67844
67960
67569
65880
68289
67564
65980
67080
66705
66588
67080
66700
67569
67569
67425
66844
68219
68468
69129
67569
68219
67569
67425
65605
67800
67176
67558
65980
66705
66705
66183
67080
67080
66600
66705
67569
68219
68522
66469
67944
67944
68235
68033
67860
68235
68016
66700
67658
67658
68219
67569
67658
68305
68509
67080
67558
67569
66469
67860
69584
67296
66255
67355
67844
67944
68289
66081
67355
67944
67944
66705
68680
66705
66940
65927
67080
67944
68219
67080
68219
67425
67767
67099
67585
66705
68075
67080
66540
68219
68160
65980
66705
67402
66700
66724
67355
66705
67944
67080
67800
68664
67688
66705
65980
67658
67569
68378
68075
67425
67080
67313
66744
67080
67800
68964
67080
67080
66705
68964
67355
67313
70537
68664
66469
66824
66558
65605
68219
67658
69718
66724
67313
67296
67080
66705
67569
68016
67302
67658
68378
67944
67944
66705
67181
68235
67080
67080
67425
65605
67944
67569
68289
67080
68160
67080
67800
68664
68276
67800
67080
67944
69099
66705
66705
68664
67800
67569
68964
68033
68724
65605
68235
68305
67960
68235
66705
68033
67080
66980
67080
67464
65605
67320
67425
68075
68289
67569
67425
66744
67688
67944
68235
66980
67944
68664
69402
66705
67569
66705
67080
67569
67080
67944
68664
66844
67844
67704
66824
67800
68939
67891
67944
66980
68824
67944
67800
67080
68797
68289
68589
68824
68160
67080
67425
66458
67844
67944
67355
66844
67099
67080
66469
67544
67080
68589
66980
67189
65880
67944
68522
70122
66449
67604
67844
68664
66705
66724
66469
67819
67080
67080
66980
67080
67355
66705
67844
67360
67425
67944
67569
68824
67080
65605
65880
67080
67355
66705
67556
67960
68420
66705
65980
67047
67080
67456
67844
66980
68219
67544
67800
67080
67944
69544
67700
66980
67800
67844
67569
67944
67569
66705
67080
68289
67944
68219
68664
69544
68664
67422
66705
67558
67080
66705
67080
66705
69242
67944
66705
67080
68767
65980
69142
67569
66255
67080
68939
67080
67425
68505
66833
67569
68680
68045
67558
68664
65980
67688
68964
66705
67564
67080
67355
66705
66705
68075
66705
67800
65650
67355
66705
67402
65980
68955
69375
68664
67569
66744
66980
67355
66469
67800
65980
67960
67080
67960
67355
67313
67544
67080
67169
68654
67189
66705
66705
68664
67800
68594
69169
66705
67489
67944
67080
66980
65980
67658
67614
68219
67425
66255
68266
67080
67569
66980
67313
67569
66705
68824
66700
67355
66980
67944
68664
67080
67760
66705
67780
67747
69258
67080
65980
68289
67800
67444
67080
66705
67688
67425
66824
68289
65980
67569
67080
67569
67800
67189
68939
68964
67960
66700
66705
67944
67569
66903
67422
68289
67839
67944
66705
68564
67355
67944
67569
66444
67800
66705
66705
67669
67585
67569
68955
67355
66705
68664
67944
68867
66705
67329
67558
66705
67800
69212
67569
67569
67296
67080
68219
68664
67080
66705
67080
66183
65880
67569
68075
67800
68016
68564
67944
68289
66469
65980
67944
69455
66705
68955
67891
67944
68420
69900
67944
67080
67355
68289
66705
65605
67080
66705
68219
69080
67569
66705
67944
67464
66705
67080
67080
66980
68219
67585
67313
66980
68139
66980
68939
68266
67864
68665
67800
67819
68824
65980
68219
67355
67569
67860
67355
67080
67080
67080
66255
66469
67564
67844
68589
67556
69239
67425
68589
68075
66255
67080
66980
67080
69415
65980
68075
67800
65605
67688
67569
69242
66469
67844
67169
67080
66705
69309
67569
67080
68289
67944
67800
67080
68219
65605
68219
68824
67489
67080
66705
68003
67785
68224
65880
66705
66731
66255
67080
68219
66705
67944
67080
68420
68867
67944
69684
67080
68964
66705
67944
68580
68219
66705
66705
67960
66705
67944
67800
67569
68276
67080
68939
65724
65980
67944
66824
67944
67296
67800
67571
68016
67569
67080
68219
66980
68708
66975
67564
67080
67355
67355
68664
67355
67944
67425
65605
68664
67944
67800
68797
68075
68880
66744
68040
67080
66980
68680
68235
66705
68589
67933
68235
67556
65624
66471
67800
67564
69099
68769
66824
67564
67355
67080
67355
67119
67700
67839
67891
65980
67844
67844
66824
68664
67355
67355
68589
67080
67425
67874
68147
66344
66844
67169
67569
65880
66577
67658
68289
67960
66824
67944
66975
66925
67080
68219
66980
67080
66705
68797
65605
67564
67080
68939
67944
69099
66980
67944
67464
67944
66705
67944
66844
67080
67355
67704
66325
67944
67944
67080
67169
66980
68219
68664
66705
67080
66449
66255
68075
65980
65999
67355
65605
67944
68308
68266
67556
68955
66844
67944
66705
67800
67658
68219
67425
67700
67564
68965
68160
66449
68075
67080
67944
67944
65605
68824
67329
67080
67329
67425
67355
67484
68147
68564
67933
67080
68147
65724
68664
65980
68075
67425
68564
67080
67944
67099
68564
68955
68522
65605
67080
67569
68653
68219
69440
68983
67944
66980
67569
67355
67214
67425
67800
66705
68193
68538
66750
68075
67844
68075
67355
67960
71142
67844
67355
66705
68291
69258
65605
66255
68289
67080
67425
66705
67080
69242
67283
68045
67944
67569
67425
67355
65980
68522
68664
66980
67080
65605
69239
67169
67313
67800
67569
66705
65605
67960
67569
67944
67944
67255
67080
67963
66705
68075
66980
67844
68075
68664
66255
68060
66705
66449
68219
68219
67047
69587
67169
66844
67425
68219
67944
65980
65980
67355
65980
67181
68964
66705
66980
67464
67585
67569
67080
67080
67700
67944
67844
67080
66980
67080
66980
66980
65980
67355
68522
68209
67800
67080
66824
67080
67800
67569
66705
67355
67564
67688
68664
67641
68522
68209
66705
66494
67302
67844
66700
67544
66705
66705
69819
67569
66705
67700
67080
67944
67119
68219
67800
66975
67080
67658
68664
66980
66456
65980
66255
69677
67425
68219
67800
67080
67944
68568
67080
67569
65980
66399
67355
66705
68219
67283
67080
66255
66975
66705
67658
67425
67080
68289
68142
67464
67688
68589
67569
68664
66469
67564
65880
67355
66980
67080
67564
68378
67425
68219
70119
68683
67944
68664
66980
68219
67844
67080
67355
68422
68289
68045
67944
67569
67944
66255
66700
67080
68680
67944
66588
68235
69258
67322
68964
68449
68589
67569
67189
67944
69056
67355
68219
67800
67080
66980
67944
66183
68883
68420
67080
67080
68408
67944
65349
67283
68219
66705
67944
67700
67944
66980
67080
66705
67169
66356
66844
67944
67658
67425
67800
67944
66325
66705
67944
66705
68695
68438
69212
66449
69099
68219
66705
67355
67080
67425
66705
68824
69169
68147
66705
68449
68449
67355
68147
67080
67080
65605
67944
67569
68939
66705
65980
66824
67610
67080
66921
67080
67296
67099
67844
68289
67944
67080
68538
67588
66705
66155
66844
67944
67080
67800
68075
66975
69027
67296
68219
69169
68864
67283
67355
68075
69040
67569
66980
68289
68219
68564
67569
66744
66705
65980
67080
67558
67425
66705
67700
67800
68289
66980
67569
67688
67544
66705
67425
68305
68664
67080
67800
67189
68219
67585
67933
67944
67080
67425
67700
66980
68040
66325
65999
69099
66325
66980
67944
69542
68664
67080
68664
66705
67425
67844
67456
66705
67080
68160
67585
67844
67569
66705
68219
65624
67080
66724
67658
66469
65980
69844
65605
66980
67569
67944
67585
68664
67944
67569
67700
68653
67944
66700
69083
67080
67558
67355
66980
66705
67080
67080
67278
67844
69309
67080
65605
66469
68219
67569
68449
69239
68147
65980
66705
67080
68564
69309
68289
67960
67944
67588
67569
66975
67963
66824
67700
66903
67556
65980
67425
67355
68219
66705
67944
66903
67944
67080
67080
67944
66069
66705
67697
66724
68664
66980
66844
69491
68333
66705
66705
67283
68939
69844
68580
68964
67080
67933
66705
68664
67944
68219
68623
67860
67569
67569
67283
67080
67569
67944
68449
67944
67800
67355
68664
69169
68219
66183
68939
69544
66705
67355
67944
69684
65980
67944
66705
68147
65880
67569
67700
66705
67700
70020
67169
68219
66325
67944
68289
68289
66975
67425
66844
67080
67569
67080
68219
69402
67844
67425
67800
68664
67080
66980
66700
67385
65724
69169
66980
67080
66980
66700
67944
67080
67688
68522
67355
67080
67944
67785
67080
67355
68780
67569
67944
67800
67700
66980
67688
69887
68449
67658
66980
67889
67313
66705
68589
67080
68219
69844
67944
67313
68449
67355
67080
66705
67944
69959
66844
67080
66469
69544
67080
67944
68147
67355
66449
68664
67425
68664
66980
66469
66844
67658
67944
67080
67960
67944
67080
66916
67658
68564
67960
67080
66824
69200
68060
65605
66325
67960
67800
67080
68664
67645
67700
66980
67564
68664
68075
67300
66456
67571
68033
68522
67800
67080
67933
67700
66705
68075
67704
67864
67658
66700
66824
67080
66980
68219
69684
68664
66558
66980
65980
67080
68843
67800
66705
67355
65980
68964
67080
67355
67944
67960
67296
67189
67355
67080
66980
67800
67080
69458
66325
67944
66744
66705
68867
67831
68939
67060
67080
68016
67355
67614
65980
68289
67569
65980
67181
67425
67080
66449
68160
67569
68824
67080
67080
67464
67080
69309
65980
67844
68422
69684
68564
67283
67569
67080
68551
68564
66980
68219
66975
68864
66325
67658
67844
66744
67080
67283
66705
67800
69300
67944
68289
68378
67569
67800
69684
66325
67080
68305
66980
66705
68378
67800
67641
67425
67944
66705
68219
66980
66744
67700
67844
66449
67944
68235
68522
68664
67564
66980
67425
67544
68219
68522
68289
67355
68824
67844
68289
68219
68964
68867
68522
67355
67080
67080
68219
67355
68653
68664
67564
67080
67944
67564
67831
67944
67819
67080
67860
69140
66705
68964
66325
67944
67700
67558
66824
65605
66844
67425
67839
68075
67119
68219
67080
66705
66705
68522
67355
68117
67844
68960
66449
67080
67355
67080
67575
67544
67080
67944
67585
65980
66844
66705
67569
67080
67831
67080
66744
67933
66705
68219
67402
68551
67355
67569
66700
66975
67425
67658
69309
67365
67960
68664
67944
68289
67355
68664
68075
65840
66449
67759
67860
65605
67558
66980
66700
67080
67944
68664
68541
66705
67355
67864
69517
67181
68147
66824
66980
66705
67355
67355
68235
68683
68664
67944
67355
67080
67080
67759
67355
66705
67800
66705
67800
66921
66844
68219
67800
67800
67569
68564
67569
70223
67800
66469
66744
68289
67080
69309
67080
68699
65605
66719
69684
67697
67080
67800
66705
67944
66844
67558
67425
67800
65980
68589
67800
68664
68564
68075
69309
68797
67944
68564
67080
66824
67658
67785
65980
66750
67569
67800
66980
66600
67099
68664
66980
67658
67355
67800
67283
66750
65927
67355
67080
67080
68664
65980
66705
67700
68289
69239
68425
67296
68147
66705
67595
66456
68219
66844
66980
69747
66255
67645
68289
67355
69288
68564
66705
67569
67080
67355
68824
67080
66975
66705
67658
68955
66705
66844
68680
66824
68219
69239
66705
66844
69340
67080
67080
66705
67080
67944
68939
68680
66705
67425
67080
66469
67844
69099
66705
67944
68939
67944
66705
67800
67189
67456
67558
66844
67556
66844
66945
68939
66255
66921
67569
67283
67025
67080
68964
66833
66980
68449
67800
66705
67569
65605
67800
68147
68219
65605
68075
67800
66705
68864
67844
65605
67658
67080
66705
66469
67558
68724
65980
67933
68505
68305
68289
66449
66449
67189
66705
67080
67944
67569
67296
67944
68219
68219
65980
66975
66980
66980
66588
66255
68219
66705
67585
67080
67944
69142
68291
67296
67569
66600
66255
67080
67425
67119
68289
66705
65980
68219
67355
67080
69588
68551
67569
67355
67960
67944
67944
66824
68219
67569
67944
67080
68664
67355
66449
67119
66700
68235
68235
67425
65821
66705
66096
66449
67569
68219
69309
66700
68964
67944
67844
67080
67688
67425
67800
68219
67425
67944
66705
66705
67800
66980
66469
68880
67080
68289
66081
68219
67944
66705
67080
65880
66183
67099
68589
68522
69099
68289
65980
68564
67355
66705
67944
67080
66705
66449
67080
67080
69239
68765
67933
67080
67080
68695
67569
67844
66325
65980
66705
67425
67564
68289
67365
67585
68289
68939
67571
67933
66705
66705
67425
66700
66980
66530
67569
67960
67080
68449
68867
68664
67569
66705
67785
67800
66824
67831
67355
65605
67944
67944
66705
67944
68075
68680
66183
66744
67944
67944
67844
67099
67425
69084
69819
67760
67944
67313
66469
67860
66705
67080
66213
67571
67355
68824
68964
67080
66183
69415
69533
67080
66705
67080
66255
67864
67355
67355
67545
66824
68664
66705
68219
67569
65980
66724
67169
67944
66255
66705
67960
66255
67839
67425
67944
67944
68289
68003
68939
66705
67080
66824
67402
67944
67920
68449
68522
65980
67169
68289
67425
65605
67355
67641
67700
67080
67569
68448
67844
67844
68289
69544
65980
67556
67080
66705
67189
67080
68939
68289
68664
66700
67080
66444
67189
67800
66705
66213
68824
67425
67569
67296
67700
66705
69684
68664
66980
67355
68408
67944
67425
67296
67800
67569
65880
67080
66558
67944
68075
65980
68939
67747
66705
68664
67080
67099
67688
67080
66980
67800
67944
66213
65980
65980
67080
66469
67080
67080
65605
66844
68765
67585
68289
67944
67844
68219
67839
69684
67080
68219
66255
67189
67080
65605
67569
68075
66980
67558
68378
66922
69309
68147
68449
67688
67425
67080
66705
67844
68589
66705
67839
68180
67425
68250
67588
69343
68147
67080
67800
67080
66469
67800
67080
67569
67080
66844
68235
67800
67933
67933
67080
68075
66980
68664
67944
68939
67569
68738
68160
68589
67080
66705
66945
67569
66685
67080
67569
67080
67844
65605
66824
66449
67658
65605
67080
67080
67355
66700
68160
66469
68538
67181
67844
67800
66705
68219
68564
68765
67569
68422
66744
68939
67944
67658
69428
66705
67569
67322
67844
67425
67800
67080
67556
66705
67080
67569
66588
66980
65825
67425
67564
66844
67355
67080
67801
67425
65980
67080
66325
69142
68160
67569
67944
66844
67355
68964
67169
67425
68623
68664
67933
67944
66824
67569
66921
68939
68308
66700
66980
67944
66449
67080
68964
67313
66705
66824
69819
67569
67099
67040
67080
69302
67080
67944
67933
68549
68451
67844
65980
67944
67569
68664
67844
67470
68880
67355
67355
66980
67800
67944
66081
69309
67239
68824
67585
65980
67569
67944
69169
66705
67355
68067
67355
68305
67080
67800
68219
67944
67800
69544
67080
66444
67960
67569
66705
67080
68939
67860
66444
67080
66700
67099
65880
66255
66980
67080
68289
66705
67800
67585
66980
68680
67181
67844
67080
67355
66700
67944
67844
66903
69544
67355
67944
68289
67355
67080
67844
68075
65980
66705
68448
67080
66705
68278
65605
68219
68680
68664
67355
69258
67355
66980
68589
67564
67080
67688
67080
67700
67080
66903
65605
68449
67688
66705
68289
67355
66744
69140
68449
66705
67355
67944
69819
66921
66705
67355
67080
67800
68664
67585
68289
67585
68016
67080
68420
68964
67196
68417
65980
66724
67944
68075
68564
67080
68620
67422
67425
67569
66325
67800
68219
68235
67688
67080
67944
67080
67425
67355
66921
68824
66325
67944
65605
66069
67944
66705
68797
69599
67119
67425
67080
67355
68864
66213
67767
68589
67355
67296
66980
68580
67700
68664
67569
67800
68149
66700
68797
68824
67425
66469
66705
67960
65880
67444
66705
68219
66255
68336
66530
66255
67944
67080
65880
67355
68880
67944
69130
66183
68589
66325
67944
67960
67355
68664
66469
67569
67571
68075
66705
66705
67425
68664
67944
68880
67080
66705
67944
67569
67181
67355
67425
67080
69127
68075
68564
66705
68289
67355
66980
68939
69099
67060
67544
67700
67844
66700
69169
67569
66469
68939
67585
67080
66650
67178
68564
67960
67080
67564
67556
68147
67080
67355
67569
67944
66844
66980
68664
67844
66925
68075
68278
67569
68986
66999
68664
67355
66844
66824
67278
68163
68964
67080
67944
68080
68487
68813
67425
68653
67844
66925
67569
67700
67844
67080
66274
66824
67425
67425
67800
66844
66844
67564
68664
66705
66921
66705
68664
67080
68003
67080
68075
65980
67800
67569
67963
66705
66705
67944
67080
67080
67800
67080
66705
68580
67569
66719
67283
68664
67944
67569
66375
66444
68510
68219
66744
67355
68276
67800
67700
67556
67425
68219
68664
68883
65605
66600
68420
68075
67785
67355
68664
68229
67080
66705
68522
68482
67860
68219
67080
67585
66705
67544
67569
67800
66705
68134
68664
67569
66844
68289
67944
66980
66844
68075
67569
67080
67355
68964
67688
66600
67831
67800
69239
68003
69140
68147
67944
69563
66980
68378
66980
67080
67688
67800
68680
68939
68435
67189
67313
66844
67860
67944
65980
67320
66600
66980
68363
66700
68664
67688
67283
67080
69212
67564
68664
67080
68664
67800
67585
68664
67355
66705
67283
67169
68305
66705
66444
67944
69309
67944
68134
68408
68163
67963
67933
67700
68680
67080
67080
68040
67355
67688
68449
68219
69099
67677
67080
67569
67569
66700
67189
65980
67355
67944
67800
66705
67080
67564
68564
67169
68939
66844
66980
66705
68235
65605
67800
67944
67355
66844
67080
66449
68289
66705
68898
67585
67348
67800
68219
68551
68147
67658
68561
67944
67283
65605
67425
67080
67080
68653
68964
66705
67425
65880
66700
66705
65980
68289
65605
67355
67080
67080
67641
68449
67658
66705
67080
66705
65980
69444
65605
69099
67864
67080
67844
68378
67425
67944
68378
68142
66705
68408
66980
68449
67355
67944
66844
67585
67080
68289
70537
67844
67944
67569
68219
67080
67355
67960
67960
67080
68075
67080
68664
67944
68235
68589
67944
70047
67080
67658
69239
66325
66700
68824
67800
67080
67080
66705
67080
67564
68061
67080
66458
67047
68964
67425
68664
67080
67700
67944
67080
66705
66469
67080
66705
66824
65605
67080
67569
67080
67355
68219
66744
67677
67080
67700
67047
67944
67569
68964
66916
66325
67658
68780
68163
65349
67556
68289
66705
66844
67688
66705
66325
67119
66700
67564
65980
68797
67688
68278
68289
68449
67355
68075
68589
67839
68780
67700
66325
68219
67544
68305
68964
66980
68045
66844
65605
67080
66724
67569
67355
66600
66705
66705
67080
67196
67422
69239
66980
68939
67080
67569
67800
67800
67283
66705
67960
68289
68378
67464
66844
68409
67944
67569
67933
68075
67944
66705
67080
67080
65605
68784
68075
67080
67080
65980
67944
68289
67944
68075
67080
67569
68408
67944
67963
65821
68664
66469
67569
67564
68580
67944
68219
67080
65349
66700
68420
68289
67944
67355
67564
67800
65980
66980
68147
67944
69817
66844
68664
65980
67944
65605
67569
67296
66558
67944
67944
67080
67960
68219
67604
65880
68824
66705
69516
67944
67425
66705
69469
67844
67564
67764
66700
67860
68724
65605
67425
68522
67080
67569
66705
66375
66705
67944
67553
66705
67099
67119
67080
67544
67283
66469
68045
67831
66980
67320
66705
68289
68289
67764
67844
66705
67080
67944
66325
68219
67944
66844
67959
67944
68964
67569
67422
67800
67355
65349
66469
68664
67355
67080
68235
69242
66844
67313
68219
67558
68308
67569
66844
66325
67944
67844
65980
67569
67099
67080
68939
67080
66980
66980
69099
67080
66096
67080
66844
67080
67839
69959
68219
66980
67569
65724
68219
66980
68075
68289
68939
67800
68664
68564
68664
65980
66325
67355
67080
67688
66705
68680
67658
68664
66705
66824
68075
67960
70204
66824
68075
67688
67544
67700
67800
67080
68449
66750
67944
67080
67569
67196
68680
68541
67569
66325
67800
67080
67688
67080
67355
67658
70564
68451
66705
69544
69242
66833
68589
66700
67944
69140
66325
67944
69099
66705
68219
66744
68939
69684
67688
67405
68939
67944
67080
66824
67313
66469
67944
67080
67944
67800
68964
66449
67425
67569
66844
68867
67355
67425
65980
67569
67425
66705
67080
66685
66980
67944
67569
68955
66844
68075
67569
68219
67944
66255
66824
66705
68680
67355
65605
65999
66449
67700
65980
68061
66600
65605
67800
67355
69544
65980
67697
67556
68522
67355
67080
66705
67355
67944
67564
67944
67785
67060
66705
67785
67944
66469
67119
67025
70464
66471
69239
66980
68880
67944
66469
68147
66705
69242
68964
68664
67944
67569
67944
67080
66980
66705
67355
68219
67944
68680
68664
67864
68435
67558
67080
68235
67080
67800
66705
67489
67080
67800
67944
66255
67422
67355
67864
65980
68147
67944
67080
66863
67355
67558
66705
66469
68435
67569
69587
66980
67569
68724
66980
66705
68964
67953
66705
67860
68939
66844
66705
67800
67239
67979
67080
67960
66705
67296
67704
67355
68664
67800
67080
67800
67080
67080
67844
67800
67944
67564
65605
68939
68664
66705
67313
68589
67080
67558
67080
67080
68397
66980
65980
67688
67569
68016
67688
66700
69099
68664
68195
68209
67558
67080
67080
66705
67080
67588
66824
65980
66980
67658
65999
67080
68896
67569
67296
67960
67800
68219
68449
67080
67060
69517
66449
65980
66980
67169
65980
66844
67800
67844
68522
66705
66824
67933
68680
68986
67080
67785
68939
67080
65980
68939
66921
68664
68522
68939
67425
68680
68219
66700
68289
67119
67844
70122
66469
67800
69099
68176
67944
67944
68824
67080
67801
67080
67944
67960
68664
67080
67569
68289
66700
67296
67355
68235
67569
68219
68664
67080
67080
67425
68075
68033
66705
67844
68505
66255
67800
66824
67355
68551
67569
68939
66705
68219
67569
65980
67944
66705
68538
67355
67355
67960
67944
67080
67080
68139
67422
67080
67296
68797
66705
67901
68435
69146
67658
67189
66325
66744
66705
66980
68219
67425
66844
66469
67800
67571
65980
67585
69819
67080
67355
67080
68378
67080
68780
67844
67800
65980
68564
67402
68939
67960
65980
67047
67425
68075
67355
67785
68964
68305
68435
68219
67944
67944
67080
67569
67355
68964
66705
66844
67355
66469
68824
67176
66844
65605
67944
68568
67080
67844
67425
67844
67944
67348
68442
68378
65605
67080
67080
67080
67960
67425
69819
68147
67080
67944
66705
68422
66700
67099
68075
67800
65605
69140
66705
67844
68436
67080
67944
68664
67080
68422
66844
67425
68378
69099
67944
66213
69844
67080
65980
67944
66980
68289
66833
67080
66705
67844
65605
66700
67320
68219
67355
67355
67569
67944
66705
66844
66705
67355
67944
67688
