1336438
1332296
1337023
1340250
1338720
1337526
1337344
1342538
1330640
1337401
1339380
1338797
1333274
1342809
1338437
1339574
1336703
1340879
1346255
1333845
1338341
1332929
1336125
1337705
1334742
1334068
1340112
1329907
1340428
1344674
1345029
1328623
1334897
1332379
1334004
1334549
1341620
1331809
1336751
1335703
1340158
1334450
1332570
1342237
1334285
1332322
1339978
1342185
1342612
1338944
1333510
1339869
1342400
1332922
1330941
1333965
1329843
1335050
1337461
1334455
1335874
1343700
1344968
1335514
1333854
1334270
1336375
1333097
1344879
1335784
1338554
1344022
1339304
1333855
1340395
1337341
1335847
1327724
1339795
1335471
1342110
1335147
1339026
1339293
1333452
1332212
1337756
1335581
1335017
1336153
1337470
1345954
1337214
1339626
1338179
1337646
1330873
1337250
1333485
1330981
1340122
1340708
1336579
1333787
1336542
1336520
1339739
1336704
1335200
1331643
1338654
1337723
1336692
1340044
1337130
1340082
1336158
1338250
1332604
1340854
1331185
1337898
1345598
1331986
1339874
1342978
1335334
1339270
1332222
1340780
1336143
1335324
1334694
1339321
1337229
1334006
1334096
1338850
1334944
1345090
1339674
1336489
1330719
1336096
1336941
1340732
1335519
1338193
1335525
1338110
1336272
1337854
1343311
1334863
1337707
1333023
1338973
1336718
1336072
1333123
1337041
1333150
1338476
1341279
1327822
1337746
1337000
1341557
1333889
1329541
1341963
1336928
1337984
1343467
1334940
1334660
1340157
1343713
1334855
1341531
1336405
1330021
1338870
1338965
1329040
1335145
1337284
1332641
1338789
1336712
1336012
1335860
1335958
1332711
1340111
1338122
1338490
1335929
1343049
1343336
1329545
1340500
1334403
1337191
1342969
1348181
1339865
1329685
1334184
1336409
1335099
1328505
1333742
1335071
1332954
1331077
1334739
1337518
1330942
1338571
1335255
1336887
1334979
1338498
1336202
1342661
1343603
1337339
1334517
1340510
1333392
1334497
1339983
1329023
1338626
1339182
1335823
1330174
1331308
1337596
1335786
1338941
1338906
1331322
1339789
1334845
1341235
1347887
1331248
1333026
1336193
1334896
1343812
1338781
1337419
1335601
1334182
1339880
1334228
1333644
1338215
1339119
1335859
1336854
1339902
1336788
1335914
1337109
1338853
1336318
1336990
1336511
1336579
1335896
1330742
1335583
1338366
1340781
1338499
1329669
1338717
1329884
1334524
1342699
1337095
1339798
1335378
1335939
1329972
1340289
1333965
1341281
1339176
1337921
1329883
1336744
1339322
1330225
1333231
1335595
1332294
1337120
1333955
1338775
1332460
1333962
1339187
1333911
1337989
1335851
1336274
1331584
1333444
1337244
1338045
1334529
1338951
1329176
1339835
1337019
1333431
1330583
1340305
1339680
1343520
1338732
1340811
1329777
1343014
1340414
1343059
1342684
1330967
1338154
1339801
1332654
1333740
1331031
1338431
1338347
1335182
1328323
1334312
1343454
1342515
1330413
1332372
1330593
1341263
1337841
1335737
1339829
1334108
1337152
1341628
1337164
1336459
1342324
1343973
1333886
1336531
1335397
1347674
1327812
1340500
1328803
1332347
1340457
1335803
1345044
1341356
1334366
1333073
1338169
1336672
1337871
1340644
1338018
1335054
1332004
1340381
1332824
1339130
1345320
1338039
1333028
1341241
1335108
1336982
1332011
1334259
1335006
1339552
1333491
1336037
1337199
1336436
1337795
1339451
1337925
1337389
1336337
1335521
1335756
1335595
1340032
1334229
1334552
1341837
1344060
1341343
1337815
1332202
1336316
1341257
1341258
1335791
1339524
1335980
1329834
1340255
1339874
1346103
1339311
1335200
1342893
1341052
1340414
1338638
1336097
1342476
1331725
1335294
1338260
1331973
1331263
1341242
1342832
1338156
1331405
1334018
1335823
1339981
1333411
1337359
1337996
1329413
1339291
1334784
1338106
1335834
1329689
1337416
1332742
1333522
1343847
1330506
1333107
1334443
1340785
1338167
1332034
1343160
1341169
1332693
1336991
1343733
1334255
1331754
1342866
1333087
1331861
1332068
1336395
1333602
1334095
1335664
1339785
1343133
1331400
1339351
1341609
1331959
1336740
1344477
1337678
1334175
1335783
1336216
1335432
1344281
1337846
1343884
1334655
1336248
1342860
1339843
1336728
1334351
1340110
1334538
1335776
1335279
1333946
1339084
1338067
1339682
1333147
1335530
1331690
1338864
1333203
1337610
1338407
1335049
1336798
1337368
1336566
1333638
1335968
1333666
1339573
1334535
1337008
1341678
1335819
1339265
1337396
1340054
1339684
1334243
1337272
1333197
1338768
1338353
1339047
1337802
1336333
1337697
1335193
1342622
1333729
1339979
1332936
1345909
1332209
1335796
1336300
1336118
1342298
1331885
1341010
1333527
1336840
1337707
1335070
1335735
1334239
1339772
1337028
1341076
1335389
1336080
1331993
1340446
1336786
1337392
1336223
1339637
1338765
1334119
1336963
1338533
1343224
1339200
1330531
1339329
1334376
1337976
1337556
1333882
1333887
1332816
1336193
1333913
1334583
1336351
1338044
1336029
1336604
1335934
1341376
1332282
1341568
1341518
1330957
1338460
1336691
1338763
1338936
1333346
1337118
1340690
1336948
1336512
1340419
1339438
1336678
1334477
1335743
1334547
1335869
1332575
1334845
1331728
1340270
1334879
1338700
1334388
1329739
1332826
1343212
1341133
1333940
1327224
1332622
1337805
1339691
1338303
1339983
1336243
1335640
1334026
1336928
1342216
1341874
1334379
1336324
1344864
1336037
1338195
1335225
1336730
1338143
1340070
1344359
1340196
1340221
1335550
1335677
1333445
1340972
1339227
1334799
1339879
1334977
1346241
1331655
1339899
1337404
1335561
1336745
1336927
1338166
1343212
1349375
1335142
1336215
1332490
1339841
1341825
1334229
1341621
1333222
1339338
1333499
1335118
1337707
1334203
1339649
1340804
1339301
1327006
1332543
1335219
1340625
1336995
1338453
1332439
1340575
1342204
1336226
1329337
1338292
1331448
1329974
1336269
1337364
1337439
1336171
1343084
1336519
1335456
1334558
1338972
1337342
1335211
1333592
1342756
1335894
1338817
1336887
1340280
1337813
1339218
1332350
1337011
1340176
1334865
1334073
1330231
1333849
1337402
1332540
1331302
1335598
1338042
1337293
1331429
1341848
1338084
1340772
1331002
1333502
1339031
1336726
1333773
1338115
1341286
1334153
1341021
1337448
1340557
1334775
1342657
1335741
1335590
1336625
1340101
1339595
1336319
1341043
1337498
1340997
1337610
1334416
1339181
1338366
1333642
1334824
1337613
1337722
1338322
1339384
1340725
1335487
1340414
1329785
1338046
1334957
1338995
1337967
1340565
1334921
1339865
1341783
1337273
1338499
1338469
1342589
1344028
1339892
1339129
1338819
1334567
1341665
1338289
1334875
1337654
1331226
1341412
1333548
1334783
1341000
1339801
1336198
1335115
1336891
1335282
1337010
1338520
1340937
1341339
1339462
1336499
1333796
1332201
1333562
1339714
1335294
1335019
1333707
1342406
1340180
1334916
1349042
1335475
1339632
1330549
1335672
1340523
1344941
1336122
1336540
1341747
1338873
1334065
1343273
1331895
1337548
1336986
1337056
1344765
1335015
1332892
1336155
1336413
1333498
1339366
1335039
1339741
1343793
1342165
1335009
1338787
1337128
1338944
1344088
1334977
1338749
1340439
1333605
1329238
1339006
1343590
1335550
1342832
1339318
1334275
1338027
1343886
1328763
1336609
1339471
1342476
1344073
1338916
1339867
1342680
1340224
1335030
1337585
1334798
1332233
1340074
1336763
1334171
1339754
1335310
1334955
1348986
1331767
1333643
1335854
1336592
1343229
1336920
1339201
1341344
1337215
1337704
1338304
1334809
1336998
1338072
1336278
1340790
1340806
1332640
1337937
1330692
1340665
1342861
1335527
1339900
1344510
1345650
1336914
1338880
1338997
1342490
1342314
1341019
1333176
1334982
1337246
1338703
1340089
1342583
1338710
1333739
1332092
1336783
1331594
1335718
1333376
1335466
1337922
1338552
1331499
1339978
1332516
1341547
1332248
1337134
1330846
1339554
1336156
1336717
1329486
1335663
1349607
1337338
1336715
1340942
1340831
1346642
1334137
1342530
1331926
1336943
1347704
1338753
1335076
1335107
1336915
1340515
1332561
1336504
1333398
1341280
1336690
1337796
1332077
1335750
1337068
1341428
1339505
1335077
1335324
1337542
1344089
1330242
1340220
1339367
1336784
1337034
1335989
1338374
1348259
1334964
1335941
1333667
1343749
1333817
1331684
1331548
1334890
1335360
1336984
1332460
1338043
1342838
1342773
1336306
1335166
1337414
1341526
1339648
1339448
1338003
1337574
1339981
1333468
1338863
1334037
1338737
1348432
1337005
1332231
1337211
1338898
1333231
1332973
1339223
1344123
1334864
1333514
1340231
1341700
1339230
1339870
1332537
1334834
1345014
1341904
1338197
1336351
1340752
1339371
1336585
1335340
1334360
1337389
1344795
1336956
1334315
1336360
1336140
1339542
1335300
1337102
1332869
1331381
1334891
1337722
1340769
1339013
1336626
1335465
1335841
1332941
1343334
1331932
1335832
1336533
1335531
1336653
1336354
1336078
1336110
1332642
1334305
1339677
1335908
1332086
1339285
1334129
1336521
1338056
1334189
1328505
1335463
1337490
1336774
1332416
1337388
1336779
1332856
1331919
1344622
1336501
1340837
1334098
1344305
1337435
1338067
1340491
1337982
1334499
1340110
1332925
1337294
1340661
1334655
1337169
1333560
1338896
1340024
1337187
1336608
1335181
1333746
1333691
1332507
1336157
1336388
1335541
1338894
1333952
1333278
1337128
1329529
1338694
1341836
1341248
1338910
1343917
1333929
1334438
1338625
1337451
1339865
1334198
1328986
1337749
1337215
1340313
1331499
1332365
1332086
1333901
1333513
1339017
1335610
1336393
1335947
1337731
1341644
1338471
1335485
1329395
1337807
1341173
1344411
1335598
1335410
1334194
1338159
1330908
1337132
1341122
1337464
1338781
1337273
1340739
1337488
1331720
1330061
1337923
1337537
1337688
1335033
1338808
1339690
1342673
1337268
1335158
1342984
1343217
1330608
1333033
1339378
1332810
1342513
1338118
1336788
1341765
1333021
1338034
1333614
1337974
1335119
1330174
1341509
1337217
1332172
1339929
1337585
1333863
1349759
1335979
1334731
1336954
1333718
1342643
1334953
1341954
1334030
1331257
1332611
1339004
1338234
1336770
1337416
1336794
1332481
1334583
1341065
1341268
1335915
1333056
1334734
1343921
1336918
1336542
1336874
1335877
1338499
1338208
1337941
1329813
1334013
1335473
1337364
1339517
1341283
1335972
1336030
1335749
1336061
1335247
1338141
1333883
1339858
1339058
1344080
1334573
1340291
1337840
1334714
1333930
1332659
1331162
1335414
1335836
1333793
1331174
1343667
1339743
1333573
1338111
1347131
1331371
1332116
1335450
1340180
1332107
1333627
1332237
1328835
1339910
1330904
1342000
1344584
1333649
1337340
1337832
1335761
1331464
1338206
1346070
1335388
1345703
1332341
1336302
1331401
1336422
1335925
1341508
1334902
1335696
1346861
1337119
1337837
1334680
1341361
1341424
1332267
1334454
1335073
1340451
1337373
1333643
1339963
1335942
1337284
1335463
1339855
1338447
1338727
1338624
1335341
1340389
1335958
1342482
1338188
1330320
1338709
1336071
1342749
1335537
1340339
1337532
1335065
1325459
1332592
1339727
1332210
1331212
1332213
1331253
1333966
1337003
1343889
1330699
1342106
1332027
1334638
1338872
1335367
1339395
1338490
1333826
1341176
1334868
1332876
1337310
1336429
1337832
1338344
1334092
1331729
1341529
1342755
1336171
1334701
1336632
1331294
1333193
1337023
1336521
1339915
1338221
1339254
1342849
1335855
1339246
1338783
1339087
1334329
1338780
1335646
1341759
1334855
1334018
1333031
1338302
1342866
1342333
1335244
1337768
1336436
1335303
1339554
1341099
1334622
1343863
1331307
1334968
1337619
1331973
1341743
1335630
1331124
1337404
1339005
1341097
1334793
1333173
1335810
1338725
1328696
1334867
1331889
1338659
1337589
1329282
1340495
1339667
1338848
1337436
1336017
1342292
1341751
1333846
1341174
1337326
1337069
1338812
1333575
1338593
1336927
1338633
1338721
1335121
1343340
1333308
1332695
1327865
1340277
1332345
1334940
1333755
1334458
1336841
1335965
1337854
1337339
1336266
1333789
1337420
1336779
1334400
1336796
1335640
1331250
1338150
1340301
1342453
1339404
1337736
1334041
1341015
1336175
1335830
1334434
1333655
1345070
1328589
1336004
1332571
1338196
1344175
1335195
1337336
1338774
1338901
1342099
1334005
1335490
1341690
1332892
1337327
1334176
1345854
1336879
1341318
1339611
1336250
1336939
1335637
1338907
1333903
1333155
1340545
1336648
1330853
1339075
1330644
1339353
1342809
1338065
1339702
1337719
1337391
1335847
1330284
1335471
1341478
1332564
1334442
1336014
1335837
1335046
1338454
1339812
1332716
1334678
1335812
1331526
1344354
1333680
1349748
1338964
1332953
1330735
1337000
1336120
1334864
1333808
1338694
1335541
1326616
1334044
1342109
1339790
1337330
1330934
1336781
1338375
1332951
1338316
1337287
1334104
1342614
1336915
1344218
1338127
1335218
1329832
1331542
1333136
1336199
1331730
1340787
1347143
1336601
1336937
1336411
1339968
1340546
1339414
1336160
1337004
1337965
1340781
1345017
1345724
1339491
1340160
1341565
1336914
1338643
1332141
1339779
1335934
1333365
1341344
1340265
1339385
1340012
1330216
1341530
1343552
1341200
1335445
1330532
1337177
1335921
1340521
1330443
1332659
1332796
1338288
1334927
1339431
1331316
1337008
1337522
1336970
1337538
1336285
1338965
1338163
1339215
1341360
1340242
1346177
1338743
1337986
1343399
1348019
1331453
1341276
1338275
1338164
1334164
1340590
1332603
1328863
1341299
1327722
1345741
1332958
1341475
1334417
1343794
1336402
1338909
1334310
1336502
1340254
1331683
1333307
1337832
1338183
1345647
1342548
1334566
1336018
1336460
1344362
1337970
1338994
1341935
1340292
1335445
1344343
1336713
1331949
1333551
1339128
1334998
1331397
1345579
1338388
1341970
1334066
1336728
1333089
1344083
1334696
1331189
1334159
1331162
1339802
1336965
1333987
1334529
1342041
1339473
1328386
1335065
1338818
1335911
1336272
1331727
1334580
1340092
1333540
1339344
1340677
1338973
1338295
1336273
1335077
1336944
1337478
1335030
1338228
1342684
1332648
1330681
1342809
1339704
1336847
1330285
1336457
1332736
1331669
1334419
1338230
1342077
1339034
1334141
1333773
1334804
1337470
1335188
1333996
1331899
1335392
1338680
1336602
1334783
1334741
1331155
1335970
1338218
1334803
1335068
1338472
1333159
1331384
1335094
1334484
1344126
1347033
1336746
1339130
1336163
1333556
1334571
1335448
1336451
1330096
1347548
1343262
1337101
1333384
1338506
1334460
1330554
1335511
1336527
1337589
1336737
1338510
1339313
1337434
1340117
1337405
1339307
1339878
1338331
1335323
1340160
1343024
1340320
1337265
1337238
1338093
1338056
1338700
1332208
1334325
1347603
1334762
1344286
1335598
1337535
1335186
1328797
1337837
1341776
1341661
1338438
1342574
1339523
1339628
1340594
1330567
1337372
1342841
1336731
1335615
1333597
1333590
1340223
1337901
1338780
1343014
1340918
1340332
1337474
1331422
1337436
1333310
1333192
1341270
1334610
1337316
1338906
1336880
1337440
1343734
1333624
1338315
1334725
1333913
1341615
1342407
1340265
1340394
1339733
1337043
1338572
1335098
1332304
1340470
1340865
1336009
1331632
1333402
1337687
1339581
1341018
1337419
1343240
1337658
1334357
1331456
1334995
1342244
1333673
1344627
1335123
1338272
1333531
1329987
1338621
1341356
1340001
1336064
1339208
1344840
1333882
1332898
1336331
1335834
1337580
1341762
1339673
1337019
1340511
1340681
1335452
1334017
1331717
1340372
1338601
1336932
1336173
1334005
1338178
1335514
1337594
1339399
1330843
1339992
1332591
1331500
1333380
1332845
1330503
1340226
1334466
1330225
1342010
1334982
1336855
1333423
1337417
1333615
1329703
1334784
1334879
1342420
1336921
1337061
1329920
1332727
1331841
1343213
1336302
1333622
1330036
1339281
1336291
1332381
1331032
1345778
1335886
1342771
1339069
1333838
1336108
1329816
1334318
1337495
1340397
1332802
1334400
1342446
1340802
1333248
1333080
1343363
1337900
1340178
1345992
1333832
1328367
1341331
1334158
1338642
1337258
1342648
1334775
1335511
1341141
1334746
1332440
1337944
1335357
1336205
1338365
1337489
1333084
1336288
1349047
1340275
1343855
1330726
1335467
1329216
1336589
1330386
1341364
1336854
1340288
1343101
1330301
1336977
1331059
1330629
1333811
1340130
1339188
1338488
1330293
1347074
1336830
1334652
1334579
1335983
1336663
1333502
1334659
1343073
1334910
1337256
1335918
1334015
1339452
1339818
1333829
1337361
1335430
1340301
1337543
1338582
1333912
1341842
1337862
1333156
1339255
1335644
1342627
1331995
1340056
1336177
1329469
1341259
1327318
1340690
1338838
1329296
1341553
1334740
1337076
1339126
1336923
1333058
1332186
1335999
1334463
1336372
1335948
1339628
1340469
1338829
1336330
1335544
1340460
1335200
1341686
1339122
1339776
1337129
1333501
1330390
1337846
1335215
1341897
1331048
1341580
1335746
1330144
1334743
1334197
1339453
1340762
1343958
1334470
1345643
1337914
1340624
1341981
1337458
1330349
1337532
1341461
1344134
1341408
1336064
1339186
1336148
1338561
1334167
1338201
1336345
1334157
1340188
1330544
1337443
1337074
1339471
1337508
1335030
1340002
1347779
1329057
1333100
1338830
1336940
1337688
1340088
1339443
1342187
1337794
1337854
1335762
1337149
1336932
1332922
1334407
1340881
1334746
1336930
1342220
1332652
1332550
1330836
1342309
1330301
1333901
1335992
1342290
1340015
1333807
1339325
1336761
1343101
1338150
1344827
1341954
1345510
1337922
1331791
1334056
1335625
1340973
1339394
1339850
1332316
1341310
1334623
1326793
1336348
1338083
1339707
1331146
1334469
1337465
1334951
1337649
1337313
1336803
1338810
1328496
1331780
1342730
1333961
1329623
1336453
1340502
1344629
1339409
1334084
1337643
1330751
1333273
1334302
1335071
1335355
1330404
1340351
1330815
1338741
1337056
1336923
1334151
1337003
1340320
1340113
1333485
1336929
1336410
1333667
1338326
1337688
1343762
1339744
1340911
1344596
1341001
1335745
1338951
1339196
1342364
1336269
1334586
1332126
1342369
1340041
1332953
1340461
1341571
1332869
1339457
1340353
1334424
1327771
1326833
1333234
1334829
1344379
1338311
1336649
1329851
1340542
1337904
1333368
1337251
1350506
1337162
1335718
1336178
1337531
1338410
1335992
1338293
1343090
1334421
1329552
1336113
1334802
1341196
1340270
1332255
1338368
1344604
1336933
1328909
1342175
1333943
1335433
1334282
1332731
1333616
1336297
1337195
1337394
1336584
1334404
1337592
1332336
1336933
1339260
1331134
1337655
1334842
1336745
1336719
1334582
1336535
1337054
1342494
1341287
1337756
1333365
1335963
1329048
1335383
1338939
1339531
1336947
1331226
1333391
1337155
1336143
1332565
1333619
1335789
1340481
1336890
1343387
1343388
1340449
1335775
1330623
1333032
1339153
1338636
1332321
1343661
1339559
1334551
1340966
1331668
1336948
1334760
1340060
1334893
1339707
1336136
1342372
1335048
1333303
1335978
1339924
1338038
1333074
1332572
1339518
1338778
1333077
1329325
1343404
1339256
1336939
1333176
1335106
1338518
1338588
1339117
1335883
1340467
1341719
1335830
1339785
1330805
1341276
1337501
1337570
1333798
1341326
1336444
1333951
1338662
1336686
1331313
1335682
1335180
1334927
1339501
1332681
1339813
1338457
1338289
1338129
1337226
1330700
1337266
1335947
1335136
1338814
1335739
1332982
1340158
1340066
1342361
1336249
1334911
1335344
1335481
1341337
1331673
1335366
1337289
1336712
1336816
1339507
1336320
1339114
1336855
1340336
1338371
1339907
1334777
1344811
1336429
1337057
1336029
1344308
1331870
1346071
1336134
1339173
1340283
1334100
1332813
1341205
1337094
1342000
1342449
1337379
1340504
1335386
1341118
1342309
1341521
1331995
1335340
1333527
1332664
1337817
1333128
1337098
1337343
1337076
1337568
1338241
1334596
1341018
1339526
1337629
1343644
1338358
1333857
1341723
1333374
1335377
1337157
1338109
1340557
1334764
1338907
1333631
1332890
1336334
1335667
1336553
1339419
1337415
1339223
1333254
1343045
1335725
1336954
1334707
1332837
1333190
1339262
1338534
1339656
1335226
1337666
1332263
1347448
1335699
1339544
1335373
1337022
1342389
1331799
1337753
1336920
1334481
1339015
1340988
1336491
1339675
1336070
1340707
1336062
1336703
1343835
1337497
1338422
1335399
1337822
1334249
1333714
1344534
1334716
1333105
1339756
1335090
1330890
1336811
1335285
1328889
1333398
1339078
1343951
1338446
1334070
1340359
1329197
1335159
1331705
1339004
1337004
1332550
1337277
1337820
1333395
1340719
1332552
1337116
1330683
1338407
1341546
1339252
1337617
1343494
1335849
1331642
1331351
1336004
1333442
1336406
1338104
1342160
1338155
1334961
1339087
1336648
1337519
1332477
1338040
1340020
1341569
1335638
1332026
1342136
1333609
1335502
1334732
1337026
1342644
1339529
1332480
1338779
1333637
1330878
1336298
1334368
1341622
1335662
1335928
1339044
1338903
1340450
1333921
1333351
1332750
1332889
1341832
1333059
1342477
1338638
1335228
1339993
1337292
1338710
1333013
1339973
1343503
1334392
1336794
1334438
1338431
1337789
1333401
1336363
1336722
1339652
1332676
1338825
1343703
1330162
1336202
1339475
1337708
1339119
1335615
1347549
1339667
1331297
1332076
1336311
1336778
1342116
1341141
1342057
1341098
1337623
1337487
1336068
1334532
1333915
1341440
1339304
1337661
1332580
1341927
1335822
1337471
1331066
1339976
1338096
1338985
1333630
1332117
1341258
1332989
1337141
1335443
1346505
1340770
1336631
1333468
1334456
1337969
1333145
1336729
1343505
1336888
1338588
1334742
1331158
1338810
1338454
1337932
1344081
1341461
1339166
1339373
1333681
1341491
1337676
1342861
1331039
1339029
1341367
1329871
1339480
1337439
1334859
1331540
1337608
1333867
1338792
1341330
1340634
1330902
1334891
1336540
1345655
1333618
1330934
1338454
1338335
1337129
1337724
1336332
1328102
1336564
1335449
1340977
1335612
1334107
1341319
1339167
1337610
1337810
1338519
1336127
1335838
1335589
1343057
1333932
1343584
1337077
1344621
1337565
1340764
1336711
1338610
1341440
1336255
1336406
1337540
1328462
1333878
1339527
1331490
1333681
1334646
1337109
1336245
1335312
1335919
1342156
1338010
1338797
1339682
1336296
1333474
1334332
1340008
1331571
1340398
1348824
1333518
1337532
1333278
1335703
1335662
1339396
1335116
1336289
1341347
1337374
1337694
1343611
1342319
1335970
1331441
1341244
1344226
1338173
1338935
1334953
1334163
1336363
1341571
1338462
1340077
1334871
1337284
1337682
1340699
1341430
1333864
1339846
1339313
1329866
1333392
1343099
1338092
1335835
1336977
1336187
1336863
1342671
1342327
1338641
1335489
1339040
1331731
1340132
1336880
1337978
1335852
1333103
1334978
1335636
1334442
1344785
1338737
1338371
1337177
1330372
1341941
1336331
1337327
1342810
1336475
1337176
1332813
1330153
1334207
1331038
1338163
1341378
1344464
1332378
1332866
1333151
1334891
1335166
1332968
1336372
1338077
1338789
1340511
1334891
1332179
1338584
1331654
1332248
1337158
1338023
1342026
1336550
1337130
1332700
1332816
1335342
1331630
1333323
1337184
1336296
1336022
1335636
1337952
1339701
1335050
1333432
1332987
1338974
1339051
1332092
1334496
1332736
1335654
1343825
1328216
1337189
1334246
1331343
1340831
1342810
1337030
1338913
1330309
1340278
1340917
1342187
1335834
1326646
1333992
1344477
1328936
1340085
1338762
1326519
1342468
1340662
1334957
1333399
1329384
1341738
1341442
1340377
1346917
1338927
1333098
1341214
1332472
1336229
1338136
1341690
1333016
1335673
1333196
1332025
1336377
1336067
1335133
1334455
1335190
1339606
1338269
1338035
1336481
1334920
1335055
1331292
1337914
1329195
1333843
1334999
1336984
1342867
1340119
1339579
1336544
1335823
1334799
1333918
1339252
1335466
1335613
1333747
1338517
1335812
1332378
1346253
1335876
1342498
1340028
1341519
1334643
1329068
1335642
1334375
1341076
1338446
1332950
1331621
1339562
1333859
1339904
1337722
1339585
1337193
1334168
1336332
1337677
1334185
1332244
1330607
1341881
1333712
1337602
1334413
1342120
1336485
1338914
1334647
1331041
1339333
1344715
1336807
1336496
1337041
1334520
1333888
1340486
1337800
1328588
1338617
1336135
1336189
1331046
1334598
1332862
1337785
1337713
1338281
1340609
1335400
1341004
1343811
1336169
1335883
1337399
1337279
1332996
1343110
1333752
1336884
1342773
1332058
1342458
1338223
1332271
1335874
1337180
1335958
1331773
1334585
1334732
1335579
1338544
1344197
1337204
1333734
1342400
1336068
1342078
1340499
1333147
1335647
1335573
1339526
1331945
1334483
1340016
1338100
1334537
1334859
1336087
1336063
1333501
1342359
1338264
1341466
1338441
1335844
1333432
1336466
1341216
1338891
1335745
1345583
1334089
1334716
1335901
1335154
1338627
1339395
1337303
1337118
1340192
1338787
1336705
1341211
1340642
1338651
1329847
1334794
1341025
1339620
1335435
1340188
1331165
1339831
1331540
1345884
1340886
1335103
1333393
1335106
1338078
1338654
1334602
1336128
1340848
1327047
1340845
1331341
1333266
1332708
1332768
1339103
1339359
1340219
1332231
1343361
1341226
1339829
1343070
1331447
1338965
1333914
1340605
1339691
1332190
1329112
1335565
1331777
1338843
1338862
1338520
1336380
1337497
1342432
1335394
1339403
1334032
1337089
1343158
1333731
1338524
1332945
1334425
1334798
1335484
1331591
1341081
1333477
1338312
1342635
1341612
1336388
1346292
1336467
1335279
1334472
1341377
1339520
1337464
1333499
1339808
1337946
1346110
1333488
1340281
1335796
1334153
1333418
1346311
1334489
1335714
1338756
1338078
1337777
1339406
1335612
1339042
1334545
1336730
1342220
1331129
1334689
1340494
1337549
1340094
1334874
1335478
1336955
1333479
1338788
1338667
1336925
1336082
1343791
1337880
1335564
1331386
1335051
1338251
1339216
1334419
1342946
1342637
1341724
1336043
1334007
1337280
1338973
1332626
1337165
1335276
1339756
1339302
1340847
1336828
1339302
1341012
1335016
1338075
1337200
1339606
1335091
1338690
1339160
1328706
1332793
1333115
1337603
1336706
1341010
1335975
1339254
1340198
1337584
1335228
1343751
1335649
1336231
1332645
1341278
1342140
1330951
1336406
1336721
1332197
1338183
1337132
1345091
1336995
1334002
1337219
1337513
1341301
1338433
1334252
1332284
1338308
1333649
1331894
1336903
1340158
1329945
1343354
1340088
1335175
1338202
1343764
1340974
1338049
1337672
1333072
1339349
1332163
1335394
1335406
1340025
1334891
1334339
1336759
1337469
1336767
1339403
1333367
1337034
1334000
1334775
1334156
1340882
1338322
1333364
1334266
1333730
1337475
1339967
1339157
1340347
1332307
1337914
1331966
1341835
1336709
1334404
1335725
1337079
1336673
1337034
1341883
1337322
1332087
1340142
1332616
1336020
1336504
1338420
1331093
1332349
1340570
1334387
1335415
1338072
1335448
1331060
1340619
1340676
1331668
1331104
1336475
1343017
1333664
1339353
1334972
1332393
1340115
1335417
1330849
1335669
1339329
1328926
1335388
1330369
1340307
1335280
1337520
1333169
1330982
1336611
1331672
1338163
1335201
1340931
1337594
1341030
1337335
1335785
1333708
1338224
1335407
1335047
1340959
1338863
1341181
1333560
1337244
1341246
1340335
1340746
1335801
1336429
1335498
1338979
1340843
1338816
1336102
1331819
1337999
1337830
1331984
1344881
1326887
1338291
1334607
1336360
1334026
1340168
1337132
1337970
1331205
1338281
1338352
1341000
1340191
1338582
1332222
1334245
1336186
1339346
1342511
1333508
1340692
1343122
1339605
1338952
1340431
1331757
1332295
1332651
1328342
1343223
1339593
1344659
1331224
1336488
1335597
1340673
1332757
1342812
1339148
1336191
1337489
1333904
1342240
1334875
1333334
1331386
1337041
1331644
1338932
1338386
1337694
1336261
1338630
1337778
1335078
1338692
1339073
1331826
1337119
1332106
1335759
1335995
1337266
1345601
1335357
1338917
1341656
1331437
1332658
1337814
1337694
1335103
1335712
1329712
1334297
1335830
1337884
1336926
1337860
1344479
1341898
1336774
1332848
1339282
1339183
1338287
1342170
1336502
1333744
1334224
1339336
1344415
1331600
1338823
1336211
1330103
1331825
1336799
1336029
1330795
1332356
1342448
1330492
1330747
1337156
1342262
1335027
1336274
1338272
1338737
1332761
1336553
1335534
1332639
1333122
1341276
1332127
1344128
1335651
1341388
1341098
1334132
1341903
1335371
1339634
1341710
1335910
1329371
1334357
1337389
1336492
1344351
1334111
1342905
1337422
1338585
1341707
1338686
1333048
1333620
1345623
1328952
1335800
1334925
1333682
1332248
1331365
1334078
1338960
1336316
1341943
1339456
1332670
1338310
1346195
1339372
1333082
1337713
1334063
1340984
1340999
1338525
1341030
1343093
1338421
1342678
1339646
1340670
1336287
1330653
1334565
1338031
1343448
1333107
1348586
1337619
1336278
1340958
1335089
1341704
1341375
1338377
1336609
1334016
1335654
1332429
1335158
1336187
1334783
1341848
1335961
1337369
1336313
1328068
1333206
1332901
1328970
1340019
1339745
1344597
1339003
1339076
1338956
1340872
1335492
1336308
1338723
1340067
1332242
1334482
1330259
1334854
1340328
1341263
1328810
1332649
1334997
1335733
1334323
1333730
1330886
1343360
1342719
1348569
1338029
1332522
1340362
1338029
1343993
1340197
1337808
1340431
1340354
1333235
1333219
1338194
1329136
1336756
1331317
1339681
1340951
1329499
1331299
1342219
1340631
1333564
1335065
1345894
1336135
1334236
1335735
1330658
1331496
1341127
1338408
1333625
1340610
1329165
1346150
1333612
1336505
1335218
1330317
1335907
1333799
1339776
1337678
1337791
1333590
1329467
1336063
1336482
1332190
1336280
1335700
1333224
1338500
1339063
1337529
1335881
1336315
1334722
1333993
1340255
1336713
1336857
1338782
1331304
1334750
1331670
1334188
1338624
1327475
1335278
1330554
1337828
1342302
1335559
1336931
1338076
1334543
1338505
1333155
1345093
1337301
1332519
1337481
1341128
1336203
1340291
1333485
1336594
1347985
1340933
1334789
1337436
1337366
1335803
1342363
1336453
1341409
1340431
1335471
1338251
1334920
1335034
1343244
1335900
1335557
1334178
1335837
1337292
1328031
1336760
1338398
1340303
1332499
1329910
1338130
1338482
1326098
1337095
1340875
1338467
1335056
1337884
1340646
1340734
1336961
1333621
1337443
1339799
1343508
1335155
1328596
1333251
1333076
1336991
1335297
1331421
1340219
1336806
1336832
1337510
1336408
1338869
1343130
1332648
1332069
1341262
1339087
1342644
1337260
1340715
1338440
1336144
1334372
1331574
1337184
1334106
1337805
1334941
1333695
1342477
1341537
1336732
1345163
1339551
1339676
1334714
1337109
1329189
1338946
1332423
1338576
1336756
1336476
1329047
1337735
1334103
1332324
1338024
1332972
1333953
1338996
1338085
1339778
1332738
1334330
1337511
1334671
1331497
1342681
1330009
1336203
1344828
1337083
1337432
1335453
1338878
1339558
1335157
1332307
1335927
1334246
1335509
1337919
1334208
1333317
1336083
1327950
1339629
1334096
1334833
1336160
1333982
1339146
1332449
1344531
1332971
1333199
1336803
1339555
1340429
1338418
1331576
1344275
1335627
1333483
1337918
1341531
1340972
1339823
1333975
1334117
1338389
1338294
1344104
1342427
1336652
1334254
1336944
1337637
1330409
1336907
1336215
1340145
1342764
1340461
1335736
1328462
1339916
1332815
1334195
1336366
1340288
1339862
1339119
1339803
1333501
1336521
1341169
1334757
1340276
1332085
1333167
1332844
1336012
1334889
1337151
1338211
1338464
1344061
1336257
1345847
1341746
1329269
1340706
1329553
1337819
1335798
1339313
1340564
1338285
1337674
1337100
1338351
1338322
1332677
1345529
1339548
1337307
1334902
1337236
1341991
1334676
1331990
1338116
1336897
1330893
1332555
1340325
1335488
1337566
1333784
1337765
1332903
1341273
1339239
1342471
1336255
1331480
1340611
1336262
1334778
1341755
1332238
1339477
1326796
1336167
1331922
1327306
1341307
1341180
1337624
1334678
1342826
1336648
1341367
1338544
1343270
1336966
1335812
1335181
1334209
1332628
1334192
1338396
1328528
1345048
1339370
1333899
1333331
1340308
1335949
1333616
1337750
1334203
1333809
1331730
1331350
1335772
1336500
1329807
1334599
1339083
1335590
1336574
1334863
1334844
1336362
1335686
1334489
1339643
1337611
1336746
1345254
1341036
1334128
1332932
1332762
1338694
1341703
1335051
1334785
1338928
1335031
1331793
1337282
1331119
1334217
1335078
1330706
1341921
1338103
1340487
1339524
1336299
1331335
1335041
1333985
1341748
1333142
1339471
1338146
1339893
1339408
1337763
1333128
1339154
1337812
1343855
1336807
1338889
1344450
1329824
1340487
1334829
1341228
1330553
1331917
1333843
1340340
1338298
1339990
1333673
1341892
1332412
1338299
1334697
1335342
1332122
1340688
1336088
1341740
1337206
1333527
1342938
1334066
1335304
1343214
1333721
1336449
1339839
1341437
1339146
1335063
1335894
1335556
1329721
1333353
1334761
1338344
1327869
1344713
1336946
1336002
1333255
1339641
1337960
1337725
1334032
1341962
1332615
1335216
1338624
1333312
1338521
1336482
1341446
1339221
1334717
1334084
1345156
1331904
1333143
1335817
1329807
1330268
1337610
1332744
1338843
1341098
1340821
1332569
1332606
1334343
1341544
1337122
1333749
1338163
1335297
1336796
1346613
1331001
1344802
1335320
1332829
1333820
1336949
1341052
1332928
1341330
1334633
1333802
1339356
1330878
1334736
1336130
1335036
1340047
1339367
1333209
1335364
1339531
1340321
1333386
1338396
1335079
1339444
1335250
1346030
1338395
1337486
1335466
1336908
1337372
1342503
1331021
1340572
1337821
1340324
1338031
1342549
1339035
1335124
1340795
1333498
1342621
1338130
1332749
1333561
1332693
1334257
1338159
1339679
1334327
1335690
1339837
1336977
1333533
1340354
1335910
1336992
1333406
1338557
1336382
1340877
1337754
1335318
1339071
1326738
1337951
1329395
1338738
1331350
1330960
1335317
1337695
1339267
1335892
1328311
1340723
1336496
1337970
1336881
1338653
1329668
1337818
1335713
1338169
1335120
1345320
1337627
1341069
1337112
1336404
1338904
1327854
1336527
1340722
1336718
1334119
1336008
1334538
1338945
1339188
1332705
1342475
1337731
1337991
1341645
1337058
1338102
1335955
1341788
1340893
1336009
1338660
1332361
1333401
1332427
1337177
1335474
1335973
1336592
1342493
1341400
1344585
1332680
1336539
1332788
1333382
1335993
1333550
1342633
1334998
1341625
1333330
1337827
1333849
1340770
1332471
1339396
1336163
1336999
1340193
1337063
1333975
1346506
1334807
1337610
1336649
1336460
1337602
1332321
1343782
1333951
1341752
1337807
1334467
1331240
1329563
1340381
1337422
1337491
1336133
1342654
1331800
1343602
1341241
1337703
1340187
1342364
1334911
1340853
1336860
1332210
1334838
1334718
1337519
1332221
1331637
1333819
1339463
1341117
1334422
1347043
1339071
1336205
1330070
1340197
1340734
1347109
1339418
1341805
1337600
1340105
1337463
1335486
1333749
1337476
1338055
1335784
1335057
1338051
1338965
1342495
1335432
1335463
1334191
1334524
1337881
1342531
1340634
1335923
1338780
1331381
1333677
1333464
1333479
1336275
1339032
1337039
1336314
1339580
1333426
1339090
1341156
1343660
1334666
1333257
1336170
1333597
1340225
1339945
1336270
1333860
1333782
1340981
1335572
1331317
1341624
1340864
1335198
1331349
1329132
1336196
1340366
1341919
1341436
1339203
1326186
1331324
1337079
1336534
1334445
1336111
1333595
1336757
1339116
1341559
1341648
1335534
1335798
1332722
1332651
1337937
1334247
1335785
1338075
1340923
1336986
1337010
1336636
1339908
1337327
1336355
1335438
1331663
1338140
1339428
1339378
1330835
1337105
1341030
1332518
1335497
1340372
1346812
1338050
1338862
1336968
1340682
1340574
1329428
1336947
1339167
1343120
1338543
1340241
1333202
1328503
1332102
1339462
1333244
1335880
1335921
1341232
1343237
1337567
1334123
1334011
1334512
1349357
1339654
1340486
1343022
1339069
1338124
1341318
1335534
1340457
1338277
1342050
1336714
1337444
1342855
1337261
1335638
1336040
1337291
1331127
1339243
1342171
1340941
1341692
1335748
1338825
1337493
1332677
1333949
1334860
1332881
1337126
1336170
1337950
1334771
1333002
1329896
1340944
1333129
1336838
1338486
1337585
1335234
1334499
1331548
1337246
1339684
1336589
1334521
1334417
1341705
1335612
1336698
1340453
1340127
1331847
1335671
1339731
1334910
1343209
1343228
1339128
1329379
1339006
1334442
1333646
1332624
1337224
1335671
1331766
1334073
1335223
1328904
1336669
1334538
1336546
1339636
1339777
1331802
1335365
1330468
1341641
1336120
1340645
1337975
1327530
1337337
1338440
1345935
1338595
1350005
1338923
1338474
1343192
1330920
1337074
1345879
1333702
1330157
1338048
1336514
1333349
1334240
1336551
1335638
1336422
1338095
1333044
1333731
1335884
1335378
1335860
1340005
1338998
1336464
1337498
1335018
1341907
1332005
1340413
1340346
1342736
1341562
1333914
1329860
1338026
1332742
1332176
1337037
1335279
1340418
1338050
1336333
1340695
1331205
1336093
1329922
1338458
1342343
1347392
1339041
1345734
1341960
1335971
1338453
1334444
1344136
1338008
1332490
1336946
1347273
1332931
1335245
1334662
1340450
1335210
1336588
1329261
1336337
1336481
1336462
1339238
1336449
1337912
1336160
1329496
1337151
1336620
1332366
1335321
1332625
1340468
1337507
1343044
1334780
1331914
1341303
1334807
1334979
1339440
1337193
1338926
1330368
1328178
1338039
1335489
1333736
1330252
1332621
1346763
1342255
1330879
1334806
1338396
1339821
1342784
1343974
1333534
1341177
1335810
1338657
1336972
1337492
1334544
1330190
1337274
1337319
1331514
1336270
1336581
1338987
1335902
1339960
1345735
1339730
1336037
1338203
1338504
1332629
1340394
1341212
1339734
1335350
1339506
1338747
1339583
1336297
1346526
1336971
1336379
1335574
1337875
1338861
1340312
1337660
1335537
1334952
1341442
1334650
1336700
1329965
1331438
1334895
1340201
1335227
1334818
1333184
1337891
1336973
1341303
1341703
1338774
1341298
1338811
1337172
1333452
1346472
1329697
1332240
1342125
1336487
1339337
1338284
1337756
1340259
1342788
1340659
1336490
1332856
1333382
1332212
1335009
1337752
1332116
1338724
1327984
1332358
1337708
1338872
1334889
1339605
1338652
1333351
1336820
1330626
1343522
1335024
1337519
1335403
1337997
1337375
1337243
1338358
1344926
1336887
1338080
1340802
1339749
1333493
1339258
1332283
1333776
1331149
1334795
1337793
1340035
1336464
1342665
1345591
1336983
1335110
1330468
1339013
1333184
1334730
1328001
1335941
1337409
1340145
1337482
1338408
1340282
1336336
1337895
1340544
1335972
1340956
1333388
1342005
1344507
1340640
1336780
1331264
1346260
1337415
1338744
1331623
1331690
1332214
1334591
1339830
1341862
1339799
1341420
1337784
1325729
1338301
1342421
1343978
1335859
1337383
1331796
1338472
1340984
1331292
1330043
1334095
1333401
1332404
1333675
1345924
1334805
1341670
1334956
1329960
1341066
1339734
1329274
1334775
1329490
1336551
1342782
1335531
1346016
1341313
1331249
1346159
1339445
1343833
1334803
1336164
1333302
1329244
1341956
1336300
1334119
1334221
1329483
1335071
1337266
1333888
1340406
1335534
1335992
1338128
1339406
1334192
1335356
1336961
1334245
1344808
1339733
1339805
1333281
1339256
1336890
1332115
1347323
1341252
1337148
1341313
1340058
1339996
1337195
1336377
1338431
1340185
1335178
1335910
1343146
1336013
1343998
1333098
1332748
1336770
1342703
1336173
1335690
1333824
1334059
1339550
1332449
1335338
1332554
1338241
1337600
1331778
1337352
1337961
1339544
1334794
1334329
1339812
1338017
1336476
1341453
1335426
1331314
1335547
1341085
1331430
1334098
1336535
1340072
1330641
1343736
1336873
1339502
1337139
1331399
1337117
1333562
1332361
1345195
1333107
1340219
1340474
1341903
1333812
1335893
1341581
1336080
1336141
1335704
1337413
1339411
1336586
1334180
1334979
1334173
1341705
1337179
1339391
1337416
1338250
1342992
1338084
1336829
1342851
1336275
1336647
1334099
1341332
1342399
1335586
1339653
1335670
1339464
1335987
1337495
1340181
1335682
1341248
1334482
1338301
1341671
1341130
1339492
1337675
1333890
1330260
1334198
1337644
1335355
1342172
1336310
1332635
1337884
1335468
1336442
1336155
1340358
1341502
1336087
1333566
1336609
1337790
1336165
1340373
1339993
1335487
1339710
1336685
1330642
1331281
1337179
1333564
1340723
1336602
1333550
1342419
1335603
1342143
1338318
1334349
1341156
1333838
1338177
1333934
1334289
1337579
1336417
1343342
1341962
1335075
1337196
1338700
1340254
1339314
1339715
1337089
1330635
1335902
1331975
1337391
1331295
1338129
1342554
1344192
1343940
1333596
1336382
1333282
1337439
1343338
1338034
1333204
1337168
1341098
1334787
1331487
1337062
1337096
1339819
1340602
1338543
1338842
1334121
1332027
1332467
1334546
1342335
1338939
1343163
1336125
1334627
1337969
1339189
1330787
1338654
1333643
1333841
1333852
1333410
1341907
1332978
1340849
1335520
1342664
1339122
1338976
1333544
1338464
1332805
1335920
1344046
1335996
1343947
1336358
1344671
1334020
1338797
1333724
1337447
1339539
1335037
1338316
1334977
1341750
1340187
1337164
1340376
1334476
1336080
1333573
1342990
1338629
1333554
1334796
1338002
1335992
1342144
1337214
1334424
1339271
1336491
1338122
1343254
1331200
1332904
1338024
1342407
1337652
1335703
1333789
1340604
1334878
1339195
1341433
1332152
1329348
1337018
1334949
1338595
1344470
1330318
1340856
1335678
1337932
1336519
1331126
1331702
1340113
1340178
1339998
1331140
1334991
1330112
1336613
1340147
1335775
1343861
1336616
1333696
1332857
1337250
1339940
1334028
1339600
1334193
1340947
1329263
1333393
1348891
1339241
1333810
1339549
1339792
1342798
1339638
1339833
1329721
1335607
1338871
1342313
1340423
1337178
1337651
1336007
1334159
1335243
1337414
1337278
1337613
1336579
1332922
1347270
1334329
1334673
1337182
1336707
1333832
1335742
1336524
1330678
1346477
1337266
1331608
1329085
1337880
1334584
1341450
1329671
1339180
1332635
1338282
1336237
1337219
1338109
1333739
1338137
1336138
1335959
1340481
1338084
1341935
1339271
1327474
1336956
1346332
1341544
1339572
1336508
1328446
1332218
1329966
1332249
1339423
1331042
1339617
1335274
1334520
1337561
1338627
1341162
1339953
1336286
1331910
1339774
1337688
1338509
1336655
1329394
1339160
1341793
1337063
1335712
1338864
1333980
1335683
1336248
1345267
1336907
1339258
1338246
1338209
1336557
1333118
1332119
1332785
1346338
1338246
1338364
1331205
1335555
1338653
1340003
1333509
1329774
1338427
1344825
1340508
1340434
1345975
1335669
1333532
1337909
1334692
1336745
1338924
1341359
1334212
1340691
1334455
1341951
1340346
1341153
1338524
1335715
1338222
1334461
1337289
1333988
1341974
1339046
1326410
1334237
1338675
1335782
1339807
1334531
1328824
1332873
1341522
1341663
1336167
1340715
1333080
1333618
1342989
1342273
1338559
1340592
1335152
1340166
1340785
1336459
1338819
1340496
1335662
1339812
1338384
1334994
1336915
1339545
1336132
1338445
1329575
1336435
1330107
1336723
1333830
1338736
1332589
1334934
1334890
1340685
1333070
1334767
1332437
1339696
1335089
1340933
1344693
1337596
1332953
1337727
1334400
1338092
1331108
1343407
1336640
1336723
1336626
1334782
1335526
1336498
1336722
1335000
1335433
1340893
1336536
1337638
1335409
1341052
1331436
1333954
1338923
1342327
1337656
1332488
1331477
1335900
1334426
1330697
1340198
1333198
1340290
1341049
1342161
1339818
1340749
1334312
1336108
1335232
1333359
1337632
1340576
1335450
1338049
1332954
1335435
1340084
1343367
1342039
1335139
1336097
1340751
1341638
1335551
1335453
1337506
1335711
1334780
1331711
1338764
1343498
1332872
1341575
1337422
1339705
1341332
1340485
1336797
1337230
1339261
1333427
1332867
1337114
1336069
1336283
1330495
1335446
1335639
1337627
1342252
1331974
1329094
1334714
1328588
1337767
1339034
1338870
1339798
1340512
1336637
1336619
1332888
1331536
1339883
1332577
1334343
1339431
1330226
1331190
1332145
1333036
1341839
1341563
1333708
1339516
1334856
1338824
1337121
1332093
1344610
1338790
1338060
1334194
1335491
1337816
1333005
1337402
1332245
1333808
1341189
1332273
1335762
1337188
1335321
1341877
1337879
1338705
1332049
1338427
1332595
1334600
1335622
1332030
1333742
1331848
1338670
1342730
1337690
1338553
1337672
1336521
1336576
1333659
1334573
1344392
1336203
1342665
1337845
1335320
1334423
1335525
1340492
1338020
1343077
1333397
1338158
1339964
1334100
1337544
1341033
1333930
1337385
1335829
1335644
1332732
1339610
1341842
1338850
1344182
1338038
1338938
1344741
1333974
1331581
1332597
1336914
1337757
1334881
1339044
1335407
1335239
1335656
1341040
1338738
1336564
1342822
1339598
1330246
1331689
1335755
1342786
1332960
1336543
1341488
1338085
1338574
1338286
1340236
1335361
1340147
1335530
1341479
1343676
1334812
1335036
1341171
1343632
1338435
1343161
1333063
1339475
1342657
1334574
1335824
1338045
1338625
1336462
1337954
1334656
1331286
1333650
1334286
1336277
1338148
1335250
1336385
1335804
1342715
1334661
1336460
1339957
1337545
1334443
1336405
1346597
1338287
1341434
1338620
1341936
1333988
1338324
1332075
1338854
1340955
1332427
1340972
1342303
1334672
1330474
1335083
1331218
1337172
1330893
1339842
1338111
1336460
1334955
1338377
1334422
1337994
1338494
1335096
1336297
1329371
1338482
1336698
1335202
1339110
1331865
1334044
1330226
1336109
1333970
1338929
1337270
1334534
1333877
1342202
1342134
1334164
1335640
1339169
1340382
1334977
1337117
1339378
1341586
1337272
1340066
1332294
1336851
1331797
1341816
1334547
1338252
1337707
1339185
1336848
1338728
1338133
1332710
1338481
1340587
1337684
1337211
1336945
1336915
1335408
1335221
1334202
1336167
1340675
1336851
1333529
1344696
1331309
1338841
1333884
1339353
1335039
1333005
1335905
1342028
1331922
1331912
1335330
1333266
1331346
1341886
1335352
1337082
1333345
1335882
1337462
1338442
1339848
1342793
1339515
1332490
1338988
1339756
1336482
1340176
1328228
1340501
1331719
1336670
1333717
1335982
1332454
1339876
1339906
1336767
1340674
1333222
1333990
1337859
1334629
1335944
1333269
1335055
1337157
1331387
1336031
1342326
1337584
1331249
1331894
1334730
1336852
1336089
1330394
1338823
1335063
1336147
1340576
1337401
1345819
1342522
1335768
1338566
1334798
1333937
1334516
1333266
1336274
1335137
1337969
1335427
1336170
1343854
1338828
1336439
1339432
1337875
1337432
1337747
1334863
1339600
1338146
1333007
1341042
1331387
1337825
1329123
1340675
1342894
1337999
1342120
1333073
1332973
1341992
1331606
1332770
1340130
1331659
1340596
1336229
1338366
1336349
1338146
1333553
1341474
1337172
1343040
1347812
1334871
1333406
1330112
1330639
1338707
1327234
1341609
1335879
1332840
1344615
1343234
1338491
1342239
1329000
1338713
1340107
1336142
1330946
1336433
1335706
1337494
1335204
1332657
1335240
1334908
1334807
1333926
1334955
1337539
1346782
1337549
1342226
1333916
1333687
1335781
1338183
1335006
1342195
1345935
1335634
1342983
1338738
1339213
1341293
1334918
1341632
1339522
1342717
1341142
1340682
1335906
1337527
1338884
1335977
1342202
1336034
1336439
1340972
1339218
1335449
1334310
1339689
1337521
1335362
1334034
1339123
1332647
1346141
1335970
1337555
1330779
1335899
1336034
1333160
1342340
1334708
1332806
1337511
1338379
1334321
1335355
1337247
1346486
1343339
1329664
1331768
1335185
1332701
1339508
1341634
1328288
1339835
1331518
1337075
1334289
1336007
1335647
1332391
1338968
1335143
1332824
1331705
1331182
1338263
1340585
1337520
1333807
1341584
1341332
1334963
1334824
1341464
1335713
1341455
1335281
1335064
1332183
1330327
1337201
1340019
1339479
1339173
1348755
1337303
1335187
1335766
1333510
1331598
1329441
1333005
1337411
1338968
1338627
1335202
1340926
1329619
1337856
1342360
1346493
1338606
1341759
1339318
1334692
1340390
1337758
1333196
1337097
1341980
1337556
1340449
1336493
1338527
1336669
1337355
1336920
1333537
1335441
1336654
1339053
1336369
1338333
1340772
1336013
1338880
1335968
1331384
1336547
1336365
1342896
1330055
1343038
1342939
1333444
1331003
1332338
1342349
1340947
1338215
1340229
1337999
1343279
1341302
1335222
1331455
1344374
1337854
1337561
1337193
1332233
1338460
1339882
1336513
1347194
1338465
1345347
1334224
1334034
1337803
1337665
1337334
1340286
1336946
1338939
1337703
1340041
1337435
1339107
1333946
1336698
1337130
1338770
1335113
1341229
1335763
1334512
1338775
1336124
1336696
1333190
1333474
1334261
1330082
1339563
1334784
1337604
1336042
1338522
1337685
1332465
1346007
1334848
1339824
1333792
1334948
1334546
1337488
1337932
1340136
1339109
1338570
1343535
1336889
1340550
1341023
1344696
1338528
1335832
1336382
1335863
1334918
1341172
1334760
1337632
1333529
1329818
1332969
1336537
1338989
1332902
1346128
1335726
1335887
1337764
1337336
1337902
1336625
1341362
1333261
1336088
1338785
1333621
1340007
1345070
1342149
1329064
1328249
1332986
1336035
1333926
1336163
1345677
1340543
1336162
1341372
1334844
1332507
1341537
1339777
1338656
1330863
1336330
1344297
1337556
1330666
1341778
1338693
1342771
1335528
1338821
1334515
1328428
1339331
1331441
1329013
1336835
1335318
1338902
1335592
1337257
1329628
1331206
1335062
1338064
1340292
1333088
1331636
1335467
1336233
1340364
1340554
1336012
1331239
1344624
1336177
1335541
1339110
1336949
1334034
1339910
1335413
1336120
1341196
1343679
1337690
1345911
1342676
1340594
1332947
1344796
1338359
1341071
1337077
1333468
1334187
1333431
1336328
1336134
1341734
1339797
1335064
1332325
1332839
1340185
1340343
1341893
1333173
1337621
1331440
1340262
1335283
1329455
1340938
1331972
1335490
1334009
1334999
1341499
1342347
1336036
1329035
1335971
1334191
1335146
1341819
1338398
1337758
1337808
1334931
1333112
1334669
1336668
1339745
1338959
1338995
1331596
1333960
1329278
1334058
1337096
1334062
1333472
1339130
1332894
1332158
1336668
1341185
1329414
1331153
1335950
1336636
1331325
1337083
1337448
1334084
1337170
1343958
1334003
1335931
1336843
1335187
1337968
1331181
1336505
1333876
1332602
1339922
1337007
1336918
1336135
1329494
1334772
1340515
1340914
1331074
1336805
1333499
1339082
1348826
1342055
1329891
1334633
1338063
1336412
1336002
1334832
1332782
1343157
1333886
1333645
1344763
1337461
1336642
1335347
1339327
1339466
1337499
1338526
1341275
1339270
1342957
1339033
1337903
1338702
1333303
1331845
1337328
1334801
1343754
1336131
1341597
1336733
1339371
1334014
1332695
1329618
1341580
1338218
1331755
1336624
1337438
1336522
1333715
1331749
1336732
1331336
1335699
1336698
1338703
1337449
1333962
1334317
1338271
1334228
1337553
1337205
1335155
1342232
1341994
1343890
1338011
1340593
1339436
1338583
1338848
1331852
1345737
1342657
1335287
1337083
1339175
1333982
1334698
1327576
1334239
1341982
1335666
1338521
1338081
1335998
1343713
1332559
1332085
1335059
1337754
1335732
1341089
1339796
1334888
1328823
1332192
1334564
1337888
1337379
1334159
1338019
1337689
1334857
1338450
1334592
1334405
1332741
1336800
1336065
1332656
1342813
1338144
1337546
1334327
1336506
1337016
1346344
1332653
1346525
1339277
1335252
1337397
1332873
1329193
1351174
1337974
1332702
1344185
1337624
1337626
1333427
1339036
1333860
1339239
1346573
1340967
1338838
1341237
1335727
1334663
1338505
1337188
1340300
1335203
1343232
1336219
1333049
1335834
1339070
1339121
1332248
1334432
1340183
1338762
1339459
1336678
1335147
1338112
1331640
1336821
1338898
1338461
1335880
1339928
1340468
1329594
1332892
1338528
1341215
1348551
1329827
1339052
1342058
1333901
1336716
1341259
1334399
1332697
1338358
1340245
1336480
1337044
1334061
1332612
1333643
1335966
1329538
1340380
1336619
1344634
1334717
1335046
1328195
1337631
1332055
1340295
1340643
1342425
1337351
1332892
1338987
1335438
1335389
1336242
1342945
1338305
1328293
1339562
1330497
1335801
1336965
1335530
1334814
1333588
1337419
1338128
1332504
1333955
1336322
1331926
1341803
1336111
1337022
1332224
1334668
1338948
1340164
1341420
1341340
1338617
1334200
1335233
1339503
1339580
1336524
1336939
1332004
1339872
1334906
1334524
1340049
1342779
1336511
1336041
1339646
1337364
1336006
1338535
1336689
1337813
1340666
1336434
1332615
1334357
1332828
1342469
1333607
1335444
1337041
1343109
1331979
1334870
1337933
1338591
1340100
1339458
1338624
1338933
1334451
1337396
1339242
1336553
1338567
1333772
1338880
1335472
1335181
1340336
1333341
1337872
1336510
1342539
1339493
1334164
1341583
1334502
1341289
1334600
1335502
1338550
1340919
1337396
1343396
1333894
1343331
1330037
1336537
1330849
1334142
1337614
1342186
1334789
1333774
1341161
1342512
1341710
1335438
1334186
1333045
1336996
1335396
1332820
1339799
1341995
1339411
1338737
1336617
1336189
1339695
1333075
1343942
1336439
1339637
1335595
1335720
1335064
1341270
1338478
1334273
1342736
1339956
1340466
1330804
1333638
1333114
1332728
1334168
1339150
1334386
1338750
1334219
1334308
1332904
1333434
1339230
1335338
1330510
1332971
1339924
1336928
1329829
1337265
1338024
1340125
1341786
1334045
1341299
1336703
1334806
1336902
1340997
1341758
1334561
1339785
1340229
1334618
1338298
1331163
1342213
1341774
1340840
1329194
1333562
1337334
1339107
1343787
1332435
1340665
1337305
1343844
1334847
1336323
1340363
1334871
1334830
1332556
1332228
1338318
1334686
1342391
1338151
1345239
1334088
1337432
1329361
1337226
1340563
1341280
1339570
1340753
1334804
1335874
1339815
1341640
1340074
1335798
1335455
1331472
1336971
1336114
1332674
1335590
1343511
1334633
1335799
1340152
1335327
1330112
1341725
1334813
1343090
1336942
1332682
1333746
1335899
1333781
1341911
1340114
1331993
1338363
1330519
1339918
1338493
1335389
1337228
1334977
1342827
1328975
1342137
1339603
1329012
1337712
1334529
1339215
1343946
1334771
1341660
1341364
1337356
1341618
1333545
1335049
1333008
1341377
1331511
1332186
1339705
1336715
1343616
1334742
1340221
1335978
1336197
1335200
1338878
1332933
1336328
1340543
1333999
1332369
1338032
1335042
1336635
1338087
1335067
1332175
1338343
1331004
1335176
1339646
1331485
1341715
1337638
1339746
1333634
1332514
1338434
1338498
1337497
1333510
1335175
1336822
1335738
1335701
1331930
1337263
1334286
1340013
1340659
1338230
1334454
1333740
1329207
1333119
1335979
1339087
1343348
1340918
1329926
1340304
1339202
1332403
1339902
1337317
1337732
1332880
1340015
1340471
1338119
1341703
1337583
1329971
1340286
1330082
1344879
1342528
1343637
1332405
1332820
1335567
1335198
1337251
1338485
1333529
1338151
1337764
1339147
1336276
1338781
1335812
1338650
1337097
1334159
1328905
1333525
1332977
1336409
1345125
1334245
1329405
1338951
1335707
1332574
1337461
1340141
1339300
1330975
1335505
1332578
1330985
1336741
1343717
1338995
1340482
1341340
1336177
1344886
1341977
1337647
1337329
1331932
1339064
1334952
1340351
1335844
1333239
1335667
1337564
1336696
1340063
1331240
1335224
1342306
1338125
1332501
1341794
1337677
1330020
1338729
1341441
1340449
1337961
1336276
1328790
1338541
1337570
1336184
1337540
1332257
1334541
1336409
1335502
1330547
1339764
1339321
1335711
1337622
1334760
1332265
1336326
1338288
1337321
1336852
1335518
1328031
1335886
1340441
1338811
1337238
1332855
1334563
1334232
1342707
1338161
1337180
1342172
1331915
1336537
1335068
1333283
1334347
1334179
1337861
1334451
1333790
1340219
1342781
1340839
1342703
1340440
1336074
1345499
1336390
1337932
1338813
1342268
1335875
1345980
1339909
1339952
1329718
1343321
1331093
1335841
1339774
1333253
1334184
1335701
1338854
1334105
1341952
1340577
1336613
1340165
1336956
1338481
1339608
1339131
1337447
1333673
1333011
1333597
1341569
1335644
1341097
1329860
1339357
1338209
1329457
1333273
1338159
1332731
1339073
1334776
1338676
1334052
1332562
1335538
1336806
1335919
1334656
1337385
1338579
1331016
1334049
1339102
1338509
1338063
1335679
1339503
1341220
1338238
1340754
1344460
1340195
1334409
1339122
1336020
1334217
1341249
1335865
1340679
1342446
1337770
1339619
1339518
1329440
1340614
1338738
1332020
1340688
1338339
1340273
1341851
1335125
1343221
1338330
1334852
1332623
1340706
1332913
1339049
1337209
1334762
1333531
1332799
1330809
1337300
1337565
1336875
1340903
1338905
1334179
1338961
1335172
1337122
1338177
1334172
1336948
1341176
1337784
1343126
1336013
1330431
1335637
1337581
1332366
1339141
1336567
1334757
1338595
1341119
1339387
1333470
1341794
1341491
1329680
1327749
1339633
1342079
1336942
1332607
1336867
1336896
1331275
1331328
1330552
1340386
1335261
1339170
1337631
1334088
1337631
1338471
1340474
1336995
1334207
1336078
1336746
1335603
1340731
1336423
1331963
1334795
1341442
1331453
1338134
1341607
1336661
1338883
1338095
1335550
1336731
1342384
1336704
1337277
1341719
1336956
1344924
1336507
1334093
1332273
1332204
1335943
1338309
1335820
1329359
1332868
1335779
1330950
1340191
1343085
1332935
1333118
1343187
1335784
1335377
1340678
1339234
1333215
1338681
1334317
1334161
1339746
1338080
1328698
1334555
1339247
1340104
1338361
1331819
1334473
1336967
1341215
1341876
1340542
1333469
1336159
1336566
1335919
1338908
1335411
1336529
1336501
1343547
1337150
1341063
1335176
1336656
1334851
1338654
1334795
1337252
1340860
1338439
1336866
1339166
1332903
1330801
1339090
1341961
1336403
1334766
1335386
1337768
1337013
1334886
1335854
1345639
1334437
1338316
1339470
1342770
1333449
1335148
1339413
1342578
1331831
1333953
1334026
1339540
1335330
1337597
1332046
1340751
1340137
1343362
1340519
1328981
1333051
1334865
1332228
1335235
1337668
1329464
1331288
1341210
1335350
1340923
1337779
1335644
1337138
1336815
1341882
1333004
1337716
1341076
1340413
1338242
1329708
1332266
1333687
1337368
1336649
1337895
1338683
1339029
1335894
1334137
1339861
1335398
1340190
1336463
1335871
1336417
1335602
1336637
1338165
1338939
1342183
1338029
1336515
1332996
1336496
1341105
1335991
1336367
1338760
1343716
1343201
1333328
1340612
1330751
1331626
1341136
1338606
1343390
1339029
1331561
1324235
1331979
1342111
1333947
1345633
1327558
1340403
1333970
1333003
1337375
1337146
1330183
1335912
1339704
1338032
1334562
1335502
1335935
1340215
1334548
1334596
1326836
1332418
1335038
1343196
1331106
1330120
1339145
1330661
1333861
1338551
1340976
1334469
1346839
1338310
1342265
1336211
1332700
1335641
1333890
1339809
1333423
1341998
1336685
1331684
1344369
1333952
1338568
1336977
1338212
1335203
1333677
1334335
1337719
1334445
1337929
1342120
1336504
1330381
1333631
1337438
1339812
1339521
1337735
1336816
1339173
1334923
1331316
1332501
1335689
1335991
1338270
1331002
1334558
1335552
1337691
1334809
1338965
1336775
1332032
1338266
1338910
1336059
1337947
1333103
1333635
1339689
1334936
1334029
1333723
1337616
1341962
1335209
1338907
1339410
1336546
1340012
1335314
1339702
1337760
1334006
1344088
1334739
1336877
1339396
1338646
1336322
1342502
1340370
1334299
1340513
1337438
1339855
1337949
1337264
1339388
1335918
1331620
1330768
1336226
1335228
1342190
1335712
1335516
1331245
1339907
1337077
1334388
1335220
1338171
1334700
1339049
1337418
1341938
1333017
1333092
1337175
1333412
1333288
1339076
1336753
1338106
1329541
1336754
1337680
1336438
1336604
1338831
1337246
1339247
1333931
1330701
1337524
1335102
1326521
1337359
1331837
1338028
1333338
1334413
1337925
1336030
1336255
1335120
1334186
1342558
1336751
1332354
1334664
1336870
1330602
1333906
1342161
1338126
1341764
1335468
1339539
1336764
1336060
1345437
1339027
1339143
1330037
1334157
1334980
1331491
1340474
1336289
1342248
1334676
1340329
1342541
1332637
1332523
1341531
1338585
1339369
1341495
1333231
1336846
1340262
1338018
1334997
1337454
1342427
1339095
1338010
1336003
1338008
1341675
1333284
1335324
1341518
1338757
1340405
1339289
1336318
1331494
1341876
1342391
1333677
1336576
1338353
1337992
1342583
1336062
1337485
1334843
1340462
1331712
1338121
1331974
1336318
1342419
1339850
1332683
1331677
1340067
1338251
1332962
1336387
1340024
1335826
1336761
1335462
1337195
1335869
1339028
1333549
1329975
1338744
1332447
1337005
1338406
1333574
1336059
1332060
1334280
1330876
1336377
1333445
1335957
1336260
1339812
1337365
1333535
1342404
1335716
1340283
1334545
1331777
1344880
1335240
1332650
1335318
1340403
1336222
1338412
1330797
1334487
1337852
1327402
1329280
1334655
1340631
1333769
1339156
1334548
1337159
1337879
1336759
1337550
1333276
1345034
1334526
1333670
1333865
1340115
1339394
1331016
1343413
1340595
1339386
1335903
1338512
1337907
1337177
1340432
1335384
1331554
1338787
1340428
1338827
1341212
1332472
1335540
1332726
1336506
1329712
1333736
1340697
1335929
1332069
1342998
1336915
1337107
1342956
1336361
1337283
1338571
1340158
1338372
1335831
1335913
1340492
1341124
1336422
1337034
1328247
1339790
1338030
1339997
1339216
1337503
1330219
1334478
1334116
1338429
1332071
1335397
1332881
1337637
1338375
1339662
1342597
1336813
1336743
1333869
1333008
1345189
1337339
1336263
1335476
1335259
1331435
1339080
1333924
1337077
1336863
1329699
1337427
1340211
1331227
1339694
1332367
1337389
1338930
1334742
1334425
1336763
1341253
1334495
1332900
1339790
1337342
1337982
1335689
1333032
1336761
1335716
1337404
1336409
1343319
1335860
1337646
1335374
1337892
1339844
1325060
1330798
1342394
1338980
1336788
1334902
1343119
1331131
1339318
1345427
1335488
1338356
1339886
1338899
1339369
1336004
1341176
1336711
1330681
1343167
1332378
1337803
1338373
1338366
1336386
1337114
1336598
1339328
1339732
1335588
1339481
1336451
1342165
1333501
1337529
1331658
1339013
1333601
1336455
1344286
1340842
1338565
1328909
1333819
1344294
1331183
1342461
1329948
1327010
1336326
1341215
1339149
1332296
1340439
1337330
1327110
1338998
1336076
1342025
1328746
1337531
1342473
1334490
1333763
1341974
1333235
1335558
1332963
1334291
1331751
1340582
1336998
1337569
1327696
1329757
1337033
1342204
1336066
1343780
1338112
1331109
1336502
1331183
1346174
1339356
1336215
1339211
1331777
1336179
1336490
1334687
1343829
1337248
1340474
1337454
1338282
1333994
1335499
1340750
1335347
1336040
1338694
1341561
1335190
1337543
1335100
1340659
1341508
1335163
1335770
1339473
1342690
1335873
1337970
1338419
1334404
1338724
1341462
1337299
1332425
1338195
1336904
1341393
1334795
1333507
1335661
1331652
1336010
1337875
1339573
1335271
1338756
1338164
1342433
1340558
1333936
1324896
1340183
1337409
1329230
1334698
1344028
1331906
1336233
1343153
1340746
1338436
1339497
1341634
1336247
1339401
1333911
1337449
1334765
1337946
1334495
1335082
1335421
1333506
1338051
1339792
1343057
1336718
1339687
1338914
1344036
1335118
1329380
1336112
1337955
1330461
1338686
1342028
1336732
1345293
1341147
1341668
1333829
1338545
1329329
1337031
1339353
1337104
1340269
1337057
1344766
1340159
1337073
1334379
1332789
1334636
1337594
1333176
1336840
1334024
1340211
1344266
1333032
1337362
1336125
1339396
1335980
1340463
1332663
1333849
1332212
1331001
1340299
1338298
1332722
1342894
1334133
1336223
1340489
1336469
1331479
1335481
1337781
1337131
1335982
1333313
1337652
1335511
1338550
1342160
1333554
1335358
1338724
1336061
1342071
1337884
1332564
1342093
1334496
1336273
1337659
1343330
1337659
1334787
1337534
1337088
1332008
1337802
1334256
1335532
1333433
1334577
1333785
1336669
1331736
1337438
1335899
1337656
1340801
1334982
1342031
1333449
1337418
1334001
1331736
1341937
1339897
1341960
1339813
1333582
1336503
1337314
1333788
1332965
1333966
1333920
1338206
1339260
1332085
1331870
1330820
1333891
1330742
1343084
1341752
1339357
1334644
1335444
1337887
1340658
1338183
1343665
1333107
1339196
1342682
1336020
1342210
1335289
1331339
1332416
1334808
1333875
1335087
1340852
1336566
1331925
1331595
1339685
1331229
1335037
1335904
1332672
1340455
1339951
1331242
1336123
1342580
1334497
1342234
1340659
1343548
1339287
1338705
1336604
1338756
1336427
1335721
1332972
1330053
1338504
1335309
1339346
1339204
1335426
1337695
1333483
1335239
1327819
1344457
1326592
1336400
1334813
1337515
1334963
1331970
1332924
1333838
1331147
1336776
1336251
1341616
1343693
1338614
1335593
1334618
1330592
1340162
1341383
1337155
1342098
1334644
1339466
1338338
1334729
1335965
1335846
1345409
1343005
1341877
1333704
1335340
1336580
1334941
1328438
1332304
1340558
1332534
1342538
1346749
1334990
1338630
1334528
1338117
1335729
1338544
1332988
1337375
1335979
1341655
1335384
1339542
1332968
1336958
1337074
1329179
1327527
1336213
1334712
1338503
1340077
1334870
1340294
1343846
1339803
1336523
1338915
1336933
1336681
1340543
1336875
1341675
1342201
1337715
1326416
1337100
1341235
1339218
1339513
1336504
1338678
1340807
1338454
1329518
1329245
1338478
1338179
1336524
1336003
1337700
1339019
1332736
1340894
1328831
1347191
1333240
1338997
1335794
1335450
1336238
1338157
1338038
1334215
1336912
1336378
1337639
1337052
1337668
1333898
1341117
1337327
1334145
1340812
1334804
1345479
1334266
1338402
1335075
1337385
1346065
1338479
1335638
1340078
1335998
1341519
1341272
1336333
1335076
1337146
1342116
1333631
1331357
1340147
1343409
1337544
1333866
1338225
1339254
1340141
1346668
1335583
1338412
1329487
1332055
1333362
1333758
1340232
1334844
1339461
1342049
1331968
1337472
1329136
1332950
1340249
1337362
1339647
1338645
1342778
1332890
1334107
1334610
1340933
1333646
1343410
1334760
1336488
1340491
1330914
1330516
1333261
1333904
1335953
1337817
1339088
1341309
1336894
1345896
1338459
1336458
1337076
1339050
1339050
1336919
1336979
1334232
1338300
1336760
1339539
1341472
1331462
1334499
1328483
1336807
1340080
1329066
1337100
1337693
1336210
1330346
1333723
1339682
1336193
1337587
1339413
1336359
1328903
1340822
1332136
1336906
1333145
1332005
1334734
1339242
1338793
1343530
1337221
1336457
1340614
1336198
1338975
1337309
1330804
1338219
1334633
1331292
1343261
1336779
1336738
1339520
1337016
1342192
1337440
1341671
1336807
1332154
1337492
1336663
1331416
1338659
1334724
1332472
1337090
1345190
1334771
1339182
1342332
1333811
1346014
1334436
1333736
1335121
1336506
1337490
1339062
1335744
1337337
1341190
1338808
1331651
1336658
1339059
1342553
1336774
1339537
1340555
1338909
1333915
1332219
1329994
1337013
1340953
1337630
1334593
1339923
1326422
1339076
1341280
1337135
1332377
1336910
1332607
1336452
1339109
1337143
1342145
1334880
1336507
1340373
1333909
1338441
1342193
1336510
1336632
1332716
1344464
1340162
1335863
1329574
1334529
1333668
1329549
1343584
1332959
1339777
1329083
1334360
1338353
1340459
1334051
1337941
1335008
1340456
1337676
1337814
1338946
1329762
1342089
1333987
1337155
1327651
1334563
1339477
1338563
1340315
1332476
1332445
1340731
1338195
1337160
1334363
1341013
1335670
1341162
1334742
1335903
1337501
1334077
1343125
1337371
1332639
1333226
1343601
1339321
1337827
1337740
1332559
1339793
1336383
1335253
1334499
1338392
1342269
1335130
1339885
1334076
1341422
1331108
1337188
1333878
1345098
1341157
1330510
1336456
1334658
1332851
1341082
1338661
1333734
1337517
1341284
1337389
1337530
1329712
1331343
1342493
1335779
1337226
1338048
1331353
1333806
1333378
1339450
1334801
1341358
1341177
1339038
1335070
1335390
1342242
1339924
1335848
1334530
1334417
1341453
1334425
1340991
1341723
1340130
1335664
1338898
1340816
1333244
1334372
1331314
1347721
1338027
1333836
1342922
1329410
1331594
1333321
1337761
1335543
1332304
1340121
1340434
1337152
1334635
1336775
1331348
1339319
1331330
1335219
1338455
1332818
1337777
1336051
1341573
1333227
1339529
1337572
1335503
1340463
1334655
1336625
1337367
1335938
1346401
1338706
1340402
1348070
1337454
1334300
1335940
1333186
1335057
1329773
1331581
1338303
1340426
1337010
1340500
1339311
1338142
1339490
1334964
1338346
1341845
1337557
1337750
1340783
1334654
1338030
1334846
1333200
1342950
1338784
1336857
1336040
1343471
1332453
1334066
1336793
1339614
1335700
1332732
1333250
1335381
1337017
1337867
1338050
1336638
1346563
1340378
1333744
1338287
1336206
1330246
1330266
1337803
1330783
1334951
1335636
1334665
1338268
1333231
1332669
1338735
1334532
1333343
1345173
1339127
1339173
1341272
1336759
1338423
1339045
1337001
1333613
1340858
1332620
1342535
1344635
1334449
1342538
1335727
1340959
1336353
1332868
1335534
1342367
1335847
1340825
1339418
1342619
1337151
1334265
1333777
1342690
1338712
1337650
1332761
1333863
1343674
1335315
1335163
1337646
1344109
1336713
1331992
1335301
1335483
1338942
1336320
1338657
1336739
1335577
1336806
1335718
1328963
1335966
1335827
1338166
1342491
1333717
1332829
1340172
1337400
1338705
1341940
1336464
1334776
1341279
1333446
1329145
1336266
1334040
1341227
1332529
1331042
1334983
1335076
1328357
1341984
1329489
1333074
1335287
1335313
1335028
1337205
1335944
1332948
1338049
1331932
1345480
1336255
1339996
1333453
1335527
1342936
1341565
1336307
1334097
1339125
1336079
1338822
1336885
1333112
1348967
1337294
1332346
1333883
1349655
1334848
1344097
1338439
1330431
1334416
1345714
1335039
1336661
1338060
1343839
1340278
1342358
1336702
1335488
1335507
1340080
1334367
1338044
1331005
1333814
1337642
1331430
1335478
1340594
1333474
1335887
1334231
1334429
1337143
1333976
1335287
1337229
1333583
1337049
1342275
1338546
1336587
1340965
1335455
1338324
1335502
1331702
1337924
1340162
1334014
1338659
1338004
1338440
1340754
1330900
1335163
1344337
1337471
1337662
1334285
1335400
1338248
1339524
1336033
1341950
1332018
1335950
1332073
1336687
1341875
1337506
1336589
1336064
1337603
1338637
1341835
1338921
1336163
1331485
1336413
1341463
1337372
1336695
1338618
1342378
1341355
1335176
1330964
1339012
1338439
1335795
1345479
1340002
1336780
1331013
1342988
1340988
1337342
1340010
1334278
1334247
1338532
1340037
1337121
1344655
1338160
1341678
1334471
1337781
1343088
1336564
1340699
1331523
1341921
1336928
1332393
1338897
1340504
1334926
1334043
1332017
1338302
1338134
1330660
1346579
1339554
1339678
1337189
1330100
1332399
1332492
1335658
1333975
1340837
1340200
1340308
1335297
1342473
1336516
1335086
1346331
1341714
1334207
1332670
1337584
1337381
1334353
1340348
1332639
1331427
1343527
1337127
1333641
1334483
1335402
1339963
1335257
1336962
1344920
1332488
1327997
1327939
1338782
1333595
1341296
1339226
1346684
1329221
1337955
1338022
1337314
1333373
1332969
1327546
1336249
1345472
1336522
1332353
1342055
1337786
1326530
1340209
1332532
1339265
1332717
1332486
1338480
1332333
1331003
1331342
1340137
1337298
1338819
1333858
1342008
1334794
1333963
1339006
1335236
1335882
1338627
1340925
1339760
1333042
1336962
1329149
1332561
1336975
1337300
1334051
1337139
1334252
1337779
1337174
1334023
1336597
1338459
1337252
1339382
1337978
1338275
1338781
1338799
1334377
1340794
1342963
1340191
1336303
1337902
1342660
1343850
1342851
1337323
1335606
1335857
1344792
1341025
1342221
1335444
1338937
1333819
1332470
1332148
1335906
1343050
1331706
1338046
1334783
1336171
1341796
1330544
1335439
1330822
1337530
1336458
1330850
1333451
1341529
1341411
1331500
1347309
1337491
1339689
1338904
1335095
1335172
1340481
1338378
1343757
1340177
1333303
1331884
1342225
1338331
1344682
1331700
1336553
1334207
1343811
1332494
1334539
1334139
1339927
1336302
1337314
1339393
1345498
1339199
1340235
1331760
1340435
1343440
1335299
1331325
1337140
1338260
1333221
1333104
1335759
1339293
1332632
1332265
1344072
1335841
1331795
1337744
1340482
1340368
1334697
1338308
1344190
1339612
1334501
1333996
1339528
1334664
1330636
1334249
1337909
1343822
1336917
1333141
1336830
1339828
1338720
1328032
1334829
1343046
1331525
1335750
1335510
1333037
1333868
1338271
1337118
1329514
1338512
1336996
1337689
1337398
1332682
1344967
1334753
1340807
1339788
1337028
1337175
1338639
1342031
1328455
1338836
1334883
1339479
1337200
1334137
1341334
1337754
1337726
1344236
1339124
1341148
1341967
1331741
1337586
1335109
1334662
1333467
1330506
1330313
1343507
1339712
1335905
1336092
1342937
1339026
1335386
1334952
1339158
1334590
1330277
1340236
1336250
1334313
1349854
1330561
1337083
1340338
1331127
1329577
1336011
1332149
1340415
1339265
1336335
1340421
1337908
1337665
1343020
1335959
1336912
1337614
1342999
1337123
1336643
1334205
1333480
1337973
1342660
1337006
1335453
1333249
1342366
1328224
1332916
1337378
1333928
1333828
1331023
1348139
1335191
1336527
1338516
1334133
1334475
1334124
1336797
1343423
1330372
1332787
1334520
1340132
1337876
1336120
1339340
1341385
1338225
1346825
1332429
1330961
1339974
1329380
1337008
1333715
1334698
1333334
1335019
1333991
1335790
1332858
1340693
1334731
1334010
1333832
1337971
1329369
1338052
1337026
1338240
1339274
1335148
1335516
1343904
1336275
1334289
1337845
1332424
1334158
1340752
1340210
1334815
1337510
1336662
1339714
1340816
1336347
1336679
1332645
1331388
1335274
1338038
1332497
1333480
1331764
1331344
1336117
1344926
1334522
1337170
1339752
1338704
1342050
1341735
1329250
1344554
1337087
1341834
1337991
1348976
1343262
1337699
1333734
1334960
1344136
1337035
1339841
1339759
1336403
1336507
1331106
1334852
1341375
1338973
1338225
1343904
1336981
1341690
1333613
1341055
1331446
1335099
1338799
1332062
1337685
1338869
1334208
1334285
1336586
1335953
1342780
1343061
1341515
1335585
1336498
1342356
1333008
1327274
1336573
1334899
1346744
1342047
1335504
1344112
1337802
1345187
1333430
1334199
1334454
1336746
1336505
1338660
1337402
1338373
1338925
1333788
1339498
1342121
1341175
1329869
1331668
1336420
1336055
1334497
1329150
1336994
1344175
1338278
1336294
1336771
1334634
1338361
1341689
1336727
1337001
1331088
1331761
1332069
1336464
1334827
1335116
1334405
1336914
1338528
1334285
1339794
1334512
1340140
1337997
1335787
1336939
1334975
1338916
1334376
1343208
1336911
1340684
1336261
1336783
1335260
1338842
1338574
1339311
1328666
1345890
1329306
1331758
1334744
1328596
1332180
1333332
1343204
1335388
1331264
1337322
1334152
1334622
1332833
1335220
1337174
1340389
1338918
1333286
1334323
1336861
1334857
1341605
1337276
1330953
1341904
1334889
1337641
1335102
1341262
1332082
1340911
1337347
1339217
1339023
1336011
1333743
1340054
1343094
1340975
1340982
1341107
1340161
1341592
1338690
1327834
1336022
1342920
1331948
1336550
1332180
1341275
1334144
1338310
1338680
1338726
1330689
1340128
1337630
1338737
1344946
1334891
1339204
1335255
1334249
1345881
1337730
1333165
1340498
1338890
1335642
1336015
1339664
1333970
1339540
1337450
1337261
1334855
1338908
1342119
1335889
1334513
1331407
1335877
1340033
1341955
1336111
1332494
1344571
1341753
1335764
1334741
1334948
1336232
1331875
1339027
1335438
1343148
1345786
1339320
1338750
1334146
1337598
1339741
1336829
1336312
1340452
1337467
1339324
1337141
1333680
1338451
1342048
1331896
1338805
1335827
1330821
1333569
1338746
1339303
1337636
1331422
1330472
1327683
1342968
1336758
1344074
1336913
1335347
1337519
1329823
1343422
1340213
1340352
1335631
1334929
1337322
1340581
1329338
1340668
1336741
1339193
1336410
1334058
1334173
1337891
1334933
1341139
1331550
1338895
1337551
1340876
1341114
1338769
1335885
1347941
1334037
1333825
1333480
1336719
1339341
1333285
1332080
1337836
1333993
1328077
1342060
1335381
1340144
1337718
1339560
1333224
1341619
1338046
1329773
1341369
1339966
1341011
1328808
1338133
1329916
1338490
1338142
1335339
1333555
1331661
1337629
1335181
1341578
1340684
1335695
1334739
1340353
1337628
1341021
1334785
1333974
1336294
1335243
1331780
1345380
1340932
1332937
1341274
1336962
1340714
1342301
1337363
1337772
1336889
1341519
1335353
1333836
1336459
1330521
1337385
1339464
1334496
1338606
1336468
1343220
1338241
1343821
1339928
1336470
1337770
1334224
1334098
1334038
1340068
1332152
1338519
1333707
1335162
1332212
1334843
1347410
1340303
1338207
1334870
1338154
1338299
1342668
1335199
1340957
1328313
1340735
1336347
1337582
1336978
1338648
1335726
1330137
1334211
1341415
1330244
1341935
1336152
1336950
1336918
1334656
1334548
1337123
1333973
1338641
1336211
1337102
1339842
1340352
1340559
1334897
1338629
1339239
1340121
1333045
1332379
1330486
1342084
1335478
1345716
1328289
1339500
1342581
1348326
1335571
1340646
1335031
1336948
1338134
1331380
1340133
1337505
1334489
1334968
1333252
1333350
1334982
1334913
1339141
1341021
1335691
1335436
1337487
1348196
1340336
1336077
1339069
1341971
1337812
1339040
1336371
1335507
1339176
1334903
1340245
1334485
1333339
1332576
1332413
1338888
1338615
1338323
1339379
1342713
1336223
1334649
1332950
1339897
1339141
1345493
1331088
1339416
1336124
1336402
1333173
1339285
1335689
1333731
1331699
1333228
1334391
1335207
1339111
1336343
1334531
1340952
1340074
1342284
1336188
1339524
1340303
1335999
1342316
1333754
1339674
1333577
1342699
1334753
1345576
1332014
1334395
1336247
1331951
1335294
1337605
1330129
1337039
1340914
1336027
1332768
1334964
1335875
1335484
1343334
1333620
1337208
1342050
1335173
1337719
1336452
1343333
1334629
1332776
1341055
1339636
1341783
1336671
1338695
1338614
1334758
1335396
1337549
1331316
1342444
1338675
1335336
1334702
1341378
1339378
1336661
1339908
1335032
1339035
1335466
1339096
1342840
1344765
1343556
1330856
1340056
1334365
1335120
1339203
1339822
1333232
1332449
1332766
1329583
1335123
1336348
1341482
1343008
1331682
1348103
1328706
1333214
1340800
1337505
1337240
1340826
1328301
1336182
1337668
1339181
1335244
1342870
1343899
1343350
1338266
1337271
1337812
1338127
1341354
1331186
1337173
1338905
1333983
1333270
1337420
1333474
1328897
1331731
1340364
1339691
1341671
1331094
1340008
1334340
1334732
1336799
1335822
1338377
1336046
1342080
1342205
1336343
1336773
1342649
1338967
1336175
1337569
1337278
1334990
1342564
1330875
1334513
1344578
1340950
1338053
1339249
1335805
1335777
1338755
1336366
1338677
1337955
1338123
1335781
1336279
1338009
1331956
1333977
1334940
1337105
1336717
1336982
1346776
1335165
1342561
1333904
1342113
1337041
1336721
1335793
1328561
1331736
1329949
1345557
1337052
1333298
1337397
1337728
1339585
1334850
1339751
1346649
1335227
1336355
1346140
1342107
1336941
1327424
1334370
1341548
1333406
1342731
1333765
1331953
1334093
1335987
1333765
1330232
1337063
1335193
1341417
1335775
1330331
1333243
1342082
1339118
1337856
1334163
1342380
1326913
1335657
1333295
1334158
1338253
1331076
1337400
1339712
1329517
1338897
1329148
1336909
1341538
1330140
1340913
1341383
1338569
1333650
1337964
1332856
1342333
1339030
1334701
1336097
1337727
1343147
1338111
1340173
1338602
1341758
1339089
1338573
1339178
1342866
1338404
1336208
1342802
1338660
1348827
1336761
1337653
1334037
1335283
1336752
1331096
1333758
1337120
1338475
1330808
1341457
1339635
1335552
1348636
1338444
1338468
1341832
1333152
1332515
1332519
1337167
1331661
1336298
1334279
1338549
1340094
1336412
1340551
1336147
1339668
1333021
1341512
1336549
1340212
1337918
1335416
1339749
1341110
1335370
1338370
1338939
1332122
1335305
1342693
1340179
1335413
1336140
1338573
1342250
1334501
1333235
1334470
1337298
1340807
1335369
1338367
1334511
1340833
1336826
1336477
1336500
1335063
1335599
1334539
1331554
1346969
1331706
1337174
1336931
1331139
1332464
1338582
1339047
1334696
1339587
1336887
1334249
1334865
1337079
1335929
1335461
1338937
1338872
1335929
1342594
1338787
1336976
1337867
1333618
1336409
1334593
1340783
1342900
1328885
1345705
1335461
1335516
1335945
1336417
1336962
1334843
1336863
1334001
1339714
1343391
1333723
1332893
1332058
1345028
1335482
1332744
1341595
1337251
1333530
1333566
1335119
1337043
1341093
1339265
1337238
1333160
1341193
1334855
1335500
1338278
1342199
1339815
1339801
1335333
1336517
1337315
1340657
1339648
1339184
1334424
1332504
1333870
1341501
1334154
1332095
1337193
1337185
1337971
1341006
1336531
1332817
1339736
1335093
1334514
1340108
1341777
1340423
1337768
1334843
1333731
1334013
1337237
1341292
1334842
1335974
1332875
1329880
1338408
1334426
1335948
1331131
1332177
1337370
1334971
1339712
1333400
1337266
1338756
1339445
1343300
1340750
1336574
1339758
1338439
1338016
1336065
1333902
1337300
1348627
1335775
1331454
1336231
1334129
1340021
1339425
1337915
1339875
1337438
1339954
1335455
1340921
1344923
1329634
1331002
1330788
1335277
1344911
1336803
1338645
1334370
1335027
1346409
1338940
1331064
1332242
1338096
1336722
1333544
1336950
1340111
1337517
1335989
1342709
1336738
1334973
1334133
1338604
1333120
1337074
1332710
1338168
1333349
1337467
1342456
1343726
1333962
1331580
1332674
1345229
1329782
1334896
1335127
1337247
1334754
1333066
1335552
1336908
1335954
1335814
1344825
1338794
1335904
1335094
1338757
1332875
1338751
1336639
1333347
1342895
1344600
1338248
1336053
1336435
1329753
1336528
1337664
1329049
1337534
1338244
1341413
1342127
1332733
1342339
1338555
1339778
1340108
1332925
1340096
1337272
1334730
1336673
1338159
1333336
1340591
1339781
1342618
1340480
1337782
1337904
1338053
1336090
1338735
1339827
1338353
1334353
1335832
1340227
1332779
1333421
1340347
1339877
1334668
1341705
1335302
1331477
1334505
1332780
1339557
1336032
1337171
1333872
1335304
1338371
1331137
1329716
1338271
1331637
1333873
1340383
1332553
1335991
1336092
1340251
1330165
1337581
1336647
1341027
1335615
1336891
1334760
1334017
1335823
1336480
1331672
1338202
1334662
1338771
1330306
1342434
1331317
1336503
1344739
1336113
1336628
1336791
1335169
1336384
1333200
1332556
1330182
1337952
1331098
1339533
1338523
1338200
1337376
1336519
1337988
1342433
1336465
1336571
1339005
1342992
1332716
1334025
1337688
1330652
1336606
1339699
1336363
1335540
1338611
1328073
1342151
1339204
1341600
1339009
1331873
1335039
1336898
1341287
1335872
1330873
1342105
1339215
1331106
1334667
1334946
1332606
1336341
1334212
1335423
1338481
1344023
1339380
1335352
1339579
1337978
1330611
1341320
1336737
1334350
1334676
1338765
1332954
1337906
1339028
1330309
1335851
1339367
1338229
1340924
1337592
1328552
1336840
1328561
1330009
1330657
1334459
1331640
1336182
1332973
1336174
1335748
1344109
1341268
1336261
1336736
1337154
1334402
1338703
1330878
1335205
1336277
1332514
1342745
1340742
1336922
1335516
1335852
1339123
1340151
1340773
1333176
1338996
1332236
1337492
1335114
1337233
1333024
1335535
1340200
1335477
1337518
1335350
1333435
1334606
1335393
1338305
1340274
1335979
1332084
1330838
1335671
1328179
1328588
1340222
1329604
1332013
1332858
1336456
1334087
1339538
1334913
1341074
1338729
1339761
1338872
1345035
1334721
1332370
1335712
1342604
1339757
1335875
1338251
1336484
1336335
1328335
1336441
1334813
1338177
1340555
1334371
1333216
1335907
1341078
1333880
1338276
1340030
1342729
1337390
1335527
1337042
1330985
1337057
1338039
1337354
1335832
1337712
1337596
1329648
1339244
1341768
1340856
1333722
1342394
1340768
1337595
1339784
1341382
1344851
1341309
1340940
1339254
1338876
1341175
1338156
1336129
1337498
1332093
1335069
1347450
1330456
1337778
1338190
1337254
1338657
1337073
1340249
1337532
1337613
1332719
1336197
1334023
1339907
1335623
1341169
1342026
1334425
1336374
1339623
1339764
1333738
1347851
1331847
1334503
1337973
1335878
1325247
1335368
1336332
1337617
1346445
1338727
1333100
1339500
1339032
1331083
1343051
1335378
1334032
1335588
1336455
1336278
1335340
1336080
1342494
1339604
1332468
1330211
1334314
1338984
1336122
1337201
1334349
1338562
1339518
1336511
1333096
1337106
1340139
1340240
1335428
1338817
1338724
1343135
1336892
1337346
1337437
1340067
1334168
1331085
1335615
1338805
1337680
1337644
1334700
1345012
1339502
1343951
1340155
1341276
1340389
1334341
1333874
1334591
1337222
1332860
1343662
1334795
1336284
1341607
1332527
1334596
1339989
1336355
1335885
1335247
1336232
1338929
1336187
1336766
1334682
1332831
1335331
1338494
1336934
1335951
1340146
1335372
1331699
1332338
1336777
1329973
1339906
1339461
1335093
1342155
1333697
1342729
1336007
1335910
1334900
1340308
1335396
1334857
1334341
1341150
1340473
1340604
1333489
1332804
1341399
1338779
1344524
1334230
1340692
1336743
1332654
1334055
1338720
1333581
1341319
1338368
1332906
1334162
1336598
1331036
1338205
1333989
1332108
1341001
1334827
1340383
1335928
1334409
1336400
1344752
1324166
1333492
1333289
1333841
1334657
1345178
1340633
1337769
1332488
1334631
1338938
1346845
1340029
1334070
1333080
1338800
1339187
1338747
1331782
1334672
1335110
1338334
1330569
1341934
1342110
1339652
1333074
1338964
1338591
1340130
1332854
1337048
1336858
1337136
1331174
1337412
1338578
1333452
1337628
1342501
1334977
1336064
1339657
1334732
1331739
1339935
1337087
1332240
1342452
1340503
1338936
1328553
1333850
1335330
1335651
1340024
1349430
1333425
1337349
1338911
1336982
1336856
1344314
1336348
1335221
1343735
1331646
1340626
1335001
1328497
1336603
1339023
1340275
1342448
1335785
1334720
1342432
1332679
1340714
1346821
1335851
1330211
1335186
1340370
1331789
1333152
1338028
1336134
1340912
1333336
1336523
1343969
1337166
1335953
1337295
1334504
1331399
1337139
1333177
1334460
1337598
1336179
1337098
1337740
1336016
1339874
1339752
1334161
1334655
1332057
1337228
1337412
1334257
1340185
1328088
1336274
1339523
1337282
1338777
1341342
1336826
1337225
1329513
1334850
1342297
1341218
1331903
1339253
1333323
1336813
1344855
1338079
1339837
1337272
1343967
1340399
1339859
1331736
1338685
1338641
1339124
1340145
1338514
1337013
1333654
1338123
1330505
1339911
1332877
1337215
1334918
1334425
1338226
1333228
1339031
1339366
1334669
1337555
1336656
1343629
1327661
1331557
1336448
1338990
1331145
1335717
1331304
1324827
1337074
1333245
1341011
1332021
1337839
1335862
1341531
1335785
1330809
1332521
1337918
1334087
1336319
1335998
1340363
1335285
1336135
1340337
1339399
1332989
1338469
1340825
1334107
1334066
1338129
1340017
1337746
1341374
1331496
1337059
1340185
1338300
1335846
1343122
1327491
1334231
1335585
1342284
1337561
1338753
1332496
1339677
1339741
1338090
1334369
1338433
1339429
1333363
1339863
1333873
1337806
1333891
1339893
1336232
1337131
1331407
1332464
1340979
1337448
1339996
1335831
1339909
1329938
1342714
1337159
1335240
1341030
1334991
1334749
1339611
1337259
1336956
1336541
1339150
1334356
1338778
1341807
1334017
1337542
1337441
1343495
1340241
1333485
1334480
1330632
1338125
1336599
1332574
1339323
1335534
1335308
1341956
1339508
1331846
1338219
1334658
1336123
1338271
1339753
1338473
1333995
1337794
1330492
1337293
1338339
1331999
1338003
1332740
1331181
1336233
1335485
1337536
1333869
1337266
1334213
1344520
1335356
1329276
1332872
1338697
1336094
1338178
1330933
1331268
1342134
1333050
1338741
1337019
1334167
1337676
1338667
1340297
1335867
1337291
1339540
1341151
1342263
1334766
1335875
1338463
1337217
1333966
1333048
1339753
1326769
1338447
1335819
1348645
1341389
1334946
1328655
1329909
1331927
1335996
1342690
1344630
1340884
1340363
1335836
1332119
1337550
1340657
1337822
1345403
1339490
1340173
1335346
1332958
1339227
1331708
1337003
1333077
1336886
1332122
1334374
1335391
1338995
1336334
1338591
1340053
1337799
1340905
1338822
1338234
1333645
1336906
1338881
1333339
1335339
1337837
1335345
1335436
1332491
1342815
1330352
1338020
1335509
1333753
1339532
1336732
1344611
1337184
1331364
1333394
1341977
1336795
1340204
1334967
1335426
1334832
1337884
1336012
1338072
1334097
1340912
1339870
1341346
1336137
1341197
1339845
1337045
1334206
1336185
1343725
1342587
1335104
1337758
1333773
1338235
1346302
1338216
1336950
1338305
1335799
1333768
1334014
1338066
1337383
1340690
1335682
1331160
1335627
1343883
1338024
1335758
1341569
1333977
1335718
1339095
1341958
1336012
1336081
1331251
1344233
1345415
1338575
1330076
1332845
1340540
1339109
1337635
1337081
1339370
1335697
1330674
1335877
1328503
1334439
1340586
1341673
1335172
1344306
1335778
1344044
1336515
1333135
1334015
1335534
1338711
1342891
1339559
1345391
1342589
1338509
1334246
1334013
1333269
1338964
1339799
1339762
1333912
1340684
1340856
1340564
1344210
1335701
1333060
1334910
1335802
1341120
1340724
1334215
1338020
1335790
1342307
1334161
1336124
1334316
1340653
1331780
1339906
1337543
1333872
1340070
1341422
1334441
1334309
1331111
1328561
1332328
1334455
1340534
1333892
1336762
1329844
1334763
1334200
1330541
1336706
1335797
1338833
1333731
1338106
1337665
1334403
1331227
1338402
1331590
1333380
1339479
1332225
1333732
1330735
1336660
1338442
1334547
1342875
1339885
1336083
1328880
1338837
1344891
1332827
1334748
1342172
1342937
1333380
1332926
1330550
1337954
1337466
1331932
1341834
1342436
1338081
1332344
1337626
1337438
1336418
1327067
1337978
1335669
1335096
1336865
1339847
1336125
1337820
1336082
1337147
1345457
1337759
1345507
1341948
1337569
1336250
1340573
1330104
1340572
1342044
1337388
1337922
1333529
1336100
1332930
1330717
1341960
1336470
1338658
1333549
1332718
1338209
1339684
1331460
1337771
1333453
1338356
1330756
1331127
1336853
1344919
1339247
1332807
1335066
1332283
1333433
1338624
1342885
1342535
1334020
1338152
1334660
1337166
1340240
1338388
1335484
1334930
1342035
1335798
1340947
1337066
1335727
1340830
1338107
1337488
1338964
1332262
1336792
1341862
1335624
1342415
1339258
1345689
1334944
1335953
1331270
1334382
1344165
1335958
1336619
1342356
1338992
1334120
1338704
1335635
1339775
1330428
1332756
1340229
1333722
1342732
1335574
1343300
1335570
1333352
1332177
1337089
1343247
1338299
1340668
1333321
1340461
1335161
1344680
1329853
1345374
1337035
1331226
1337343
1338735
1344568
1334341
1340742
1340547
1344539
1337936
1337565
1331765
1337843
1343091
1336779
1342241
1336296
1337808
1334020
1347741
1334092
1330539
1332890
1336831
1331242
1338675
1333157
1340993
1337386
1332052
1334139
1338156
1335613
1340220
1336580
1332921
1340885
1334400
1341510
1336835
1340589
1335420
1335540
1335497
1337464
1335292
1334328
1341113
1336794
1339230
1328276
1336369
1340588
1337799
1338667
1341688
1331859
1341219
1340375
1349054
1339388
1331822
1336322
1333287
1331140
1343180
1336144
1337951
1333713
1330710
1328992
1336784
1335000
1334121
1336454
1330060
1335061
1334180
1338001
1342331
1337945
1334427
1332057
1346812
1332730
1340114
1330838
1335258
1337165
1335550
1337899
1333131
1344996
1334821
1334652
1345614
1330978
1336146
1342156
1333485
1334204
1332216
1340261
1329610
1338957
1330412
1333945
1331018
1334962
1332375
1341683
1335481
1345178
1334134
1342989
1341106
1337697
1338260
1336938
1331069
1340783
1338888
1339033
1336685
1340548
1333768
1340704
1345472
1332102
1335008
1340423
1339109
1333723
1346874
1332011
1338280
1334280
1337138
1338723
1341039
1333759
1337346
1332955
1335431
1335968
1329113
1335394
1337724
1334016
1336996
1338402
1332201
1335823
1336153
1340113
1327273
1328916
1333776
1327883
1346055
1342465
1337142
1336715
1333000
1332503
1340532
1338507
1334820
1336197
1335912
1334087
1336134
1336158
1342935
1342996
1334775
1337688
1335893
1339362
1338816
1337107
1331250
1331594
1330024
1336926
1338167
1342081
1338880
1334883
1334641
1335767
1334875
1342356
1341428
1339946
1335241
1338676
1337814
1333629
1337169
1335967
1337236
1337658
1338989
1339119
1342426
1336135
1332804
1348942
1340570
1331959
1350082
1332340
1337731
1340008
1335155
1333840
1337969
1341013
1340652
1335569
1336644
1336704
1347254
1336611
1334177
1338217
1340273
1341984
1334640
1335901
1337714
1334744
1347826
1335794
1337833
1329324
1329346
1339700
1332950
1335493
1345410
1332916
1334689
1335416
1333065
1337291
1329131
1334743
1338882
1333847
1336460
1335382
1341021
1334802
1329413
1335790
1333077
1342256
1334297
1340161
1336505
1343893
1329392
1336253
1329226
1338721
1346223
1342904
1335863
1334348
1334198
1342749
1328651
1348180
1335688
1334734
1336961
1340052
1334644
1341023
1334075
1335393
1333987
1339623
1338599
1333132
1340369
1340792
1336856
1338340
1333957
1337234
1337169
1334382
1336956
1336782
1340425
1346564
1331572
1337490
1333752
1330326
1339108
1343088
1334380
1337437
1335219
1337393
1332055
1333910
1328616
1332956
1341627
1335092
1335819
1341430
1337238
1340829
1332454
1332906
1341103
1336563
1338972
1333708
1343520
1337789
1334540
1332968
1333453
1333688
1333791
1329209
1342489
1333621
1337989
1332709
1336787
1342013
1343094
1332851
1331330
1333745
1335637
1338714
1336474
1333491
1338089
1335952
1336343
1328840
1333897
1341137
1336305
1336376
1338078
1332954
1338955
1343582
1347979
1337553
1339759
1337884
1343008
1336765
1336526
1331100
1340392
1337488
1344270
1335904
1332552
1341906
1343599
1342495
1337948
1334415
1331776
1335960
1335983
1335901
1340414
1335298
1343733
1345037
1345644
1336578
1346608
1335119
1340731
1335785
1340803
1335304
1336577
1335799
1341131
1334798
1332748
1334564
1339983
1334114
1339178
1333228
1342757
1336045
1338501
1336045
1331917
1343900
1337439
1335466
1335830
1336526
1343691
1337581
1331024
1337697
1341835
1337646
1338868
1339599
1341146
1350985
1338448
1339399
1344138
1336097
1335148
1338826
1344446
1332941
1344216
1336873
1335842
1335183
1334232
1333663
1332722
1334812
1338050
1339582
1334489
1329262
1342460
1338944
1342709
1334050
1328233
1337493
1339696
1334876
1337823
1334281
1340467
1340269
1337634
1337844
1340390
1343913
1338350
1336118
1333989
1336971
1335741
1333453
1339379
1338483
1344540
1338991
1340486
1337637
1336958
1333870
1338773
1337165
1337666
1336599
1338553
1341059
1331066
1344493
1337414
1340276
1338253
1335499
1344204
1333327
1331108
1343578
1333126
1329757
1332322
1336575
1338383
1339844
1336102
1336938
1332881
1342545
1341485
1343835
1341091
1338565
1335501
1335065
1335369
1337477
1334346
1333407
1339381
1336961
1332891
1340139
1336549
1334746
1339602
1341642
1331534
1331105
1340354
1337451
1333697
1332667
1333916
1343647
1337404
1338770
1334501
1336552
1342650
1341739
1342358
1336442
1333728
1335340
1341477
1335904
1331925
1334579
1339190
1338366
1342426
1336518
1339588
1343964
1341403
1343005
1338653
1336350
1338376
1334077
1339579
1338187
1333098
1337526
1339062
1339083
1338667
1341531
1336207
1338922
1336163
1343244
1346422
1335783
1334545
1341883
1331177
1329442
1345546
1342824
1341420
1332679
1340631
1341627
1333133
1334014
1335795
1338325
1335150
1334300
1330178
1343985
1337251
1338375
1336968
1329380
1340958
1339404
1344966
1341592
1341034
1333761
1334231
1335906
1332572
1332508
1334807
1340290
1339476
1336401
1332215
1333603
1340636
1333840
1341282
1333157
1333862
1337467
1336306
1332096
1331964
1334655
1337087
1340222
1336515
1338227
1338056
1333427
1336055
1335864
1338926
1336537
1332641
1336674
1329887
1337969
1338258
1333523
1338704
1335402
1340008
1336209
1330519
1340361
1337667
1343872
1342018
1340137
1339309
1346899
1339929
1337100
1334170
1338913
1338046
1338723
1337814
1342042
1340475
1340518
1334011
1336123
1336852
1340162
1330381
1330706
1332361
1340260
1342066
1338450
1333834
1342531
1334817
1343155
1340058
1335535
1334515
1341499
1336054
1332184
1336788
1335939
1337445
1341257
1337087
1339038
1343154
1336090
1340584
1339657
1343747
1331292
1342174
1339590
1342937
1336749
1338215
1341666
1331136
1334558
1343424
1333200
1335747
1333617
1337414
1333906
1335188
1332490
1340760
1337183
1338747
1339835
1338713
1339485
1334292
1331006
1338823
1328746
1336306
1342717
1343825
1332025
1333783
1334518
1340583
1335740
1339883
1343905
1337283
1339599
1335668
1336498
1331951
1344072
1337359
1339275
1331432
1342671
1334880
1336804
1336405
1336989
1338645
1343266
1335453
1335608
1331521
1340282
1334781
1340204
1338818
1337671
1339786
1331648
1337318
1340065
1335528
1333980
1344469
1338665
1334023
1337782
1334880
1333623
1333919
1336235
1336417
1336138
1339046
1334139
1337739
1329742
1335598
1337017
1333787
1340626
1336950
1337141
1341120
1334352
1333517
1337195
1338670
1339681
1332672
1329638
1338365
1332993
1336449
1337004
1336621
1335477
1332659
1341247
1332456
1333579
1340419
1338431
1339881
1335785
1340492
1339090
1337819
1337583
1335381
1331291
1334926
1340820
1334104
1332241
1327786
1334979
1334789
1333791
1337508
1340820
1339197
1346914
1336227
1337990
1340601
1333030
1338949
1339128
1331978
1341376
1337026
1336789
1336983
1341143
1338517
1338348
1340102
1329047
1335700
1335272
1330246
1339577
1335836
1337944
1334868
1331217
1335329
1335992
1334237
1338275
1339384
1339594
1333463
1336140
1338100
1339210
1336075
1340366
1339385
1341285
1338152
1339704
1340082
1331015
1337635
1331534
1337707
1326189
1342634
1337205
1333564
1332030
1337654
1335356
1341277
1332595
1331421
1339404
1330303
1330825
1337919
1337486
1337147
1334403
1326984
1333074
1334845
1333131
1341962
1336201
1338036
1337730
1336706
1338653
1337870
1337042
1338856
1335235
1336808
1332188
1330930
1340023
1336282
1341362
1339416
1335186
1334160
1333762
1333841
1338779
1333942
1335903
1341618
1340741
1332411
1333148
1344530
1335158
1336290
1336743
1332823
1340787
1333032
1337888
1339214
1332655
1340281
1334103
1339196
1339150
1330770
1337048
1336961
1329506
1343738
1336915
1333302
1338018
1332535
1331847
1338551
1338082
1335068
1333244
1325920
1339274
1330880
1335624
1345274
1338455
1342840
1344666
1336130
1334548
1338979
1343280
1339279
1339327
1339120
1340345
1332959
1334379
1335927
1337877
1335315
1338729
1341305
1333089
1327175
1336421
1337135
1335860
1336084
1337441
1336750
1342751
1336093
1333870
1342555
1330470
1333140
1339207
1333743
1332616
1329683
1334496
1340741
1338897
1336477
1336955
1341035
1332500
1335308
1338984
1332911
1339529
1336616
1332254
1335506
1337445
1339975
1334924
1336633
1341016
1337017
1337111
1350119
1331212
1334579
1337351
1336832
1343256
1334755
1336244
1337533
1330041
1330873
1341977
1336245
1338373
1334682
1335204
1336278
1340933
1338576
1340802
1332879
1334772
1336614
1339855
1337390
1338525
1339067
1338303
1329584
1333762
1339492
1333740
1350277
1338772
1340398
1344508
1338313
1337760
1335272
1338056
1348367
1335576
1343333
1342328
1340038
1340891
1337605
1340597
1334707
1334919
1335869
1334670
1336946
1336300
1339435
1335643
1339093
1341092
1339517
1334877
1337637
1334489
1347408
1340410
1342060
1343503
1334792
1332893
1333711
1333947
1330461
1339270
1330491
1338771
1331304
1343777
1338000
1335882
1330545
1340818
1340136
1336206
1338169
1342390
1337622
1336687
1340690
1337769
1340677
1337797
1337207
1329832
1334947
1338033
1335556
1337213
1334624
1336293
1337142
1336632
1342782
1339531
1332226
1332328
1340805
1335457
1336988
1341607
1337863
1334034
1339073
1338196
1333591
1330383
1338089
1333370
1332320
1334543
1337596
1334601
1341998
1336080
1343803
1336143
1339784
1334605
1335111
1335708
1336967
1331751
1337235
1334297
1333868
1334548
1341388
1337661
1334272
1336198
1332682
1335239
1332375
1335233
1340958
1332702
1333524
1336604
1337489
1333939
1345058
1337511
1332146
1334375
1335730
1340205
1338374
1330640
1335884
1339249
1338124
1335122
1335418
1335289
1338350
1334884
1333414
1343070
1339357
1333264
1333779
1337983
1337684
1340401
1340266
1336038
1331354
1333523
1337266
1344166
1339579
1341789
1335425
1340926
1338968
1327257
1339574
1330672
1341713
1337579
1340942
1326967
1343723
1336058
1340404
1333747
1335943
1340408
1337070
1343802
1339473
1332331
1327279
1337694
1336427
1335848
1337880
1339967
1330066
1331434
1339280
1340350
1328470
1335033
1337114
1337113
1334599
1341310
1337415
1338481
1330490
1337510
1342159
1342877
1332321
1341554
1335215
1337169
1336120
1337127
1335021
1339808
1333491
1335851
1339519
1335719
1342416
1332040
1344555
1336824
1333761
1333377
1333507
1332940
1337111
1336068
1335189
1350512
1342741
1333866
1338600
1338809
1333225
1336329
1333723
1333118
1337028
1349122
1334202
1335761
1332792
1337503
1337090
1337364
1334223
1337800
1341203
1341672
1341541
1339540
1337750
1332676
1332628
1335887
1335472
1335209
1328044
1343578
1340547
1340381
1335867
1336000
1337386
1334098
1334328
1330907
1336621
1344435
1334646
1341699
1339255
1334729
1337525
1339751
1344308
1344790
1338552
1339278
1336411
1339125
1336595
1337909
1338943
1338657
1331934
1338033
1339762
1342926
1335502
1334967
1339270
1331796
1339908
1337873
1341208
1337545
1335052
1336662
1335806
1326732
1334485
1335986
1330813
1341119
1335314
1336659
1334964
1336409
1339018
1333204
1337643
1335199
1332244
1337683
1335074
1333179
1333577
1337186
1336461
1335267
1331740
1335473
1333119
1336496
1335688
1337723
1332561
1338725
1338972
1346006
1333156
1338027
1341984
1338642
1338477
1336236
1333123
1336868
1345382
1332562
1340233
1338745
1338733
1337856
1330931
1338959
1344033
1340846
1341570
1335625
1337191
1339715
1338305
1339090
1335966
1336917
1333819
1349059
1337099
1332477
1343422
1337449
1335083
1328518
1342719
1344465
1333324
1331293
1345294
1335003
1342286
1341156
1337267
1340548
1332077
1338260
1330655
1336945
1334796
1349793
1333230
1337468
1339369
1341349
1342326
1330197
1337967
1345143
1335422
1336089
1336646
1330287
1345130
1338629
1333473
1333038
1336844
1343201
1331561
1339797
1337800
1354643
1336127
1346154
1337789
1331731
1340105
1338073
1338481
1337124
1335672
1339289
1337326
1335588
1335611
1332961
1338850
1336648
1334809
1338230
1340530
1338649
1341080
1335144
1334700
1340983
1337935
1334025
1339180
1331410
1335738
1342178
1330758
1338469
1337371
1337661
1344614
1336630
1334234
1340009
1341375
1333881
1330403
1341427
1333791
1334580
1334214
1330353
1338002
1334187
1338287
1335843
1339413
1333699
1334565
1330158
1332559
1336312
1338685
1341912
1336176
1337992
1342559
1338337
1340107
1333330
1341162
1335976
1341055
1331612
1337695
1336339
1332943
1342904
1335695
1330129
1341657
1336833
1344830
1337001
1341273
1332159
1341965
1337013
1338808
1340250
1342123
1335073
1336196
1330068
1337773
1337372
1334954
1334934
1335911
1339059
1335532
1338251
1331779
1331869
1336648
1329854
1334077
1339702
1336772
1339327
1343936
1346876
1338737
1339801
1336683
1338963
1334958
1334422
1336059
1337033
1335695
1343947
1340228
1336973
1348068
1334391
1342015
1327733
1329933
1339037
1342702
1334385
1339050
1340941
1339696
1334999
1343126
1338197
1329285
1341136
1334229
1337689
1335945
1338985
1336948
1334737
1339875
1338734
1332685
1337280
1336735
1339598
1333672
1337846
1341328
1337194
1334787
1343350
1334596
1336363
1337312
1337854
1330549
1330765
1338543
1331198
1334811
1344579
1333784
1335145
1335493
1334937
1333922
1334701
1337945
1332819
1335564
1332966
1336595
1344540
1342469
1337822
1338226
1343569
1341451
1332570
1341376
1337834
1335368
1333113
1339876
1339546
1335520
1334234
1339383
1334922
1340340
1336801
1335008
1337876
1334491
1332868
1340553
1339138
1328728
1335760
1345000
1332684
1334665
1333353
1326858
1334445
1341661
1339231
1338782
1337929
1329647
1343936
1342911
1339998
1336393
1341147
1337385
1333332
1336269
1336382
1339444
1341915
1338133
1337638
1337353
1337725
1337664
1333965
1334331
1338013
1333159
1335973
1336872
1333874
1337089
1339064
1339426
1336208
1335530
1335052
1332363
1336921
1338128
1340012
1329575
1338827
1337092
1334018
1332788
1336795
1333153
1337381
1335352
1335982
1340309
1342247
1341641
1335418
1334460
1345834
1337974
1340699
1344593
1329071
1338164
1336954
1338968
1335727
1332423
1337106
1332156
1337900
1327743
1335994
1332658
1335788
1342203
1330717
1337972
1334044
1337021
1339317
1332985
1336197
1334359
1340579
1336391
1340710
1334762
1337009
1342418
1333899
1336424
1334935
1334954
1337866
1333590
1339453
1334871
1337241
1329785
1335217
1331643
1335355
1332692
1332539
1336438
1337287
1332139
1339702
1334083
1337548
1343971
1347550
1337951
1335660
1347269
1334706
1337789
1343993
1339340
1339256
1340016
1332551
1333154
1333379
1331382
1342244
1338371
1341688
1340556
1341446
1336819
1339289
1341595
1338405
1336642
1334379
1335988
1328986
1337534
1339206
1333828
1333807
1338922
1336480
1339831
1332840
1340776
1340550
1336232
1330720
1329139
1338361
1340357
1343210
1331474
1337447
1338500
1339769
1335139
1332916
1334363
1337406
1341300
1337659
1336634
1344147
1339458
1334666
1338500
1332765
1335161
1338040
1339787
1334968
1330757
1338984
1337814
1335265
1335269
1333363
1335719
1336238
1338299
1335083
1341409
1334282
1338290
1337521
1338267
1335385
1335693
1340136
1341192
1335924
1339612
1343829
1334092
1339267
1334737
1340865
1336390
1336350
1334833
1335176
1337381
1341020
1337907
1331612
1343326
1342814
1336143
1337490
1343755
1334861
1332732
1333744
1337692
1341676
1337214
1329175
1338479
1336196
1335003
1340612
1339069
1335005
1343129
1338509
1330914
1336322
1332060
1341518
1335090
1338711
1336178
1336527
1337726
1343820
1337260
1341115
1343188
1341805
1334724
1337593
1337997
1335612
1338256
1334386
1337176
1332556
1331705
1335564
1331732
1333004
1329119
1332378
1331764
1339325
1334360
1334039
1344818
1333973
1338567
1332703
1331878
1339524
1333580
1340544
1336010
1338529
1338392
1336945
1331865
1331613
1336742
1342790
1342947
1332068
1332198
1342028
1335703
1337364
1330216
1334491
1336194
1340100
1336700
1336892
1339381
1331977
1334351
1333803
1337540
1345828
1335812
1341337
1333242
1338069
1339823
1339277
1337488
1336318
1334535
1338875
1338038
1334635
1337996
1335750
1340605
1336497
1338088
1338026
1335702
1336332
1330233
1330924
1338125
1334125
1336007
1334204
1337553
1336507
1329625
1341225
1333798
1340977
1338383
1339083
1330686
1335395
1334578
1331377
1340979
1335380
1340486
1334608
1334025
1340994
1332561
1330142
1336502
1337416
1336679
1340008
1338161
1336402
1343512
1336089
1334991
1337175
1334670
1336948
1339215
1337811
1340257
1332249
1340268
1336954
1338462
1340751
1338418
1343652
1329425
1336172
1331629
1345545
1340066
1340449
1337413
1335277
1340332
1340307
1333272
1339382
1338786
1334473
1333896
1338595
1339576
1328563
1340041
1329296
1335774
1340043
1340823
1337895
1334069
1333694
1340132
1338620
1332124
1333238
1341549
1340125
1336839
1333645
1340814
1333429
1338464
1336963
1334193
1331666
1343682
1331531
1339801
1339499
1331584
1334834
1333567
1330556
1333294
1339419
1339340
1339054
1339176
1337109
1335346
1332974
1336890
1340313
1336862
1338783
1333956
1334360
1337232
1338946
1329445
1342125
1340968
1338467
1342261
1334140
1337619
1337875
1329753
1336774
1344037
1338904
1337645
1340933
1332687
1337016
1336206
1336185
1333211
1333737
1332900
1334775
1340097
1334417
1332695
1339496
1332826
1337004
1337990
1332003
1335729
1337008
1332698
1335637
1346351
1337970
1338134
1337808
1338556
1342577
1340921
1342457
1333320
1339373
1341956
1338774
1334574
1342688
1333923
1332960
1330899
1337039
1344625
1332574
1335683
1334377
1336629
1336977
1335542
1331169
1338310
1332700
1341139
1334830
1335612
1340392
1331423
1335065
1336667
1335080
1333959
1338302
1330181
1339721
1336569
1341383
1340329
1336650
1340249
1335531
1339401
1338903
1336620
1341830
1340429
1330841
1332482
1332200
1330962
1336056
1343227
1339496
1336937
1334821
1342811
1337228
1332685
1338008
1337744
1333540
1327455
1339437
1335117
1331669
1339134
1345106
1343411
1339510
1337433
1336007
1331697
1334409
1334491
1335805
1331561
1327526
1339534
1337871
1336242
1332978
1336365
1337597
1335586
1338639
1336086
1336408
1332889
1336486
1336927
1338406
1340287
1341047
1336613
1338567
1334138
1333584
1338429
1340520
1341603
1333922
1330477
1333703
1340520
1337072
1334473
1335994
1342029
1338859
1334046
1339153
1339928
1328991
1332851
1336399
1337895
1336180
1339728
1334889
1336716
1334544
1339334
1331394
1334245
1333979
1334386
1335962
1337938
1343858
1337538
1337729
1335198
1339049
1338921
1338905
1340645
1334238
1340441
1332331
1335890
1337539
1334336
1338159
1332012
1339457
1343173
1339627
1335132
1328128
1344083
1342341
1335505
1335655
1339973
1340412
1334938
1334741
1338751
1340045
1335776
1331512
1332344
1337081
1337355
1335601
1343194
1334865
1339051
1336140
1333044
1337610
1332374
1333654
1343775
1334368
1338286
1329298
1332565
1338114
1345861
1333053
1341959
1336368
1333132
1336741
1333847
1344864
1343511
1331455
1337903
1331302
1332683
1334339
1335034
1338678
1340567
1337379
1332772
1339380
1341162
1333539
1328926
1329931
1339160
1335035
1336007
1340628
1335588
1339873
1338636
1337746
1340003
1340215
1338177
1337555
1341305
1338270
1336574
1338180
1332570
1336489
1338749
1338520
1336798
1337048
1331144
1333005
1335838
1329830
1343364
1334534
1340275
1333423
1350140
1331071
1337295
1335630
1329186
1339034
1332573
1338895
1339247
1335712
1342347
1335390
1333985
1332828
1337434
1338996
1334275
1329115
1332731
1346461
1338204
1337306
1339571
1341281
1335998
1338829
1339452
1335470
1337023
1335513
1332020
1335317
1328681
1336887
1341791
1340400
1339609
1330856
1343546
1337362
1329570
1340836
1339454
1334293
1332574
1338185
1337756
1335976
1335957
1341129
1344469
1340353
1340112
1338469
1340301
1335095
1335338
1337318
1338641
1339595
1336188
1339771
1333422
1336702
1342955
1336496
1342002
1335789
1326064
1332000
1336385
1338964
1336032
1344817
1341926
1327145
1337651
1335441
1334976
1339098
1334897
1340300
1343667
1342603
1341409
1333447
1325956
1336827
1336849
1336047
1340632
1331985
1335765
1332811
1335695
1334994
1336380
1338894
1336932
1341786
1332874
1333712
1336102
1338771
1340273
1340499
1332727
1332327
1340269
1339215
1333016
1331668
1333100
1345664
1336660
1337489
1334815
1337442
1337004
1337904
1337141
1341624
1336967
1336662
1334101
1336261
1340603
1339467
1335150
1336052
1336499
1339581
1339338
1337265
1341276
1338937
1336729
1332737
1336996
1341855
1342193
1339428
1330247
1337546
1340150
1335700
1345482
1333864
1334276
1336217
1335567
1334983
1336659
1337445
1341064
1334068
1338319
1338059
1336045
1336396
1336052
1331763
1340369
1338070
1338802
1338011
1339095
1339127
1334442
1333109
1335813
1333254
1335638
1339011
1330011
1332634
1333426
1337696
1334604
1339629
1337124
1337897
1340049
1344697
1335065
1340928
1332638
1331679
1334683
1336132
1333991
1342088
1336567
1333304
1338245
1342814
1335197
1338575
1334133
1329846
1344505
1332933
1340989
1334932
1332654
1339057
1330142
1344371
1334981
1337023
1336301
1334666
1339827
1334429
1339800
1340672
1337710
1341389
1333324
1340080
1338094
1334446
1334472
1330163
1333729
1343424
1343995
1337075
1340388
1339711
1338770
1333512
1338375
1336888
1333372
1339690
1335944
1334231
1337053
1336184
1340326
1335508
1336574
1332432
1338056
1334355
1341977
1336709
1335213
1335815
1342449
1335580
1335731
1330051
1335492
1343666
1329532
1341984
1334509
1325232
1341541
1336571
1343488
1337081
1338358
1338223
1338989
1335755
1339984
1338921
1332153
1333703
1342003
1336102
1337068
1335454
1334910
1336330
1345437
1330308
1336964
1335215
1341041
1341059
1338859
1333368
1334576
1336160
1341211
1336035
1339391
1331170
1333743
1333937
1337812
1333666
1340431
1339664
1334840
1344195
1339109
1337362
1334788
1339750
1339139
1332328
1341868
1339880
1333776
1348094
1343864
1336397
1331308
1345172
1343454
1333741
1333030
1340596
1337050
1335930
1337084
1341765
1336617
1339047
1332532
1340359
1338792
1334829
1338121
1339677
1332611
1338412
1342532
1335467
1338883
1335107
1334293
1329969
1336809
1336853
1340510
1341559
1338066
1337195
1339050
1334916
1333133
1327943
1334947
1332840
1337024
1336052
1337513
1337535
1337595
1343315
1333703
1330949
1338502
1331904
1335433
1345760
1333276
1332434
1337915
1333820
1341217
1342242
1332895
1332534
1341649
1339139
1334825
1342452
1331132
1336969
1342130
1340780
1339415
1333693
1334205
1328980
1333428
1337012
1335441
1336530
1332369
1340516
1338048
1337407
1337300
1339976
1332207
1333786
1345595
1344243
1334726
1336295
1334880
1339256
1332249
1337926
1344504
1336443
1328268
1336931
1340478
1342533
1338583
1346499
1337928
1336421
1338384
1339699
1333130
1336908
1338300
1335733
1338070
1341009
1338202
1337279
1338054
1328555
1339324
1335241
1330946
1341027
1339572
1343733
1333542
1339961
1331785
1340791
1330043
1339384
1335522
1337553
1336520
1331599
1340650
1343893
1333145
1331733
1334235
1335862
1337034
1337629
1340627
1331066
1337771
1335266
1342451
1336777
1338399
1335049
1334817
1336233
1338296
1334225
1330596
1340465
1330582
1341265
1342567
1339963
1334208
1330408
1338085
1337951
1339531
1332519
1333860
1335843
1341250
1338148
1336655
1335939
1334517
1335898
1335021
1330222
1335004
1330590
1336395
1335231
1335861
1333231
1340520
1345401
1339506
1332012
1336079
1328854
1334880
1324688
1335383
1340271
1340356
1335870
1345828
1340444
1341241
1336267
1342428
1332849
1332782
1335996
1336553
1341576
1340003
1338587
1334436
1329554
1330953
1334002
1338280
1337859
1331796
1343144
1347351
1337180
1341883
1339749
1337735
1333561
1337732
1339194
1325448
1338046
1340251
1332118
1334218
1335680
1331817
1337393
1340344
1334601
1343756
1344971
1343740
1336436
1334773
1332050
1337199
1337571
1338987
1337862
1336986
1336632
1337479
1336703
1340216
1343238
1342020
1343550
1340635
1335060
1339304
1341061
1333971
1335533
1336782
1331598
1336134
1334171
1333782
1330610
1337981
1339037
1339152
1337588
1329235
1338290
1322395
1339465
1335285
1337296
1340696
1341157
1335139
1343833
1333266
1338348
1339108
1334516
1331215
1332426
1341247
1332680
1333497
1337927
1329293
1346077
1344594
1335662
1332532
1331427
1337315
1339588
1337924
1338154
1337874
1335714
1336562
1339220
1339874
1339535
1334332
1348155
1335570
1336716
1331579
1339804
1342221
1338546
1328459
1344529
1340552
1337118
1332844
1337269
1333308
1334851
1336028
1341690
1332871
1333720
1332108
1338691
1341073
1332561
1335654
1340507
1343579
1336664
1340595
1336681
1333977
1336015
1342827
1338405
1339268
1343910
1336723
1335829
1336470
1336484
1340245
1336302
1334067
1334287
1342021
1335698
1337251
1342424
1339080
1336969
1331449
1334422
1340176
1339907
1339107
1332258
1333373
1335149
1338083
1336277
1333133
1336997
1333129
1329932
1343923
1335518
1333280
1332219
1336424
1343836
1332933
1335286
1335409
1336689
1345772
1341336
1341927
1347089
1337629
1338116
1338729
1342646
1332439
1330484
1344038
1338124
1336189
1346624
1332921
1336723
1335497
1338276
1334739
1344866
1329159
1340086
1337578
1334275
1336991
1331492
1338256
1336476
1338549
1340677
1338034
1330388
1339569
1341879
1334521
1338579
1333715
1333161
1333647
1337634
1330841
1346045
1336012
1334608
1336910
1332710
1343812
1339776
1343801
1330676
1338200
1339341
1334949
1340330
1340180
1345903
1332011
1335541
1347318
1339961
1339002
1337926
1332374
1332162
1336303
1334276
1330802
1337634
1338113
1336026
1334415
1331147
1338133
1339747
1333099
1336692
1337230
1337952
1336830
1336412
1341287
1331929
1343914
1338222
1336283
1334436
1333352
1345189
1334017
1335751
1339146
1336222
1338364
1330589
1336395
1332737
1337854
1341220
1339613
1339258
1335496
1343048
1331331
1335134
1336814
1332469
1329614
1335546
1334038
1338456
1339869
1333844
1339184
1335407
1336642
1337660
1339369
1335060
1333303
1336066
1340681
1338715
1335811
1336747
1338590
1335821
1337261
1338392
1335341
1342733
1340896
1339280
1334563
1332556
1337980
1337528
1335158
1337098
1341101
1338773
1336611
1332320
1341910
1340074
1341745
1335638
1334765
1335482
1335996
1331262
1347619
1338932
1337192
1336358
1337112
1342033
1336271
1342710
1332001
1334194
1336339
1331656
1332046
1336160
1332867
1335132
1340569
1338441
1338549
1334505
1339930
1331762
1333967
1333864
1338333
1340769
1335313
1336753
1335540
1333935
1336557
1343433
1336943
1334466
1329876
1336772
1344644
1331958
1340411
1331335
1339693
1338630
1337899
1343830
1332079
1333086
1336754
1341768
1337222
1335943
1334397
1334654
1340260
1342684
1334123
1341956
1333606
1333903
1333798
1336215
1334083
1347909
1338780
1330842
1331956
1342066
1335197
1341468
1339151
1341578
1332873
1339470
1339801
1332580
1334883
1337049
1340229
1343295
1336786
1346814
1338126
1333074
1336489
1336048
1338860
1336775
1335662
1336902
1338838
1337056
1334872
1335433
1330264
1339062
1334195
1335052
1338350
1336306
1334496
1333356
1333373
1335290
1340187
1336446
1332600
1333371
1333694
1334699
1333030
1343730
1338877
1343747
1336676
1337904
1341570
1339052
1326816
1339369
1338579
1337434
1331979
1335439
1341034
1342328
1337714
1333967
1341196
1328576
1333581
1335529
1338397
1336456
1339002
1340742
1336284
1337033
1338841
1340125
1336861
1335618
1337535
1332466
1336124
1335877
1337547
1331967
1335908
1336800
1330815
1338912
1337654
1342248
1335077
1336628
1335467
1338696
1336519
1333843
1337153
1337339
1338800
1338702
1332885
1339916
1342802
1338218
1334897
1334470
1335814
1332471
1336563
1339272
1337232
1334443
1335893
1330861
1331210
1341210
1336899
1337362
1332033
1334869
1337298
1342052
1339689
1341380
1333029
1339191
1340757
1336639
1329503
1339252
1341359
1333368
1334507
1340567
1330988
1341541
1335105
1335983
1336335
1333226
1344082
1338937
1335439
1336076
1339916
1338735
1339366
1338843
1338897
1340438
1333288
1330648
1344189
1339371
1337317
1342356
1337637
1338732
1339967
1335586
1331766
1339468
1333711
1338730
1342325
1334848
1339624
1339468
1336964
1333377
1336165
1338839
1334020
1334246
1340947
1340440
1340780
1339026
1337225
1338919
1341133
1335448
1340108
1337998
1335987
1329344
1336853
1337781
1337890
1338770
1341688
1337161
1334154
1332333
1337707
1342731
1332536
1338538
1339158
1338717
1340869
1332447
1334194
1342386
1334967
1335439
1328313
1327819
1327125
1343931
1334232
1334854
1341843
1336363
1334767
1334615
1333690
1340550
1335625
1336263
1333080
1342876
1332515
1341893
1334163
1331792
1345588
1328782
1332293
1335596
1337540
1339381
1339946
1338766
1337230
1338046
1334248
1335162
1337198
1336356
1332935
1345061
1340585
1341883
1335429
1339798
1330529
1347896
1333597
1335324
1336802
1332804
1331856
1335374
1339695
1340139
1346084
1338175
1332957
1337532
1332336
1334810
1340104
1341925
1336767
1334722
1338130
1336267
1332086
1337766
1332794
1337255
1334908
1331999
1335869
1338532
1342386
1338014
1333177
1344845
1338949
1331843
1340836
1335484
1330262
1340373
1336146
1331785
1337959
1339851
1338377
1339074
1338621
1336954
1340468
1333901
1340104
1328504
1339782
1337339
1339841
1332940
1336717
1340751
1334054
1331940
1333133
1340295
1331522
1339087
1336288
1337607
1339500
1332455
1334308
1340464
1339505
1333533
1338139
1342140
1336491
1333114
1331923
1336849
1336940
1337997
1338022
1332460
1338982
1332127
1335875
1337926
1334403
1332674
1336508
1343542
1334389
1332395
1331839
1338157
1340962
1334977
1336458
1334032
1334806
1335297
1336007
1330512
1344989
1337572
1337117
1341530
1344289
1333919
1341552
1343072
1333579
1337600
1331308
1340501
1335915
1346075
1331518
1339131
1337460
1329835
1329107
1340646
1340622
1338681
1340834
1332023
1330805
1334219
1336178
1333046
1342598
1339322
1334358
1336181
1334934
1340001
1335294
1342218
1339687
1335567
1334415
1332939
1343131
1340712
1334820
1333017
1329997
1342405
1342592
1335373
1335069
1340861
1337512
1331758
1330364
1333884
1345126
1331451
1339235
1332611
1334801
1338126
1338070
1338936
1334367
1328950
1340083
1346522
1339928
1339069
1335102
1331590
1333913
1334891
1341113
1346536
1335138
1335510
1337021
1332495
1330989
1333862
1336024
1339409
1338549
1334274
1333719
1335455
1339625
1334537
1340764
1335633
1341913
1335124
1340420
1336515
1331168
1334209
1338262
1339658
1337110
1338225
1332706
1341779
1338659
1334728
1341248
1333152
1335669
1332096
1332844
1342584
1339133
1339528
1331594
1340455
1333429
1336374
1343335
1335592
1338527
1337403
1337616
1335622
1340098
1333380
1342632
1330478
1338230
1333627
1335432
1343988
1337352
1337721
1339379
1335015
1334259
1330010
1337605
1332925
1338412
1340108
1330823
1338612
1336618
1340985
1338681
1339663
1336597
1331185
1335576
1332778
1336377
1331448
1332749
1336219
1345043
1337939
1342946
1327825
1335095
1333446
1333409
1339453
1341625
1335824
1337036
1345974
1341283
1341091
1339669
1341943
1338531
1335730
1338219
1340714
1339045
1338427
1331752
1337389
1330944
1336402
1335593
1337091
1339681
1338393
1331602
1337136
1338443
1336412
1337743
1335333
1332770
1329021
1332277
1338215
1331964
1335551
1336624
1332802
1337938
1341978
1332945
1337368
1346215
1340882
1332678
1338456
1331898
1337683
1341039
1332927
1333211
1338825
1335057
1330808
1339743
1341583
1338379
1336929
1335308
1332202
1334449
1335428
1340510
1337729
1338770
1344213
1344655
1338533
1342748
1346021
1337809
1332789
1344000
1332652
1337804
1332284
1328215
1334789
1336253
1338749
1333452
1338487
1331237
1345167
1336450
1336757
1336107
1330335
1343502
1336077
1330048
1342825
1340550
1336217
1335025
1341806
1340088
1344443
1339639
1338888
1338889
1337147
1343209
1336092
1335570
1332679
1329823
1337306
1339741
1331095
1339670
1333545
1335284
1339526
1336225
1334178
1336064
1331205
1333450
1335715
1341601
1332705
1337542
1333584
1331146
1338342
1334584
1337843
1330067
1337601
1335459
1339537
1342905
1337896
1341164
1342680
1349862
1337082
1335300
1336981
1335816
1336109
1336564
1340536
1335514
1338896
1328206
1338643
1338722
1334403
1331674
1336944
1336332
1336777
1342838
1333722
1333008
1333907
1331750
1331393
1340061
1343730
1339063
1336198
1340289
1332520
1334168
1341751
1328621
1344156
1338479
1334438
1333215
1338906
1334297
1334562
1339987
1338876
1335037
1334843
1335509
1340438
1335779
1340047
1332261
1342383
1342527
1337061
1335551
1330213
1333197
1336990
1341253
1332701
1337806
1339920
1334473
1337473
1339880
1333050
1345904
1337592
1341849
1334320
1339463
1330232
1335035
1341149
1331111
1336013
1336770
1341394
1338717
1341633
1335914
1338048
1346154
1336648
1337062
1339696
1334888
1340274
1339063
1338457
1341437
1336816
1339184
1333197
1332742
1337326
1337242
1343226
1337084
1344536
1338697
1340348
1338395
1336465
1336503
1338224
1338292
1343513
1342401
1339624
1331469
1341178
1337100
1338390
1341321
1344680
1332963
1338295
1331504
1334155
1334105
1334430
1336996
1334496
1332890
1334397
1339228
1332010
1337091
1340776
1342489
1336629
1340613
1337777
1338743
1340138
1338347
1337136
1337072
1337836
1332080
1330490
1333164
1332271
1340760
1336800
1336657
1329938
1342945
1337872
1335072
1337144
1332253
1331739
1333637
1335094
1340595
1338572
1331913
1336098
1333354
1337919
1334601
1339935
1332055
1345191
1338513
1336313
1335200
1335427
1335795
1340307
1337838
1339470
1340732
1337757
1342284
1336908
1338804
1334716
1332219
1332427
1341601
1339328
1336740
1338689
1334431
1343600
1338022
1341689
1333931
1336662
1334244
1339678
1330984
1338327
1333466
1340217
1334642
1343980
1334402
1336833
1338602
1337351
1340288
1335853
1330995
1338394
1338431
1339165
1340886
1336652
1335042
1338206
1332892
1339207
1336235
1332237
1337953
1331398
1336565
1333485
1340769
1332577
1334261
1336032
1336372
1336066
1335626
1340047
1339660
1339788
1333087
1339296
1331393
1330863
1339674
1335856
1338899
1331786
1336253
1337477
1340615
1338139
1333470
1338187
1333169
1340655
1334813
1343225
1339590
1336319
1339811
1334108
1333557
1342539
1335285
1330104
1337966
1339780
1333109
1330872
1339974
1337497
1333028
1336868
1342377
1333163
1336210
1331894
1340340
1334812
1332997
1343821
1342273
1338120
1337040
1338408
1334691
1333713
1340600
1333997
1338688
1338390
1342373
1335117
1334027
1329839
1341229
1340616
1338770
1339278
1344213
1342687
1334338
1339999
1335937
1334882
1342464
1335632
1331263
1347311
1333944
1336570
1336554
1342561
1338123
1329897
1333638
1336770
1327925
1334014
1342543
1332636
1337624
1343007
1328551
1338363
1336821
1337429
1339682
1342646
1329531
1332900
1336892
1332975
1344394
1332660
1329902
1335838
1332613
1338456
1342392
1332992
1332284
1336985
1334284
1332646
1337224
1339675
1332172
1338486
1341407
1333632
1331983
1337658
1336354
1338152
1341550
1340457
1337130
1339415
1336747
1337162
1334464
1333947
1333651
1340224
1333230
1340725
1335708
1342103
1334954
1332783
1336817
1336047
1330033
1336681
1340725
1339655
1337346
1336543
1332707
1339377
1336683
1334865
1341625
1335415
1330826
1333087
1346795
1340009
1342774
1339931
1335784
1333531
1334811
1336471
1336408
1339658
1341533
1339700
1342146
1337766
1340813
1340285
1337977
1340211
1339701
1334873
1337013
1334636
1337479
1341730
1327906
1336680
1332553
1343399
1338236
1335153
1341984
1339463
1336928
1338045
1330953
1333610
1341919
1340100
1340364
1330836
1345983
1335173
1341790
1335510
1337815
1340753
1341724
1338599
1338113
1338710
1335056
1338259
1338332
1342081
1341408
1333170
1334428
1342121
1333606
1340558
1334944
1339260
1339539
1334682
1333841
1342603
1345585
1335505
1338535
1341787
1336542
1337267
1329883
1333487
1337087
1347628
1339981
1343482
1334829
1340586
1332943
1332474
1338837
1338099
1328065
1336279
1337394
1335811
1329428
1340350
1334015
1336685
1338772
1334329
1343411
1335126
1331448
1333439
1336992
1338565
1334870
1334840
1338802
1336217
1337776
1338987
1334961
1336697
1336577
1336829
1329001
1336221
1336816
1333362
1335329
1332992
1339866
1335582
1336618
1339272
1337127
1337944
1333651
1335421
1342811
1335878
1334829
1341131
1334953
1331549
1340499
1336134
1335293
1339530
1341566
1333422
1337705
1333408
1339644
1343682
1341874
1338904
1344029
1335825
1338718
1340194
1335864
1333565
1339752
1334197
1339688
1337020
1335633
1328376
1338924
1337406
1337197
1336891
1337578
1333355
1333676
1341938
1337304
1337102
1335279
1333403
1344452
1335957
1335349
1333942
1336485
1341670
1328313
1338016
1344800
1344530
1341814
1336274
1334731
1337416
1334959
1333624
1333478
1333743
1337655
1331186
1338599
1335372
1334004
1333384
1342919
1332777
1337458
1339674
1338705
1330465
1337216
1337449
1334682
1332287
1337395
1344630
1339824
1341257
1334474
1336225
1336727
1334763
1336594
1340202
1343302
1335582
1346001
1334480
1336742
1340735
1335986
1343064
1337275
1342769
1339934
1330544
1337802
1338648
1330417
1334423
1332333
1338946
1340910
1336862
1344069
1333795
1344732
1338362
1338630
1338172
1330155
1334101
1337349
1333619
1336796
1335076
1336839
1335174
1334802
1333452
1336995
1339269
1341858
1334025
1333613
1338653
1332238
1332929
1332679
1339150
1336289
1333543
1333514
1334651
1338797
1334376
1338910
1335789
1341448
1337797
1339649
1332381
1337973
1330835
1337318
1332362
1339266
1342546
1332907
1338492
1333086
1342045
1341291
1338377
1339252
1338491
1331373
1332504
1338832
1338322
1348479
1335129
1340110
1332959
1334636
1340806
1339514
1338979
1333122
1338155
1333505
1334064
1335612
1339792
1333719
1326870
1332405
1344155
1341147
1339770
1334610
1340138
1333487
1334787
1344028
1337398
1340708
1333655
1334970
1335978
1334255
1333824
1330475
1335230
1343240
1336346
1334327
1332684
1334199
1332230
1331893
1337357
1344129
1334044
1347059
1331225
1336504
1336021
1334364
1331423
1344954
1339176
1333147
1335260
1337432
1336645
1334533
1336518
1336256
1330547
1337689
1336250
1331855
1336048
1338698
1333827
1327137
1335108
1337103
1336505
1336212
1340847
1338594
1333506
1335868
1334321
1333115
1335416
1341277
1339393
1332285
1336970
1339747
1338361
1339872
1341333
1334608
1335938
1340480
1338254
1335235
1335733
1336315
1336090
1340761
1337189
1336307
1341960
1332482
1338355
1339268
1336803
1340040
1340915
1337673
1337757
1334935
1331424
1336506
1329419
1334159
1333062
1335809
1328293
1339367
1331662
1331304
1332986
1337569
1335658
1328930
1333619
1337725
1335161
1341590
1336212
1333803
1329971
1338383
1331549
1343258
1335580
1342542
1340434
1333016
1339359
1330510
1337413
1334611
1338185
1339952
1334316
1339504
1333698
1345893
1334313
1333407
1337315
1333059
1339220
1339425
1334585
1337454
1335120
1334845
1338820
1340757
1333631
1333166
1334546
1336669
1337686
1338219
1341496
1340701
1331859
1336125
1334312
1340546
1338430
1333991
1339469
1340599
1336709
1343759
1329900
1343368
1335999
1340547
1338890
1332340
1329102
1335973
1337224
1340185
1335288
1331048
1343115
1340530
1336329
1338237
1338939
1332536
1337112
1337055
1332715
1337303
1336922
1337103
1341669
1335148
1343092
1336672
1335316
1337653
1338438
1335638
1332310
1340374
1328956
1337385
1335633
1342377
1339515
1338417
1336417
1340302
1344290
1336488
1333864
1343151
1337545
1337834
1343391
1333439
1338646
1338591
1336237
1341043
1334294
1333996
1335831
1337164
1331049
1342181
1337914
1331946
1333777
1341430
1343470
1342945
1340369
1342166
1335152
1333170
1336906
1328581
1333902
1335506
1332033
1345365
1335101
1338281
1343465
1338631
1332742
1330315
1332553
1335808
1336403
1336711
1340238
1334376
1338586
1338227
1331689
1329589
1338088
1334346
1337437
1337199
1340765
1333283
1340944
1339809
1331637
1330035
1333641
1341372
1336511
1333872
1334898
1339049
1340658
1332963
1338997
1334083
1332724
1334573
1338156
1339998
1334488
1338537
1335111
1336863
1332749
1334940
1334108
1330623
1331318
1332499
1336722
1334774
1335811
1338515
1334835
1333924
1329299
1340053
1332941
1335275
1339819
1343065
1342242
1333900
1345521
1332758
1333013
1340815
1336688
1331594
1332864
1336968
1334593
1331181
1335574
1338084
1341229
1330984
1332648
1329801
1338406
1341628
1329211
1340708
1341818
1341404
1333305
1334887
1333503
1332063
1341792
1338914
1335467
1339117
1330368
1331882
1345455
1339066
1335055
1338970
1340323
1337087
1335046
1336903
1344387
1334284
1340367
1339211
1340657
1340016
1335381
1336168
1336729
1338627
1341649
1331200
1331861
1335535
1336504
1341227
1334682
1333695
1340191
1336880
1332657
1345632
1342986
1335444
1333345
1337013
1331278
1332361
1337317
1342055
1335178
1335796
1342654
1337112
1334543
1328986
1342811
1334265
1336440
1337141
1329461
1338241
1344332
1334037
1338461
1335323
1338674
1335510
1330922
1332461
1332025
1339131
1335891
1340738
1339781
1337598
1336903
1337871
1335416
1332563
1333424
1338665
1332112
1334020
1339369
1333407
1339844
1337665
1335979
1339521
1336113
1344226
1340494
1330905
1337901
1327998
1334588
1337327
1336677
1335229
1344309
1338050
1333429
1332137
1332329
1335518
1335461
1340222
1342405
1339234
1339195
1340505
1342993
1335889
1332966
1337961
1334777
1334864
1335637
1331346
1337936
1338346
1334675
1338313
1336036
1337720
1332897
1337175
1338112
1338847
1335502
1334244
1332854
1343951
1340044
1344634
1328161
1337267
1338675
1339599
1341620
1336180
1333041
1337983
1339147
1340078
1332728
1330022
1336430
1339415
1336735
1338425
1341534
1344294
1333136
1335389
1331151
1336015
1336958
1335719
1332260
1338782
1338983
1338232
1333664
1338216
1339833
1333260
1337739
1337194
1332247
1342351
1338475
1325346
1337746
1336413
1342181
1329570
1337819
1334951
1343082
1338296
1337231
1341374
1333394
1331626
1338102
1337485
1333096
1338123
1334729
1344450
1336877
1330338
1338954
1335488
1332947
1334766
1335161
1337262
1338754
1330585
1338375
1334523
1340328
1333673
1338699
1337212
1330722
1341419
1339893
1336777
1335774
1333518
1336826
1332002
1336551
1341077
1340931
1333414
1334078
1337650
1337613
1339445
1342346
1336343
1339304
1333142
1335839
1335009
1337204
1336923
1332841
1339581
1332534
1327181
1339840
1340358
1334568
1339934
1343346
1333613
1334599
1335992
1330219
1339769
1332913
1334840
1337432
1343050
1332641
1335601
1331330
1341795
1328878
1338223
1341657
1337415
1342340
1335419
1350179
1340490
1334087
1335361
1327481
1336082
1332858
1332634
1336798
1338317
1329468
1326882
1326548
1335832
1337992
1344175
1341073
1342752
1340549
1340848
1334650
1337992
1336517
1336890
1332254
1341084
1334794
1334773
1343195
1346008
1335492
1336113
1341167
1339924
1336901
1332866
1342576
1333705
1329383
1341037
1331176
1337116
1341655
1334719
1331756
1336084
1337643
1336354
1340095
1333364
1343406
1337140
1330951
1336744
1334988
1340048
1335100
1336962
1339502
1339948
1344620
1336497
1339522
1335591
1339576
1343109
1333425
1336551
1331146
1342195
1337394
1339474
1338645
1336396
1331340
1336637
1336881
1341187
1344901
1342486
1336238
1341799
1339342
1333982
1333533
1341540
1339431
1340076
1335936
1344150
1335125
1334968
1343594
1332129
1339303
1335607
1340316
1342416
1333835
1328801
1337506
1338253
1338862
1333465
1338255
1334039
1336469
1335977
1333360
1337282
1337758
1331813
1343210
1332126
1342130
1339933
1338231
1333105
1337306
1333577
1331473
1338740
1337429
1344655
1336037
1339105
1340832
1337194
1332930
1337642
1333750
1336100
1336061
1338568
1335733
1333400
1336507
1334118
1332675
1337886
1342222
1337243
1341398
1333141
1333636
1332589
1337261
1340109
1336224
1338975
1336617
1336175
1336929
1335859
1339213
1340237
1334756
1338212
1337668
1331336
1338277
1342089
1332398
1338720
1336868
1337545
1334571
1342478
1338860
1343372
1337723
1335128
1334778
1331722
1340258
1342719
1326424
1341458
1336243
1346212
1339896
1333608
1336856
1337094
1335091
1336629
1339351
1333355
1338185
1332567
1331494
1337132
1333546
1330126
1341766
1337314
1335132
1333851
1334913
1340463
1336591
1330701
1336397
1340801
1335809
1341826
1336843
1342798
1331343
1343546
1338232
1338171
1338451
1335272
1338962
1333432
1340078
1341902
1333424
1339702
1334654
1334747
1332947
1338291
1338528
1334107
1335290
1334509
1342449
1339354
1340933
1336767
1340336
1330736
1337427
1343100
1340482
1342914
1340722
1337290
1332025
1338907
1336741
1337396
1338287
1330300
1336659
1337119
1335174
1340117
1342186
1339279
1335104
1335108
1344116
1333752
1333464
1339172
1341221
1329087
1336809
1336149
1337222
1335072
1342179
1335784
1337427
1339396
1340068
1336058
1338625
1333234
1334538
1332790
1333415
1329883
1335485
1336352
1345732
1333253
1336996
1340615
1334143
1339621
1339264
1336699
1340742
1330988
1342543
1339444
1336406
1330479
1337016
1334197
1336690
1337885
1337533
1339780
1335892
1342031
1334558
1336195
1332825
1330286
1341168
1339219
1335916
1337557
1334812
1339762
1335511
1334648
1338481
1333702
1345032
1341462
1330308
1333592
1334404
1334278
1333805
1331986
1339619
1336078
1332665
1339178
1334045
1340153
1335723
1341604
1338518
1337335
1337516
1336196
1338248
1342516
1334519
1334641
1342877
1336898
1334574
1336965
1338849
1334167
1339936
1334849
1341858
1332895
1333500
1330825
1329959
1343269
1336309
1350466
1334828
1338037
1338556
1337554
1340916
1337228
1335934
1336576
1331380
1331512
1341035
1339997
1335549
1338412
1347931
1332468
1326959
1336486
1340026
1336508
1334437
1335370
1336655
1336332
1336939
1332489
1338574
1338019
1336908
1331898
1338964
1336264
1338409
1334990
1330106
1342042
1335373
1331031
1339489
1333513
1337356
1340911
1337129
1340167
1336275
1338804
1329867
1338169
1333031
1337297
1332934
1332510
1336478
1329050
1340248
1341943
1342029
1338365
1336652
1343849
1336404
1330951
1340743
1339173
1341831
1333017
1335465
1335800
1340033
1341538
1337625
1333088
1342653
1338291
1337789
1333097
1335347
1334789
1333966
1336174
1334721
1336747
1342719
1336503
1334549
1335681
1338196
1343214
1333830
1335436
1340309
1336681
1338693
1341680
1334039
1335134
1334260
1338014
1332656
1336162
1338780
1337211
1335931
1346900
1336853
1343871
1344033
1338224
1341996
1334678
1331218
1333543
1332912
1327067
1341574
1339412
1333912
1335312
1334355
1336203
1341464
1339628
1329765
1330467
1328044
1345276
1338000
1338815
1335359
1337563
1337685
1338706
1331977
1344024
1336456
1338516
1337644
1339855
1338143
1336114
1343757
1327810
1344458
1333044
1338374
1340183
1333016
1335536
1340115
1335811
1339377
1341783
1334603
1334693
1331011
1342991
1334310
1338193
1347157
1329192
1327543
1340091
1334644
1335263
1331685
1329449
1333239
1339880
1332515
1331016
1333834
1333784
1326876
1336139
1338879
1328809
1343821
1338360
1340520
1338707
1334345
1331938
1333579
1337348
1334324
1336436
1334560
1333689
1340009
1340813
1333089
1336799
1345547
1337132
1335196
1338208
1331253
1328618
1339010
1332770
1340108
1336823
1340463
1337471
1338936
1343204
1331013
1342744
1337818
1330185
1335457
1338520
1337993
1330858
1337608
1339650
1340579
1333049
1339437
1336794
1336815
1333620
1337905
1336086
1336864
1334635
1336734
1342920
1332111
1332980
1335189
1336050
1332748
1334566
1341951
1336769
1336245
1343591
1342220
1338538
1349943
1334400
1335692
1337833
1339170
1336467
1336322
1339334
1343175
1332471
1335300
1332782
1338013
1340762
1337009
1336886
1338076
1344342
1333790
1347619
1341294
1337851
1331187
1333372
1337862
1329273
1334917
1342794
1339895
1336747
1333656
1333211
1338074
1333823
1329992
1331527
1332797
1337927
1332120
1340547
1336533
1341918
1332856
1336668
1336691
1330737
1342860
1345543
1339911
1340199
1336912
1332818
1340173
1335106
1339172
1342308
1344741
1328326
1338904
1329867
1334287
1344887
1340899
1331149
1336539
1337607
1337016
1334993
1337274
1334052
1336096
1339972
1332156
1338813
1338972
1339114
1329243
1333692
1340568
1344528
1340256
1339178
1331051
1336124
1331515
1340618
1332496
1336226
1327570
1333592
1338893
1335192
1331606
1337405
1336238
1338783
1337229
1325765
1337183
1340961
1340272
1331598
1335632
1335270
1339089
1338994
1343158
1336922
1342325
1336736
1342012
1337632
1341464
1336653
1338990
1333355
1334027
1337608
1342347
1339289
1338801
1334212
1331112
1337006
1336224
1339747
1334049
1333062
1339866
1333976
1339411
1332741
1335737
1330117
1326948
1338105
1338703
1341681
1339918
1333843
1331569
1338690
1331486
1328775
1332027
1340375
1341691
1336745
1343269
1333214
1332889
1335226
1343421
1334991
1350104
1334524
1334458
1336211
1330075
1326260
1335191
1338167
1336439
1338782
1339525
1332501
1340538
1335981
1330488
1337589
1338489
1334997
1331056
1334116
1340002
1330313
1334870
1335840
1332767
1339414
1331891
1334990
1342152
1340081
1335871
1334572
1332311
1337217
1337741
1342058
1339772
1334517
1342010
1345036
1334370
1335557
1331282
1339242
1331263
1329455
1332792
1335551
1337475
1334214
1337921
1336801
1335932
1337515
1334347
1344094
1333127
1333977
1339790
1337833
1332821
1337422
1337609
1329556
1335802
1333804
1330511
1331622
1338314
1335800
1342417
1342328
1339318
1336607
1337613
1338323
1338742
1340313
1333218
1332579
1336802
1333649
1333514
1336120
1337031
1330520
1338165
1334796
1338102
1332019
1341227
1331955
1332735
1329288
1334836
1332694
1340061
1339994
1338520
1333772
1334282
1340041
1343793
1330016
1338706
1331885
1340480
1339562
1344266
1334157
1335189
1333691
1335291
1332134
1333457
1341155
1337186
1332402
1335410
1332638
1336905
1342228
1335527
1333798
1333601
1335140
1333338
1340086
1334283
1333779
1337679
1334388
1330450
1338059
1329821
1337660
1335656
1332187
1337839
1339389
1342411
1338888
1333682
1339159
1332452
1339900
1332112
1339945
1329742
1339337
1335781
1337610
1336993
1335211
1336656
1330306
1338498
1340563
1336190
1336143
1339008
1339138
1337487
1328430
1337556
1336959
1335855
1332563
1340321
1332235
1335108
1332292
1334897
1336204
1334389
1340897
1343613
1336162
1330439
1340776
1334889
1328843
1332846
1338192
1338621
1346181
1335999
1331516
1334900
1334128
1339011
1334714
1332145
1342681
1339998
1342356
1336349
1335804
1333200
1339331
1333367
1335832
1336919
1334339
1332576
1338147
1333076
1338390
1334954
1338892
1336518
1333166
1336862
1341220
1335246
1334264
1337544
1339875
1338370
1329177
1346308
1335500
1336773
1341776
1333383
1337730
1335229
1332822
1336052
1337092
1341407
1339444
1330016
1332949
1339610
1339834
1331542
1335148
1336753
1334031
1340040
1337975
1338721
1331201
1332378
1336274
1341417
1335524
1340484
1335825
1335171
1339406
1333736
1338860
1338005
1331554
1336859
1336908
1336938
1338544
1344161
1337999
1331794
1339084
1332230
1331034
1337951
1335475
1336183
1333717
1343406
1340632
1335899
1337014
1334958
1333095
1334893
1328274
1341528
1332160
1344261
1336851
1331590
1346689
1344246
1340380
1332857
1334589
1338749
1334014
1334447
1336821
1332784
1334174
1339661
1337065
1331610
1330729
1330635
1341046
1332449
1335454
1336619
1337373
1342842
1343676
1332297
1335621
1335784
1333627
1334012
1344237
1336621
1343075
1328119
1331669
1330823
1339045
1334511
1335364
1330932
1331899
1333979
1332344
1335007
1339807
1332285
1340474
1335964
1334582
1334058
1341510
1337930
1337523
1338429
1333730
1337783
1337075
1335838
1341498
1335089
1327378
1332809
1336619
1346022
1337173
1343187
1339656
1338126
1333724
1331150
1339693
1339990
1339487
1334709
1330035
1337843
1334716
1334417
1337185
1336910
1338155
1334602
1333689
1340139
1336865
1335842
1336397
1334428
1338241
1339034
1336586
1331291
1333969
1335693
1334065
1343667
1340687
1340831
1330699
1338140
1339790
1337941
1338245
1332873
1326835
1336572
1343039
1339969
1334158
1331181
1338443
1338278
1334164
1331103
1340268
1336962
1335659
1334816
1337607
1330108
1338321
1332420
1339451
1334333
1334503
1331932
1340707
1342895
1331892
1334913
1334540
1333758
1332861
1334344
1338546
1337937
1335629
1335925
1333363
1338210
1340261
1344967
1337270
1338472
1338124
1338860
1341410
1330694
1332103
1333923
1336344
1334874
1330480
1337382
1340547
1341417
1336832
1337468
1338413
1337517
1340204
1330888
1337130
1340895
1335147
1341851
1330650
1342418
1340617
1334571
1337613
1336826
1339771
1337668
1336733
1339208
1338718
1340517
1343073
1339790
1329279
1333110
1338111
1337994
1333021
1341884
1334136
1332288
1341585
1337779
1336370
1335901
1335426
1333415
1341391
1337812
1345107
1336558
1334875
1340671
1338189
1333959
1344526
1339144
1342581
1338387
1336031
1334114
1338597
1333050
1336000
1332884
1341005
1331436
1337085
1332679
1337350
1334452
1342048
1339029
1336129
1330759
1332102
1337303
1336489
1346343
1341370
1334860
1329606
1333580
1329644
1337690
1335430
1334302
1335729
1334555
1333575
1336295
1337911
1332624
1331921
1345951
1343593
1344272
1335307
1339040
1334663
1337722
1337974
1345980
1341531
1335385
1340440
1334871
1338599
1331925
1339622
1331578
1328908
1344562
1328699
1336022
1339494
1329965
1332293
1331388
1333054
1335533
1344122
1340441
1340435
1336609
1332635
1337052
1340638
1339474
1336406
1338483
1338753
1344526
1334937
1333188
1335521
1333249
1337198
1337065
1336238
1337583
1337034
1333123
1338407
1337291
1341546
1332770
1341390
1343111
1337576
1336032
1338708
1336037
1339914
1333930
1336661
1337911
1339717
1334681
1334048
1336495
1336925
1334018
1334492
1331697
1338170
1338135
1348415
1332366
1340256
1341964
1338263
1338631
1336162
1336206
1341533
1336743
1333588
1335429
1332293
1334754
1327436
1326905
1334581
1333301
1334263
1332469
1331270
1336911
1337912
1337410
1328414
1340957
1338084
1340249
1336145
1328227
1337880
1336173
1334527
1338976
1336925
1341198
1339377
1333979
1332864
1335142
1334811
1344058
1338803
1338786
1337710
1333028
1337149
1335573
1338314
1338353
1340547
1340276
1347983
1333600
1339761
1336778
1336015
1332063
1339365
1335724
1328206
1336821
1331591
1343676
1339651
1334571
1342130
1334969
1336414
1343936
1336729
1332272
1337402
1336013
1337475
1338560
1338065
1329932
1336625
1337607
1341082
1334072
1336383
1334014
1338058
1335019
1337294
1343553
1340990
1336002
1336915
1330285
1341367
1332646
1332460
1339187
1337054
1340340
1331592
1334544
1329928
1332553
1340584
1334808
1342850
1334614
1328214
1341795
1339016
1331122
1339914
1337856
1340239
1338192
1344490
1338934
1330045
1334079
1335906
1332093
1338698
1331247
1339982
1337595
1334935
1338001
1340634
1334258
1340651
1341864
1336130
1333103
1341701
1334928
1340893
1333778
1339387
1338407
1343168
1335568
1340931
1341383
1335726
1338605
1334788
1350988
1338359
1335560
1340871
1333823
1337425
1337134
1337727
1334364
1341696
1337570
1339790
1332363
1342063
1333160
1333110
1330812
1334998
1337046
1337638
1335394
1331881
1341969
1338226
1340051
1338120
1337654
1346383
1335721
1340817
1342062
1340621
1336407
1337163
1333782
1333807
1343793
1334728
1342228
1334704
1332537
1336578
1336064
1330525
1334956
1337932
1330098
1339234
1326919
1339358
1338441
1332044
1335868
1339917
1339693
1333517
1337555
1334610
1336551
1335265
1338422
1339115
1343811
1335486
1335776
1336690
1344912
1333430
1337390
1335146
1338069
1334144
1332758
1339832
1332056
1339103
1336143
1334971
1346353
1335248
1334548
1338114
1333619
1333815
1338771
1338559
1331301
1340509
1330091
1343592
1338832
1335306
1340545
1340340
1339853
1337649
1334607
1336784
1329329
1336406
1340399
1343297
1336239
1336236
1335189
1342004
1347241
1337401
1337953
1334013
1335788
1337623
1340363
1338226
1338582
1329458
1335655
1337491
1335641
1330515
1333479
1335772
1334314
1341351
1337690
1333895
1335864
1334974
1333878
1337880
1337801
1336061
1336682
1331324
1335577
1337185
1340747
1334992
1342694
1335853
1335385
1342610
1338838
1337444
1344848
1333370
1340934
1336035
1337179
1340655
1339570
1334546
1346449
1335848
1335654
1331943
1333299
1339937
1340471
1343363
1336147
1332738
1336222
1338507
1338900
1337238
1341021
1343195
1327066
1333235
1337448
1333786
1342719
1333445
1333886
1336239
1330878
1345241
1336491
1333602
1332131
1334061
1333729
1334926
1341567
1338081
1333509
1338955
1342663
1340505
1340960
1334257
1341224
1340235
1333159
1332396
1335897
1338407
1334631
1337289
1334124
1329245
1336478
1330320
1335818
1337689
1329620
1337707
1336212
1345598
1330612
1333949
1337623
1333878
1338422
1342082
1338051
1329836
1336017
1339477
1338183
1337284
1332298
1341669
1328081
1337579
1328846
1325409
1334121
1331764
1329739
1338883
1339494
1337914
1341888
1329967
1345948
1332688
1338132
1336016
1338045
1333744
1338417
1333379
1340980
1340687
1332956
1329779
1332529
1333043
1334747
1338759
1332661
1341031
1339780
1345653
1336975
1341556
1331055
1338149
1332888
1333606
1349581
1335978
1341917
1347402
1336779
1338170
1335312
1339582
1342949
1340447
1337704
1342828
1335635
1339915
1335642
1332954
1338393
1341029
1333445
1329973
1340189
1338879
1331524
1343310
1333440
1336402
1338018
1345240
1337918
1343774
1339628
1336494
1337923
1333137
1335498
1339310
1337732
1337352
1337056
1344089
1335312
1332664
1336917
1341465
1338953
1338518
1337965
1333998
1341894
1332456
1336270
1333278
1337424
1337785
1340575
1329767
1340757
1336200
1331527
1334417
1340793
1340630
1327072
1343129
1333199
1334363
1334394
1336429
1334172
1337858
1335845
1339338
1328076
1343639
1338919
1336562
1341751
1339271
1339526
1330211
1329932
1337897
1339045
1342827
1335391
1333206
1341112
1335105
1333503
1332080
1336294
1336169
1336993
1335857
1332366
1339390
1343343
1338409
1344382
1333898
1340439
1333425
1332283
1341765
1337231
1334967
1341902
1333636
1330030
1336631
1334661
1334179
1335664
1336425
1332086
1337284
1344418
1335532
1337155
1344890
1335916
1336222
1338178
1341346
1332198
1337081
1344158
1332401
1335592
1337215
1338056
1341876
1348922
1335153
1340933
1334497
1332740
1333052
1332270
1334839
1339206
1335738
1335509
1338558
1332547
1339415
1330475
1331240
1340764
1339821
1332835
1335241
1329951
1339583
1345237
1338913
1335188
1336612
1346647
1338102
1341860
1334756
1332366
1342626
1342063
1338266
1338497
1331721
1332596
1334358
1344208
1335161
1340855
1337300
1332060
1335646
1334741
1337172
1347153
1337326
1341789
1333227
1333619
1333877
1340029
1337841
1337453
1336792
1337199
1335608
1334828
1337128
1337282
1333906
1339672
1329384
1339021
1338446
1334341
1334224
1339704
1335867
1335289
1336988
1336317
1329944
1340137
1340314
1332679
1333636
1330536
1339152
1338176
1337738
1333543
1336319
1329657
1335389
1336544
1336476
1340797
1330376
1331406
1343515
1338351
1339917
1335520
1329462
1338498
1329085
1333089
1338916
1336095
1332758
1331912
1338082
1333386
1338051
1339599
1332822
1323739
1334539
1338706
1341030
1335483
1330525
1331879
1335671
1337325
1331074
1335194
1331467
1336072
1331487
1339980
1336382
1338493
1334214
1334650
1343375
1338703
1332735
1340989
1337540
1338162
1334918
1336668
1333161
1328704
1334915
1340474
1340127
1331999
1334585
1341351
1333385
1344703
1336226
1343558
1334322
1340107
1341199
1332015
1331396
1338584
1339392
1335693
1336172
1342271
1340893
1338175
1339533
1339047
1335409
1333840
1328215
1339010
1331461
1337140
1340510
1341456
1339796
1341018
1335249
1336990
1337964
1331110
1343411
1338241
1331452
1339584
1339268
1335687
1338474
1334768
1340404
1337766
1335481
1334671
1336742
1331088
1338781
1333938
1339499
1343357
1335611
1336856
1337711
1340574
1338511
1330283
1340628
1332969
1336977
1336790
1333721
1336183
1339125
1336145
1336913
1333113
1336148
1335007
1343573
1334612
1330109
1334535
1342471
1340212
1335287
1339400
1336650
1334293
1331053
1337102
1337398
1341701
1342351
1336078
1335541
1335276
1336771
1338945
1329643
1334429
1334063
1336314
1333296
1345752
1334845
1339027
1331970
1336407
1336144
1339391
1336086
1340563
1332876
1340038
1338666
1333098
1340762
1332748
1336991
1346863
1339427
1337278
1343659
1336677
1337915
1336790
1333116
1329741
1334573
1335836
1338426
1337247
1339367
1332127
1331692
1335483
1337173
1338004
1340370
1331649
1337040
1338582
1340925
1339917
1338315
1339617
1340225
1335622
1337777
1335279
1334606
1336180
1338033
1333558
1341463
1334874
1340074
1335748
1336808
1336169
1338711
1332004
1336905
1335019
1337106
1336660
1334349
1333338
1343647
1334519
1333373
1340380
1342583
1337957
1341887
1335922
1335801
1327183
1336278
1342097
1339743
1336396
1340409
1342777
1337648
1330961
1333903
1335300
1335967
1341709
1345862
1332681
1339633
1337092
1331165
1334730
1337212
1343429
1338018
1338135
1338819
1337444
1340258
1334107
1333886
1337082
1335246
1334606
1330823
1340553
1331526
1335869
1334801
1345520
1333558
1333841
1337599
1340027
1336810
1331371
1332783
1336962
1333204
1346254
1341549
1342972
1343033
1337984
1327783
1332923
1334715
1335278
1336095
1342270
1337918
1333148
1335926
1335232
1333908
1336731
1340706
1336811
1338806
1334744
1331313
1343891
1345310
1344138
1337772
1339479
1339053
1328694
1337433
1336377
1339698
1337510
1342769
1337794
1337417
1334811
1332663
1327634
1335682
1332208
1342146
1336237
1339205
1343024
1339496
1334545
1333838
1333336
1342307
1337254
1342768
1335726
1336895
1335366
1338783
1337250
1334564
1336240
1329987
1335631
1332976
1340398
1335710
1339287
1333210
1334208
1335193
1336244
1334283
1336771
1332676
1339606
1334189
1335510
1341018
1338561
1337676
1338817
1336034
1339550
1337033
1336767
1338013
1342387
1338120
1337101
1327943
1335531
1340555
1331997
1339882
1339762
1339020
1334226
1333270
1335381
1337503
1329841
1342838
1330953
1341355
1329415
1334603
1336528
1341503
1341827
1332470
1342558
1337595
1343498
1334064
1341176
1338312
1338499
1348203
1338355
1338535
1336501
1344600
1332942
1346789
1329617
1335136
1334979
1337710
1337302
1337949
1341395
1337681
1339775
1338155
1329095
1333323
1338447
1334526
1339630
1336024
1333329
1332450
1333255
1338478
1344404
1337796
1342816
1337439
1340615
1341090
1337059
1334074
1338984
1338778
1345135
1339374
1347809
1334451
1335250
1337599
1336163
1341797
1331892
1337924
1346431
1337740
1346365
1339191
1327855
1333031
1333669
1334358
1337838
1341495
1327367
1341698
1334171
1338293
1333412
1342621
1336469
1331844
1333164
1341473
1337096
1334728
1338069
1340414
1342630
1341506
1341961
1337456
1338144
1334634
1337872
1340786
1335759
1338382
1337086
1335036
1340809
1339822
1339846
1343167
1343611
1337754
1335293
1338637
1339584
1341904
1335429
1339342
1335951
1329611
1336449
1332032
1340737
1338145
1343554
1330298
1333136
1333616
1339472
1335705
1334794
1336930
1334716
1335454
1335983
1334311
1327591
1340126
1332380
1334367
1337587
1342979
1338469
1337435
1338725
1341254
1335911
1338501
1335973
1340716
1339245
1333128
1336347
1337763
1336794
1336937
1335179
1340434
1338563
1339719
1343518
1330558
1337731
1335611
1338999
1343483
1333334
1330355
1339018
1340074
1334938
1342524
1339060
1332951
1338434
1334520
1338629
1333657
1338377
1349110
1344412
1341179
1332398
1333513
1335305
1337933
1335447
1335182
1332521
1343782
1335376
1340477
1331037
1333789
1338215
1337808
1336673
1338687
1338574
1341732
1332882
1343328
1340211
1336162
1336656
1339131
1334825
1334443
1332447
1346949
1336705
1334301
1340083
1332700
1336947
1339364
1337573
1335288
1336661
1340081
1337783
1343293
1333310
1334885
1339249
1329724
1334004
1338680
1333596
1333516
1337727
1338777
1343043
1340219
1334283
1339105
1338213
1337123
1338659
1337546
1336478
1336183
1336581
1339541
1344025
1336596
1334540
1331199
1333048
1338372
1340992
1334562
1347937
1338395
1339807
1340018
1332068
1332233
1345498
1336278
1335978
1335927
1338127
1338232
1334312
1332694
1343956
1335224
1337833
1340269
1337322
1331756
1332142
1337438
1336361
1336149
1334205
1342023
1334353
1336542
1335503
1334128
1345037
1340828
1337825
1337344
1333332
1345934
1339448
1345389
1335322
1335752
1342891
1338574
1343398
1345417
1346026
1332891
1341160
1336366
1337000
1337257
1338165
1334954
1337841
1338100
1340059
1337488
1332901
1338296
1334940
1335740
1341172
1338781
1333637
1336896
1336971
1340282
1338955
1334546
1340225
1340343
1333163
1341327
1336711
1336034
1338529
1335795
1339440
1338758
1334922
1336014
1341373
1332663
1335338
1345821
1338962
1342194
1336371
1343644
1339662
1335023
1339186
1333225
1339562
1330479
1336592
1343608
1342740
1333306
1338681
1339165
1335521
1345891
1339107
1337012
1333845
1336509
1336683
1338464
1336084
1336728
1335242
1329631
1336223
1335334
1339329
1341629
1345561
1334915
1342678
1336302
1328092
1342420
1337227
1331564
1337273
1337507
1340957
1342231
1339988
1337441
1337765
1337516
1335438
1329787
1341447
1333473
1341271
1333944
1341138
1331781
1335505
1329870
1335198
1335055
1330892
1326217
1338445
1334724
1330266
1337677
1341034
1332409
1339604
1339845
1334018
1336230
1338097
1338254
1337024
1343827
1340009
1337183
1340952
1329739
1341408
1337322
1338309
1340253
1339736
1328741
1332025
1333475
1333390
1330917
1333360
1334523
1335288
1340838
1334658
1337679
1336766
1342058
1344116
1340563
1337273
1340689
1340502
1341980
1334910
1331258
1334970
1331415
1337974
1338111
1339545
1332547
1334979
1334913
1336615
1332686
1336403
1336770
1331672
1334696
1330822
1340356
1332529
1333951
1338897
1330437
1337071
1337295
1339541
1349135
1344011
1340156
1332086
1331289
1345428
1335833
1339613
1333610
1333745
1342104
1338033
1336627
1335363
1336150
1334146
1330376
1332474
1343661
1335282
1334590
1345723
1333436
1336885
1332087
1333225
1338249
1334083
1338871
1337127
1341072
1343149
1334578
1337739
1341297
1332062
1332509
1333465
1333466
1335750
1337691
1332003
1340771
1337614
1334882
1337935
1340416
1336545
1336825
1338895
1338903
1337085
1340291
1339750
1334859
1343655
1331214
1335104
1336565
1341611
1342083
1338907
1333702
1343111
1334010
1342440
1340849
1339930
1335867
1340074
1339471
1332828
1335630
1339274
1330159
1333611
1331695
1334191
1343393
1339769
1339846
1335875
1335290
1332463
1333408
1338564
1334032
1347101
1340169
1340058
1332945
1338659
1337568
1342229
1342638
1339639
1334162
1338462
1333399
1335687
1337761
1335940
1334214
1338576
1340107
1342921
1337330
1334956
1333444
1335647
1340655
1335636
1335515
1330957
1333947
1334406
1332188
1332663
1337073
1346080
1337444
1335074
1336245
1333113
1327104
1331535
1339335
1339335
1333460
1339840
1332456
1340061
1334502
1334523
1332342
1339120
1336318
1339471
1336954
1337611
1335171
1331350
1340505
1336730
1336865
1335885
1339218
1340536
1340387
1333934
1335498
1339721
1340776
1339863
1337956
1344805
1336288
1342956
1332739
1327770
1335427
1336131
1334881
1336538
1338494
1336156
1334057
1336635
1335512
1335968
1330941
1341792
1335005
1338196
1331679
1331223
1339947
1340368
1336218
1330897
1336152
1326384
1336440
1336258
1335455
1339911
1334644
1330059
1334689
1341020
1339206
1338910
1331112
1338875
1335411
1333257
1333883
1337192
1342278
1334467
1337857
1335134
1344741
1335000
1345155
1336795
1340547
1333067
1337749
1343607
1333771
1339837
1344116
1339869
1336865
1331752
1335149
1339365
1341536
1333283
1342832
1332219
1344840
1342611
1332774
1341598
1339698
1336853
1337249
1333878
1339291
1335274
1338459
1335249
1334364
1337762
1340412
1333920
1339175
1339077
1331243
1334645
1339725
1335479
1341742
1332776
1333295
1338671
1333933
1343953
1338584
1340146
1333953
1333605
1336430
1332040
1327158
1337770
1342576
1343307
1339537
1339801
1338015
1342785
1340763
1339941
1333320
1337016
1341692
1335868
1336157
1331814
1337594
1339973
1333566
1334406
1336310
1342839
1339353
1336223
1343715
1342249
1339716
1334955
1340654
1332845
1337273
1333645
1340696
1341625
1341327
1331729
1336318
1338747
1339470
1334674
1338966
1337137
1340907
1337723
1333371
1332108
1330848
1336081
1339561
1339042
1330727
1344797
1338538
1343891
1342062
1338092
1338996
1333155
1341547
1339888
1336565
1336793
1337726
1336383
1340109
1339189
1342582
1340029
1334550
1337218
1340450
1335865
1336758
1334023
1338667
1338537
1332706
1334283
1336132
1342895
1341012
1336608
1333754
1342061
1334058
1340776
1343547
1337991
1335722
1340473
1346531
1332729
1339564
1336348
1338894
1336880
1340454
1339535
1334985
1342734
1341123
1332592
1339970
1333749
1337547
1336693
1339601
1344988
1333502
1333634
1334432
1337820
1339150
1334859
1337104
1333422
1337551
1330475
1336372
1342047
1332417
1340970
1338230
1332081
1334996
1336136
1334918
1338918
1340518
1337015
1334479
1341534
1337795
1334034
1337401
1335150
1335341
1338332
1336362
1341267
1337227
1335764
1339990
1339711
1336400
1338544
1340406
1329887
1336180
1337862
1335246
1338720
1337241
1341711
1337408
1338571
1334233
1337059
1335177
1339204
1336152
1326869
1330279
1338279
1333640
1334928
1339220
1337154
1338847
1342383
1336691
1335089
1333345
1342114
1331028
1332929
1339553
1337575
1335344
1332736
1330425
1341643
1343838
1334825
1340431
1337612
1337209
1338327
1326516
1336419
1341101
1338267
1338770
1332040
1345435
1349737
1341707
1340302
1330581
1344191
1339097
1338142
1335387
1330472
1334979
1334906
1337737
1338442
1340441
1340271
1333682
1332634
1337401
1336430
1336750
1343170
1336949
1343932
1335618
1343300
1335175
1335432
1335180
1340081
1339968
1345469
1334125
1341057
1342083
1338894
1339203
1338134
1344711
1338124
1340145
1330847
1333766
1336220
1336260
1337817
1331012
1330864
1335686
1337336
1335731
1336509
1339171
1332816
1338493
1337627
1341223
1334423
1342614
1335501
1339580
1337739
1334295
1332274
1341614
1333660
1339690
1346310
1333998
1334329
1335849
1342129
1334196
1336340
1336971
1337808
1345465
1339026
1341358
1334958
1340936
1340774
1332713
1336769
1339964
1329616
1336423
1344822
1338104
1342268
1337810
1333105
1336909
1333533
1340442
1329680
1333269
1332578
1333389
1341782
1334828
1331409
1335239
1335983
1337084
1336505
1335838
1331320
1340795
1333534
1337275
1337852
1335971
1335401
1337169
1336720
1335738
1340991
1342211
1335481
1331552
1338543
1335616
1344023
1339230
1329625
1333928
1336217
1340467
1341387
1334946
1333823
1336839
1329028
1334082
1340390
1340295
1337661
1340153
1332035
1338797
1344025
1336548
1334753
1342070
1337811
1333897
1335591
1337988
1339778
1333345
1336014
1334686
1335257
1338678
1332667
1338318
1337502
1344007
1341195
1334559
1332822
1330401
1341186
1331546
1340811
1331129
1334864
1336558
1334697
1338959
1339088
1339637
1335985
1333283
1333888
1336546
1335455
1335363
1341282
1339866
1336546
1335497
1334224
1334029
1334258
1335338
1329959
1335186
1333739
1330164
1341610
1337521
1338372
1340504
1341871
1338518
1339044
1341242
1328899
1337732
1341057
1330205
1332175
1333716
1333203
1327975
1338592
1332534
1337647
1338816
1337815
1342823
1335875
1335141
1331465
1340084
1338427
1332118
1348110
1337421
1336510
1339400
1336743
1326969
1337523
1337874
1338699
1336337
1343175
1339488
1340311
1335154
1335684
1333688
1337279
1337264
1339992
1335035
1342447
1337401
1338348
1343600
1334770
1339379
1337569
1331167
1340916
1341546
1337687
1334099
1338835
1337961
1337144
1335956
1343821
1330496
1342705
1337315
1338625
1343646
1334750
1339222
1337921
1337272
1333339
1340526
1331049
1332506
1333828
1342282
1338582
1333016
1336358
1337776
1331292
1329794
1333256
1336476
1341894
1336083
1339473
1332523
1340266
1327854
1335572
1334319
1330057
1338807
1337364
1335179
1342444
1335600
1334379
1339787
1331947
1337131
1340770
1337088
1329429
1334374
1336993
1341305
1326910
1334977
1330117
1340724
1336511
1334115
1332365
1329484
1335519
1336944
1336970
1330832
1334965
1337818
1334657
1335825
1336358
1339269
1334221
1339452
1334548
1328075
1332821
1332922
1333699
1337773
1336606
1349064
1335245
1327870
1338579
1339152
1333711
1336096
1340013
1340852
1331535
1338941
1341392
1331912
1334540
1341614
1332185
1341042
1339254
1337855
1338637
1343672
1341269
1335753
1334906
1338856
1335238
1340098
1332614
1337424
1333528
1333629
1339214
1326543
1337041
1337565
1332743
1341251
1336421
1342787
1335709
1336367
1339439
1338890
1331834
1334004
1339690
1338177
1338909
1340407
1339756
1338244
1344231
1343878
1334914
1334032
1331263
1343992
1336429
1332891
1335910
1338660
1331962
1340893
1338313
1341495
1343708
1338650
1336102
1335873
1337955
1339967
1343634
1344088
1340794
1334084
1341000
1338815
1340564
1334934
1330479
1337627
1342869
1339453
1327417
1336564
1336925
1338706
1332814
1331999
1343992
1333538
1340527
1335701
1337240
1335808
1338324
1342442
1335465
1344234
1327305
1338378
1332963
1342132
1337733
1333584
1345039
1340172
1343791
1336055
1336681
1338239
1345767
1337078
1333606
1332841
1332430
1335293
1334126
1343290
1342474
1336614
1336991
1337996
1338266
1339684
1335445
1335807
1332501
1334689
1326451
1336943
1342270
1337455
1335166
1332177
1344895
1338258
1343788
1329865
1339680
1333675
1335667
1335031
1336675
1334971
1340878
1335775
1341488
1338137
1335485
1332597
1334656
1336628
1329858
1336798
1337363
1335056
1347758
1338253
1337895
1338128
1335481
1334886
1335557
1338006
1340457
1329442
1340660
1327837
1337760
1332978
1342171
1337273
1338867
1344899
1332277
1340004
1336080
1343028
1337685
1336394
1336026
1330829
1340417
1338637
1333927
1335648
1338952
1334547
1338361
1337722
1337842
1335847
1338279
1341642
1335410
1339826
1333017
1336717
1337140
1334064
1340014
1332133
1336631
1339271
1343222
1331762
1331311
1338168
1332635
1338932
1339052
1337373
1333263
1342162
1334520
1333111
1338378
1334046
1338748
1339131
1331535
1331648
1329425
1335748
1329727
1342256
1337920
1341313
1337250
1337836
1337279
1333478
1336572
1338030
1337275
1340988
1337626
1339606
1339408
1337525
1332235
1338229
1336478
1338597
1338119
1333764
1331038
1334934
1339991
1341180
1332306
1334634
1336580
1338143
1329899
1334520
1337670
1337870
1329224
1342224
1332039
1341974
1335199
1336825
1338142
1338441
1329678
1334588
1338857
1341865
1342994
1334930
1336906
1339445
1339017
1335392
1334029
1337229
1343818
1328098
1335097
1332867
1337004
1342189
1335413
1334883
1334700
1331054
1334352
1338645
1333400
1337533
1335372
1334726
1333145
1333856
1333614
1334330
1344761
1333015
1333135
1342717
1338132
1340118
1342808
1339750
1337652
1339713
1331487
1339176
1332230
1338123
1338992
1342336
1337256
1337237
1328667
1331809
1333266
1336644
1333197
1334436
1331572
1334664
1335511
1335919
1331923
1337066
1335982
1337842
1336757
1335467
1339094
1333249
1342776
1333175
1338986
1334834
1337393
1338229
1338201
1333883
1333191
1339313
1340929
1332941
1338762
1340634
1342065
1336846
1328278
1335507
1347092
1341748
1332191
1343209
1335504
1333712
1338581
1335577
1337243
1326543
1334159
1332306
1335693
1339501
1333625
1341819
1336402
1340755
1332250
1337644
1334460
1344352
1346526
1338660
1332411
1334604
1333350
1343166
1336684
1331841
1341396
1340561
1339329
1342446
1338431
1337574
1340195
1336725
1339914
1341837
1341175
1337866
1335275
1343953
1334722
1332802
1329832
1338360
1335931
1339227
1338555
1334664
1346298
1337111
1334816
1335470
1337044
1333690
1342765
1336878
1339360
1339291
1339347
1341171
1340074
1335809
1333752
1335219
1326310
1337109
1345621
1333221
1342410
1337208
1336785
1339327
1332858
1340243
1343120
1342203
1331561
1336318
1327291
1337085
1334247
1338169
1335049
1338766
1332277
1336959
1335237
1332902
1332396
1333234
1338068
1338786
1333395
1339186
1332293
1341690
1335383
1333307
1338054
1336707
1346251
1342733
1326405
1334046
1339524
1336395
1330751
1337379
1338072
1341462
1342980
1338039
1340025
1335027
1335465
1339757
1331602
1334704
1335217
1338632
1334049
1330922
1340794
1335393
1336161
1338112
1337434
1339834
1338878
1339265
1336118
1334237
1331918
1347825
1335446
1331883
1345563
1338814
1340537
1332186
1337344
1337630
1330163
1345848
1337982
1331816
1332061
1332550
1339128
1335431
1344895
1341554
1343565
1336737
1335821
1335944
1336705
1336157
1330881
1335618
1337920
1339301
1338765
1333602
1343921
1337692
1336588
1341240
1338941
1336828
