118004
114577
113236
112191
104509
123403
120565
106021
118284
117373
120931
107910
113029
110953
113769
108861
119995
120433
117674
119404
118729
112143
111934
109401
118893
109002
104064
120847
117222
116772
118934
112354
113359
121808
112777
117836
122264
115949
118131
115999
117842
112872
109416
115001
110345
114199
106237
109244
111722
110175
117133
115184
115503
111228
112174
105927
111843
107944
114389
106492
118754
108993
106015
115914
111780
113496
119570
111214
109312
122598
115479
110185
127970
106824
110522
108226
105062
108446
104237
112341
109585
121072
120314
111268
108859
112670
116748
112667
114250
108264
111659
114236
114817
119532
122465
112684
114851
123292
121495
124485
113701
118584
117273
113837
112467
107339
108770
116421
115731
114718
124072
112980
107884
117525
121046
117983
110648
116353
115680
117285
122434
106743
108649
117627
115232
119701
113287
111625
119172
110333
109192
120768
119486
112275
112219
109429
112524
114484
121269
123804
107175
118650
122378
112746
118085
115686
110985
110963
114794
113546
106633
117575
116322
110310
103951
103812
119260
119102
115398
123774
105542
118245
119120
115502
125207
117003
124023
114403
115446
118976
111980
115072
115811
113267
107019
119970
107275
109924
107503
106941
112801
104863
112174
123890
112456
105562
108555
116352
116040
113591
116861
114787
105371
110929
108573
108445
108396
106779
120918
119252
125124
111192
113212
107907
117618
111272
114671
113767
113938
120440
117302
110946
110462
111482
126810
124803
129163
124057
119691
108208
109377
119819
113542
111965
119401
105348
108885
113308
117649
122176
115353
120135
116448
120602
107164
120034
114501
116343
111439
113802
119652
111419
116490
112132
108883
113409
109697
113331
112600
112161
104618
110795
118169
116462
112479
114539
113269
111697
116399
114867
111141
111548
114931
107634
116900
121089
115401
117993
117780
120997
108975
111492
119735
113451
114621
108684
116129
107480
109390
116837
112738
109206
120599
117790
117075
107518
114368
112498
117827
113609
117152
117083
114127
108980
107812
109001
111446
115127
113519
117049
116356
115325
111751
118409
112234
115582
106074
118668
111969
115109
118038
115347
105458
114278
119150
119576
115538
121181
116124
108147
112940
116147
123064
114647
117234
115308
115584
113432
106798
116374
113137
109409
108018
107629
115201
122497
110914
112043
113144
113107
115512
122273
118445
114620
116525
122770
113154
113329
118480
121342
112931
115569
110055
118201
103960
110116
115296
121380
124444
118154
107976
119487
118453
115676
115114
114629
109322
113073
107718
112498
116360
108803
113362
109443
119240
113095
124036
117446
115403
117607
111361
124167
122421
105349
118624
112457
119278
109041
115369
120637
114454
117573
110798
112192
113057
123413
110042
113853
113952
109339
112384
115290
109333
120536
113330
115846
109102
113433
119772
115320
109960
116662
114716
100125
115987
123789
108680
120451
113920
116799
109046
102711
105636
117810
115670
114790
113411
112748
115507
114558
107816
114239
116623
108960
111815
114218
110779
123544
115981
111523
109174
117388
109549
111057
129549
114615
116695
113163
109196
109700
107759
114225
115240
118222
119207
123118
119805
107739
111658
105744
105252
120897
122205
108212
116295
111226
118186
120467
114961
115900
116464
107150
117402
109164
120798
120971
109711
120431
115892
115973
114243
121468
116572
107865
109560
117137
115766
110579
109529
118079
115453
110156
114061
112191
114773
117066
118085
114893
120942
111984
112790
115212
112912
118588
112453
114718
113556
111132
114182
126460
113920
116624
118833
121399
123528
120666
114091
116445
109320
118206
115460
115089
119496
120536
118164
115829
115350
112093
112471
113627
113948
114552
114811
108051
108132
120815
117401
107266
115798
116039
120994
108778
111421
120563
110727
107346
123674
122317
117378
112858
112430
112692
119427
112787
114273
115008
110817
109593
118077
116149
114580
111290
116720
124754
110220
122269
127479
104877
117855
108091
108324
105515
119301
114341
119186
108893
113731
105921
115883
113324
121137
117294
106481
111866
111086
114825
114858
127691
116993
111762
113060
112342
106995
111501
118972
121087
116916
105349
113186
107908
111697
111597
114174
120084
121426
105003
125158
124665
109685
115792
114757
115257
115673
115580
108323
112410
109013
108688
116336
109491
107299
120844
110891
109658
112031
120305
112909
115754
120059
112651
111301
124012
116716
115854
123345
108707
113478
111501
113130
112602
117784
113542
116968
110621
104546
112973
114501
112655
121266
113251
112550
113103
116414
113369
111765
117549
111182
121946
105094
115577
116167
118209
109284
106461
116686
111742
120072
119181
117277
111940
115623
112769
112024
118114
113679
117935
107963
114306
119210
107947
102930
114608
119761
113768
116343
118503
115854
112078
111436
116271
110374
109542
106548
110617
102147
115447
109632
115977
118624
109747
117828
120096
115013
108569
110139
113476
118503
116501
113209
111157
111659
114647
110048
116523
108472
110993
106737
113156
118804
119484
120062
115965
117887
112756
115084
114811
111909
114404
122278
111649
113856
111903
106791
109149
112142
119521
117449
113181
113411
108526
105585
112839
118521
125895
105909
109341
116839
106239
115872
112835
117852
110424
108662
114026
119359
117867
120848
120289
114315
111002
109219
106541
118612
111594
127038
107591
111622
113451
122586
113983
109999
111812
108316
111129
109160
119486
112589
113664
105990
116802
110486
115862
110542
115141
112778
112432
121140
115988
112358
113779
116735
119138
112177
111024
105560
113794
117471
113421
110556
116749
111325
112319
109476
119590
117375
114701
115372
119493
122675
119070
110052
105141
113758
112050
109516
114709
124233
116933
107152
111270
120705
114470
114866
115289
105281
117388
113624
124073
120974
105990
107848
108823
117435
112124
121797
117986
114092
112098
109866
112232
110351
113200
112268
115365
114295
114194
120309
109949
106222
112058
116131
110372
119423
114979
115492
119750
116564
115232
115094
119589
118871
110426
119289
109351
115146
114938
114666
105364
119914
111051
105884
113646
104562
125466
122137
109772
113534
118120
111247
117848
113347
107456
115921
127578
119828
115484
119963
118178
110926
115813
113953
113062
108547
104319
122736
113200
114004
118399
118882
120640
116137
115422
114427
110238
110576
118108
111413
110415
112362
118873
110878
109321
113176
124196
109227
122235
120934
121212
112496
114569
110037
112080
120659
117580
111842
110097
120079
110674
109662
109646
112502
111308
111267
118715
114045
115861
113019
118367
114598
117857
109596
110062
114673
117587
112960
112704
123890
111223
116066
114528
113251
109675
112892
115317
119968
112915
118441
116943
112081
117125
120607
122668
110929
116324
118959
122580
113134
119876
110982
111266
112792
120826
124931
120452
112340
112531
122283
112710
107124
121543
117150
111944
109983
114943
116739
112539
112205
111740
107805
112868
113287
121440
118299
109568
109443
110839
117914
121924
114073
115194
107777
116748
111541
108881
104601
112769
119332
110150
112666
111863
114221
108651
109942
110377
117403
111012
120228
124240
120254
110629
111622
115923
109502
117084
110213
115084
112467
109932
110089
113344
110148
114302
125582
102254
114047
114503
118761
113045
112170
117659
114531
105264
120788
116135
112948
120801
113396
120754
118694
126326
117554
122270
119626
114764
113973
114137
110155
121626
107174
116941
115261
113412
111376
112080
112274
114607
111663
107734
110777
109468
118269
113663
112304
110607
111714
108126
113210
117494
110416
110224
106744
119598
118255
115654
115242
113435
111958
111815
110619
116995
111651
128558
110743
110174
117728
118220
120550
108463
107621
113958
112143
105926
109405
117604
115143
120793
113759
116153
116362
116028
108759
114910
118869
114002
110728
114656
118421
106237
113976
114250
112300
108775
116956
113475
114648
110145
115517
118240
116281
121269
108013
116212
114409
114744
110507
112556
110398
118160
109661
110447
105267
114232
117510
125225
109364
105631
114412
111698
115123
104877
114818
119056
114829
112342
107070
113113
107977
111833
110747
118405
112976
110763
109879
110434
113831
122913
113186
105427
130851
116230
117602
120480
109395
108889
116933
115490
106414
110633
111838
114889
116080
118445
118440
114786
115282
108024
114639
119413
110918
112701
115607
120965
123471
108449
120208
103962
123080
125008
127106
115456
113433
110725
113210
99580
111119
115718
108162
115665
107599
113852
112252
114561
108790
112783
104943
108180
108063
116464
116706
114335
120370
109355
116770
124129
123405
114445
118847
106147
113576
111707
108704
121312
114501
108641
115957
112293
111428
110400
113110
116205
115090
116029
120033
114079
111026
105989
120774
111952
113111
113217
120991
118457
116300
118758
113069
119397
112182
107378
121920
114291
109110
110008
109446
116485
120126
117566
110029
109195
117246
121702
118206
112755
112825
118979
117586
112401
114936
113014
113753
115792
110327
117148
119461
118529
109609
125143
119692
116498
104762
111741
114603
120112
110792
109571
119513
109392
122791
99719
115824
113967
118640
115972
111514
121307
122565
115114
113333
113556
113966
101673
120369
117989
107570
116693
116786
117241
115224
119827
111454
111787
110604
113576
111124
113878
110196
120554
111607
113923
116113
114026
114496
119549
108096
119617
108938
124068
109428
121406
113656
118837
111164
116818
108278
114791
119020
121410
111781
120260
113813
113835
120411
110765
119177
106891
111013
115338
115594
120557
120314
111575
120808
108630
107207
115079
114997
121437
117535
114640
117392
111179
109568
111512
118588
110623
111175
114636
112703
116198
117556
111643
117062
109374
116795
121957
123442
113005
109874
114502
110002
110896
129168
115367
117803
122116
119261
110617
107103
118778
114295
113572
113530
116081
112928
116263
111074
123000
108707
119616
117061
103948
115929
124007
117721
114150
115221
107487
115657
107786
110601
112229
116319
116774
122806
109781
110499
109910
114598
116352
111503
112713
110945
116320
110119
110522
118551
108324
112149
107992
113587
108315
112647
113337
112213
117123
112905
111223
124693
107976
115589
112302
116619
120894
112593
120456
111651
112572
117139
112870
112253
116601
113102
117379
112669
109860
119781
120601
108223
121393
113115
119484
119042
111801
110715
113186
116301
117312
118345
122412
119682
113125
115602
118397
112046
117439
114986
115010
112557
113740
114219
116867
115389
120799
106826
117529
116277
115763
107628
111188
113502
120992
115966
117442
113903
117821
116441
113734
118084
105554
123381
122556
111396
105734
112420
106533
106797
112556
111263
121291
115539
119643
117230
114071
118148
105436
114853
125971
114850
118709
117680
117406
116858
118620
116011
112445
116217
121573
112897
114092
115201
124681
113326
110974
112479
112380
121002
111684
111363
117897
123745
111861
115254
118978
115093
112296
106531
111292
110057
112742
110890
114117
121004
116719
119408
106998
118192
112949
114486
118782
106088
114118
115277
121892
113662
108211
113039
113725
126965
115627
117300
106346
108783
112731
112389
108201
106207
118718
119535
118214
111008
118332
112656
110582
111544
117748
117821
109037
126213
109960
113413
109321
127732
109850
111978
110355
118587
112705
108976
113294
115703
103851
117282
110392
114932
111734
110113
116987
125871
121594
104611
110011
117314
112310
112980
115203
117787
117339
113724
114976
121756
112135
110005
114904
121226
117476
111978
111966
117992
120361
127473
118014
121795
114133
121281
114655
114355
122263
121053
112544
120802
126104
109197
109671
109540
106507
121785
120911
119396
117680
108836
118078
114672
115076
110561
117407
128202
115072
108744
120765
117990
112396
112283
112417
114801
115464
114672
117966
126341
113132
112558
109190
118933
114078
123215
119547
123580
108300
117525
106805
107246
115609
114204
115920
115890
121963
119694
115760
114300
111388
120657
110069
106446
106756
112941
117573
125463
103581
109536
110227
123099
121132
114154
123117
117649
109779
113800
113968
115273
116713
112853
113737
109244
109209
120660
104924
114026
118621
119593
114192
113059
108963
115298
112684
111482
110358
110254
110568
113215
110599
117459
116631
111071
106955
117619
110368
116666
117588
112683
115917
110148
117184
102312
117661
115936
117010
108304
115076
123420
111607
110654
111522
106762
119682
114891
112050
114549
121376
115974
103750
121786
109129
109100
118780
117235
112827
122553
112456
114144
113795
111639
107970
111302
111061
111726
115865
114486
109973
110663
118313
123741
115796
114601
113426
108957
108790
118056
109404
116371
111389
115149
116877
118822
115464
118892
117523
117240
113155
116999
115965
118034
115236
120084
112998
115947
121973
114031
111867
111764
111591
111655
113432
125092
111379
116828
115715
115919
109752
114096
114242
120903
112353
112058
113565
121039
111180
115997
110450
109224
120650
110662
116330
103732
110762
119778
106993
114371
109286
110657
112650
115462
115939
120899
115118
118352
120147
113307
116406
107250
114099
113948
116191
111913
119968
115002
111722
107904
128595
107634
108392
114112
116636
112153
109230
115907
115417
111556
107914
117123
114148
109123
112291
115279
110869
118300
113641
114736
114431
110640
111606
114137
113384
108881
106705
111941
124898
108538
116134
112257
108353
112651
116716
120742
110394
113997
120561
113308
115833
117780
112466
106559
115051
122308
118865
113349
115977
120980
118087
113733
114124
120243
107754
115558
119881
114180
120361
117393
110654
107634
116705
118942
115425
113885
108152
125994
121647
108230
108563
109164
118416
110091
110430
116549
112911
105969
114720
111558
113383
110332
122355
113604
120019
110003
127149
113361
123974
116405
115781
105128
111411
108455
114130
122553
124835
123992
109680
114292
120346
116799
107147
115371
115554
117742
117009
120537
126023
107356
116468
111117
121263
112943
111059
116434
114931
115272
108678
126456
111013
119481
107847
120150
110321
115427
109955
117639
119255
117918
117991
110690
115507
112995
113808
112306
114427
112412
107339
116440
121902
113130
118642
117891
114887
110010
113005
110628
112145
112520
117484
114795
115803
111870
117893
114880
104726
107851
117993
109925
118925
99618
121905
116048
119640
117654
113344
123630
107081
119686
111546
119349
119332
120762
110308
117565
118634
110861
110111
116437
119594
116235
113671
115755
111157
113062
116067
122980
119951
109869
122453
107606
106036
110902
114102
109688
111531
111430
113494
107251
122780
107989
108899
109863
113019
115002
117827
117558
113007
119673
115429
122520
122686
111022
107314
107854
114167
112155
115589
118444
109631
110130
118326
115163
121827
104457
119697
116110
111393
118657
124651
120266
117433
120118
113359
112430
111270
110026
115745
121987
103489
130095
116326
118712
115449
109455
121212
112198
113461
117950
113585
120619
111001
115624
114106
114295
111679
113133
119800
115855
122876
118658
120639
108722
111854
113450
107380
113108
117507
118340
108368
109670
114013
118613
110542
119590
115857
113743
119022
114506
109189
110189
109107
111372
117073
115285
111813
110301
114603
118470
114483
114777
106698
125397
125640
113926
111369
105117
116988
111314
117056
112844
112726
106005
113159
112995
116086
109560
109914
123467
114545
122080
113969
115176
118048
113979
113783
107823
115823
107136
117993
108468
114501
113996
118307
112315
109671
123983
113891
110890
124113
122046
107110
118170
117806
113922
115586
113428
110218
109157
105209
116532
110364
113139
113130
111768
116237
108441
105640
109968
116948
109174
120808
114358
117864
119605
107980
107387
112165
112571
109541
106216
116068
129396
121491
109121
108192
114645
118050
120012
109381
111817
118084
114545
115041
117227
118889
103575
117511
121728
109813
115612
122882
116324
114155
110635
114252
115394
119565
116206
118920
119126
113190
116880
105508
125080
107548
115864
108500
113726
109545
112409
110197
111574
118088
115530
112491
114281
121068
122750
113483
104347
111826
114879
117186
111171
117049
114107
115548
112291
116854
112776
114155
115094
104509
112315
120131
111134
119186
108999
121885
111679
113172
110987
107447
111017
108976
113364
115834
123159
110442
107149
106546
115669
114992
114238
119868
113761
117269
107796
112991
116941
108343
110849
114307
118289
119056
116865
115615
115936
116159
112992
107870
111492
121743
118565
116606
114535
111236
112938
108095
103172
115553
111652
110912
125045
109074
125950
117294
107437
121936
114664
114067
111336
109717
111379
115637
111114
107234
111184
104543
117976
110711
124662
113268
113946
110473
111846
108780
110519
109156
121912
119941
120882
107617
122277
117566
105944
116012
117952
111937
115154
117379
112591
116730
120000
104095
111662
117154
112441
113464
115223
119269
117269
121257
128329
113702
111499
112701
111925
102057
109914
111700
119191
109048
115737
114303
124188
109665
113836
110434
114545
110377
112786
117937
117074
118286
115351
116788
111216
110753
112943
104060
111330
119849
122960
114194
121952
106428
121922
113818
114618
115490
109077
111823
113102
117351
109038
106831
112029
113756
112571
114392
122026
118513
114900
114937
116164
111804
120470
118303
111915
119366
114244
122796
112381
119916
119830
110902
119194
116247
107173
114892
110629
108967
107774
114940
118023
113363
118493
118633
111719
111719
111749
111665
114670
110045
123671
105375
118376
113208
116051
106306
126771
109865
116240
117947
119359
109476
109754
119458
117428
119062
121579
110061
113169
105840
116228
115888
114488
111429
110939
112082
113477
110289
119854
122343
112128
106725
113402
110111
118965
116763
114880
116453
115830
111623
115794
105473
112370
104736
124046
109532
120305
111518
107207
110741
115279
115331
107080
119506
115162
113016
116417
109086
113703
113823
108541
113944
114921
116165
113960
120018
115263
108578
114632
111559
111954
127421
116672
114647
106550
113933
112232
105939
117116
104738
108342
116669
114728
124597
110353
125387
120040
110217
115311
117404
120584
114345
115893
105256
118457
121413
109382
113601
117910
113428
110758
114586
114977
113890
115904
114646
112167
109302
118102
106956
110997
107566
118260
116369
113605
110257
110361
114403
110259
110645
106493
107932
105253
116868
109801
117736
112036
112339
116948
112604
114562
118767
112050
111736
111944
109853
112960
118704
117154
113453
113622
114685
110846
120112
113634
115103
113267
119487
115226
127108
111818
105872
110120
107805
112860
115963
116562
123379
115686
113948
110588
109565
109313
113358
112941
114987
118905
112367
114328
118535
108342
108282
117672
115000
109749
109304
115378
110404
115878
115828
114312
120938
111340
118104
121037
109919
110996
113981
120990
105589
117842
116354
112990
106855
116703
121574
99683
106936
116689
116128
115154
118888
112302
116652
120937
116971
111114
114734
120521
116829
111642
112279
117034
103588
104049
124910
118810
125227
110282
109420
113944
114181
105144
119377
118860
122084
110132
108281
115294
114838
111554
107764
113359
117773
114561
113262
112914
116139
114278
115268
111696
117479
114889
117997
113301
112721
118445
119147
107149
112499
122252
119774
117129
116301
114347
124982
113908
110424
111154
117353
113135
109133
109381
113323
122312
122459
111316
125229
114970
124454
112043
108357
119012
118512
115296
117955
105413
112483
113992
114000
112985
118135
119145
110036
122367
116222
117248
112967
126181
118426
107793
121546
117998
113165
118707
110407
114783
125898
115359
115926
109544
123662
113843
113698
122354
110122
114859
124251
123525
110657
116878
117736
107202
131468
115587
115084
114659
120466
112663
115796
119720
108372
108573
114242
119759
114156
113875
114014
121667
112675
120033
125700
114259
111915
114075
110791
113111
123267
117121
109722
109459
123484
118881
111103
114348
118020
114140
105789
110520
107229
112376
122073
122125
115047
116371
113009
107721
114991
114411
109426
111897
113964
104196
107204
107656
115400
103523
123300
115466
118554
111288
122644
121381
111304
115530
118389
111293
114311
118887
121296
111626
118308
124197
108844
110932
106052
123892
121305
113980
115757
123515
115373
116166
120300
115550
114588
108449
116453
117838
119532
123469
114315
115058
111974
121520
119004
107452
115578
109507
114102
118598
112358
108363
124269
114216
114809
124622
111989
109435
123543
116548
108279
117192
129034
117688
119361
115112
111393
119171
116943
107488
118495
115933
113492
118652
116728
114495
109187
113409
120445
106691
108917
111841
118944
110124
105867
116061
109379
112806
111603
110116
113127
110325
106696
108967
117164
113757
110937
105116
113076
114629
118440
118400
121856
118845
114380
103631
111797
111472
110725
110190
117957
119815
106768
117816
115605
110790
113022
109250
118870
118617
112599
114157
112995
126464
122258
110702
108432
110971
112908
124865
111888
115988
116835
113264
119226
111623
118390
117155
102566
107872
112209
124408
114069
122514
121603
118818
118182
113201
115289
106689
117193
118630
112348
116606
113425
110867
123311
101999
111777
115584
107797
113057
112237
115386
110099
104079
110554
117572
114645
116739
115088
112732
112929
114123
131331
115052
111700
113757
118602
120111
112940
111393
121869
117491
117024
110486
113763
105231
115665
107146
120445
105254
113926
108253
114557
108999
110641
106554
114249
107936
117041
119419
111787
105747
122279
120980
109785
114038
105592
124179
114232
117860
120861
112575
110097
112871
111827
119661
109968
114391
111862
114354
111946
113375
116145
107338
120239
119172
113507
118527
110056
110910
111285
108310
112311
104815
113498
121524
117718
112878
111210
124566
109455
113351
119790
116458
118593
113685
110151
109893
127715
115859
107291
109553
117513
108144
120582
115598
119099
123118
117375
111640
115846
109034
117445
114563
112591
111729
117657
119153
113568
108623
119256
111043
110633
114914
114446
114254
111463
114731
123949
111932
112119
114429
112548
116961
105806
112065
117221
107981
112127
114268
112596
113767
119360
117771
119489
119508
108868
119527
107931
119563
119766
106692
111052
120906
107025
117316
108890
123613
114249
108410
114869
113125
124705
112582
123701
113652
112343
112964
110919
109528
106888
112705
108700
114529
109758
110309
114331
118730
118689
115676
122012
112997
116271
112912
117692
119167
115793
116349
106119
118506
117718
111754
104710
118534
104196
111498
115829
119694
110399
109289
117159
122068
120115
114369
121216
115976
122354
121046
112936
127745
115151
113215
104282
111522
106283
105553
110862
105633
114269
118281
113150
115556
112965
112408
105834
114468
104973
116164
116182
119443
112570
118788
111061
110011
116915
108765
114226
110240
107451
121852
104515
117933
113184
113408
113594
121162
119916
117020
116599
109104
114447
107457
118633
111469
111772
118421
110372
109498
107000
118182
113253
106547
110024
116501
117596
124410
116255
109586
111586
110785
117628
111923
106817
116898
109884
115141
109005
118999
112986
108509
124452
110237
118855
114662
117558
110313
116949
117878
123970
113821
117177
113562
113243
110762
114036
110595
107898
114195
114464
111119
107963
111704
117914
108861
112630
112813
108466
109180
110894
118960
114143
106824
118489
108107
113388
112119
112023
121720
120025
117217
105834
108493
113290
112895
122366
114241
124143
111157
121793
115273
117341
109421
108765
115699
112719
106723
116131
119094
111192
124532
111808
116124
113216
112389
109798
107418
117602
116576
113745
113654
117675
112451
118294
111288
113637
113702
113942
101534
112135
109114
110648
108756
117465
117615
126417
111605
108346
110660
115338
114525
116505
106531
110758
113353
119570
109173
108483
116169
115318
110532
116980
103132
113051
117001
110099
112820
116737
119227
112618
122426
117691
127946
114889
110246
110518
110872
111324
115798
109206
105651
125612
106582
111292
109085
106728
107297
117442
122451
122767
108605
105467
112163
115875
118307
105445
124423
109996
118299
115915
111852
114237
115591
113632
119101
109132
111989
108083
121536
109520
112107
105766
109446
120109
115915
122537
112898
116853
123674
117263
105280
117172
121211
107359
112638
115297
111671
110840
112089
118263
110394
110028
109514
114978
111322
118572
120170
118723
109168
111944
111984
116686
110550
117368
117499
111928
111470
116354
115481
111185
115186
109609
115510
115931
117660
109432
112582
114861
119518
107349
121223
114376
124898
110762
113584
108530
111439
119193
114790
114437
116296
117091
109783
116947
108819
107937
125809
125009
108110
112361
116638
113338
116733
105723
111887
114922
114758
118169
114385
115713
115222
110349
113709
118585
109740
111038
107688
112246
109150
113775
110376
110540
114603
108410
109955
111334
111563
109051
115692
106396
114948
118065
111016
125954
117246
106399
111653
109018
113928
121557
113058
114416
120857
109321
112216
112461
119160
113914
113615
115611
111595
111911
129679
113256
108714
111606
117407
111792
113155
114312
111977
113100
111064
118683
119376
114764
107417
117302
112334
124121
107105
114335
118435
105861
118964
114408
116042
107304
110755
113852
111573
120665
122976
110254
112192
114811
117397
110498
121157
118609
113551
117869
114772
113797
113403
111129
118931
116835
111444
108788
112356
110323
119268
115581
116728
112419
120903
121062
113564
122670
111422
113798
111004
116426
113540
114300
113687
115531
121991
112598
119232
111921
113290
107543
116915
117830
112475
113158
105805
119738
107824
108453
114988
103714
115210
114745
118331
109994
112388
116517
107774
112503
108282
105150
120368
111261
118400
105211
119625
108265
116282
111469
117094
126427
116989
122401
108210
119547
118903
106017
115424
116469
124461
120798
114899
112779
103486
119171
125134
108286
116313
113853
105071
109842
108199
110943
118204
110800
116818
121826
105729
109904
120889
116316
108230
120752
112297
114316
113053
120604
109915
110602
113302
117293
114742
121837
121011
113549
117407
117305
110530
115924
116974
120742
119267
113286
115482
116070
108931
116788
114665
111582
111035
122124
116044
119672
122714
122260
105310
124990
109273
112897
120271
120475
115225
122605
114085
121919
100188
117040
117528
111517
119020
110129
112609
119535
115215
115477
110262
110806
107701
106400
106141
112617
104293
114145
116579
115220
114436
108791
115267
111212
113470
116846
119264
111963
108755
103805
119587
119605
105653
112847
113612
112746
116839
114664
113747
113352
121553
120228
110361
109191
115838
115077
112945
110272
117614
118897
120272
116309
111235
120722
116429
125865
112925
114956
115551
108567
112537
115235
114542
120578
118880
114129
116761
113312
115433
115150
112019
116300
108657
116420
110918
117101
109717
111478
109252
115674
111372
110024
113103
108802
109603
119827
118877
111473
114106
116979
108358
110204
118833
110620
116756
118153
110421
109548
114631
109294
106649
110648
119554
113662
116294
116013
117006
107617
115512
114472
110128
111019
112177
107654
125747
119817
112652
114453
116637
113788
107411
112289
111074
117510
119279
116364
113840
119339
115427
110862
116913
115396
113174
119244
113597
118555
116200
109287
110687
118193
113508
112443
118226
116247
113396
117090
107323
121353
117377
123688
116689
110994
109654
113775
112383
120971
114919
106571
113676
122554
112401
108312
102519
111371
103388
114771
112692
114178
112350
111955
106413
108802
102693
114760
116045
120023
122083
107458
118032
114312
112132
110857
117227
110701
111039
121026
106336
114720
111409
109338
118698
111638
102069
114389
110776
117310
114744
117140
112945
116799
115547
113164
114852
104403
117093
110359
116441
119849
114624
112317
116446
107116
115733
123369
120011
110791
113192
122682
117734
113345
106654
111539
112672
120341
121284
121055
108049
116905
110136
122665
123667
114696
117978
127852
108586
112297
109552
109292
121647
110675
114759
109946
111182
106817
109349
114098
115815
106433
121064
108318
115898
112193
122857
115415
120967
111873
117482
113291
122106
110214
117204
116067
109174
113407
117107
114223
102399
121240
114026
114360
114896
108610
115411
114650
118512
113568
122399
117292
118205
116696
109718
111294
109902
116364
111680
115308
116976
113282
121383
122093
119993
117926
110863
124015
118551
112380
109238
105127
118883
110960
119995
113964
109608
109481
117062
107718
125137
128569
112202
125613
120315
117088
117332
114821
111714
111527
104747
121944
120602
115972
116280
113987
109339
117102
112628
108961
116757
114375
112751
115542
116241
108007
112536
110907
115921
119798
108015
114708
124178
117296
110274
120034
111372
110564
109623
113234
104157
115634
117012
117053
120049
108806
115877
109384
115034
109849
110110
117303
110735
112793
116514
115074
108236
109191
115970
113897
118579
115701
112082
109968
115834
120366
114120
112446
109694
108209
112358
109782
122688
109016
112517
111805
113904
115183
109238
123937
116509
117381
117095
110497
109715
118412
117700
110684
112223
112223
118069
111123
113128
118388
112974
119365
113216
111084
121077
111006
120653
109883
110298
116884
117462
114982
125237
107226
112889
110298
118252
113838
122077
116850
121345
112113
116711
115433
119317
112811
108346
110013
111433
116364
116682
119293
115944
112961
118954
118571
118060
114951
114999
107888
126163
118236
113385
116790
112444
120144
106642
111911
115331
116407
117158
116631
110670
118976
119971
125826
111516
115422
119507
116691
116973
113478
115151
107522
114526
109713
111528
109631
118831
110962
114375
105796
113417
122073
111203
109625
111570
114850
115626
106881
115621
109854
107813
136564
120238
115597
109437
112558
113770
114678
111666
113213
110157
118397
116207
115402
117401
115876
123211
105203
108306
106950
120711
111048
109502
114349
110594
106183
112366
125495
116448
115899
102662
113642
115687
113306
117325
118518
122048
116830
120927
114387
109956
117647
113743
117987
119668
114160
117259
111187
113374
107268
113918
117411
117697
110926
120547
117418
112332
113532
111050
111505
115647
107672
125030
114912
110523
115478
115121
117868
106151
120663
112760
118232
103337
106887
117189
114744
112366
112548
114978
115077
110442
115765
120122
122238
121017
111879
111597
113176
119808
118848
108183
116469
109923
114999
115277
108973
117512
115159
109262
115352
114001
118497
114306
109509
110926
113435
117825
104378
114513
105876
116339
124118
116935
120223
109005
106467
118506
119798
110763
118293
118239
108355
109640
114973
117000
116731
113435
116156
109116
121010
113036
108267
105655
113215
113023
107745
109948
116095
117883
104303
117712
120055
118999
120928
116899
116459
110918
117375
110791
114057
109697
122431
110932
121351
109185
112992
108703
115749
122878
116092
110928
115119
116859
117815
116667
113923
119360
121809
119511
120024
107772
110571
114350
109163
121573
116564
111018
117405
121869
119105
117997
111383
112941
114504
109382
112671
119196
122422
115848
113014
104377
114388
107412
110836
116425
109904
110387
110747
115517
115864
126485
125199
117351
114423
114190
118112
116340
118361
114793
115424
119699
111339
107763
120914
111321
115475
114650
111576
117540
122463
113689
109661
109828
118936
116035
105769
116456
115407
110209
108823
120243
127910
113183
110589
105545
109831
115011
110309
108732
118364
124442
116560
108015
110015
109272
114430
114429
107877
111232
117084
117984
114468
114378
110768
119617
116113
116622
121848
108634
117889
115277
114974
108919
106296
105272
115819
108617
107578
111276
112645
111891
110953
119481
122139
115831
106837
113335
113516
117142
111271
113850
110248
101886
114185
112520
120699
117037
112014
116052
111875
115660
110028
125742
118953
106319
116202
113307
124462
112886
124624
114860
120228
118654
111609
118309
102491
118605
113157
112939
119086
114528
111290
120252
113426
119373
123307
119293
117250
118268
116858
111347
108513
114859
110680
125672
108053
108772
114063
112790
113622
104754
113419
112634
120175
117852
113554
117070
102186
115965
120420
116060
110049
114104
111671
105884
113155
112447
110424
119972
120055
115621
123924
115056
125891
116492
114739
117335
129593
111871
114710
106827
109340
112852
113643
119216
119508
111117
110354
110482
113417
107167
116138
112408
114046
118409
114765
120860
113816
105456
108576
111728
120608
115286
110887
121698
109381
104880
111134
113827
107461
116497
120316
118430
117356
121838
113167
113074
106312
116302
113969
110758
110437
113197
118585
113385
119078
110505
114573
114165
110641
120106
109094
106702
112298
108838
116946
116790
111635
109694
113271
112926
115130
113722
117363
112174
122926
110024
120366
120482
115055
112248
112307
116888
112006
111298
113633
116896
111677
111240
112956
113895
113011
114460
113014
113418
124547
115452
113352
118651
109150
116130
112622
113242
121781
110543
114097
119535
112489
113223
109935
116358
117935
113298
109436
115274
112536
120594
112637
112645
111150
121437
116744
116695
115629
118355
117501
116367
109962
121857
111385
116753
114489
114303
117365
112234
112938
113763
114514
105041
127110
110035
116378
114590
117418
115541
111879
115291
113912
119938
107634
115369
119776
117129
108906
105980
109727
116778
109871
114766
109565
120593
112292
114054
113474
110404
115404
111791
111749
109601
104939
107914
113456
117103
110778
119325
106918
118948
103269
116113
121784
114161
121214
103232
127693
116471
121337
102884
107490
126599
117362
122147
114088
120539
121502
116155
115535
109003
111300
112042
115091
117389
105359
122008
111169
113642
113798
109618
108306
112571
114299
109791
120177
115170
109059
114018
115806
116696
107303
111221
111860
114343
115121
105569
114981
108858
113824
124272
114086
117477
113983
111103
116204
111586
124249
114139
118096
110712
115792
121710
110923
115176
112910
110169
111859
116557
113663
106227
115800
111205
115986
112543
112718
112519
110494
121660
116870
117801
117032
123928
112261
111825
118208
116424
118354
115057
115062
132739
117227
120410
117864
115674
115558
113233
105828
107704
112750
115736
120200
124833
120787
114257
112437
102045
112458
108110
103769
106914
108854
111334
109210
111098
109461
116777
110530
106768
115956
117717
113225
108694
122391
113290
111371
114576
110154
113557
118824
116690
107198
114611
120872
107585
120257
106987
111831
104361
115258
115701
108727
119441
114065
120386
117819
114046
114540
112000
116848
116898
112111
105063
116589
112245
111165
113051
106589
115676
111800
112311
122801
110930
125557
110110
114729
112433
113273
120827
111520
110241
109009
111549
108253
119050
109397
120792
120367
117899
114907
108877
112661
116819
113865
117956
115248
110114
116121
111789
112900
113834
108986
106804
112999
110676
126522
104311
115992
109115
117755
114138
118815
110415
114546
114979
119578
117110
109636
114725
117954
110960
115589
119496
110212
109620
108671
113240
113276
110936
115100
121988
111099
114062
123002
107008
114726
117689
114959
117274
125621
111100
118268
120595
113677
118250
117362
103625
112293
120550
115166
119357
111066
115470
112884
111209
109030
116124
121348
109693
114076
105471
114365
105429
115429
105160
111969
115006
110124
109160
110427
115546
115259
109815
121491
119012
108384
114164
108631
122042
114219
109571
126116
125969
112706
122267
120795
112916
105903
112874
117960
112189
107476
107807
112611
108988
105332
104755
115789
108614
107424
111791
103299
119349
118591
110440
107982
125489
110720
116766
112095
112185
117559
115198
116583
111779
122619
123223
112722
117002
117351
112953
118729
103729
111834
120009
124507
114161
112900
122285
118744
120701
125293
112253
116652
105414
101431
112578
109312
120112
118020
114048
122557
115117
115678
113054
126345
112184
111132
110248
119378
114966
109598
107190
110503
112926
114127
121410
110866
117199
108397
116661
107496
116446
112786
118411
106089
111648
111374
117352
115558
108000
121236
117227
122999
109397
120054
115805
114314
112876
120512
114699
120216
112192
116560
115084
118239
113356
108407
111736
115336
116444
116958
111050
111154
112892
117631
112440
119740
114225
120962
108353
112148
115964
119458
128931
113280
112734
122847
110645
107261
119217
109950
111941
118893
111899
117740
109419
112765
107627
109768
121676
116875
117444
109623
108638
115684
115348
125464
113999
123868
114412
115432
117125
116465
112319
111594
121624
116909
113509
116667
117258
107265
107204
116473
118488
122085
113366
115947
114249
110040
115666
114883
110504
112787
115548
107038
109551
124766
119001
118620
117197
109569
108840
117673
118958
122913
111713
108927
118771
123236
115503
117493
109377
112269
118063
115295
108423
112496
123348
112897
114760
120515
111137
113519
115196
110975
121925
112200
107997
107623
112678
110543
113069
112062
123442
106269
120574
114552
111654
121829
114422
121596
110058
115032
116127
112707
118292
114794
113666
117571
120086
120931
113901
117847
111802
111875
111585
118879
108278
115693
116708
113831
117937
116877
114808
116489
113644
111341
119462
114462
119283
113718
113482
118081
107621
115826
109226
119284
121893
112403
121440
114878
126671
108334
114301
115198
113023
115058
119887
108254
114555
118331
124273
111175
111663
121583
109351
113856
114995
119219
117767
113761
109246
111731
111796
117039
124473
106695
122943
105910
104553
113867
109887
106804
113370
107510
121622
113420
115715
112913
109679
120201
109538
104215
110309
111331
108221
109964
105846
118223
122721
111373
110303
117481
115585
113578
106499
117427
111525
108561
119003
119030
116677
118043
117682
112426
114190
124640
113671
115339
107479
114674
115971
116150
118206
123966
123076
112296
108026
114046
106619
118069
115747
112578
117592
110950
111440
117892
121269
110656
107201
113447
122616
119711
114921
112130
112860
115068
115976
113125
111218
105833
114425
114191
115213
122404
115565
103872
112653
111325
110609
110739
109413
117612
111658
113388
111840
126462
112269
109311
114405
110616
114846
103635
115762
111819
112163
108400
111389
109118
121574
110514
108879
112078
115399
114018
113519
118173
117227
131381
125676
114536
107439
115028
113040
110850
114895
112608
114432
111247
110075
115332
109310
120244
116789
119154
106493
107905
111390
114657
111124
117198
114665
114309
116413
122432
118488
116719
112436
112416
116366
125584
122340
117717
109591
102351
119903
107927
109454
111526
113907
108962
116462
119762
115506
112858
109893
119541
117805
118417
120614
110735
104267
109709
108285
121089
110826
121915
119128
118524
113802
112928
113935
107291
116801
118725
110923
111488
125226
115490
108369
112025
123703
118550
114699
119641
122595
108653
119240
114016
113986
113973
111300
117211
103411
118870
109911
111747
108742
116096
113123
120814
105787
116831
115476
111985
117618
106880
108877
113050
116800
113883
114782
118151
119544
112570
118025
115274
114774
105490
109160
115013
115962
120313
115868
114895
119379
115159
117450
125040
113068
105155
114520
107030
119363
107935
109423
109367
116529
117830
108435
122242
125003
112038
104612
112150
120286
113209
108521
106338
116406
113507
110165
114420
115418
110567
114199
118131
112195
108925
109556
115683
113135
125622
116818
114311
118066
115981
105578
118002
101765
113770
115297
109372
113228
121621
107066
121249
117377
113283
119166
106861
111707
117742
113014
120212
115012
120789
114720
114963
109770
114011
109387
116637
110139
111616
113429
112268
111993
112143
114169
115373
116071
110160
113539
113136
122008
116630
113249
113413
112270
111348
111867
116015
117407
113004
114007
109659
102989
112051
116730
111060
116902
103011
111837
109225
115190
104909
106949
115457
107193
115126
116100
120837
118200
114894
109907
110132
112194
115729
106559
116706
113930
110269
115281
112244
109783
114504
102083
118413
120447
112876
114727
108721
119562
111957
122549
117576
107624
126167
112593
120468
111832
124750
112500
110990
108677
114250
117804
108859
113706
113730
117369
110925
109269
111107
106901
106827
106806
104372
112821
110423
117332
111504
128169
117931
109745
105958
112192
118105
116643
108772
105275
115255
121810
109372
115457
119735
111345
114798
116167
106479
111896
117495
122467
108854
111429
104144
116709
124320
113274
108963
116537
118801
114705
123312
113733
112016
117399
110707
116382
119573
119317
116490
126951
112669
115238
116559
121416
120707
105582
119746
118649
120026
114647
115897
113603
125997
115200
113617
111983
110740
112692
115109
120076
113477
115240
117402
118783
120798
108543
117391
113090
109198
117001
112567
118047
111913
105678
108841
107191
117151
118845
112123
114983
115866
109650
126229
114502
116566
119359
111881
127767
105025
118439
118034
111615
117991
108716
111459
116774
115859
117357
114104
115680
111065
111928
118344
108432
120249
118201
112797
112502
112931
111986
116737
111164
114070
120843
117988
105054
107579
118520
118753
130050
117222
122056
109693
113232
122072
125253
111990
122064
109621
111490
108463
113885
119383
108432
118431
113791
116659
114786
118419
102993
111326
116244
114955
112193
114848
111719
112893
113387
117529
108097
113505
111620
110968
107438
111522
110794
111064
107510
111520
116299
113576
119761
114833
110137
109716
107778
113156
113928
108778
118030
113662
104820
109941
117179
107972
114656
121028
118946
114085
109894
112937
120473
118632
116425
119277
114655
112614
112339
116782
118427
113105
115200
104039
107576
111821
111924
112316
112450
115138
112486
114752
109757
114105
122241
111993
120120
113486
114785
116304
117899
114836
120855
106924
114133
120640
108785
104626
121987
117094
117881
119921
112389
114421
107061
110960
114421
108382
123143
112824
113944
115906
112681
111187
116237
113725
114778
104811
117409
111805
116514
105554
115625
115101
110125
104818
118178
115207
120527
110348
107981
114326
115675
117986
118890
115457
108193
111796
110050
113070
111389
121667
113681
120758
112158
117999
121170
110281
109950
109944
113528
111835
112873
114028
117683
115241
114028
115389
110997
120853
110491
122184
112988
110283
122115
112545
119816
111079
115193
120178
110204
116982
107431
113234
117005
119925
104474
120945
112440
119666
114202
113276
104478
121825
119639
115834
104291
116652
126878
111608
116002
112612
118307
114836
113418
107732
121989
115088
114377
110975
123393
122156
117061
123421
115969
112130
113678
121720
126136
107489
110879
108749
113234
108443
114118
110497
111803
114394
108353
106757
121362
115277
112822
114996
115852
111250
112408
109211
120075
119671
112590
121588
115879
111943
116345
120031
115400
111686
118356
119289
119521
116220
109468
117700
112314
112988
121516
119868
115438
121527
117211
112659
123664
110233
111225
115546
115551
121303
124453
118616
110340
109972
123002
112350
116124
102916
113644
111944
119366
120102
118129
114919
123773
108600
105225
106996
115110
111887
109179
118086
123071
116008
121911
108538
112652
117823
113811
114449
110027
117589
117659
120511
111977
120974
115997
112157
110516
109909
118457
115533
112443
114819
120435
106370
111364
111532
114054
116898
114864
113189
118566
113070
113227
113397
106207
117960
109522
111903
120210
110064
125120
116009
112867
113341
122998
106169
108497
108456
112453
121440
117461
119189
108520
111639
116285
117397
122533
116385
120630
112409
114429
115943
118081
116225
117428
115058
117694
115041
112883
111968
115738
101617
112961
111512
108225
116083
112850
113733
117481
111521
123635
105228
119820
118513
123005
105733
115068
113150
110597
110383
117630
121251
119197
118364
117412
115356
114450
114047
118188
115968
110678
118582
116062
111160
107830
110266
123934
114306
122204
116392
107196
114065
110646
115845
112285
108489
116148
111252
106079
114910
111643
112720
115021
108877
121060
107054
107140
116527
124010
122785
117156
108514
115612
117582
115336
114814
116890
119642
111180
117001
112450
104739
111331
121047
108864
117474
121816
111967
117519
110661
115659
127191
113648
108961
113983
109204
109883
114747
118656
117572
110988
113854
118432
121087
106442
114140
112121
115561
111627
112320
112908
113917
118710
108701
115100
108723
116259
104258
114353
114870
119460
115887
107151
112836
124435
111704
109805
114906
114678
107283
120209
119101
108712
110810
106315
114970
122078
113935
106950
124916
115404
108825
118712
112160
111334
111520
114380
121006
111080
114005
106939
113234
118452
117148
118908
113314
109416
110120
119365
118212
119205
114235
117003
124234
115920
113025
114228
114231
109001
111124
110222
121811
112394
116125
115062
116103
124644
121062
114008
114569
113531
109825
110508
118692
109376
119737
104771
118874
116259
110041
108841
111453
118740
119267
110927
113609
118030
121408
110999
110783
123872
115194
119648
114012
118249
119026
113273
106096
112305
109340
115690
117946
122103
113497
108966
108988
116393
114220
119131
124090
128886
122492
115465
108659
106965
124588
113773
110036
114912
118405
114163
112074
111507
127314
116506
107668
117798
106222
108790
114302
125563
120103
114361
118798
114578
113111
111746
118321
110733
115242
126701
115165
113825
117559
114362
117597
117203
105168
117059
108420
121667
111511
115070
109937
113481
105208
114381
107844
105915
105873
110939
117134
124503
114098
118512
107878
119266
123087
117457
115074
118470
106399
114543
114352
124690
112583
110929
113172
108058
116520
115631
111352
117921
118966
111146
115874
120231
121483
112227
116149
127619
109811
124669
119678
120598
110799
113791
110318
115236
112982
117368
109179
119291
114028
118451
117001
107794
117165
114652
113054
119849
111039
112878
121008
106386
123523
117990
108180
111139
107366
113078
108061
116106
114165
110216
115863
115348
117480
108808
116004
116434
110604
112382
115781
116128
102418
116042
120146
113349
107293
108305
112732
112860
109429
112726
107524
113426
111366
111927
125617
115329
111112
103581
115553
104317
119369
111904
110497
115727
107520
111422
116716
122666
116105
113971
110107
109723
113991
115040
111563
109093
116269
119478
116275
116050
111246
107729
118960
114709
111876
121468
108561
115007
111105
118531
121634
105739
115636
109750
108494
110119
111027
118107
113604
118106
107510
116977
112004
126292
116694
109332
113053
104573
106419
114671
110482
114960
116910
116758
108381
118770
114280
115932
118612
110833
113668
105112
106174
114293
114237
115669
116775
108469
119327
111934
112720
113229
119373
122676
122986
111333
115298
119161
111604
115682
111233
119132
110971
121541
107798
115111
116606
116105
120112
113151
111987
116310
105892
115628
108648
116159
111793
111796
113566
112300
113423
113960
112094
115316
115388
114312
114811
112162
117709
114487
115619
109233
115942
111399
116793
117391
120166
108727
115620
116105
108677
112914
111516
109055
109047
113275
118437
116315
116859
117548
118818
106182
111233
116011
111931
103843
128103
110764
119443
112235
118417
113222
117156
115397
123626
112840
116507
111240
119218
120816
107754
107343
116843
112818
114051
111328
114693
122303
114905
117223
108211
108876
110247
116135
119988
114906
114769
113566
117792
121069
113828
120661
122172
116604
114711
112727
113895
114949
123429
112635
120681
115048
109591
108642
110562
111014
112389
116300
116887
121485
110920
116216
113748
112916
118350
114324
107895
117367
123106
115227
110249
110073
124752
121058
108927
106711
114719
111812
117616
112787
107540
109795
116534
112048
117583
124026
116533
118222
119048
115001
118759
112878
110640
108816
116150
103852
123280
117688
110856
123264
110491
119486
109897
116305
111504
112006
120162
120606
124089
106322
116725
118233
116385
110794
102847
111730
111210
109271
125666
109442
114894
110330
124460
113874
115589
118425
123760
116055
110496
115492
114481
113205
111729
113696
108883
104913
105447
115334
115779
107574
117032
111063
112652
109830
114548
122694
112157
108541
118662
116474
123672
108230
111201
112022
122006
117330
112541
117394
125743
117352
110636
119557
111056
116344
109290
111384
114002
123106
120091
119689
114178
117546
116959
114780
117884
109803
103951
117138
107287
107430
113742
114076
114398
113420
122996
113953
119575
114863
114650
114144
109896
107098
108934
115327
112060
113748
119015
120690
115065
112524
112933
115089
117531
114862
117154
109547
119646
106735
117997
120886
112227
115576
110900
108776
114203
119232
120780
115022
113544
116636
108841
107252
115309
112326
113942
111515
113573
108389
115496
116373
117066
108762
113256
131213
119627
107491
115403
109393
117695
112477
111921
118083
119550
114691
110301
116906
110351
122839
106466
115473
114541
107521
116581
116959
112376
120162
109941
120102
120464
115603
120738
114906
115345
118089
116643
115746
110088
118103
114950
112063
111114
107965
107782
117064
106946
113743
110357
112660
108340
110283
115427
126096
113573
113255
112731
116944
114672
111364
120442
115323
110114
113732
117317
112639
112908
115923
116542
117312
104404
115289
105099
121681
113356
108051
118188
111195
115189
119794
113230
110367
108597
116065
120520
111350
112587
111750
115261
114968
110296
111557
109941
111107
114724
113891
107074
114550
120630
114778
106345
104808
114180
109032
110291
115855
103401
105099
117249
117352
121454
117599
114711
107025
115682
110002
120807
106878
117957
114572
116929
110105
110342
108347
124591
113715
117107
128364
117819
109304
109391
108059
109373
113859
122442
114735
110005
119164
120328
113750
114511
109236
110318
116363
118920
117670
117916
118701
116890
107271
112331
111259
109978
115399
118588
118266
110057
118071
114918
113520
111616
109358
108332
114150
105301
109958
118438
116573
105447
120992
106113
107853
115464
103943
117270
112047
109752
121283
116112
119288
118408
112694
116945
114078
109429
116693
106617
115243
114646
116786
119023
120089
116421
109730
110265
107423
111143
111085
107212
109181
111660
114693
116164
124570
109447
109620
111473
107650
118851
121973
118451
112972
117374
117071
113085
117828
120924
116988
113167
120870
107159
120613
114558
107863
115539
115486
122939
113883
110808
119333
114627
115961
110836
108992
111688
111671
122000
116256
118319
108047
117941
112975
113644
110072
107903
118104
111543
111704
120357
112609
106493
113009
116746
119064
111234
111380
103785
120383
116794
120325
121111
129114
117667
111215
118512
115564
119120
113534
111831
105246
107542
116792
111894
108358
116983
123236
112068
121997
116196
116732
110693
117386
109195
119937
111375
120407
115705
113055
105605
118260
122480
110728
114150
107986
117044
117293
117776
113485
114751
111096
105784
120607
117892
112361
116953
119049
118123
116870
115782
103657
117145
110496
105159
112183
112247
115675
120709
118876
101753
119714
113630
110133
121835
111221
109835
115410
131680
108173
110140
112790
112242
108506
119515
105625
118515
118652
119251
111541
109887
110446
118260
113259
111900
109278
113932
118086
118445
117648
114220
117497
114584
107864
117307
118871
105312
110043
106390
110747
128898
124020
110644
113504
113590
113271
114929
110446
118147
106474
112822
109535
109058
108470
114833
112232
112363
105881
105885
116325
115977
115092
110981
110625
102295
121531
119721
113060
112650
116658
111956
108754
113571
110056
111414
116458
113119
108540
120395
114481
108534
119752
113767
112818
109531
113098
111407
116482
115046
119933
112133
114685
108071
119851
113512
109112
110569
107528
111544
115836
114248
115207
112077
116706
114531
118846
108270
119749
120129
108897
113990
123570
114999
106891
111833
112924
117465
120415
107085
114679
113546
124574
110483
109222
118488
115606
120899
112401
111047
117332
110471
119449
114483
111689
117798
108524
117073
114751
121012
111030
108006
116907
115411
118633
109804
116697
110538
124157
119580
121718
110162
106824
115066
116039
114873
122159
111734
113203
103755
107931
116729
121536
116651
114632
113091
107153
110861
110868
112188
121213
119055
116373
110851
108971
117485
108450
114372
116666
121743
115898
114332
115361
114404
112432
119666
112361
107818
117669
110545
113215
116674
112146
114920
114361
118501
111365
112873
120254
118871
118127
117964
112898
113443
111634
118638
122562
116485
105139
110572
113083
117569
110241
120011
119117
111737
115067
110261
115438
119222
118369
119398
121704
108862
114172
110096
108467
120801
117941
119806
124293
119365
110998
113995
115140
113263
113994
109612
116759
115481
112448
111251
114452
108814
116315
116673
116229
108093
116753
110206
111270
120097
107738
113349
108663
123530
108012
116905
120619
108902
113668
120449
108581
105495
115168
121638
111660
110482
114570
103679
112871
118901
110488
105471
116606
116064
119474
110831
115809
116401
112544
118586
104627
125628
121465
111679
119644
117095
117268
112078
112330
125101
108504
115551
122771
118220
114216
117410
110397
113065
110560
118152
108704
105855
114572
106499
113197
106938
111953
110867
109656
111386
109783
115781
116677
115467
112560
110169
113460
103786
114678
114970
114668
107366
124206
112549
108815
119943
111252
107163
112161
111677
118576
120607
109637
111674
110622
118267
122428
111170
117243
114421
109758
114822
114718
116346
109554
118069
109151
109765
112870
110977
116978
119015
106329
111467
116120
117876
109791
113517
115613
109944
109460
114901
109050
111927
122053
114200
124332
109073
111913
114429
117135
116934
110611
120008
107833
121648
119784
113799
116223
117548
109055
107192
113020
112006
114737
119630
107001
115844
121343
115708
113368
109544
113566
110073
109396
118260
125537
114389
115051
99048
115535
119400
110126
118900
107743
115227
120520
109916
109331
112035
113769
115385
111747
119651
104040
113756
111077
114210
109057
107400
112022
118491
118604
117562
124693
116697
115420
111500
114614
117427
122748
110371
111207
109154
111404
122096
118691
112812
106282
116158
110199
111322
115220
120510
117849
115545
119770
114130
118631
109632
118484
116944
111795
111951
111408
107385
116952
111612
109232
112104
115337
112985
110154
116739
115976
114634
116668
108053
114633
111723
105818
116375
118371
117117
112044
109566
110901
121372
117037
120753
114382
112154
110513
107967
107501
106374
118344
111620
117539
112004
113106
120337
110960
105436
118800
108950
114555
109081
114244
115871
104931
105658
103701
125745
119190
109391
105112
117193
113827
112688
121559
104207
111500
122004
124093
116664
119890
121594
113597
112026
126846
106087
120012
113902
107729
113791
115574
112854
121830
117880
119129
111444
113256
119938
114934
109559
111976
116942
123564
112718
114894
120000
112020
116534
108217
122265
115785
112551
114857
112840
111995
114721
117757
118645
113469
108831
127184
115586
118225
119763
111739
107576
108117
116608
108182
107799
110562
110407
115721
110151
115397
107909
118507
122022
117062
111543
107576
116023
114175
113608
111742
109890
106456
117884
112608
118448
111483
122448
107704
122684
108036
116769
121023
111744
122160
113198
114937
106483
117248
121938
116615
116529
122093
109775
113109
111946
128125
117135
103387
110374
115753
116332
111119
107654
113828
113692
105903
105023
117176
111003
120597
106508
113486
111100
116689
112911
107237
108721
115613
114244
115529
115987
115037
112597
118072
116216
115658
111956
123938
118647
116184
120444
113096
111643
118753
111504
107028
119069
113885
115730
113086
111790
112875
123303
118346
109409
111022
115819
113170
113776
105361
110846
105133
113386
117224
105007
121972
121639
112149
120020
125725
104693
115193
116759
117152
118149
110511
113664
117450
105451
106689
115751
112384
122726
117323
115402
109873
114601
117030
111303
118533
126239
107754
122602
109542
113905
105558
115269
110089
117352
115612
112539
109305
116776
111578
114646
115566
105444
112888
112996
120832
111335
120176
120765
110687
111144
107285
106183
113792
115234
108705
116399
116236
111931
109557
110102
108327
118531
103666
109822
102097
112396
110502
125006
120411
113404
112981
114521
117618
115531
108266
112623
107544
110723
112459
112038
107163
112369
109206
116033
119167
114800
115151
114271
107856
109043
110271
112024
112040
114136
116334
112627
108913
112116
114241
110731
120873
121075
115830
118866
117019
124247
111894
103763
119896
116173
117762
110074
115945
109527
117682
125616
107617
114856
116360
107617
115342
107837
119012
117030
111472
113862
115626
104451
107471
119793
109214
117985
113980
129472
123008
121165
116302
111112
106146
122550
113412
119979
111039
113080
118149
110529
116558
113154
116792
119319
112105
113179
115570
110314
111024
113322
107424
117948
114274
113321
108200
108066
118589
113722
114750
115193
102644
122168
110060
116140
115410
115273
108011
114304
116183
108880
109717
112161
107467
116234
115012
120605
120946
113779
116767
108476
107290
112986
110123
118671
114677
113911
112780
120664
112661
120948
104308
114678
113346
116544
112349
114378
117439
112946
116236
117655
122929
118463
120823
111349
117913
125023
126035
113050
122529
119392
116889
104598
117440
113792
121344
110157
113676
105987
117020
116754
109754
115240
117162
120983
117085
116552
112627
111383
113671
112823
111687
121149
115756
118129
117812
112552
110070
114542
110364
113280
117966
107365
103896
110890
124833
115044
121291
111327
110803
123234
117577
127642
112370
109822
109258
116653
109323
115662
118525
107090
115678
112648
113330
116839
123122
111496
114866
112824
116648
109349
121915
120543
114529
114293
106669
110250
118502
113316
112365
107674
113631
111712
117986
116704
102361
117565
115548
112985
113808
125566
107348
111427
115087
112591
119240
120909
108354
116848
116826
111923
117279
125960
109093
120367
120424
107993
118055
115394
119980
116820
109431
110180
120562
121966
109351
112103
114553
109602
114448
109249
110000
116047
116181
110749
111091
116063
115713
115832
110895
104995
113094
112872
107408
109887
118585
119508
111983
111553
109586
106186
122603
118532
106651
118105
117583
108612
115900
114470
110561
108470
111445
102098
115554
115252
115200
117787
107047
112225
121559
118526
119544
115189
121873
109700
126156
117602
109957
114830
113708
109365
110739
114296
120403
120552
114745
108954
114927
110784
111643
116522
106373
108429
109055
115953
113014
112481
110593
114147
114650
107681
114745
109591
110358
112252
112201
119057
108188
116188
116456
121616
114103
113344
112844
112211
108330
110459
110937
108094
116237
114547
115949
114830
115488
111626
119656
112600
116851
110359
114419
110819
110033
115838
112513
109335
112152
114847
112220
112128
111716
115444
116448
115201
115966
108525
110618
109045
106013
110491
120843
112574
118304
116020
110084
110791
118158
113267
120345
123349
110994
112569
121235
112160
113755
117546
114091
108007
124842
117341
116452
117708
111526
111072
117093
109479
120343
108683
111494
106931
106499
109953
110943
118500
112316
114942
108288
114265
109238
110367
114666
112591
128238
109845
110404
107341
109885
114999
116621
114220
119437
114745
116590
115549
110951
113410
112485
110166
106934
110312
122860
116194
112496
112699
116945
114029
114375
115693
111636
113400
110697
115509
113843
116718
111348
123141
115417
123462
121345
115176
114740
111920
117869
123641
118222
117836
110438
107338
116414
114559
122346
114764
125105
120327
108823
113549
112619
106821
119595
106771
119831
111580
112560
114546
116951
110785
111516
111945
112708
116694
110237
112959
114824
110447
113609
120595
112794
114366
113266
118408
110018
112360
109749
115703
116480
110843
111126
114642
114331
117455
113004
110175
118107
119632
114253
115200
105088
118217
116730
123559
119842
119813
116965
119588
115006
119807
110674
109229
111919
109882
112466
109248
110318
113235
120028
117014
113443
105074
122217
123845
112309
108359
111380
118643
111489
116161
121887
106259
112874
128958
118654
103698
112762
121045
116399
106967
118169
117538
110809
112923
113741
110101
105831
112108
113524
106226
111098
114754
113760
113499
112810
115495
113195
109054
111795
114704
107877
118973
122093
105305
116649
122362
115686
114560
111909
113740
114980
117977
114477
116278
111587
105242
112689
117170
110368
117177
109656
113982
107366
117422
110205
119197
131438
114221
111755
124950
108565
117331
119666
111425
117060
112121
123624
105956
120684
116205
116955
112795
111768
112153
113027
111690
119355
115341
109851
110142
106877
105031
118646
110282
114621
107874
119364
109190
124495
112281
118631
109824
115120
123805
119685
110774
112336
120683
113270
111486
111017
109217
115251
111209
102152
111603
106200
113565
117550
113330
110275
114792
111194
115736
113219
115947
113190
119442
113191
121606
115010
114968
109720
105709
105250
108832
114837
120136
119527
103220
116454
114422
106155
119059
113009
119735
118756
112291
114613
112175
117750
111885
113382
105407
113099
110216
120408
118488
110914
107169
109673
124326
115278
112145
120207
114816
115790
113344
113211
117757
113573
119411
108398
111519
112448
123433
113722
118539
108225
112937
115482
120136
107471
113393
109910
113889
117605
123213
109582
115874
113495
103829
116399
115264
111313
109917
109057
109961
111317
108557
120336
115826
115621
122532
115042
113833
124019
110592
111340
116337
111086
121538
121159
119720
110376
113072
120811
116263
112996
124840
115871
106756
113512
122516
118820
117415
108693
112578
114527
121869
127935
103513
116376
118724
107984
121478
115393
117725
115310
113031
105364
108837
120853
120656
109843
108934
114535
113114
109541
117139
109540
121030
105023
109872
115823
113664
118140
116478
107407
115298
107466
103952
116746
114223
121734
123298
104068
118684
111695
120406
116884
107438
114115
109730
106616
110373
111007
112673
120093
122772
108989
118006
123503
113694
116145
112228
108570
116746
112005
112666
122667
114453
115414
112689
110863
110270
112628
124850
112249
124192
115808
110837
111053
112525
117384
116606
116579
117595
116892
124249
117851
116310
117290
112711
112924
115193
113708
108406
116522
111493
119230
115045
127353
117147
106221
107708
121424
116522
109110
120555
115745
113719
111682
111618
114510
125361
113464
108047
114370
117102
115132
114575
112643
110491
115187
114903
115741
116294
103447
117089
110556
111161
111952
111583
111576
122421
117163
103511
115023
119113
117671
110262
124598
121270
112932
121632
115838
109965
121457
109392
118583
120295
113118
114854
113725
115863
107122
111153
114750
113082
114247
116774
109158
107333
111107
120261
113390
115736
116111
103477
120468
113753
112397
113126
112027
114093
121221
116390
118248
120483
113694
106966
115983
122079
115584
114228
110076
124325
121244
112517
119952
110584
110783
114560
109305
109602
111384
118350
112674
124381
117617
114223
112956
106804
114963
112997
112928
113171
117172
116144
108871
111516
118170
123591
111242
111046
116394
111811
117781
112515
123033
112866
117256
115946
125101
107747
116011
123758
113216
116189
113706
111928
116286
112941
117430
109983
118002
106885
124232
111402
123674
104495
111096
113286
114652
111227
104159
111241
105235
121226
106253
112657
117835
110316
112011
117170
114777
123642
125442
115835
113316
115471
119352
106192
110856
122726
116237
117098
113158
112961
111048
117500
109340
124058
109054
117944
112895
110087
116018
111887
108541
116966
108886
113092
106263
112033
105988
115027
125613
121250
115361
118146
109059
110463
107541
113316
103086
113713
111657
111724
118468
120547
111767
114258
107578
124505
112210
111431
113145
109704
115283
109696
107822
110610
117117
110091
104795
123216
105691
121752
106055
111477
113899
114444
120348
113938
102694
110100
122547
116767
122996
112769
116137
105843
115467
112478
117665
103715
119673
114524
115965
117367
116574
118917
114254
118171
109502
114783
106014
110955
110532
101453
109630
110052
122959
124414
117052
112032
114782
117111
111016
115519
117400
122679
117415
121454
117135
119452
117164
112517
113714
114686
109580
106407
118764
107009
111527
123815
123572
116878
109324
119161
104653
120089
111086
114730
116667
112048
111728
114028
114404
113210
110783
113144
120159
110437
108709
106175
115746
116488
115876
109240
111873
117976
117391
117942
114941
119981
121511
127992
113745
124726
126561
107652
116652
116840
113128
115256
111051
120932
119067
114443
116415
119301
106198
117171
113523
119012
110586
110332
129014
110233
113536
112585
114270
113376
124942
111050
112467
107786
115875
116207
109752
115986
119925
115994
115485
108736
117463
118549
114490
118920
116893
109646
111849
111991
119167
106898
110306
112587
115589
112762
117299
118742
108834
115582
121307
121513
112294
114176
111028
121296
116961
114969
117717
109865
107360
107734
108252
110137
112579
120253
122442
112964
112035
113146
115835
121484
114235
114415
116244
114198
110791
117256
109367
112910
108391
114306
117331
111615
115406
114374
112988
111794
112962
110037
117010
107548
115186
112202
117707
114271
110052
109343
117838
106008
116589
110368
115027
109812
108456
121686
116847
113830
112733
110111
116987
116345
107754
117592
118991
116009
121242
115617
109972
120883
120154
112880
120084
113971
113005
111284
121204
117577
120874
114772
106829
109122
127751
120659
115527
111660
108836
112916
114398
115096
115792
108858
124749
118663
117509
120271
121116
117973
117236
117459
117894
114261
131967
109344
112755
104992
117734
111498
119917
115285
121643
111422
119072
117535
110791
113880
116442
116940
113672
111568
113168
115070
107141
114723
120016
121860
118127
108506
112069
120686
116520
111756
107503
111012
112362
106579
120140
112232
110780
112779
111895
108566
111513
115349
110887
112397
110885
113602
112080
118145
113336
119905
114944
116903
109975
109340
116734
114355
115986
124019
113050
107401
113086
111080
128990
118091
109136
114894
110081
112900
119693
111000
108261
110927
112128
113486
115985
108766
118079
119220
113791
109799
111286
113707
109839
110020
115608
111529
114641
113592
107282
116543
119050
119014
113761
115140
120233
116643
109449
115369
110694
116727
110149
125572
125434
116723
112357
111237
107231
116182
120696
110626
118367
118320
107837
108498
106726
122214
115386
118317
116390
113361
113283
113591
113817
112548
113113
111426
115401
108570
125493
111857
113127
120827
107135
112903
110258
120484
112158
114794
109638
121131
115475
112514
118719
115589
109758
117445
119263
119651
122585
111538
120316
122243
105255
112989
112523
112813
104901
117044
112028
121913
117096
122428
107055
119451
116811
120042
111422
116835
116689
116836
113804
113026
114714
105928
121940
109259
111492
114251
114400
108680
110245
116551
111982
104445
112698
124163
112746
113728
120867
112439
108776
113681
104229
122459
112365
119157
117988
115242
118856
120306
108758
116575
105865
119412
112244
116199
122471
113393
122209
114516
116920
114655
106914
112690
115156
112203
109251
123033
115778
115363
106739
119648
115707
114317
111750
110297
110436
116150
110801
121443
120336
115754
110729
111311
114088
113284
109386
115205
108287
120649
110670
110591
117501
121840
112828
114064
114529
111798
110840
111661
107261
115193
114393
117362
112943
116266
113528
117705
106385
123673
111199
106768
111560
117176
115595
107305
116072
105703
116466
112482
114174
111425
112484
116539
105563
118466
109144
116368
111797
111611
111944
110870
117437
117123
114521
112801
117728
107110
119168
113187
110985
106656
111347
116180
106695
109536
128759
121320
107650
119061
119865
123956
116233
125083
106312
117982
112508
111583
108757
110844
122295
116494
112201
105961
123567
112213
112710
115140
121454
118135
113371
103005
121789
115258
111667
113236
120011
110323
122581
119805
114328
111288
118575
110031
112751
115996
116421
115269
107376
109401
110470
107874
118359
122391
115479
111846
107075
117378
108752
125296
115954
111573
114310
109946
108154
111750
119106
112482
123919
106898
111658
117354
122283
111398
105888
110881
110558
126337
116561
121997
120384
112949
118437
118275
113820
115315
111223
103825
114242
105159
121478
113654
117938
109993
117262
110406
115001
113576
114107
122137
113342
118622
103792
118977
116104
111967
119455
117514
116712
110446
111195
114746
109291
113749
113957
121792
114936
117001
107485
110738
113044
113726
111593
119523
117784
115061
108075
117860
121560
115184
117317
109481
119016
111940
117195
112384
121359
125622
114680
113106
111421
125108
117528
115952
119567
111514
113234
112224
109529
121530
113867
115770
115155
117459
114065
113696
115462
113107
123976
112702
112203
109887
113400
115886
115148
112695
115924
107480
112307
115427
112901
108977
118779
116615
111638
112782
118366
119008
111634
108758
119612
125918
116349
113171
118595
119944
117449
115016
121992
110146
108555
104585
113642
107393
113199
115387
112164
113085
108120
121732
104380
118162
118690
115033
115835
106479
113401
114313
121661
121312
120183
122549
111363
108355
113580
116018
108292
115739
113103
123329
111355
113785
114313
115442
110693
108500
113897
113372
116854
128448
108455
119171
116962
116603
110382
110422
116165
115517
109877
111742
102415
112752
108881
111013
109700
109901
111287
114618
113322
120081
114563
111823
114704
113843
103886
111177
109304
122718
121711
119221
122798
120843
121387
113113
121525
109755
117443
117698
108383
113556
111907
123683
121321
112498
105599
119591
118748
115689
116812
114031
117820
123249
116571
127738
112668
110475
107697
126126
117918
111373
118403
116916
106103
111036
115086
118302
103135
103726
112647
118152
109264
114464
121210
105848
107724
114606
115689
120704
108313
114818
114997
108647
123992
116960
108665
106995
116257
121625
112173
108245
111628
113752
113770
115943
109958
123187
118349
113656
104589
117169
105278
112294
114838
117585
105811
108068
111713
124159
114265
111646
116431
112279
122107
121241
119808
112966
116787
118545
117859
111850
116912
108056
123722
112031
115894
120629
112976
123886
108145
111695
111464
116179
113191
117858
116300
122138
105996
122043
113952
117984
103456
121792
116772
125286
114559
108964
114332
108979
121424
118379
115995
108205
105849
113213
116802
121380
112263
121427
120825
120052
121742
119465
114748
119627
109270
111534
106490
119566
121757
111691
117320
119155
110096
115732
108702
111095
120648
114101
115047
115099
124011
119530
106269
117181
115468
114396
112102
123949
123425
111087
104611
111506
115459
113012
108751
111416
118520
118272
119900
114918
114431
114844
113086
118193
126485
113037
106943
120257
113170
113237
116289
112722
110437
112078
117910
116140
117837
114391
120929
111609
113620
110486
110355
118234
110618
107192
112092
121589
110349
109383
107090
114112
117579
112045
110881
115509
110738
113307
118187
116002
119278
118515
116408
108837
120039
117099
107914
109322
112912
112290
117314
109735
120264
111503
121812
110666
109778
110365
112563
112142
118467
110859
118841
107431
108501
111900
123755
118121
105298
119277
113765
108273
114826
115610
108120
114280
109419
117766
109073
122522
111542
112429
112790
120149
102817
107052
111491
111017
118157
114748
114541
113537
114115
112363
109592
111557
117335
117193
112366
114185
120179
115888
109748
118836
119462
114176
117497
105309
116110
117774
114542
107659
110224
111157
109546
103769
113941
117210
121251
115855
118772
117022
109992
117318
119286
120212
119273
118975
109887
125723
122283
113057
119296
114302
120817
111559
113306
108093
111296
110646
112921
115185
114913
112985
119728
119524
104419
112155
113465
114111
115257
118468
111620
111376
117310
112380
111058
120438
109804
111588
122945
112939
107283
108958
117207
115649
114758
109581
115272
115383
112462
108334
108324
119848
117243
116387
107943
120398
110565
114040
111748
113647
110254
112484
110526
113424
108445
109610
124550
120202
113744
113921
116059
116012
115625
112850
109568
113531
118938
113824
111309
114557
126829
115986
116649
113470
124059
108125
109801
118846
107494
120504
114599
106077
112003
117177
123958
112981
121152
122686
113312
109869
114326
115655
110329
120916
116047
115234
111327
111598
107855
115028
110294
110723
112703
101815
120467
107156
117094
117197
117954
113200
119999
105200
111095
114518
115106
117533
114105
116503
105731
117078
107348
114100
108598
111989
111586
119008
111511
110617
123987
115422
114475
112474
119321
117263
114009
113887
114053
107320
112894
109761
113968
116119
122996
101929
118050
118199
109589
109262
117667
117656
110392
117673
106737
116359
103826
105224
109845
103642
123058
125030
115824
120153
118254
115732
111147
112635
116652
115273
112374
121102
119452
122253
120247
111176
113092
113432
115523
110028
116537
109359
119334
122513
111916
113584
114344
113984
114144
112850
113639
119107
112116
123151
110727
109304
108379
117737
113427
128020
115124
112326
114406
115150
118926
120856
116101
114754
115515
114043
115645
115761
110445
115967
108706
116736
113575
115209
107831
121777
118687
113178
115213
110352
113750
114425
117956
109622
109850
117398
118580
107998
106785
118359
104541
114108
118378
109280
113972
115508
114112
114817
111315
106511
120724
117152
112628
111549
107637
104813
114330
106817
120540
110041
117423
107239
114982
105629
113132
116149
116249
112147
106792
118123
114218
116203
110072
113828
115999
109429
104903
115299
112305
125094
122036
116640
113089
112625
117314
118149
109873
112309
112337
110514
115105
113920
117707
124461
111463
114533
119654
115521
116572
117692
111364
107347
108977
108743
116767
115205
109798
114561
115521
114443
113628
107945
111010
109587
111811
106055
108230
110572
109540
115483
115814
107113
124618
113998
111722
116455
119054
116574
110485
117703
115244
120781
116214
121992
113613
113666
107632
116457
116197
109795
110655
112463
113896
113259
115476
111899
108251
103532
112434
117480
114596
106955
112178
114923
116392
111139
122789
114342
116167
111964
118237
117468
115324
110081
117450
107318
108813
120801
113628
117037
107998
111674
111393
114527
111313
115995
112645
119031
114584
108010
114006
110938
116287
110472
105851
117857
114375
116382
118406
120890
115488
108433
115221
112248
110167
112256
123024
120360
113245
117071
109309
114447
114399
121827
118093
112290
115440
110540
117475
121434
115361
113239
109157
121315
115205
114698
118623
115871
117484
108581
115159
117225
109599
114115
114176
109148
111749
107526
109297
115869
111256
115413
123349
108521
129058
111986
122541
121475
112119
115357
109564
125616
108457
101552
114237
114230
121889
118409
118129
119080
105415
117995
112202
113370
114767
104800
110439
114916
113408
114105
105387
119422
115963
117273
105929
110709
113834
115513
111932
122581
116638
116032
114009
113637
117672
121891
115107
116560
108843
108042
116212
111375
119588
113534
111606
110992
111666
116731
115268
112383
118065
111912
111834
113506
114611
123061
113103
106436
113721
116828
121676
105391
111053
118806
112511
116547
108060
108992
122159
109731
115570
112896
116694
114835
117279
111493
108071
103599
116419
110905
123397
121254
113406
113252
118848
111281
122132
108912
104510
111460
115109
102849
115310
118042
120375
118841
114763
117070
104451
111127
119796
112955
107557
112686
111274
110851
118717
106576
120572
109756
107074
121992
113985
117947
124361
115752
115007
122144
114698
111980
119352
112562
108378
109302
113049
124601
118464
112798
116053
115100
116792
110622
111499
108136
122041
114410
112618
121648
117537
111973
108276
118400
118492
116975
111871
114794
113364
120638
123900
107945
116362
106666
116721
122731
108820
112422
115549
108057
119760
121564
110525
113843
110818
113464
119109
112756
116237
112870
118504
109689
111094
112316
115125
113102
117996
118114
120050
111496
109588
119848
108499
118571
114771
108394
112854
112416
113369
113502
110819
115809
114662
115331
118663
111256
106570
107810
107063
111523
123433
117217
121836
124846
109044
108966
113320
111445
117488
112000
118632
110096
112631
115112
120709
110805
107694
116346
115474
114439
115017
103412
109416
115735
116092
110046
110390
117194
118699
115622
108039
109412
115878
124669
109644
116453
125670
108453
104350
107495
112101
109487
108861
110920
118227
112244
117777
106754
112957
117938
121998
113083
116456
121412
108295
105460
116816
105790
111809
116069
125003
110562
115951
109016
114923
110096
117839
106130
116448
113590
107120
112290
118349
110685
117673
108686
116075
112364
112093
115790
116391
120769
113076
112010
113590
115824
113714
108980
118706
128648
106060
111018
107931
105783
107689
108870
112336
117417
121334
115415
114007
110947
111232
116353
109976
116284
117617
111333
107683
111641
119351
113279
115604
109314
111830
105199
112832
115894
113934
109506
112583
109913
110783
111253
120593
114115
112502
107963
116048
118187
107752
116386
119880
112185
116182
114533
118100
123269
112655
120201
113091
111640
114057
112380
111907
109256
115346
108772
116418
111208
105530
110127
109427
118460
114211
109375
105444
107004
114753
115080
109539
114853
113851
111553
110061
116822
118766
114742
110855
118085
115653
119472
106638
108464
119383
113904
117868
115825
113216
111719
111302
122897
107133
111946
108019
113666
112592
112809
126435
111541
115700
103714
119516
113577
110232
121826
113019
117566
111026
121670
106444
118116
109712
116388
122208
110497
110096
108800
111473
109600
114140
106738
109799
111682
115838
112618
111014
110516
126922
118017
108046
116528
116667
111022
114769
110478
109621
109815
109227
111080
112352
112788
112178
113314
116937
111487
119079
117815
115527
107758
113615
120396
117547
112077
115297
119026
121373
106253
118938
125549
118644
117347
107735
110048
117330
122344
113172
123388
112503
111692
112385
122721
108359
114921
114870
108067
120860
125814
112370
123864
116566
110130
120528
113228
109209
107311
120695
118783
114668
109134
111955
111595
117362
114093
105019
105034
118452
118745
119272
116168
121767
114561
112823
107572
109927
103471
118681
118963
114883
113920
114963
113173
117253
119201
108621
117832
112861
114835
116520
116690
106152
108842
112669
122993
124761
106280
112372
113425
128697
111481
111478
111160
119706
113279
120682
119189
109488
107173
111400
119687
115286
113890
117484
116093
119112
117224
106418
113566
113568
112942
118615
118487
108118
123837
113956
111356
124996
111491
117779
112257
107906
118045
115351
112195
118765
115288
124411
117625
116637
107510
111057
112996
110915
107723
114433
115045
109127
120915
114633
108843
114316
108949
119487
116918
112475
122511
112641
113299
113296
124403
120108
116875
118409
113423
123342
114531
115616
122650
110603
109852
104737
111338
111803
113838
121556
116417
114614
118407
124054
115586
115454
115477
112948
112119
113770
114299
117201
115834
115720
120448
123260
110526
112092
120733
120609
114760
112614
120665
119859
117194
107415
117255
108238
118669
124722
115528
116563
112766
117453
123775
115762
122081
119069
117968
112327
125527
112906
112932
113656
113776
119283
116052
117650
114006
114970
117083
108920
111940
113553
113056
110104
115802
109425
119349
109855
115018
108273
121247
113081
112002
110529
116116
113900
115299
109353
122472
111127
120483
112253
105297
114670
112366
110846
113758
119358
112079
117047
109539
116140
106313
109197
110744
105999
107940
117839
114975
116452
111295
113956
111935
108863
119428
113521
115768
111889
111860
119363
115541
115883
118703
119700
123290
107948
113677
111905
115136
118760
112541
114148
116850
116389
115371
110679
115848
109701
114246
111311
113459
113244
107586
114414
107323
118196
112754
106231
115222
111343
112373
110669
122615
111990
124899
115427
121682
108126
111557
114871
109590
107906
116893
108054
117694
105686
111806
107566
104967
110237
115053
110947
112286
110437
114826
112112
120271
109902
110337
114018
115803
123858
113091
116196
114988
106937
113032
110466
126923
112970
123870
110585
119172
117581
110615
114561
106130
113847
117032
117587
105388
110771
109231
111431
107044
107362
112337
122548
118234
118881
112383
113736
127182
106654
116922
107760
109953
111315
114114
121943
109786
110758
123717
110565
110753
107185
117481
116138
112002
108660
113219
108145
114179
101920
111565
110488
131587
112199
110297
113019
109567
113804
117513
110429
108190
118222
106392
114400
115695
111428
114665
108053
117497
121966
107039
119016
116278
120301
112336
110200
114316
112613
131430
115423
110905
114863
121525
114748
116235
113263
110412
116021
106341
117194
117047
117850
117269
110343
113460
111955
114684
110375
110784
109377
112420
111768
117182
116290
114968
112453
115290
109840
116050
116324
115159
107549
111516
116068
112444
106618
112413
111513
118305
119709
115180
117340
115175
107090
109526
120376
123047
113481
113624
111127
114559
116194
118708
125668
115691
112457
110373
119081
122373
119378
121049
111036
114353
110063
110096
110088
111723
120888
115299
113777
112939
109436
119375
113066
121831
117561
118583
112564
106467
112685
119605
111733
117398
115625
120840
114744
107209
107818
114898
114112
115763
106529
112630
107614
111400
111714
116283
106339
119690
116149
115942
110344
103189
110559
114590
114401
119117
119339
121263
109101
110179
110479
109966
105100
109601
118113
124286
118036
118070
114874
110512
118795
111521
112426
113828
114876
118347
112927
117927
125529
108983
108884
118656
118631
118273
116206
120992
122314
110329
110790
108684
117125
118201
115877
118818
116307
122035
111611
117588
117145
118966
111249
108561
116749
117278
110148
110895
115054
117914
116103
113559
110121
114989
111994
111606
119731
109420
114064
116992
107492
113536
118133
119049
113534
119987
118934
107148
116373
117720
110984
116723
124031
125977
108884
114323
119282
120278
116390
123093
108193
109921
115650
116025
120952
118588
110701
119654
109574
113411
116127
116857
116340
117075
117891
110744
117934
105689
108588
118585
116456
116726
120191
112602
110564
113581
105613
110805
115250
115161
119721
112926
116139
109831
115795
115048
116487
120837
116991
110315
113438
112503
105282
110641
110963
121465
109967
124870
108939
116949
113485
109823
110112
127799
115597
113718
110635
120870
113082
117683
120053
110862
115086
107082
112200
117897
125670
115160
107726
114233
118204
114340
113593
117570
114759
114664
119389
106372
110101
115532
111065
121518
114716
123194
109094
113966
115824
115185
121779
106297
110219
111601
111530
109945
120966
118021
111799
110345
119635
116167
105067
113385
109837
105393
113974
113378
109952
127922
108533
117272
108488
119275
125350
113623
113091
114088
117698
114972
122002
107936
115739
105525
118935
112655
114335
109237
114546
112567
114391
110701
119790
115569
118365
115979
111917
112333
109080
108920
116249
114876
118510
124660
112228
115552
117926
109032
118141
120775
108259
108538
119141
112445
116336
113671
119424
106280
117752
117405
117291
112117
125199
115706
120618
112226
119358
111206
112141
121169
112573
118106
115856
113672
112011
123121
119267
114911
109961
105367
117489
117518
107082
113723
112692
124734
119537
111833
119150
111703
115425
104890
117834
113232
116362
113584
113190
117865
118372
112479
118660
108080
112539
112286
110586
120145
103773
102697
125922
114330
109042
115959
109965
114232
110839
123347
104946
122128
118262
115274
111667
118107
113950
114013
119696
119010
117547
110655
109122
112908
110918
117686
111729
112040
115324
113073
110803
124996
119173
120812
102146
105398
114625
108305
116477
118257
110512
112342
109372
110277
116580
101562
110483
106089
106033
119364
117815
113616
126974
121967
112337
124685
115883
110845
113489
115934
119474
113118
114719
111478
112411
114271
115179
117439
112554
108133
114763
116333
104494
120286
112344
114644
105013
115226
108536
117688
111356
115950
107964
110292
110052
113629
114029
109140
121567
114789
116601
111279
109838
117449
104197
123564
103877
120827
111918
107476
109076
114192
118558
116261
117421
112919
116616
107282
108216
119173
116144
102176
119086
110176
121512
109396
113154
119044
120050
105996
121265
111277
115510
108502
113664
111699
114448
111110
115660
109863
111806
114785
120341
111522
112944
109461
122477
108322
112564
120918
116869
105949
116751
111376
120315
105277
125542
113223
114398
114253
115613
117752
108928
108459
112403
109741
116280
115017
110781
115863
106561
119512
108444
116408
102535
107601
107591
111343
118468
115866
108709
125351
112199
124003
116806
113188
109225
112433
111374
113830
112026
119672
115617
115779
115379
114702
119789
111211
120926
109383
106697
115915
114284
120530
115535
119744
111660
106104
113444
116629
110822
117710
114761
115406
104705
111129
113346
114151
112754
120733
110997
107008
102576
110407
123799
112405
116566
118338
110439
105909
117344
110851
117042
119164
118718
111969
120240
111607
105277
119976
112528
115074
108287
121317
115114
116814
119082
106807
118438
117008
104153
115198
114604
117502
113006
118083
109613
127381
116577
125971
111000
118458
115320
110521
112091
111171
117729
109246
119396
110309
117002
116500
112025
121335
118365
118831
116663
114241
121849
103998
125481
112545
115613
111393
112557
115369
114606
119590
115665
114044
113529
120876
111085
110166
116365
109096
112577
113590
115605
119265
117319
111741
111016
123758
113657
108326
110345
119857
119742
119656
116376
109954
115972
111967
113874
111666
109129
114657
116082
114497
110735
114549
107571
105407
115245
126409
117653
107686
123184
108713
108397
108496
110974
119489
122443
110353
124439
105792
105359
115053
115729
119365
117629
105773
117953
115874
115356
115728
114561
110757
112931
115820
119459
118921
116114
115085
118102
116574
117212
113776
111035
113080
116934
112760
111567
119962
124501
109180
118065
108109
114182
114459
108220
107723
114087
111528
107123
118957
119461
114810
126636
116291
116666
115665
112762
113935
113224
111022
115592
117683
108895
113930
112090
109234
114593
118901
112430
112232
117124
122535
103830
118323
117661
120381
117260
110954
106618
115481
115140
112181
112337
118310
115739
110939
117708
116628
110793
117161
112912
111406
116721
116308
114915
110480
112100
111417
117935
108697
120190
111595
126622
122511
122769
106921
120215
103195
109973
114508
110091
119334
117255
115261
115640
120382
123695
115337
110172
111642
116687
110186
116427
110286
110147
120681
110978
110305
115012
114958
108641
107916
111200
111704
112208
116944
109703
107317
125390
115619
115331
117799
108471
121907
112311
114632
115108
110586
127373
103039
117590
119238
110781
110031
112498
118067
119329
115920
111188
114786
117317
118694
112227
110990
116040
110202
114116
108948
115153
121967
110976
114858
112538
116359
114473
107893
110066
113498
111994
110098
114200
115508
112303
115193
112711
121763
117139
107700
113514
121858
106338
121048
112229
116468
115541
112343
112250
112451
113790
112452
110717
115303
114465
111550
112948
106306
113243
111972
115250
119315
120606
112904
113141
117062
109771
115691
111685
117935
105338
102511
108392
117738
119486
114563
116622
113500
117858
113252
111807
119668
113669
108554
110820
115418
119561
118154
109060
112320
116730
121491
109569
118346
121456
108035
113859
108869
118661
119004
119091
119004
115058
116520
121125
123196
113826
117770
107915
118367
118107
113970
109538
113065
123725
117195
106945
112696
112583
119785
113170
113932
114732
109380
118396
117742
117440
112208
117698
112696
116694
118922
110521
116417
113938
111892
117023
116255
102791
124233
118084
112885
113260
118912
114363
117171
112666
112875
116237
110460
113454
116995
112323
123727
116969
129707
114546
111713
109231
111392
112600
106320
111501
114334
115714
119791
120273
121176
113718
112595
109949
117197
116572
123042
109566
108396
117890
117772
114035
107501
113622
122962
104539
109369
123755
112670
115215
110732
110642
113874
118607
116686
116570
113707
112703
123093
111311
113334
114716
119809
111464
113492
113371
106521
115621
118297
104076
118883
112997
108961
116236
115379
116716
115009
118427
115705
114692
114992
108973
106868
117854
108897
119838
122694
124374
108467
111318
115937
116135
109897
109630
119691
117831
114926
107118
116142
116605
117277
114887
114802
113679
116659
114613
105108
108671
114005
113565
111522
116946
115238
121035
110296
116015
120967
111215
123736
117130
114505
112361
102327
116082
111746
117077
115610
111944
114138
117566
114626
107230
117461
112576
113412
117485
111951
114931
114913
106233
116084
114197
113857
117534
114129
123738
116420
113115
107895
119885
119497
112519
117303
120807
119243
125355
110435
110223
110617
113824
117319
124428
118028
112954
113752
118606
124956
107901
119749
103552
108776
106013
113596
115385
111849
108812
112683
115206
110405
113312
112787
111534
114953
118613
112110
120614
119364
123340
116510
108664
117049
109312
110615
119926
107321
111116
114535
106265
118526
120248
118568
110646
110971
110280
116397
119899
106627
113886
115829
117955
115207
112603
109365
118216
109519
114532
114036
111280
115262
113172
121199
115725
116791
112850
106861
106578
113786
127038
117094
112928
113750
111147
117584
106200
108958
118909
115904
114504
106279
110511
122324
114370
108191
118690
122919
114227
110917
113305
104580
112843
117905
120313
116427
103155
124908
120621
118193
113476
116066
126389
120767
112811
116660
112051
113834
117777
120956
116669
120655
113001
109640
120855
117734
114342
112402
116631
115148
106313
116649
110330
113376
110259
111747
121311
112905
112705
110823
111178
110863
110605
119982
122243
112553
112110
121243
108134
112339
115740
102446
119150
122459
117069
107344
117000
117070
109767
110392
109847
111244
110069
108470
112664
119313
114155
107706
100616
119224
119535
116862
111860
116181
111720
114346
128670
120528
111359
114343
109163
116046
114950
117610
116341
129708
111376
110450
113097
101975
113837
111977
112952
115054
108123
114137
110671
107376
115724
122165
105278
110072
118572
126301
119445
118135
116812
116688
111923
121564
111069
106783
111968
103318
118181
110854
120352
106648
115237
111495
110648
107380
117681
113539
117522
112499
122494
113280
109139
111250
113057
120545
114827
113330
103890
111061
116643
120835
121200
115199
117412
121852
118087
123466
121944
116153
110693
121622
121965
109339
111876
110588
112860
116745
112206
117374
108534
121425
122453
117157
122951
111654
111351
106099
117737
112482
120472
113086
112252
117920
114546
112546
118627
114554
118960
110711
115073
118386
118042
115081
116266
119040
107878
114372
110721
112846
113532
113763
115904
118385
107926
112148
113185
113830
116958
115278
124100
105030
117941
107570
116401
110522
107956
111871
114521
112196
118859
113666
122267
118703
112995
119364
120719
121138
109422
120458
117214
110123
109132
116470
115877
113870
105412
111788
114880
110571
116722
113235
114759
108601
106026
115660
106568
108674
117477
111215
118744
114306
108022
114279
114733
110749
111814
107548
112875
115360
121174
113426
114721
119884
111118
109907
119091
120083
117664
116308
115341
117465
125463
118199
113835
104835
114513
118889
107933
110380
114572
117135
115810
114313
114641
114029
119373
122559
111510
124126
116403
115538
124526
113573
108559
115796
114102
115408
116138
111251
107000
112421
118526
111561
121618
112356
111587
116687
116734
113850
105029
111684
113214
117622
118468
113029
110226
115726
111815
124129
115382
113091
117717
123624
113520
120629
125311
112537
116293
117917
121430
113353
110226
109624
102512
115788
109554
118054
112167
122116
106215
118530
119760
115157
105380
119092
115013
111546
114329
110409
118758
118434
111097
123431
116311
114174
113156
112971
115684
109925
123536
112879
108964
119829
111211
110960
119905
110790
110906
123556
116274
109579
112796
115616
111838
110897
119097
103374
106230
118483
103884
103959
115290
113725
113227
112598
112142
114104
112751
119133
118636
123392
112743
109370
111120
128051
112566
106034
113519
111974
112965
110245
116568
108542
114614
109881
119097
113491
110985
114281
120692
120115
113434
121191
111211
118770
117493
111657
114594
116179
119789
106370
115806
111629
108934
103129
118032
118857
118644
118559
113050
109527
117099
120345
119619
116796
118727
111916
123348
119970
111754
115628
108651
110097
120344
114151
118266
120054
119049
113739
110839
121323
112579
111462
116356
110785
116795
111876
117740
113780
112694
118648
114410
107844
111720
106025
119132
113934
114934
117024
110832
124372
114305
118198
113895
112755
117747
112924
116475
107176
122573
116627
120852
117424
114253
107675
113355
114288
118769
107116
117045
121082
102584
117014
109824
103868
109935
111340
112976
112314
122231
123770
123018
110492
113891
112098
110517
111824
111035
123887
107348
107198
107926
108466
117455
110712
128074
111170
104926
113211
110449
117588
103547
108710
111492
115847
112054
114008
114416
114885
114438
109749
111491
117268
105973
117893
116875
113629
108968
121184
118843
116969
119560
114594
111095
105541
111752
118796
116869
110499
111541
117263
110320
121452
114250
110707
108572
119212
113452
117962
111516
113553
111401
107467
111277
115150
112155
115893
113373
109125
118035
123236
118569
121577
121897
122350
108224
104304
118883
111893
116083
122936
113056
115306
107166
115314
110186
112746
110148
110512
104613
120596
110450
118183
110510
116853
117677
111415
114293
115829
110814
114878
113444
115078
121768
112363
112196
111418
112930
119068
112496
127404
119481
119163
116705
111473
117491
116835
111982
111555
112495
113664
114621
108958
113730
114231
115157
114897
116667
111704
115546
114387
111743
117035
121961
113104
119433
112529
111182
113949
119001
116462
106137
107468
110723
115723
107183
114579
108185
116303
128830
123545
113921
103008
120284
110877
112575
113704
112039
124329
112033
112101
111885
127173
108936
114556
113510
115900
114221
112119
115881
109344
110708
115320
111938
115286
118337
115186
118985
115114
115466
106970
111277
120340
110288
117560
115483
122009
113241
113754
116737
107679
113679
115104
112546
116474
113052
114445
108461
114347
120505
118448
116495
123344
116296
112792
116806
113564
107354
115275
110687
110350
117047
113353
114935
115434
109426
107259
121733
112216
123214
107732
119304
117304
106487
104840
117048
115480
108296
112683
115234
107040
108332
111162
112077
116173
112966
114429
118735
117968
115879
114122
116052
122089
114218
112163
120657
110200
128387
104274
113504
107942
123661
112469
114485
116608
114620
111231
124351
111672
112977
114380
101259
113430
102832
118406
111048
108789
109243
118969
111765
118325
116440
114295
117433
112604
116446
113572
124042
123023
123019
114635
110252
113327
124966
117679
106063
110677
114942
107203
110346
118847
112218
112466
115405
116159
118636
113016
117254
123096
111858
105934
114060
113711
110590
107951
106070
113169
115336
105881
115021
110359
108007
112555
120158
113783
108269
115464
123490
121360
117953
108128
119402
111203
110092
116963
118905
116627
107913
115479
111553
113819
109609
114277
113499
120927
113496
122670
111005
122362
113906
123032
105387
109182
108922
123612
130129
111602
123999
112460
109814
117777
108721
104668
106388
119831
111487
113178
103537
115219
121481
118284
114232
116552
124386
115656
109464
106536
115875
113045
116604
109631
108752
109078
113831
110560
117521
117544
115217
118727
115230
111564
113043
117814
108459
113504
122008
107525
109594
116509
107658
115711
118784
112407
106731
111014
108186
108079
121829
108185
117886
114360
109188
109192
111343
127611
114520
114537
109615
106251
107282
110041
113218
108238
115552
121282
110552
120184
123989
110329
113092
113938
109837
115228
107419
116671
118382
119672
115978
114745
116966
111188
108472
117092
119280
116719
124412
117087
112894
125915
117756
111505
114489
112100
116024
109753
117010
116383
118710
112579
109231
118134
112728
116309
114637
110137
122669
117358
120358
123322
110972
119179
118156
124927
112415
114583
114669
115412
121283
115756
103671
110179
111543
109916
127407
122146
114551
121463
105613
121189
118560
117653
116785
119050
116534
103685
120458
116393
116243
115331
112024
118571
112261
115535
119114
111083
123147
115187
110089
120186
117713
122005
114122
116958
114542
117360
121104
109426
115832
110916
116009
118414
115155
114515
114743
124882
109729
115394
108549
114205
117831
115476
113110
116967
112165
115635
115864
109608
117137
112327
108806
113867
112525
107500
117907
117303
106830
115531
118700
116053
102909
109358
125110
120144
116677
115704
114559
116442
110621
109030
113426
115115
118840
116217
114295
111500
114431
110971
112096
117776
116735
110437
119915
111544
112288
116253
110363
113720
122848
110764
118929
117442
110224
121281
119506
117981
116221
118735
105292
110331
116314
120998
107717
108373
112161
107696
108086
105159
108821
109887
110226
108661
126374
121092
110835
116198
121830
117050
110424
116613
113094
121081
113101
121521
107959
122514
116557
114727
115458
116895
110530
119664
107952
112977
102288
115232
118089
119651
111395
110353
118861
118426
110865
108640
112329
103732
115074
104651
111798
108064
109044
110071
115011
117289
114143
111095
108965
114450
114455
115582
126054
117831
108931
115742
119797
119904
112182
110032
115207
122714
118042
111758
103031
108653
109206
110759
118500
111358
111800
114826
105808
118927
114547
112375
118475
120100
116412
118459
123093
113069
115213
108303
122447
117894
109284
112270
117401
113812
109762
103777
114469
108653
120864
113415
114245
110934
110827
112591
114795
117767
112231
117627
113991
116168
109138
118524
117867
113970
115880
123407
117350
104284
112779
109349
113972
113414
111255
111450
108894
113729
113109
107427
119852
114827
111103
107540
109652
109220
116102
115000
108829
117736
119581
119899
111591
105569
108589
117861
110112
118610
110504
113042
111717
111999
113972
113618
117067
113536
114127
115659
115821
110198
120354
116378
115619
107050
123990
108866
117404
113564
110134
102171
105358
112347
121182
111290
118011
112432
118139
108455
112428
115110
112353
112722
108877
112208
115440
113971
116612
113036
116643
107929
122057
119453
114238
106793
124734
111203
112707
107863
114993
115222
105832
113132
110207
116220
120399
120357
117878
123680
115027
120361
115820
112183
113423
122149
113321
109444
111271
110621
116462
106793
115101
112371
117954
108796
115047
122189
108383
113661
110634
113075
120546
113821
111035
111645
114253
115210
112985
107903
107736
107872
118155
113986
116060
109733
115718
128150
105573
109106
117870
119986
116885
108944
111793
124465
109216
116125
114480
114185
115477
116064
116610
114873
115116
110067
117604
112994
111233
111503
111091
121047
114198
109417
120821
116269
113826
110251
113161
114983
109998
113908
114429
109163
116628
117920
115021
119514
115871
107013
107882
113970
116940
114560
113141
112007
117583
117553
104923
110121
112665
117430
109017
110369
120522
111869
113467
109949
117446
109828
110635
110671
124320
127501
110350
118891
121426
114579
117058
116009
111811
120139
112910
118645
113762
110106
111121
117936
111938
109224
112679
109586
119380
114615
119525
122949
118725
112571
118857
111176
115133
113055
107857
117497
119365
116558
123794
111976
113253
115602
120211
122659
115021
113065
122090
111990
107593
108528
114907
110814
112629
112105
108341
107990
115697
113574
111775
114741
112538
111367
119098
119534
121508
118098
110504
113933
128210
116535
117255
113344
108424
114337
107789
112184
113635
116596
112670
122319
123311
118822
119735
112840
117275
111291
116879
122730
109632
112089
115206
111556
116872
122730
108096
110672
112274
113052
111882
114794
116489
117276
111181
112370
123446
109597
123156
107843
111451
111053
112365
113947
111962
108469
115903
111965
111879
108755
108458
107154
121910
122867
113384
114383
102280
104968
113884
114194
112361
115604
118337
121625
112013
119106
106854
112622
107646
123421
124528
118449
112548
117206
106947
116683
115348
117606
114281
114638
117859
116063
108455
101426
108659
108043
116983
116527
126170
117127
118019
117712
113579
119319
117603
110726
112450
115676
119156
121691
113328
104774
118457
117959
111510
119348
115716
118870
115760
115414
116117
115299
113804
113466
113873
113676
120276
119982
116171
111916
114261
117539
111020
120897
116548
117372
118639
111316
120193
106849
116830
122125
115963
110018
99952
110310
107008
118257
114857
108498
122722
113979
110741
110398
113892
126146
117438
111931
116209
106513
116153
112846
104876
109931
118559
113282
112640
114509
114743
107371
112876
106925
116618
117038
105391
112381
108634
110419
115871
110871
119432
110847
110969
119592
118103
122071
109964
113763
115877
114558
114918
112910
122953
111636
102129
120045
110799
118809
117578
115149
112954
119315
117216
113897
118990
108970
112870
110199
113652
104792
115649
116286
107250
107300
113133
114556
102830
121561
120605
119894
119147
110111
124637
116911
120756
117442
114381
117299
116646
103534
107529
118060
102936
117427
109053
115155
108314
121441
107136
114074
118669
112544
115433
118871
109204
112807
112014
126808
112212
113070
114929
107340
122358
103715
113198
113481
117223
117371
112846
117060
114796
107809
115898
116023
110148
116035
120887
107714
107595
116646
117324
117907
116852
113430
113853
119809
114079
104327
118053
118074
111829
112389
114605
116440
113568
105577
107912
115720
109039
111860
122999
125873
117446
116670
108103
113836
122980
111286
118524
114819
113077
119703
117154
113496
113095
117205
108237
117649
114246
115595
112403
114992
117854
108617
115485
115374
110659
108302
113712
120506
107056
119855
124052
119634
111705
128166
111340
117938
119488
114553
125563
110609
111375
120180
114656
116831
108909
110887
118661
116934
103255
114907
111615
116128
108892
108644
122216
115677
111843
111821
115550
116221
111343
115963
116931
120170
113240
118932
107998
107761
116385
102308
111787
109723
115863
112968
112989
119385
115801
109310
115148
115407
116119
122485
117724
118226
113831
112782
109804
129669
114916
114604
122032
119881
110075
116742
108954
127282
110754
119983
104638
113742
117263
114484
109824
123084
111763
117211
110626
106645
110839
104478
116296
114141
113158
121419
121757
113302
119733
109887
111597
122608
118355
112990
112081
110735
109262
125597
117116
116792
118203
118645
119126
117032
117110
111444
115306
113666
122791
107329
109927
105276
109144
104049
106982
125669
116478
115517
118729
111484
107097
109926
113755
120751
108681
115975
117267
105138
113175
117042
112540
108776
106597
111586
113331
118268
114137
117641
108573
112031
105483
114743
115109
118182
114276
114943
112817
112745
112819
113123
113410
112467
114850
117938
109875
110054
120393
110196
109652
114078
120585
113226
108627
122637
103491
112233
109693
111883
124102
109891
106760
114939
106800
109859
121720
114420
118583
113293
111573
108510
114917
112493
113012
116806
112961
113131
110796
107276
113995
110136
108953
116361
114931
114201
112670
120650
111729
118700
110593
115137
114328
113353
119198
118888
114041
108350
115891
121610
115745
112158
116949
117277
123431
108084
106536
119637
119487
113680
109024
111948
111740
113381
119150
112613
110894
116686
123002
120719
123368
113767
111693
116895
110200
126131
110953
115268
119037
116965
117312
120620
109379
108217
115144
111338
113235
112904
108376
108868
120608
123965
111175
123748
114667
115104
116639
116559
112620
114554
110798
125620
108479
105399
112098
117506
120686
107699
112228
115371
101592
114487
113746
117288
113762
108827
119783
119734
118891
115222
112146
110939
117896
114421
117268
119071
121982
115848
116603
108305
111562
109052
112636
115842
115270
107816
119474
115613
110726
116355
112685
118316
112992
110310
117009
113647
113906
117960
111791
112273
116641
107740
111505
104849
112403
115115
119273
113896
117519
111981
112620
117933
113105
117045
104844
115623
115027
115981
112506
108413
121617
119943
115793
115990
113678
120782
113452
113616
112207
120412
116024
121965
112757
111802
112519
115603
110045
116952
121111
117053
108685
116079
117700
119879
121346
114683
112449
111416
115005
115886
104558
118118
114639
117681
115723
115406
118316
121448
109577
122067
117087
116900
113200
124185
111600
117916
120147
113541
108166
117260
116536
114522
115282
111159
112241
111062
106901
117407
129545
120892
114151
119254
113485
116297
114127
116758
114629
112981
108218
121422
112246
117677
121589
111531
120202
116475
114781
122823
116745
113081
124728
116845
108738
111158
107539
106953
115331
110106
114268
108757
112715
116347
120373
109294
102505
112197
108992
114958
111194
108070
113585
121207
110660
113431
115413
124183
108745
112918
108674
111310
116909
113780
112085
113556
115715
114530
109586
114313
118638
122128
119758
108296
117920
114787
121658
121077
114327
117963
110967
114926
115448
113501
122721
107774
114381
112359
121650
109968
113418
112629
113083
101974
114881
113960
124494
108094
107241
111647
119491
122915
116046
115302
122514
110293
109954
118164
103876
111327
108228
106222
112292
120659
112746
114842
119273
112044
118483
120854
118815
106623
108967
119990
119423
106380
115362
106109
109654
128437
110840
113463
115183
117609
124247
120688
101340
115875
115248
115321
121075
113367
116230
113730
117196
114338
119617
122503
116766
117718
117265
104314
108681
110234
119905
116855
120485
112758
116856
108960
107704
118451
116289
119693
122457
121552
113647
113369
116787
102371
121052
114633
114481
122839
124619
120375
114730
119352
118919
122158
113497
109182
108389
121940
103921
115396
105816
111101
115861
104046
126799
113773
112541
114519
115273
122815
115928
117804
112329
110575
115058
116627
115697
117634
109301
112537
118645
115088
106484
121453
121423
107027
111830
114793
110667
113311
110703
116495
114330
114879
112051
123481
114632
117473
112953
117913
116734
114328
113195
115376
111059
118943
114449
108354
112797
116486
113134
114338
123492
110949
109997
113847
116362
118079
122194
110724
115382
111271
117882
118538
110216
113374
105072
117425
107332
113511
103675
118345
114975
111210
106607
115299
111519
112164
105680
112573
110032
106702
108553
114478
119245
121761
115499
113304
112550
108447
114554
113485
110087
110314
114813
105218
117136
108588
117758
113851
107121
115230
109462
108313
118448
112212
114759
115283
118969
107453
117352
111592
116123
113744
116869
113146
114990
113615
108011
107906
122509
109732
110050
108501
119287
118644
111743
116167
113454
129423
125059
119823
105857
118730
112679
108724
108746
109071
116445
117528
111827
113626
110921
111634
110795
118148
117063
103610
107929
118454
121269
108782
110391
112667
126412
114514
113420
118528
118709
116420
116235
117476
112902
119101
116098
117095
110421
116436
122408
109265
109630
113051
99247
118059
112008
127878
118364
112437
117136
113504
113613
120977
121290
114665
121449
115903
115606
110629
114658
110083
114383
110990
117694
113393
109740
117837
117543
111603
117816
108196
116922
114638
109806
115972
113923
112330
112658
111262
123430
115824
114608
112670
117394
113088
115221
119980
114719
117018
101952
111465
109695
116345
113881
105645
110520
115170
113259
115624
117351
110343
113868
113719
112513
111446
116362
111373
124361
119873
120927
118279
114272
112859
108660
111948
118159
122072
112166
121542
118916
114934
109747
120006
104735
109146
111500
112915
106943
122121
120219
111267
112879
116375
110456
112989
113402
111819
115595
104396
110231
112293
112194
113156
117469
120806
114700
108230
118365
110286
112619
115206
104247
111108
112148
113421
114157
111563
120422
112720
115042
116538
122212
116292
119922
115195
116169
111468
107531
114188
110401
119372
115003
107269
119472
115155
110571
112881
117363
114407
109720
116767
123606
118877
110930
105220
120458
123509
110593
102410
120585
114968
120042
110026
113874
108939
113518
122506
114155
114419
118600
114125
117051
115777
119148
112875
120750
112281
114588
112772
114896
111116
107118
116333
104549
120957
112508
105750
117335
124555
111844
109866
116024
107676
113874
115317
116739
126141
105224
118033
122107
110978
118499
115285
116150
114790
113703
120053
116475
119295
114311
111419
109843
112532
118157
112798
114322
115272
106744
113940
111409
128065
104943
120673
115990
113335
115845
104425
124240
113808
113623
105110
116573
114391
112233
115100
124582
111636
112312
111538
110832
111505
117503
106063
117654
115506
124183
109007
109197
113987
111335
107126
121996
110499
108984
115477
116962
109430
114153
110889
112626
106622
108350
104870
122124
113453
106780
119884
112605
108311
117992
121593
109900
109973
114430
112047
105117
107827
118227
116255
117867
117331
115175
115966
118612
119484
116882
110178
106016
116291
107231
119168
116298
108864
105037
112207
113535
110440
111906
112051
111011
111800
124318
111568
118880
115138
125129
128004
121807
111270
116504
124354
112858
116870
112624
110699
111270
112652
116759
114511
118629
117268
117729
119442
116176
119285
102301
122572
106429
117943
113607
107398
117068
113234
115142
114223
115387
106791
107716
111475
114044
111374
108343
117781
115446
111787
113687
117586
108665
112458
109454
116997
113237
117280
111243
112599
114917
112781
110593
106806
117801
121265
120227
113809
110988
108211
106624
119684
110073
114278
112687
105978
120666
114307
106562
118780
108864
114710
109321
112741
116382
119227
109936
120667
117404
120917
117978
115236
121385
109409
114886
112388
114494
111618
111909
119989
108567
116170
118687
110880
114055
112987
107756
112812
108980
109250
113706
118790
119319
116894
111707
121117
112913
109934
121531
120787
117529
121103
117413
122309
117960
115975
116296
109968
107224
111207
114849
114271
114473
118021
116559
108184
119389
111258
115000
113839
110498
114521
109790
129237
116982
118011
113183
109958
122687
110210
118004
118646
118481
113717
103992
112295
112257
115341
107332
113196
107815
121389
115570
114555
123995
119964
115030
108150
116164
112829
124591
118585
103047
112671
112788
116184
122145
117207
115537
113824
115550
115975
120398
121786
114450
108250
114944
118883
116678
117181
114383
111220
115876
109956
119113
117226
114143
111637
105973
107593
129320
114617
119778
116650
114339
107881
114983
119188
118297
116381
112159
112829
111892
110407
115992
115810
110477
110284
113222
117829
109764
109254
108631
106160
122473
118328
111151
119283
113247
112824
119452
104129
115443
110852
107410
112044
114483
117193
110142
115756
113023
114299
118358
117470
114108
113185
118499
116065
116023
120027
116337
120365
117246
109057
114194
116535
121417
115789
113569
112744
110893
109900
108368
112959
105850
117559
115921
118377
116402
117734
114793
115004
121183
118663
113897
110490
119310
113868
107050
108687
115828
107772
115693
119698
107747
114092
120722
111619
121932
112373
116974
113570
118152
117021
107295
108450
110100
114902
119577
114371
109062
118179
131328
114388
107477
108098
114851
116229
122033
112348
114828
114096
118493
118113
106935
113894
106201
110796
111838
115046
113904
115700
109991
114219
113786
113234
118415
118296
116004
109900
115361
121855
114768
116567
113002
112076
113764
105649
110598
119193
109212
109251
111377
111938
113302
108954
102758
118203
109716
115687
114400
120838
112627
115673
110546
112924
109400
117565
116385
111618
115764
115233
107741
114006
108957
109106
119904
117080
123372
106968
113320
110027
107653
106918
121905
110540
114970
115726
109604
109946
112904
116019
123638
114904
109644
116037
109698
122563
122129
113928
117701
118830
106374
117088
114258
114120
113581
119468
112343
109370
109187
113102
116384
110585
119269
115109
120548
116773
108970
119559
116496
118179
108330
121300
114197
118656
113017
115755
115464
109404
115172
107972
114222
114520
119549
104364
112032
127230
106971
114252
112516
116508
117495
112545
123420
116008
112811
107647
116241
112620
125188
110404
112392
113809
111785
112435
107458
113911
110473
115933
111810
114362
117092
118641
115317
115834
122653
115748
118841
111307
117960
114235
114395
108239
111685
116814
121098
123954
108885
112829
112184
112083
118047
112541
115589
112581
114966
117616
105457
107957
115640
105447
107764
113538
113072
112913
111956
109094
117874
118209
109045
113625
113040
114908
115832
119211
109643
108249
118134
113638
121722
112753
118652
107777
115091
118714
109194
107903
121586
107399
109075
118237
107927
106944
121522
111596
119763
122482
122934
113416
113513
118527
107124
116751
114287
116393
111956
105810
113172
124440
110154
114773
112146
108943
122225
112417
116686
111283
105631
109269
117545
113265
113173
109734
127413
122752
106090
109100
114699
117642
109655
117249
115088
124012
113271
112561
113523
108853
107168
113646
117139
111504
121276
113812
115635
112879
121458
113858
116017
105914
114274
115454
113104
118613
117408
118152
114992
111183
115191
118654
111499
109238
115226
110315
111494
112528
119239
110416
107192
107159
105789
120099
107681
111955
114445
118295
111262
103865
114341
115373
111492
110405
108556
108485
112234
121146
114580
116207
116166
117119
109436
120366
116653
110352
117138
106835
109029
114274
112615
113832
111212
113439
108800
118265
111345
117961
114834
111541
105570
115463
108519
115380
110624
113479
106972
123675
119258
122662
113364
116615
109977
110004
121134
116244
115995
106153
111797
114002
114197
112574
121048
111801
111998
111986
118452
110286
112387
113105
118280
114656
112893
112283
112655
107008
106229
115450
105968
112121
117962
122301
117286
113450
115377
105190
112590
117791
112652
117315
112543
108178
114725
110694
106257
115450
113418
106794
115859
109983
115591
110868
117770
115655
110176
118685
113218
109376
117139
110376
117347
120845
115956
122591
107389
110245
119596
116938
115854
117314
108668
114784
110644
122147
105668
112434
114534
119452
130518
111289
116490
113476
111827
118608
110220
118552
111219
108989
109917
105136
109343
111321
106580
111366
112746
118852
106735
106816
112117
114509
116135
111455
116149
121476
107021
113895
113671
107716
115294
107753
109585
111338
109078
120932
113670
118237
117105
102955
117958
106331
117765
110810
111677
111965
108384
112587
116874
115503
117168
107775
115641
113530
111635
108405
115964
108791
106925
126940
114121
111214
110268
115533
120377
113058
119951
114359
108735
103660
119811
110848
118436
111886
118130
119097
116088
110810
124882
111250
121514
122840
120500
116065
119142
121488
118461
115607
113153
111872
118041
118213
109381
109861
120876
110834
114324
118700
112378
107692
111959
114796
126602
110287
108093
109038
118543
109380
111235
112699
113818
113544
111108
117719
114503
112142
113969
113341
119609
116478
112763
116717
121938
115449
108127
114799
111731
111863
117647
107672
115502
108649
109102
110561
120433
113330
116402
115171
107867
113237
114013
121042
109952
120226
113015
106945
112434
110705
110256
112493
113022
109554
118769
113961
123077
113413
112428
116475
110155
115439
109960
118754
112235
109644
107279
108823
110867
119580
107031
106852
109496
119315
111165
116801
111075
116301
124853
113759
116865
120755
107673
118770
108924
114133
117435
122040
114728
121613
114957
107086
110351
115087
121204
112477
105239
109867
115033
115671
111384
112976
114207
111764
115497
116681
115056
125322
109531
116033
117883
115464
110775
113265
113483
122111
111706
120285
114894
111891
118303
120735
113516
119065
120867
117180
104085
121923
109485
110626
119890
118122
115508
119353
118591
121241
116248
126128
108136
112998
113212
115520
111143
116968
104176
117296
111455
105930
107716
107298
119744
106981
109021
115851
114343
111518
111111
117038
114019
110347
110031
116258
109086
117529
117391
100900
108801
111541
120880
118505
121209
118229
106570
116142
112669
119155
116619
115326
108444
115053
110084
106899
114107
109573
107609
104187
115472
113898
118187
120106
111160
110485
110993
117405
110055
117261
115330
112606
111792
115580
115043
115551
109986
116455
113962
111310
106767
118473
103725
119606
110581
117270
112002
111716
117277
120052
121298
107009
108916
117756
113129
110693
128340
109106
115550
106540
113948
108035
109563
108792
118815
115196
118129
110993
114822
119625
108924
102779
117552
115733
119340
114487
112114
112034
110087
110274
116403
103971
115942
112646
117436
117339
115703
109376
109029
104120
112863
110958
117310
114119
117508
116224
116591
105837
113851
118578
123685
114786
105775
113309
117492
115795
113648
112518
117051
113756
120436
108371
113851
114913
109999
118940
100711
121245
105685
117766
114469
115758
119867
117757
110377
110693
108237
115510
124853
109967
116827
111056
116562
116187
117806
110504
115438
124518
113905
116359
117842
120539
117598
109344
110960
116673
116170
113709
115956
105711
114685
121790
107980
121606
122513
110212
114843
120987
112495
110058
116063
114210
112338
106939
116241
114596
108686
116892
109450
109309
111670
105377
119739
113242
117549
111090
116956
115356
116314
112679
125558
123964
113193
110782
117264
115995
118035
100391
118766
124168
113109
110525
118093
110824
113380
117078
113097
108660
115452
115059
113346
113531
108972
117907
108615
118388
120714
111693
108810
115928
112957
113552
116422
106135
115257
120272
111094
114361
116710
121530
116681
111685
115445
110681
118671
103311
108373
116164
108994
103548
113873
114149
108090
109776
114375
117399
118369
110389
114942
117003
124301
111812
125600
117701
114282
114332
106437
109389
110018
110152
116519
123569
115234
111402
119812
111539
112778
114804
103668
118113
117228
114513
116051
114562
120126
113421
115525
111191
114866
117854
114057
110568
114134
117950
117941
114797
115106
117849
114418
103593
113884
118691
120255
105744
119221
115202
113101
115305
112290
114898
114978
109843
111579
111687
109806
113390
116793
115989
110503
117456
108383
119506
106502
116735
118372
126164
109444
121337
125467
108946
112524
127617
112141
107431
114657
111473
112980
112365
109854
118375
106826
114462
116983
114590
110306
109754
116348
118208
115552
116810
114960
115536
127425
125396
117064
115654
113005
114924
120655
115818
124220
119043
115076
114362
115469
119576
115889
112425
114360
117766
112137
115465
111025
111008
118549
117264
106745
111734
113428
117323
116288
122130
126103
115680
112037
109868
113033
111355
116605
113525
119831
119873
118708
118461
122844
110617
108100
117123
106831
115224
119941
110921
122644
119652
107907
117060
109975
109943
116031
110828
124769
108153
116839
114654
117054
116303
119588
111803
115282
106969
121262
119816
111882
108794
112010
119942
112200
119892
114789
121956
115040
124512
107827
113268
114812
119796
110020
109641
110351
111881
109317
117890
112662
108234
116680
115029
118000
112144
117733
121746
115880
111861
114821
109127
108343
120134
115677
113870
113882
124955
119340
123344
112803
107368
113792
118207
113242
117084
107683
113410
115972
107860
109110
115816
116677
118805
116075
109070
125844
109401
116257
112276
109930
118352
110053
112243
107060
111913
111882
112933
117101
118126
110931
113271
111252
114269
125856
111179
115669
114153
118188
104771
114171
112315
125046
115714
109069
116206
117089
120279
114312
113929
114167
113499
116956
118054
119065
108940
111143
110066
118991
119642
114049
111140
121265
114601
123432
106319
113138
119369
120251
113205
114999
115628
118293
114827
110511
114513
124811
113034
108098
110434
114919
108022
107081
122810
106188
107488
125700
122026
110970
119570
108738
122109
111177
108038
106074
108529
111178
116221
116438
100273
108039
114480
110149
110475
111329
108320
119091
112264
114421
119158
113636
117191
111588
120755
116287
119770
117454
113423
109589
114979
116005
107892
116917
110580
112110
117035
112165
109365
114877
112953
121147
112996
114394
114276
118062
120913
121436
110025
107105
120696
110486
119566
121526
115609
115687
108813
118694
105834
113515
117538
111371
115502
117868
109316
110173
113557
110777
114948
126674
115463
115213
123297
120095
111157
106370
111393
116795
106510
114396
116944
113008
119721
115311
121487
117218
111118
113720
106367
114322
113653
106553
112584
113685
118195
112470
119807
120930
110274
106096
112699
110564
116701
105401
111511
116374
111610
116482
119220
113724
117296
108768
120678
123094
111279
105881
112742
112986
117359
110701
115407
117793
115978
107564
106288
112792
110954
109328
106962
116919
121830
116145
113671
112332
105597
118964
121128
116491
107725
116769
115904
113926
106738
108740
117487
114785
119972
116786
109269
105677
118936
110786
113286
107300
104773
116726
115464
113144
117222
112773
114977
116782
111784
119210
119168
112411
116241
114078
114023
109295
106981
111504
111972
129565
120819
123009
106192
108283
114719
112900
116222
119602
129698
110711
117081
111996
118295
115723
115475
118406
113788
116748
106246
113364
116580
122739
113127
121081
109902
109417
108507
114378
119976
112933
112213
111346
103937
108235
106388
119927
116218
112097
107426
119847
109401
108069
116818
111407
109153
118148
116668
116716
115167
118870
109269
105246
115831
114568
124030
114926
113075
116411
117278
114360
110130
117915
116772
122680
110068
116512
119878
113878
122202
111591
116963
108273
110710
114524
109997
107571
116095
110174
108041
110681
114709
113369
114993
117473
115285
118772
108472
110247
109017
120766
115628
107992
117072
117526
109805
110399
114778
106841
116407
111737
107764
114936
118639
122634
117982
115126
115662
120180
115029
112487
114517
116998
108525
116402
120634
115969
112904
118200
110998
117503
112072
107694
108009
120049
117418
112219
107793
116633
131995
113172
117124
112559
119324
111283
112581
117991
104588
120180
113421
116995
111846
113131
112728
116264
127227
112155
116321
115666
111307
114852
110234
102460
112652
113389
117094
113311
109929
115606
110011
110675
114581
117207
109241
115048
108109
112404
114939
117253
112996
106614
108866
105636
112569
116758
106407
114408
118462
99438
116249
112943
112869
114862
116278
112963
123122
109507
113332
107923
121136
113709
109291
103400
112450
123720
111238
107511
113011
114578
114839
115065
111411
119524
114435
116689
110078
116285
107734
112718
116207
114886
114524
115532
108770
116419
119572
111645
116657
111162
112611
110612
107428
115728
113403
112837
117366
113475
116366
113965
109837
121664
119343
115667
117625
111786
109548
109857
108919
116417
121704
125696
111808
116342
110201
119918
119040
119999
118024
111869
115554
118392
103553
108884
112567
109280
114156
119607
113718
110093
122151
117479
121016
124241
107070
117706
114415
111694
111663
115520
114724
113353
113618
112329
113507
118135
113050
117641
113189
110172
101152
119318
105484
109905
109097
115015
118506
112457
113007
115358
117360
125175
116974
106975
116276
116622
121107
116795
112597
118298
116488
116276
111432
116207
114165
113853
117622
115575
110682
109116
115790
115121
115112
115462
122282
115740
115443
114931
106649
116952
117342
124386
108951
112879
110478
110953
108400
110003
116830
118685
118988
105962
112622
116054
112929
117551
111934
115104
110679
114212
119466
110319
115104
108652
112374
107248
106927
119467
109905
121198
115333
119481
117909
112507
115984
122603
117944
112506
113665
114297
112902
114559
106480
114000
109566
112310
112428
114940
120322
117769
113542
111500
112178
120594
115398
114910
125960
115905
118523
114485
115558
113962
117735
111686
112530
110698
106150
112712
122387
116990
112473
112200
116926
120393
114469
119333
106479
110782
118646
121968
114858
115042
120809
120492
114344
116294
121806
112636
113015
119735
110049
107367
113945
111376
117984
118444
117486
122241
110355
123937
119037
113018
108957
115888
119593
110698
115456
120396
111036
114879
111023
118826
117286
110172
116477
111945
128696
115346
115786
114921
108040
116254
112491
109324
110319
111175
114302
112057
114114
114377
118526
113758
120047
114185
116033
112417
109443
107300
106227
104463
110992
113061
114984
110765
116843
104297
111738
122516
112291
114528
119026
117125
112882
118973
108235
120181
117561
112540
115772
118950
116800
115766
117139
115417
111637
116006
108350
111210
118605
123320
119019
121129
113664
119120
105451
111495
119629
123128
114323
119719
115078
120053
114493
111582
119898
116270
116078
119158
116792
120518
107640
115348
112914
117016
122791
127144
109335
117754
112262
119523
113813
113837
118478
118671
106893
120420
110739
120111
108393
120327
104337
109192
118439
111924
110347
117100
115944
114307
109623
107840
109285
109108
114001
120986
118432
120032
104808
118941
109045
120231
108649
117563
117259
117762
112783
112062
128591
113946
105171
113977
115044
115710
122651
108635
114000
111396
118138
108728
121843
108153
118773
106411
115585
111743
114488
115583
120914
114099
117840
109895
112844
115041
113563
115407
109025
114542
113575
99354
110756
114243
117958
111171
110057
112066
113380
115883
127767
110752
118107
103454
113416
109691
112208
111332
126957
114015
121982
120795
121204
114478
118600
117122
112285
111152
114937
110258
117300
114189
118992
112834
117410
125618
110353
121219
118553
114965
111212
107723
127943
115476
115945
118521
120385
109275
115021
116795
111942
113062
116369
117504
111575
103522
117694
113845
123247
115794
116515
109356
109340
112590
127264
113945
119642
108635
107487
110971
108683
113776
110098
112427
117158
114950
116217
107158
110360
117798
115659
117463
113544
109365
111201
111666
113278
114586
110538
116421
112341
111917
115153
121592
114467
121878
111367
114653
110940
116880
115867
112889
112608
112828
109729
112679
110815
108402
114570
117712
113091
115960
111897
108753
121234
112877
117910
111394
114267
113144
118470
124609
117915
116840
116972
117115
122657
116937
118428
118701
118538
109750
108292
123419
113810
112570
106613
119472
111963
118457
119919
115806
119697
111896
109503
116893
123855
108733
117531
115694
113222
113091
110711
116710
107721
115144
114432
105439
117722
108421
125019
121551
124284
112192
116405
116165
104220
106788
107091
125991
110550
103841
116467
117300
103982
118354
109890
103358
114236
107172
116524
117495
114434
112178
124568
113098
113427
109333
117262
123244
110886
110642
109219
109822
114343
114744
116080
108409
117813
114108
114453
106175
110243
115319
110400
105048
106641
115231
115931
111194
104570
110503
108906
113166
112682
125386
112906
108453
111688
107306
106714
114217
111818
118646
108525
120588
113379
114696
109604
121680
121895
114781
108541
109321
113915
118271
112944
108701
123479
131204
110800
113173
120084
118130
118381
116053
105627
108735
114734
107504
122533
111292
115017
111868
125117
110675
118537
115372
113058
113978
117298
109047
117259
110298
113677
117168
111032
113927
113811
111595
119195
114493
115277
105294
110313
114177
110833
115872
116547
112253
117742
111497
115343
115443
111633
112099
107517
103811
113186
114828
122158
105056
112739
111513
107014
119408
108399
112475
112091
119768
107650
112867
116291
108795
113980
111878
113427
109988
114988
118173
117069
118135
117710
112121
117331
115335
113495
114971
115628
113135
116913
119049
114066
108310
112170
116794
124044
113822
110654
107503
114381
112023
108254
108719
104017
113070
111203
114994
118076
114371
114120
112479
112222
112589
113327
107117
109985
112682
118381
109328
112162
115026
109093
111402
112089
110261
112372
117139
115462
114136
112963
113398
120458
113347
121808
117866
109878
108339
109985
106677
115002
113944
117481
113647
111447
106167
110776
123350
114668
117963
115820
114408
116977
121381
112961
105564
110341
116792
116140
115193
110212
111428
112128
114256
113951
110900
111188
115911
110375
120997
117165
120413
108173
111928
110100
117759
109061
108256
121569
113803
109350
110126
113382
123156
120765
116898
113138
109534
117920
113880
120584
104190
107215
112560
117911
109702
110604
109468
115156
126411
111916
112386
115414
119809
110624
112305
119174
117193
117098
114542
113168
108102
111440
112141
117474
108743
109535
115666
107388
111033
117812
112716
113119
123564
116534
116458
110972
116754
119995
121855
111683
112840
112516
111553
117247
113099
112912
127706
113551
108359
120440
111749
108495
110530
114024
108092
117426
129705
115439
111365
108123
114125
107727
108586
109783
117245
116305
118682
109772
111335
114581
112060
112374
113823
113891
108454
109410
116469
113807
107564
109370
112311
112122
117529
107812
101746
118498
113304
118046
114879
115256
105225
107025
112706
123688
110912
106266
122638
114338
110965
116245
115497
115983
108179
109693
119975
118146
109355
110609
114333
109205
118251
109333
113168
126192
113459
117793
109694
108130
116176
118155
110788
112881
120506
116375
103124
111349
110876
110252
111795
104447
110238
111891
117895
114667
115477
111882
116187
115396
121168
108656
113553
119088
122788
116929
107380
110145
109581
110409
114584
115891
113396
113960
112605
107957
119198
118174
115370
112145
104631
113862
120392
111715
108765
106748
116790
115464
119204
108544
119217
118242
112062
115773
111819
112363
114301
117075
113559
118882
112964
108161
110367
117295
108152
108829
111535
107950
110837
112113
112560
117348
108067
114213
124777
116648
110517
115568
119842
116443
114376
119418
115352
109960
105073
109578
118345
117966
109190
109632
114646
114649
119521
107919
109081
107875
121207
120356
110838
119225
110693
115769
116707
107450
117353
108744
114466
124941
114244
118481
115176
119105
103440
109088
112915
112885
108928
116269
119920
112910
117524
111786
116167
121302
118239
122513
121901
128626
109080
115092
118832
108967
117052
113959
113651
105333
109475
111861
120418
107092
109884
104335
114505
109483
106903
117109
114647
114467
113958
117969
121889
119289
110829
117100
110678
123156
115419
110790
117501
109491
111964
119759
115437
112585
111173
113227
116221
111654
121315
110641
111207
108576
112798
115570
124881
114632
111853
114703
117875
123427
123536
109618
108649
114726
117017
123093
120316
110059
115915
106164
110183
111306
117314
121630
116990
116432
119554
113314
115785
119108
120487
108470
120597
118272
111504
119183
112609
117851
110674
120115
113621
118710
115507
113873
110811
111357
119522
118278
114938
113038
120508
110744
107521
118319
117073
115259
113535
112459
116744
119825
112567
120120
116627
111722
111701
112281
102250
120503
113490
120424
105080
109243
119905
115934
119489
115856
116107
117285
115172
114834
120157
121628
115005
117735
110358
115998
109408
110641
106680
112710
113066
110793
113878
125051
108622
115103
114749
118752
116096
116141
109042
116357
113171
105275
108127
117227
107487
117225
115649
105219
112638
113754
123446
119099
115061
102213
117512
109335
117771
112625
112652
117513
114671
114974
108410
111690
113538
128478
110778
116196
113580
112567
115938
112538
110118
117431
107252
116589
104796
112480
108164
121121
115771
110473
105934
122575
109858
106441
109082
115121
119420
106270
119012
111900
119581
109551
112937
115944
114558
120059
116887
112146
115490
102953
114151
116681
121032
115122
119157
114667
124666
111719
106862
126361
120829
118508
116766
114774
107151
119605
120668
113068
125845
120698
115758
114282
106807
125059
110450
128679
115452
119021
116290
116230
111285
113775
103915
106813
118470
108656
109712
112564
108298
114143
115782
121101
113371
113674
119222
112598
117906
120440
112722
110658
117739
118213
109691
119235
117334
115720
111701
122601
109323
123661
106679
107601
121027
113026
114513
110005
122763
117512
110462
114385
124782
116848
119188
109101
111672
116074
111317
110444
117793
114864
109820
114835
127138
113514
118923
116663
115975
131137
113240
106247
114948
119495
115611
110315
109157
124212
109715
115315
112803
116126
113619
118948
109365
113577
118893
119023
115703
112402
119472
106545
122002
111659
111639
113343
111922
107935
105616
118180
108319
109756
105933
118235
113758
118974
117229
112256
120035
124414
113097
116450
105735
118149
116624
113092
116536
111290
117065
120551
115168
108816
118257
121819
114934
110098
113811
113775
116710
109897
109810
112866
115859
115930
115868
111737
107667
109199
119742
111991
113124
125606
110440
114908
114449
115856
110336
115263
110720
114081
112328
113155
110785
114320
117794
109711
111222
113119
118443
119738
113354
110908
120256
107070
110914
121577
116303
117106
126732
116578
109185
113626
124411
116673
121726
114483
112177
110381
103436
113051
117962
115851
122534
117565
115310
106049
114899
113246
112564
122731
111503
115084
114400
116201
114660
107885
109927
115880
113008
115981
122203
112773
116813
113817
113296
114122
103696
112317
108933
120133
107807
120539
113950
108999
112535
114962
113765
110846
111812
113920
118717
109316
125841
109729
119212
122643
116522
112273
118618
110496
114326
116848
113109
121994
111395
112637
105515
112426
115108
110043
116300
115818
109397
112018
113668
109684
119818
113769
113001
114048
114284
111721
111409
117479
114150
116022
124652
109603
115205
111666
118119
118384
112686
109122
122752
108343
117214
115439
112573
110709
118809
113806
107132
110588
119331
118094
108227
123961
118678
109392
105964
119742
113463
117377
106885
115940
117257
114018
109719
111653
123089
123083
105218
112801
105877
112054
121248
119076
110404
111867
118507
114522
116429
119275
111721
113141
113963
113497
106564
109550
108854
111501
119260
107524
114330
112849
106639
113854
105461
108938
111411
115204
107649
107533
113515
116780
118662
115058
118959
114666
112752
105579
118927
108955
122210
110788
116017
124782
120821
113197
115702
110104
116948
117317
117650
117338
105181
116774
115805
114930
121297
118913
114131
112336
114862
116062
111715
108146
111733
111248
113420
122484
111958
113897
119116
112873
123479
107977
115381
124613
110107
114560
119540
125031
121922
116716
116941
110884
114478
113238
104337
114431
112820
118568
118260
124624
116962
121919
118080
109446
119407
122923
112594
115746
118837
118662
115998
109435
116538
123321
112833
108204
113525
116435
120217
120796
115817
119872
110740
111659
114934
112036
108799
112844
109895
121336
109518
123181
115492
118704
108063
112672
132757
111769
114855
115682
118236
112109
118108
112880
110329
113476
106927
111858
104378
115385
117381
116637
113784
113560
115724
113540
112975
109299
112026
105918
106655
112836
108860
120145
113776
115794
125633
117740
118678
116759
127554
113397
119509
111776
120664
108551
121312
108852
116813
115054
111263
114557
115764
110203
113736
120345
113797
103337
108874
114859
114573
126075
110017
124265
115675
114755
112631
107221
117927
122174
117048
121546
115735
116578
112587
113188
119805
119745
116923
114178
112722
113552
111936
105010
113474
114179
116060
115579
122196
107253
116859
108073
112112
115438
119348
108037
119582
109884
111605
119399
121354
114388
108679
110610
114316
118883
117182
124142
111704
111021
119263
108461
120110
115826
109713
112282
111936
114606
113881
105584
104856
106552
117928
124094
111725
115718
105099
104393
113097
106453
119654
111035
112825
126460
118364
116441
113684
110790
108972
114765
116197
118445
109994
115224
111462
112014
113840
112433
114315
113228
121085
107630
115814
115772
115485
109972
117759
121951
111603
113876
109836
116328
114318
114636
115944
118261
119138
117489
121445
113986
108351
109728
107612
111155
115912
122186
106891
113074
117142
111523
116358
105197
114102
105624
106331
112038
108092
115024
116271
111458
116083
123856
114091
108588
119477
111061
114869
110339
119492
114179
113464
112319
114931
111786
106720
111832
111234
111641
110007
119585
112576
121196
110229
110892
116243
126168
115263
120079
121651
109066
105239
109797
108915
119628
110319
119734
114398
117657
121322
117566
113888
119371
117397
116976
113298
114541
117513
118941
110464
119818
109460
115940
104982
112326
121232
118265
116949
113373
116054
119850
113209
112938
117101
118495
110777
117208
107062
111003
115955
122533
112537
114707
106144
107861
114963
118352
115852
120662
109987
115195
127424
111473
109377
113001
105815
113371
111557
111487
122069
111075
111107
117107
107206
109299
115660
110634
116489
107947
119862
121896
102864
119170
120386
117340
121286
109206
114493
116435
117775
103880
111688
110769
113857
119922
113847
118292
110461
111876
112365
108529
121965
111085
119804
111258
113102
108247
120958
107847
116797
117751
107562
118037
110293
109975
106512
116199
112418
111129
106229
111511
120442
110084
114912
106922
120126
111315
116398
118333
115803
116830
121848
116960
111804
117644
112604
116410
114384
109543
108491
113212
122855
108357
108237
112670
112881
124911
117206
117433
116328
114259
109833
115275
109945
109935
112824
111595
105043
125715
114106
107203
126203
116187
108477
110188
117957
117842
113960
111598
112685
112723
121951
115422
111232
111554
106974
118793
120631
110700
122639
101150
115467
119110
117613
113143
120723
115475
109083
118315
111883
114698
110382
120611
114863
114838
116251
116181
121865
118044
124895
112067
114301
111176
119129
113516
122922
118191
115455
106594
109439
113418
109682
111650
107292
112728
110521
113800
117028
121561
115947
115793
117996
117106
109753
116162
113863
119949
110733
104391
120371
115619
121538
117100
127619
112783
115884
112281
111481
108433
110316
112575
111543
116990
113803
113957
120625
114267
110968
116773
110987
107312
113280
118842
122018
124139
114099
114820
116981
119548
126786
111260
115170
116254
116919
119078
119034
125841
112956
112049
116874
116511
111180
115479
115939
114528
114678
115118
119501
108679
117951
113568
108971
110709
114193
109935
111028
112802
109812
117684
110196
103521
114282
112584
113430
106739
114712
107856
117374
111469
113426
115323
110039
114523
115851
112145
114839
115141
114432
129087
110113
116662
119338
117928
105445
113789
123501
121434
125160
104854
110648
120452
115788
109333
115011
113241
116978
115173
119475
108904
117339
114810
117327
105355
120299
119520
112744
114084
110972
109185
110539
113437
114143
109831
111255
114133
115417
117039
109288
106008
114092
117758
113992
113708
115585
105663
114812
106748
117435
116903
116865
119473
119937
119445
112328
120747
115590
109061
110312
122120
115204
103132
114510
103714
119477
113364
115267
113501
111186
112284
116401
113082
118430
108526
112080
111717
107371
105131
119270
107939
117438
119241
121228
121714
110021
113468
117381
109990
114649
115803
120293
113398
110819
112623
117493
120942
113633
113507
117408
114290
117415
121287
115618
114507
118012
117776
123012
119002
118880
105417
103762
104616
115674
115634
112354
114292
110843
114298
114262
108150
110968
112633
112971
118015
102778
112419
117563
118208
115919
127033
112885
110931
109061
111580
115785
119781
118057
110678
117929
114075
111669
118414
115981
125597
114398
118942
121889
116125
113772
111281
113280
121773
110888
110239
110894
117054
116897
114320
113637
115849
119823
112749
119988
118738
119870
108204
110168
109170
110317
119875
117522
119031
111191
111773
118650
119390
109512
114427
107690
116712
118944
114225
116625
112174
114799
106330
107576
119588
110532
119277
114732
106737
122479
122865
113600
119002
123313
109567
106591
115425
112858
106694
110298
116071
110756
116147
105961
105448
121780
114236
117185
116137
115656
101402
109847
108293
112240
116038
112484
112388
116120
111043
112430
106743
115138
109427
121932
118687
110259
114534
112757
108472
111579
108236
123070
111805
112019
113215
116827
124419
114064
112377
117689
111120
118913
111902
118728
113771
103806
107054
119926
115604
114912
111388
110299
116386
117351
114596
112702
109404
114696
117292
115802
112364
108807
112082
105289
115781
112394
116818
122050
107016
123762
113782
119950
116501
112896
114866
119896
122203
117447
113051
113573
113548
112265
117487
107201
116191
115928
112607
118088
115608
110051
116497
111461
114140
114121
115841
109951
119591
109753
109358
113472
118786
118320
112069
115332
118647
116662
110295
126160
106887
107583
115722
111664
121574
118812
112871
103457
112952
113291
112437
115588
109503
122182
121435
110621
130975
112065
110961
115623
112723
109651
110373
109734
121120
112938
108587
140975
117727
117205
114633
109714
122470
119217
106568
116934
120241
111203
121033
107086
111197
120169
113550
114862
114848
114538
113313
119000
113054
114232
114302
118354
108080
122822
119562
117013
115767
121316
114933
108292
112952
111628
116005
112586
107901
112356
108903
113354
110387
114511
117100
114574
106544
117383
112743
105488
116181
119912
120664
118506
107279
113370
105681
121263
108275
116089
115471
115794
115214
115368
113515
123550
121063
118449
121497
117351
116644
115684
114715
115192
116341
115285
119638
114181
112959
110627
117616
124322
105088
107444
118603
119600
109480
117819
119682
122485
127207
109722
114447
122562
113766
110078
116470
112964
120662
116691
115284
109550
122300
109272
110182
106730
121565
111051
111564
116900
119970
117283
119800
120485
119407
118391
109524
108696
109363
117756
112678
116433
114620
110499
115291
125325
121031
111874
117583
112684
122348
118081
115597
112447
111859
114846
119687
125161
111620
118856
113803
118714
111333
114446
114550
113990
109748
112789
106755
113661
111609
118014
112474
115576
118635
113940
114847
113517
106810
109235
112362
114237
128886
115541
109642
112746
115616
107059
121388
112404
113411
110289
113278
107706
116921
115385
119940
108066
114525
109430
112836
109072
110675
112836
108617
122796
115256
103950
115367
117229
110932
110585
114518
111236
107401
111673
112216
116675
120441
103700
113409
114967
117297
112857
118976
118372
115681
126494
114491
110463
118053
121814
115870
105749
108439
