2536201
2509869
2531968
2537980
2524673
2521355
2529509
2525548
2536530
2518956
2533012
2512904
2523343
2524332
2522315
2533208
2522713
2513489
2527069
2512710
2530205
2521327
2534809
2536385
2531682
2531920
2530508
2520828
2523165
2527113
2523158
2519193
2533772
2515216
2542494
2522107
2526915
2534150
2515523
2522268
2522840
2527292
2519623
2516585
2515785
2511696
2528611
2516090
2529194
2532461
2522377
2523166
2526166
2525760
2515545
2522705
2529756
2522793
2529406
2527988
2522479
2529492
2518167
2538653
2538610
2526083
2521400
2516567
2515553
2530491
2519076
2515638
2525616
2550793
2526598
2539639
2527032
2520608
2522450
2515587
2530745
2536759
2532289
2516137
2533020
2524781
2515771
2524184
2535288
2527488
2524747
2528867
2524686
2515592
2539016
2529130
2523882
2523541
2521914
2528051
2524715
2525568
2525991
2519846
2528634
2520660
2523256
2526299
2526662
2524788
2529502
2535723
2516982
2517249
2524065
2538731
2525686
2519618
2527690
2528665
2520633
2527196
2521578
2521571
2526364
2538905
2527555
2542102
2518856
2520353
2518573
2524290
2536050
2530573
2527510
2528565
2517214
2533407
2528676
2532648
2513108
2532022
2513954
2529383
2517794
2526019
2529893
2519691
2522918
2525075
2528848
2526096
2518739
2527066
2516618
2519072
2526429
2524102
2518261
2525702
2508572
2536082
2526251
2530701
2536687
2526112
2546113
2518537
2529681
2516611
2538400
2530665
2532666
2515120
2534858
2521946
2532919
2527773
2525301
2533933
2529393
2525040
2532844
2527696
2529291
2509272
2527846
2532794
2534067
2516416
2523486
2535937
2525066
2526011
2517206
2531034
2520279
2531301
2527212
2521762
2523335
2507348
2520392
2528925
2522496
2525735
2529870
2526069
2533936
2523215
2527210
2517607
2543863
2525724
2528082
2526211
2522742
2530349
2511162
2540947
2520548
2516456
2514452
2519193
2528425
2521048
2523568
2521955
2533913
2514272
2523339
2531313
2523648
2523586
2525233
2520880
2520766
2525584
2522836
2521082
2527273
2522793
2516362
2523795
2537719
2538066
2529963
2525171
2522052
2523273
2513975
2529183
2524613
2513920
2538420
2521009
2526602
2526230
2530169
2525397
2530849
2527397
2514179
2509699
2525853
2526836
2512837
2528571
2516836
2520052
2530374
2532320
2516018
2523757
2521063
2522231
2509929
2522449
2523127
2521090
2533627
2521752
2534387
2536474
2528525
2530627
2523081
2527524
2527039
2526950
2520997
2538816
2525690
2522029
2527911
2549334
2527348
2528634
2526862
2531882
2527175
2530219
2526021
2523382
2527368
2516459
2527662
2533224
2516874
2541086
2524712
2524266
2528852
2515737
2519155
2522673
2526746
2529556
2536667
2529071
2529008
2535895
2524708
2522315
2536327
2520284
2525035
2530306
2533062
2519524
2533860
2531747
2529999
2550388
2529406
2525666
2518617
2526763
2527365
2516147
2520826
2523231
2520289
2524966
2530716
2503381
2518265
2532075
2524454
2529585
2517314
2515167
2515653
2515140
2533724
2539499
2542197
2526382
2515745
2537977
2532291
2531536
2534388
2522650
2525046
2538224
2528423
2518765
2539911
2510932
2529000
2521247
2519132
2527157
2530581
2523564
2517359
2522207
2523632
2524090
2521737
2522176
2522259
2536730
2533548
2519759
2522107
2534407
2525287
2519295
2536573
2520996
2523280
2524828
2525057
2538701
2521434
2520606
2516837
2525667
2523196
2517299
2527787
2532297
2531091
2533332
2539222
2520813
2529617
2518594
2529897
2526009
2532695
2518171
2517891
2530109
2523370
2517482
2528649
2534027
2526681
2533277
2518220
2521272
2520536
2526479
2516303
2529520
2534349
2523598
2518131
2526080
2538797
2511721
2527269
2519127
2520615
2530050
2530576
2526344
2517302
2523636
2523388
2525047
2522666
2522448
2516747
2541312
2532272
2523715
2524647
2516229
2520141
2520718
2524289
2528521
2511721
2529086
2512468
2534716
2522114
2521363
2535724
2534217
2525531
2518539
2525164
2515550
2515063
2525373
2528962
2527189
2521047
2524629
2532834
2521501
2514280
2524648
2524604
2533377
2523692
2530534
2519284
2526837
2539770
2525383
2509319
2530613
2513850
2538551
2526247
2524026
2511598
2529095
2544475
2515564
2531608
2530524
2531524
2516112
2521145
2514332
2517697
2524318
2539186
2526564
2523747
2539858
2536737
2517706
2527669
2535208
2527710
2519362
2528306
2526265
2545501
2516659
2528923
2525664
2525452
2533404
2527001
2519549
2506237
2532352
2520440
2522897
2530967
2516542
2524512
2523855
2537663
2506553
2521561
2524881
2538601
2529367
2545208
2529797
2506880
2518939
2520954
2513006
2534959
2529588
2520011
2508283
2521687
2517754
2520812
2536426
2540636
2526583
2523160
2517337
2516133
2519999
2526140
2517315
2517422
2533726
2517678
2525326
2530803
2515629
2530423
2520077
2522875
2523414
2520482
2520069
2532290
2536940
2530948
2522742
2513013
2525188
2515409
2525100
2526640
2512782
2527641
2537235
2522672
2525850
2514606
2536466
2529424
2519770
2528572
2515087
2523264
2526472
2533474
2527180
2532747
2518806
2527319
2523140
2513616
2517384
2540064
2529953
2513948
2531547
2534135
2521558
2513210
2528995
2536685
2535022
2527051
2524645
2526180
2515351
2531269
2534649
2522372
2531992
2528734
2525733
2522374
2538033
2533741
2535755
2516843
2511435
2525918
2529496
2527717
2514657
2520808
2528534
2526702
2524213
2535509
2527451
2533387
2519481
2519706
2531437
2523516
2519559
2510873
2535164
2521955
2533769
2521864
2524571
2518587
2520233
2522984
2524497
2530118
2528780
2528502
2532470
2512243
2537512
2546042
2534306
2526778
2525197
2515734
2514957
2541401
2521451
2521107
2519863
2545086
2524476
2526049
2524389
2527396
2526441
2530334
2532685
2515617
2545745
2528276
2527746
2520762
2533173
2543686
2534184
2521236
2528020
2540236
2526847
2540080
2538397
2518114
2532054
2514847
2532120
2523175
2531471
2525734
2526413
2526819
2528303
2534433
2528444
2541950
2528713
2523517
2531817
2524342
2529676
2523975
2511117
2554190
2525868
2527183
2527661
2523239
2521832
2523561
2523610
2516758
2520770
2534034
2518314
2534311
2532137
2509019
2520265
2540682
2515913
2522767
2524627
2530844
2526540
2535131
2525556
2524478
2531276
2510580
2532354
2525085
2530205
2533442
2528152
2533747
2520539
2532959
2532869
2515541
2518576
2519779
2514192
2514397
2529134
2536544
2520118
2521326
2532066
2525928
2526045
2514447
2525404
2528805
2532559
2516941
2520549
2524899
2514421
2532262
2526825
2528042
2514760
2525486
2526458
2512788
2536247
2519592
2520722
2537413
2520311
2526420
2525807
2527941
2534139
2525022
2509954
2523370
2518304
2526721
2523599
2522370
2528589
2523807
2536170
2520119
2534069
2526407
2532565
2520741
2528975
2519978
2514570
2514783
2542302
2516366
2531545
2510457
2528535
2519037
2525707
2520556
2533606
2536612
2515551
2534819
2522167
2514148
2524325
2533542
2519069
2518589
2522415
2521824
2522457
2526944
2525227
2531398
2512917
2526900
2512945
2532376
2523574
2527971
2531356
2531010
2521161
2517975
2532048
2517011
2514527
2519230
2522034
2526193
2523958
2532656
2541514
2526843
2521175
2526823
2538116
2524560
2533955
2531976
2519641
2528398
2533361
2524843
2519238
2544913
2523395
2532640
2521506
2534966
2523064
2527294
2522431
2522751
2537065
2512723
2515391
2539622
2520477
2521109
2522860
2531773
2520124
2531239
2519315
2524392
2531958
2517047
2537836
2514036
2521122
2524738
2523103
2521105
2512232
2520009
2524300
2531782
2529561
2524938
2530938
2523442
2527178
2524539
2522515
2541663
2513642
2524785
2532136
2519158
2541913
2520633
2518972
2513807
2527029
2529671
2527582
2523683
2517311
2517250
2532209
2518888
2529398
2526047
2520487
2521750
2512344
2523788
2530677
2520337
2514874
2536048
2530443
2534348
2521367
2522638
2512134
2520904
2523163
2519248
2542314
2533630
2523415
2525666
2527775
2530121
2534772
2532821
2520880
2540511
2525891
2518207
2524722
2522716
2523447
2518985
2523534
2536295
2511016
2529834
2532318
2517440
2524210
2532088
2520832
2525938
2507338
2520964
2515426
2529573
2518290
2530644
2520417
2532242
2534854
2522565
2534505
2524000
2510834
2525786
2517064
2512873
2534964
2533043
2530128
2517426
2521182
2515175
2533979
2532480
2532593
2516698
2513559
2531023
2519397
2522611
2523471
2538548
2523731
2511141
2519070
2532320
2527336
2512315
2530761
2535466
2524649
2535254
2527154
2518925
2524551
2525498
2524368
2531399
2529351
2519821
2526378
2513300
2536802
2523437
2508910
2524608
2534210
2520950
2537779
2520476
2532098
2518518
2511053
2534235
2527523
2522644
2520709
2520180
2535604
2524033
2524564
2524375
2516518
2523540
2544613
2517114
2524096
2527564
2520051
2530489
2534571
2538275
2522422
2528608
2531026
2520237
2520293
2524001
2523984
2534021
2522468
2528828
2519272
2516494
2526545
2521210
2524101
2521547
2521777
2512362
2525307
2518460
2529184
2517188
2518285
2542184
2528174
2526257
2533286
2520074
2530588
2522347
2515673
2523979
2517890
2521463
2516338
2532859
2526855
2540675
2528552
2524890
2533268
2524447
2528719
2519991
2527124
2529217
2513453
2540063
2536048
2534944
2537006
2535598
2533590
2522537
2521797
2525505
2526975
2517070
2527717
2519681
2515828
2526829
2525556
2513144
2524036
2525496
2521647
2524543
2519191
2523237
2533160
2526099
2522645
2522621
2513265
2518105
2529445
2522081
2512977
2532572
2521451
2523998
2528247
2529334
2525135
2519163
2526762
2525700
2508541
2526505
2530301
2534582
2513239
2515810
2522843
2523717
2525787
2519693
2535371
2522689
2517974
2530852
2520963
2528715
2526821
2521367
2533229
2519291
2525091
2533381
2526000
2544295
2526682
2531605
2535578
2537363
2515204
2526105
2528793
2531829
2525450
2534036
2527939
2514870
2514709
2535577
2532335
2528851
2515595
2518657
2523107
2512662
2534626
2521052
2538512
2533623
2526862
2526530
2520868
2518028
2530287
2528620
2504669
2515310
2518060
2532754
2526444
2528106
2530327
2539700
2537337
2527488
2511862
2508476
2509940
2530575
2507642
2527600
2531703
2522037
2527582
2542817
2520569
2521385
2537882
2515351
2524591
2508623
2527219
2529213
2533226
2510287
2520354
2506869
2522304
2518451
2521607
2527748
2518047
2516592
2534187
2516738
2537001
2527565
2538849
2531558
2531950
2521887
2534251
2525930
2524865
2527172
2531848
2513618
2520345
2536682
2524338
2528759
2527405
2533383
2542817
2520783
2529664
2529198
2516039
2524449
2531675
2531810
2533944
2514092
2523931
2509906
2525706
2526755
2521980
2518068
2520277
2529379
2523387
2513454
2529087
2543204
2518094
2529333
2520259
2525190
2514692
2529376
2528107
2541518
2520645
2529798
2517333
2520767
2532022
2517236
2523118
2544461
2515737
2531792
2519867
2531355
2515990
2523498
2519643
2517030
2532220
2534410
2533671
2524183
2535153
2519033
2511416
2502357
2530047
2518413
2518808
2528318
2519290
2524870
2542136
2521975
2518921
2532378
2516012
2515944
2511331
2526966
2524138
2524003
2534259
2518517
2522328
2527247
2529795
2526593
2540362
2524865
2522053
2531084
2517312
2529710
2534553
2517501
2522819
2533181
2521038
2520175
2513040
2522582
2517613
2529690
2529255
2524602
2522955
2542238
2521800
2520339
2521341
2523690
2523399
2538844
2513808
2523904
2525430
2525814
2511765
2522933
2521747
2525666
2534648
2535106
2525216
2528186
2526170
2522729
2535924
2523042
2523200
2527875
2520779
2525967
2520018
2521343
2524263
2534684
2529356
2520901
2526974
2530715
2526192
2537947
2520234
2534716
2530979
2521675
2528772
2514542
2533064
2540173
2529444
2504753
2521983
2527785
2530563
2526579
2520719
2534154
2518497
2519766
2524688
2533821
2510130
2533534
2523351
2529644
2525797
2518064
2525195
2518743
2525058
2518429
2520769
2513045
2504844
2545468
2526345
2523107
2539648
2514628
2539039
2531106
2524301
2534304
2513360
2533952
2530867
2526701
2523565
2534569
2518931
2527864
2521832
2525993
2521141
2529516
2518639
2527522
2537503
2521574
2535144
2529993
2531314
2519605
2521504
2535899
2525022
2536750
2522905
2528534
2526453
2533376
2527465
2525816
2528871
2527004
2526897
2517847
2522030
2526998
2529239
2533005
2527888
2519701
2537421
2535152
2515615
2529140
2532041
2525046
2529071
2537568
2517472
2518316
2542398
2531692
2528939
2527226
2528015
2534708
2535973
2516718
2535994
2520690
2535402
2525078
2535133
2521117
2525740
2519317
2521237
2530139
2527855
2532745
2520539
2528080
2524314
2518416
2529948
2525670
2528101
2526032
2515264
2532951
2516993
2510455
2522174
2514758
2531241
2533947
2526064
2532454
2530717
2521100
2508007
2519288
2520190
2521230
2534097
2534695
2527666
2516469
2532282
2519007
2523664
2503514
2515827
2532678
2519146
2540744
2520258
2519484
2528153
2525356
2537618
2525894
2527237
2521028
2528522
2531449
2537153
2517793
2531653
2528910
2512063
2542906
2520609
2522668
2527379
2510233
2520916
2516815
2515688
2525915
2538244
2539696
2520056
2524584
2515096
2527476
2517633
2523115
2524747
2516244
2528725
2517599
2522048
2518764
2532544
2527354
2523440
2528662
2522296
2530715
2523992
2523750
2532807
2520665
2523979
2510078
2541499
2525519
2509210
2532751
2509567
2532904
2520543
2534464
2540518
2532022
2520339
2520454
2532434
2534691
2522854
2528063
2523302
2524047
2517038
2541174
2534346
2532782
2519140
2523357
2528495
2523406
2522288
2531366
2540235
2525620
2522064
2512344
2530658
2520891
2526316
2530307
2525296
2519053
2524280
2529077
2531111
2518945
2517948
2529164
2536211
2516532
2540152
2524508
2530026
2522137
2519717
2524988
2528232
2529151
2534903
2524642
2526624
2521638
2517616
2522636
2526359
2510214
2514065
2549068
2527928
2526583
2522403
2526411
2515632
2531836
2525969
2524075
2536973
2520170
2520268
2514908
2530918
2522790
2520078
2517178
2533140
2523230
2529402
2520042
2518614
2521103
2517902
2518094
2521097
2518636
2536548
2532202
2519234
2520114
2520179
2530537
2525441
2525963
2524973
2522469
2514803
2528776
2534134
2519815
2518792
2525537
2522921
2529628
2520676
2522344
2525891
2510658
2519650
2515999
2521335
2529568
2531018
2531953
2515952
2538734
2522923
2520122
2517307
2521114
2519356
2515948
2523873
2553962
2517880
2526880
2526457
2537233
2523521
2519613
2514079
2515623
2523032
2527619
2518108
2522163
2522584
2534326
2529252
2522134
2520299
2521218
2522986
2521642
2523383
2514115
2531021
2522785
2530755
2522809
2520934
2518339
2531552
2516589
2536384
2518345
2539047
2524868
2529934
2528176
2519000
2527347
2522567
2529177
2516397
2520303
2521504
2517302
2535214
2531828
2525897
2528829
2527244
2525508
2527872
2532245
2518276
2525669
2522569
2513290
2524999
2526947
2530792
2522590
2506482
2541232
2521213
2530465
2509852
2533816
2530547
2523852
2519598
2523285
2514574
2540114
2528650
2526825
2513120
2525568
2530265
2512624
2532998
2515175
2534503
2519373
2516002
2535599
2514800
2533568
2519524
2534679
2530956
2512217
2525613
2532798
2528849
2534844
2538023
2531562
2531837
2536246
2529415
2533910
2522506
2529844
2526671
2517903
2528289
2529120
2518237
2531928
2537844
2532539
2525926
2533669
2533160
2525305
2528719
2525958
2529757
2526652
2519600
2523592
2523218
2525854
2520622
2514806
2530488
2527617
2520050
2525030
2540716
2517481
2512048
2522597
2533620
2520239
2524275
2518051
2518361
2520071
2532092
2529328
2523234
2530324
2519547
2526923
2528145
2527498
2523271
2527555
2513527
2535894
2532222
2522721
2535209
2520480
2533035
2532482
2531685
2537608
2515374
2529024
2528741
2531410
2518612
2526062
2529402
2515120
2526030
2527033
2524306
2515530
2515348
2527614
2516747
2520812
2520233
2523649
2518134
2514839
2513382
2529411
2523785
2525466
2534936
2536827
2522395
2529394
2531166
2524274
2509487
2510636
2519415
2524898
2545312
2538947
2516807
2532261
2524959
2520177
2513614
2520622
2517972
2528128
2524588
2525045
2520259
2530730
2532697
2526199
2525570
2535255
2534771
2532618
2525284
2524144
2529181
2520367
2527742
2528670
2523259
2530068
2523867
2528212
2511116
2527413
2525085
2523443
2524746
2540103
2530843
2517884
2521981
2520293
2527740
2537024
2533831
2527049
2528676
2538804
2518471
2523776
2530636
2518022
2520308
2521504
2535297
2528610
2528368
2538470
2523434
2522882
2522453
2522543
2525015
2515684
2512122
2526811
2525132
2528182
2515916
2537716
2527207
2521982
2527385
2527896
2544356
2519357
2527159
2524521
2518744
2541102
2517182
2525903
2516936
2527114
2525075
2522482
2525338
2515230
2529357
2529182
2517342
2519402
2525220
2527048
2517415
2526912
2521274
2528089
2526884
2508386
2518199
2518328
2516046
2519989
2523313
2517462
2520979
2518971
2532104
2509295
2517521
2525446
2534595
2525383
2531322
2515864
2531412
2525471
2507923
2536202
2522091
2528330
2523412
2527630
2533091
2537534
2532453
2526144
2519141
2522945
2524014
2516956
2524281
2516287
2518192
2518315
2530991
2512264
2526191
2528403
2530961
2531988
2545172
2530709
2532283
2526721
2519282
2523985
2528095
2518879
2520595
2535045
2528712
2532756
2530212
2525324
2519325
2517236
2527015
2530209
2535907
2529519
2525296
2521602
2515829
2531270
2524362
2531163
2528431
2530788
2532390
2517431
2533755
2523249
2529798
2522262
2527327
2534596
2532629
2527696
2530593
2533145
2525016
2520833
2522460
2514554
2528395
2527677
2520207
2528470
2518326
2533958
2510115
2521383
2528239
2523135
2538772
2532139
2523668
2526235
2523575
2526758
2522450
2515702
2516166
2532888
2519922
2532713
2522487
2520154
2523991
2535316
2509000
2517407
2530298
2513903
2530858
2536045
2518891
2520750
2533700
2516548
2528185
2532197
2508102
2544197
2518960
2531734
2524507
2532492
2519431
2512921
2521594
2520233
2520052
2525547
2532550
2514227
2515150
2522038
2517539
2530683
2520260
2528545
2533533
2539185
2518012
2532245
2536872
2519141
2523931
2526130
2513892
2540186
2534532
2530818
2513763
2518051
2524668
2512828
2530401
2526906
2518570
2510955
2527592
2523041
2529321
2529145
2529257
2532081
2526389
2521883
2524157
2519739
2533095
2520670
2541955
2530763
2529035
2526341
2528476
2531597
2515729
2527832
2521114
2526985
2520289
2524759
2536414
2537408
2523836
2519717
2528797
2528187
2527202
2523359
2537771
2525215
2529428
2522211
2512329
2528915
2523154
2524430
2507333
2524639
2542301
2533547
2526149
2534124
2527155
2518462
2524177
2522359
2524232
2511585
2529267
2523995
2522352
2519674
2529887
2518143
2538340
2532111
2522819
2520990
2519993
2530311
2525846
2509357
2523910
2516665
2525653
2528220
2530443
2522944
2522547
2520777
2526889
2514505
2524527
2516672
2532868
2528764
2525327
2525500
2514973
2520539
2517573
2535086
2525680
2515285
2542197
2531492
2532852
2523531
2535397
2527661
2511370
2517201
2516436
2528974
2537754
2527350
2530989
2523310
2516229
2522132
2513008
2527347
2523420
2513319
2521888
2532210
2533510
2514655
2536569
2522587
2521990
2534191
2548534
2530591
2532711
2519116
2525435
2517128
2513204
2512704
2526739
2517859
2529104
2538926
2525087
2520854
2536989
2519155
2536747
2526748
2524570
2533071
2517692
2518890
2523617
2513911
2519246
2532008
2527533
2518552
2519098
2521500
2522175
2530149
2532970
2540913
2512936
2516714
2521982
2522014
2525589
2525182
2519518
2517117
2527294
2518782
2526204
2520415
2527634
2515106
2517854
2522508
2521749
2522382
2511570
2523057
2519522
2517250
2538807
2513779
2529744
2528487
2519767
2528846
2521475
2524907
2529334
2522411
2519187
2521700
2519996
2526158
2522752
2524323
2536598
2531421
2522880
2512146
2540031
2532487
2538857
2533017
2524266
2524271
2529177
2521138
2521283
2531635
2528319
2530108
2516819
2528401
2521591
2528742
2527566
2517068
2520333
2535328
2537408
2534112
2524756
2522032
2538043
2524695
2531051
2534781
2534334
2526721
2521422
2530647
2515855
2535217
2532188
2528874
2523223
2512258
2532393
2517961
2522138
2528495
2523647
2527507
2516895
2523856
2514368
2510483
2535602
2513524
2519352
2519863
2518028
2526027
2516041
2544637
2529705
2522796
2523003
2519309
2523798
2521644
2519664
2536166
2522272
2520351
2515564
2513458
2522979
2522637
2530260
2542597
2537634
2519557
2526807
2517827
2528908
2525536
2537769
2525350
2543565
2525931
2523794
2527539
2528184
2525448
2530128
2521397
2526219
2528856
2522610
2536334
2525144
2524270
2522870
2533466
2522733
2534257
2524175
2525520
2525263
2542198
2515822
2533889
2516525
2517342
2519821
2542653
2529120
2526057
2528783
2521936
2525423
2538301
2516652
2531463
2534146
2517624
2521591
2530513
2522217
2521961
2526771
2517640
2529665
2518223
2522960
2529669
2528509
2520513
2528416
2527159
2527721
2518552
2523869
2526162
2531391
2516702
2518296
2530244
2520257
2525838
2513443
2526337
2529164
2531753
2520454
2524304
2528995
2521685
2531571
2524352
2529570
2537481
2514643
2530460
2530410
2525308
2521801
2537794
2528813
2530063
2523376
2531119
2516846
2524863
2520974
2528089
2515028
2525232
2529516
2508183
2519471
2531722
2525859
2512992
2520939
2526928
2519740
2525933
2521002
2516023
2529040
2521017
2516513
2527544
2527336
2527235
2515650
2516177
2539482
2533819
2524850
2520875
2516854
2520736
2524544
2518061
2530932
2522012
2535413
2521873
2522009
2521796
2539229
2524111
2541081
2526886
2515626
2520572
2525317
2533830
2523236
2531910
2527252
2521111
2517445
2533899
2540644
2529497
2522627
2531956
2514617
2531794
2518661
2523681
2523583
2511692
2528995
2521707
2522226
2532090
2523742
2527281
2511548
2518394
2516447
2521390
2535093
2531736
2525739
2525654
2520886
2518948
2516458
2522963
2515060
2524343
2533525
2524900
2517498
2520991
2521353
2538246
2535726
2533379
2530963
2527476
2512459
2533997
2513655
2528467
2525366
2522299
2531381
2525468
2528270
2515316
2524558
2518698
2538577
2518982
2525776
2528190
2525937
2517510
2522854
2526948
2528217
2532692
2525136
2529222
2529466
2510328
2518379
2538100
2521892
2536904
2514353
2511959
2531086
2528327
2523914
2528121
2529192
2534434
2521343
2529462
2520071
2541266
2516357
2528725
2533812
2524230
2533742
2524944
2516430
2523068
2533687
2520429
2546542
2518316
2514262
2512939
2525617
2530275
2519016
2526668
2537833
2528083
2513550
2528020
2537865
2537573
2514559
2523416
2522091
2523483
2516561
2527698
2533660
2520903
2540363
2532205
2530566
2516140
2524556
2515265
2527696
2522753
2539344
2532572
2512802
2537904
2522372
2521391
2519575
2521285
2516721
2520647
2527870
2516000
2525345
2526653
2521749
2524377
2528543
2535384
2519125
2527959
2523815
2518161
2529432
2538560
2529134
2515890
2532225
2523638
2526953
2516563
2517667
2529275
2529404
2527156
2526431
2527486
2536747
2540699
2525360
2519060
2516921
2522031
2527378
2517747
2542336
2505321
2535697
2524300
2517125
2528012
2517258
2532596
2525411
2534618
2529719
2525604
2527726
2521437
2523825
2529883
2535282
2528660
2520256
2525539
2518972
2510323
2532605
2518618
2539737
2521064
2530023
2537146
2525049
2524415
2530784
2531491
2517727
2524547
2535922
2529177
2526535
2513656
2533007
2514843
2528785
2524655
2525054
2532104
2536947
2531489
2527267
2538541
2526767
2533323
2536536
2505867
2535501
2537944
2529018
2534107
2523832
2517356
2516387
2534952
2529952
2545069
2526882
2519914
2529778
2527815
2529807
2517708
2529126
2537606
2520590
2527464
2526426
2536763
2526057
2531263
2532134
2528196
2526229
2528259
2514694
2524367
2526609
2539877
2529973
2512241
2527712
2531122
2529826
2526565
2519352
2510678
2525414
2513899
2521554
2516425
2524317
2523594
2522688
2523276
2528336
2525490
2521648
2521050
2515358
2517916
2515035
2516383
2519394
2531402
2534033
2518299
2528485
2521734
2521112
2523584
2538927
2523570
2518685
2522402
2518470
2534379
2522907
2522285
2520175
2525040
2522056
2525387
2523334
2539911
2518075
2530475
2511712
2509100
2525249
2528906
2524910
2524991
2521634
2522607
2522108
2527912
2518873
2529279
2522763
2527931
2527170
2526228
2522309
2519901
2535237
2522759
2538431
2532690
2521897
2531339
2534505
2514954
2526847
2525021
2521607
2528557
2524400
2521872
2530014
2523594
2523408
2531059
2525071
2523897
2525299
2525476
2521165
2519733
2529065
2524761
2518385
2531980
2517161
2527950
2535987
2521220
2526605
2526315
2532987
2520168
2520052
2532961
2515391
2549328
2523447
2519716
2528406
2530799
2510229
2521526
2523770
2539303
2523430
2519073
2530019
2523568
2529288
2523477
2544957
2514197
2521826
2520116
2531820
2524485
2531780
2516521
2523770
2518471
2517241
2529658
2519641
2515665
2521914
2514387
2527986
2532522
2521500
2520211
2514596
2524251
2528335
2517078
2522977
2526961
2527651
2527025
2524765
2522535
2531086
2532774
2521946
2523937
2516692
2515441
2524849
2536172
2517945
2525552
2532050
2524777
2525291
2535619
2528889
2511098
2526686
2523562
2529810
2523796
2514538
2523084
2511005
2507514
2529608
2523114
2510286
2512955
2529004
2527425
2528580
2522577
2518275
2516829
2513327
2528595
2531789
2532177
2523732
2524120
2520959
2520394
2524641
2540641
2518390
2527913
2527818
2519990
2521733
2514522
2545715
2510472
2536354
2533692
2520233
2527635
2528909
2521711
2516131
2537896
2520447
2526482
2522850
2519041
2529138
2520626
2521541
2527911
2519814
2535347
2530812
2531905
2524172
2529642
2515261
2519317
2530575
2526911
2524428
2530918
2528301
2528833
2526478
2533446
2529326
2530213
2516842
2513426
2522682
2525861
2518139
2521424
2518891
2511466
2534177
2532235
2525656
2532722
2515642
2521569
2525350
2517115
2527137
2523262
2526697
2542946
2517570
2529654
2521380
2519833
2519080
2516617
2535002
2517740
2517799
2527844
2525818
2520138
2533733
2531064
2530000
2521288
2530288
2515157
2510575
2532093
2516458
2525329
2526446
2521487
2527062
2526122
2536871
2532818
2525344
2533605
2520042
2513338
2525520
2519741
2509811
2532165
2517834
2521558
2518061
2528379
2519649
2522297
2526524
2535899
2534162
2521281
2526998
2528791
2531227
2519048
2522890
2521241
2524770
2525988
2527380
2526306
2527465
2521661
2528179
2523827
2515126
2530310
2522912
2519896
2518334
2525457
2512592
2528036
2522224
2510803
2530476
2534701
2540162
2511477
2525720
2524771
2519528
2526749
2521170
2515862
2529482
2530756
2520167
2520783
2519486
2539574
2518190
2532745
2517560
2525780
2526712
2518386
2521757
2520978
2526250
2514473
2534684
2543272
2522968
2532825
2514501
2522342
2513526
2518657
2516427
2525533
2528570
2516716
2519399
2523302
2519499
2523972
2517733
2514318
2546593
2535305
2523940
2523897
2527498
2521479
2530355
2523718
2521417
2541012
2525692
2530495
2521225
2512537
2528327
2540004
2529064
2518740
2522065
2529171
2526795
2526476
2538887
2518128
2524776
2522145
2525165
2522051
2535071
2517167
2518585
2519901
2531224
2518050
2529032
2531663
2519264
2522080
2518841
2536653
2531795
2527945
2514068
2522332
2512718
2534204
2519026
2525079
2532176
2533681
2526531
2530000
2512974
2532320
2532808
2529451
2524419
2533357
2529991
2531562
2529753
2525357
2531027
2527675
2523988
2524264
2519971
2509113
2528140
2518372
2520462
2536256
2524140
2525745
2522088
2523132
2514635
2533582
2531737
2532845
2536787
2527196
2527048
2531456
2525975
2541003
2531534
2514346
2537532
2527631
2531146
2531070
2515171
2521949
2515270
2530358
2514529
2518450
2529027
2540540
2529167
2531052
2532129
2525833
2533386
2525070
2533207
2519752
2517892
2525635
2528128
2522392
2537104
2515981
2513272
2520303
2517040
2512075
2527175
2516991
2532769
2522047
2541871
2519008
2527331
2520335
2516072
2526314
2517285
2518226
2520250
2518650
2515809
2519897
2528792
2523101
2523005
2523461
2532352
2509936
2514029
2536072
2529939
2528071
2524603
2539112
2523725
2518288
2523843
2511176
2519313
2520805
2524402
2517251
2520228
2528840
2542628
2531183
2517021
2512688
2526576
2527135
2509661
2526759
2520033
2514206
2534891
2519760
2525196
2517405
2520179
2544048
2527858
2522592
2532567
2520259
2524654
2533439
2511604
2516900
2527540
2530448
2538796
2524060
2524351
2527009
2528711
2528565
2531046
2520524
2522124
2532493
2525189
2527111
2524153
2513893
2540175
2528694
2528935
2532838
2529459
2534037
2527059
2532077
2515695
2523112
2518439
2520088
2513267
2522034
2529712
2523798
2530208
2520814
2541991
2514564
2513788
2522935
2536916
2521493
2520296
2522554
2530839
2522213
2528356
2516923
2522181
2518709
2522617
2534300
2544106
2521410
2525552
2530029
2534634
2520286
2521913
2539855
2523719
2519800
2518152
2526032
2525091
2527109
2516989
2514830
2522190
2538547
2523832
2513247
2525870
2529433
2526094
2537830
2529978
2527364
2519161
2519495
2528993
2516350
2531496
2517234
2523754
2527353
2533815
2530370
2524739
2531364
2524868
2527608
2528320
2536757
2525609
2521228
2529047
2521560
2534545
2518353
2524252
2522870
2519590
2529473
2528687
2522554
2510053
2525102
2526547
2530547
2525733
2517118
2516288
2512565
2527712
2537975
2527633
2529099
2522619
2514532
2528264
2506840
2528606
2527883
2514488
2511954
2531065
2525074
2533014
2528473
2536186
2528617
2522691
2525334
2528445
2533126
2532873
2529353
2516841
2514840
2518681
2546473
2519597
2512772
2538585
2514705
2530061
2544553
2519001
2533940
2524643
2532069
2533463
2514183
2538034
2520801
2527491
2519447
2513649
2524651
2533210
2526271
2535215
2516368
2523673
2527670
2514939
2535299
2527170
2526244
2517940
2538723
2545875
2515859
2525428
2522263
2525890
2524223
2519560
2530710
2523200
2533542
2513717
2526958
2524705
2530615
2538357
2517522
2530941
2522090
2521673
2529730
2528059
2518490
2522367
2519498
2518409
2532044
2526370
2531844
2523609
2523483
2512216
2526607
2524513
2518152
2523148
2502757
2528126
2521541
2518818
2532927
2522227
2518802
2524850
2526339
2531209
2530055
2520549
2533786
2524247
2526370
2530607
2525755
2528665
2515752
2533419
2526466
2520689
2518133
2535194
2529960
2531012
2536521
2525383
2532483
2530059
2516064
2514068
2535397
2518500
2521526
2514216
2525097
2528533
2539041
2520261
2522318
2535860
2527128
2519187
2521400
2529496
2536688
2532594
2526375
2527200
2530880
2533883
2530314
2515114
2520346
2512404
2524299
2524771
2530384
2525691
2525887
2517749
2522228
2528143
2527434
2518016
2520307
2539813
2525307
2530226
2526969
2527646
2529272
2517661
2525369
2524874
2517080
2509395
2526545
2521542
2536584
2518052
2518745
2519770
2521000
2533400
2517456
2523165
2524499
2527167
2531418
2514542
2521641
2521423
2522330
2516667
2527972
2520852
2523083
2537563
2525839
2517710
2520643
2520888
2533678
2536358
2526278
2533773
2521592
2525115
2521819
2507322
2519931
2522957
2513529
2524740
2528840
2536329
2525635
2537799
2513211
2537266
2522047
2530910
2520237
2512845
2519952
2555241
2539014
2514846
2523723
2528685
2520041
2523216
2531991
2516643
2527673
2513071
2525336
2528400
2519337
2516704
2521547
2520276
2529069
2526709
2527909
2536070
2539317
2526019
2530801
2518043
2527144
2533413
2531629
2519564
2519350
2514249
2529552
2527922
2516987
2532137
2535479
2511992
2524420
2530454
2508070
2525726
2539675
2516484
2516879
2512618
2534296
2522123
2533670
2519623
2525677
2529255
2530970
2523070
2516122
2522945
2528504
2534064
2535562
2537101
2522931
2524841
2537250
2514922
2525571
2540373
2514627
2541316
2519836
2528413
2514554
2510891
2519440
2520348
2526665
2526423
2527361
2527542
2525115
2518633
2527073
2513483
2531353
2532012
2527949
2529320
2519584
2515867
2525140
2534779
2520279
2527253
2522311
2517876
2519503
2525305
2535203
2526569
2526067
2520785
2512104
2523589
2520513
2528822
2525810
2524014
2532489
2528232
2530989
2504445
2527486
2533706
2528754
2514635
2528355
2527531
2519584
2528073
2514597
2524330
2519228
2511402
2546643
2523826
2525587
2532085
2523301
2531248
2524873
2530235
2515880
2531508
2519954
2517199
2511324
2520291
2514534
2516523
2522896
2525753
2525833
2513595
2514538
2521580
2531511
2527272
2526908
2530217
2535321
2518203
2534274
2515672
2512181
2511102
2527864
2522931
2538579
2533725
2519730
2509231
2526340
2518717
2519179
2524342
2533299
2543922
2520262
2519547
2526454
2526565
2526252
2525983
2519573
2525131
2523339
2518166
2527779
2517853
2525805
2522860
2513108
2529511
2518894
2523298
2545380
2527984
2529281
2518992
2529492
2523934
2539509
2536928
2528451
2527459
2528029
2521208
2525787
2521743
2521534
2535233
2534490
2529341
2506947
2521423
2527099
2526986
2524949
2531689
2526116
2521832
2532512
2521090
2529490
2528512
2525718
2538816
2516674
2520289
2523754
2514099
2516632
2517683
2521366
2516254
2521626
2513590
2519287
2517329
2524620
2517246
2524840
2521971
2539908
2525487
2531816
2521403
2522815
2545519
2543491
2527765
2511486
2522853
2518190
2525541
2529866
2530688
2524003
2520547
2533497
2525914
2518251
2532467
2515508
2526033
2529796
2545053
2518363
2514352
2530106
2527923
2520897
2524935
2532873
2537848
2523584
2518648
2526750
2523220
2517496
2518897
2516867
2520630
2528187
2529611
2525212
2536370
2520150
2534541
2525668
2524652
2524494
2529738
2542367
2529933
2522219
2514811
2522831
2527012
2529320
2514907
2514812
2521378
2520881
2515172
2513554
2521732
2520310
2520908
2516434
2529450
2521162
2537517
2522160
2530228
2528664
2532962
2531608
2519407
2533287
2524988
2530680
2515139
2534625
2545109
2521298
2525726
2535594
2521757
2519012
2519077
2534098
2523662
2526727
2523847
2527496
2515142
2523069
2523233
2523748
2521367
2527053
2537852
2519051
2520091
2523612
2527839
2508669
2511308
2514917
2518786
2537221
2533079
2532924
2527001
2518919
2524202
2531042
2535893
2520263
2521457
2523731
2524283
2531078
2521179
2519789
2525547
2521165
2528248
2538879
2531562
2518573
2523782
2530415
2522446
2526526
2524799
2529799
2527860
2527954
2535184
2515570
2527379
2532545
2523532
2529938
2522785
2534935
2532066
2521960
2529148
2510710
2529407
2525396
2531660
2525889
2522387
2519368
2529018
2520505
2520486
2522103
2519798
2524527
2534880
2515598
2519520
2535116
2534808
2531174
2510703
2538501
2520386
2525895
2524576
2535177
2530360
2530093
2529698
2514016
2524851
2525272
2524806
2538969
2527565
2533899
2535026
2530732
2524643
2533280
2535528
2527834
2520418
2528502
2539514
2528543
2532639
2525631
2524189
2526544
2535968
2536947
2533356
2525875
2519577
2522153
2527199
2517692
2534368
2512586
2535918
2526647
2519383
2522431
2524650
2516372
2521785
2522988
2513015
2521295
2518244
2519715
2516551
2525688
2521968
2526236
2524847
2521706
2504739
2535113
2515008
2524396
2520539
2525323
2527915
2517745
2518511
2514771
2516901
2524136
2520134
2514890
2520712
2514466
2516642
2536404
2515941
2527916
2518536
2520542
2530185
2518802
2529409
2519440
2533364
2528495
2514653
2518978
2535708
2527655
2528741
2522899
2515039
2531455
2522312
2530046
2522670
2516234
2530744
2532820
2516619
2517998
2515869
2512665
2520790
2510804
2512876
2518611
2524467
2536263
2521172
2518064
2526543
2522638
2535834
2530538
2521302
2524119
2531998
2527992
2526811
2523990
2516953
2522294
2530787
2529634
2523967
2521034
2533402
2521541
2531601
2526119
2525871
2521124
2520133
2514390
2530855
2539423
2519645
2532029
2541431
2522268
2526180
2534957
2521256
2518462
2544221
2519038
2534992
2520423
2518754
2513369
2521147
2522372
2533323
2523913
2526557
2531774
2532963
2527228
2526903
2520983
2543094
2539546
2527768
2541928
2518750
2524159
2532659
2529655
2516368
2521607
2521116
2518908
2529863
2512337
2523844
2528179
2517504
2533832
2534173
2525421
2527793
2524808
2509840
2521189
2543046
2534904
2532503
2524860
2520666
2524995
2528171
2523880
2508966
2536665
2527439
2524305
2518423
2522828
2527255
2528264
2519129
2527872
2529940
2523589
2523783
2514233
2517749
2536922
2524336
2517393
2513974
2521385
2513477
2513705
2531986
2513995
2518884
2524611
2523962
2530091
2514554
2525626
2525022
2540417
2530873
2533899
2508840
2527269
2513786
2507802
2511375
2523596
2513666
2529438
2526804
2522294
2527034
2533704
2544122
2526321
2530469
2523831
2530595
2525128
2531376
2513449
2520769
2527326
2522516
2524533
2517186
2527119
2542516
2531737
2520348
2515158
2533667
2535331
2528158
2518455
2529459
2529503
2533798
2518475
2532122
2515405
2519304
2534737
2539137
2534926
2537242
2516066
2525934
2517266
2523025
2517709
2524764
2514032
2530378
2527178
2538937
2528690
2524339
2516346
2532924
2518800
2527979
2540171
2530742
2535670
2532330
2526358
2534592
2530387
2529702
2529863
2514784
2526413
2520425
2521013
2529844
2519111
2532142
2520159
2522059
2534219
2524349
2522072
2525714
2534894
2525399
2532576
2530359
2533841
2527810
2538308
2533387
2522502
2540087
2532509
2536113
2531530
2535306
2521778
2520781
2524847
2527328
2530747
2513495
2520775
2511868
2531012
2515924
2530214
2525929
2523766
2525483
2516929
2521242
2533713
2527902
2513597
2534442
2523938
2529772
2538148
2535406
2526278
2528074
2527975
2528573
2523176
2515779
2524404
2519056
2535869
2528448
2527136
2524491
2533934
2530661
2524213
2517135
2522149
2521050
2532224
2517958
2535893
2521292
2538950
2529484
2514163
2515710
2531272
2522343
2522547
2534682
2531942
2523553
2517921
2531537
2536738
2514442
2522500
2512484
2520699
2525413
2522881
2541429
2517085
2516611
2524013
2528031
2519851
2525780
2509695
2527875
2534619
2522453
2528894
2527484
2525492
2530963
2519326
2532491
2530605
2510965
2524728
2530895
2522682
2530465
2522020
2535731
2546547
2520224
2522511
2539891
2518754
2524451
2537115
2535425
2524560
2531483
2538127
2528026
2514282
2524623
2533570
2512445
2512415
2522174
2533949
2517990
2514546
2524595
2532178
2527417
2533477
2516089
2531530
2521442
2527173
2525543
2528378
2533033
2538257
2532355
2533875
2517216
2539387
2526600
2519524
2526388
2531428
2527685
2524829
2516647
2518171
2533545
2515828
2525751
2519339
2515282
2525327
2528096
2529022
2533694
2533840
2527297
2527677
2523329
2539867
2511284
2521346
2514645
2533313
2524960
2518991
2529745
2519887
2524277
2516231
2520975
2521134
2535341
2516485
2535065
2526968
2525360
2520465
2525917
2522070
2524179
2523558
2523151
2509104
2526046
2518323
2522321
2544575
2524430
2517239
2532509
2524883
2528086
2520515
2521724
2516001
2524038
2532905
2526071
2533994
2517038
2534589
2532822
2525265
2518984
2528658
2532453
2525957
2525546
2521962
2512515
2515785
2533318
2525874
2510794
2527914
2515882
2522101
2545015
2524070
2527796
2528467
2530439
2522944
2538207
2531779
2521469
2530751
2527317
2517788
2530200
2529910
2514875
2527282
2527824
2539959
2522799
2533622
2523540
2525344
2527286
2523057
2530311
2522893
2534213
2524146
2535099
2513967
2521371
2521804
2523810
2510103
2522931
2519484
2515826
2515160
2532252
2527426
2523727
2521414
2528022
2529652
2519694
2528141
2522494
2519368
2530301
2526443
2538344
2528099
2525181
2516925
2520503
2516360
2524358
2517907
2533882
2522939
2531659
2525236
2521757
2527618
2516354
2523606
2525622
2519587
2528267
2518181
2519453
2520846
2521861
2522249
2528290
2510438
2535248
2527234
2530958
2520312
2524217
2536309
2529294
2550147
2503781
2523413
2533802
2521125
2531518
2528899
2527709
2517467
2531193
2526097
2518848
2529878
2535041
2514608
2516983
2532289
2526217
2526762
2513264
2538199
2518776
2519501
2528107
2520502
2519337
2523656
2522150
2527544
2524605
2524101
2521665
2528342
2534747
2524477
2519536
2517228
2525761
2512239
2527430
2527742
2531500
2527187
2527182
2529844
2530406
2538530
2521040
2525308
2528237
2521027
2527848
2524136
2522921
2518755
2542626
2533265
2539368
2524617
2536927
2516009
2529248
2526306
2530716
2546348
2514990
2522635
2516905
2520931
2526510
2520887
2519813
2527775
2513059
2520213
2511906
2522280
2508218
2512937
2520885
2517976
2544477
2524193
2517265
2526499
2531377
2515714
2522288
2524976
2530920
2537248
2523651
2527632
2523248
2535868
2516707
2528405
2512392
2516252
2527346
2529425
2516273
2521467
2522399
2515499
2528259
2524726
2529683
2524401
2534803
2525826
2529298
2519944
2529342
2514095
2521345
2526277
2527555
2509911
2520024
2511129
2527246
2517251
2527858
2532316
2519483
2533078
2532927
2545999
2522935
2525817
2525879
2517556
2528295
2525690
2526813
2534037
2530049
2538658
2521791
2528658
2533172
2532123
2520715
2538429
2529152
2521313
2527649
2524849
2519410
2525504
2515707
2525589
2523504
2530188
2521464
2525239
2529859
2515601
2541182
2519356
2528413
2520968
2523062
2520778
2521846
2530686
2507791
2517383
2524185
2533543
2524995
2520918
2541290
2522266
2519866
2527811
2531723
2516782
2514321
2526261
2517577
2517327
2530776
2525605
2524700
2511295
2528429
2536033
2525633
2534307
2528018
2523024
2531296
2519410
2528633
2525064
2517375
2531146
2531858
2532939
2524966
2528000
2521478
2518306
2531348
2529633
2512434
2535807
2526768
2512839
2524465
2525997
2531781
2530480
2514864
2521735
2515046
2522306
2518368
2531422
2528979
2527573
2520605
2525258
2519574
2528469
2527507
2528861
2523088
2525448
2530708
2526974
2527172
2531727
2529495
2527220
2519745
2525532
2524747
2516837
2522749
2512276
2528606
2518132
2521957
2521443
2533484
2526954
2522765
2530497
2520493
2528025
2525559
2526151
2525930
2516398
2528453
2528717
2531333
2524973
2519382
2524897
2517486
2521121
2532211
2526286
2520548
2528509
2532364
2520695
2544845
2519478
2540097
2521176
2523699
2523952
2512012
2511741
2518362
2524006
2515459
2510403
2525805
2518088
2520761
2528638
2533354
2516388
2522805
2515720
2526140
2514226
2527869
2528459
2527364
2533184
2521430
2524679
2533562
2545232
2532616
2519203
2523616
2524115
2533765
2537115
2524886
2518742
2519865
2529133
2541801
2529650
2532449
2508135
2523188
2518539
2526525
2519282
2513864
2522951
2527569
2520946
2535097
2520767
2533194
2514711
2539168
2513832
2522869
2525618
2512251
2523217
2518339
2525120
2522117
2520947
2530003
2529772
2517522
2519609
2534237
2525046
2538285
2518169
2524061
2526780
2532412
2527364
2526804
2524485
2519443
2521053
2528406
2535262
2530844
2518156
2524842
2526513
2526637
2512661
2517407
2522923
2531850
2515161
2541905
2526545
2520665
2530649
2537475
2513852
2506340
2530727
2525158
2526509
2518157
2528759
2530551
2524315
2521996
2520805
2520667
2535835
2520955
2516784
2526224
2530822
2540263
2524405
2524250
2507038
2517993
2525900
2523523
2524982
2530816
2521009
2526841
2529215
2514971
2513385
2509710
2512436
2526594
2522031
2527644
2527875
2526122
2509510
2522251
2529674
2518902
2528159
2532728
2520143
2526522
2521412
2522583
2528268
2533389
2521593
2516581
2538727
2524870
2510738
2514000
2525043
2524856
2525288
2527028
2514800
2529971
2523860
2518692
2515541
2525518
2512819
2532140
2520435
2525097
2531901
2528342
2526022
2524023
2526193
2535514
2528691
2532515
2522150
2520965
2512321
2535089
2528941
2525357
2519130
2536694
2518594
2519769
2546280
2534269
2520777
2535611
2511017
2516160
2528664
2529701
2535437
2514051
2514608
2525857
2530534
2531954
2534430
2525998
2520766
2524264
2513909
2520736
2522580
2517607
2518561
2524169
2522143
2537345
2519446
2530975
2518402
2525958
2518404
2540567
2521061
2538368
2525524
2517234
2522459
2522675
2515589
2539693
2520252
2512330
2529078
2511300
2511197
2516644
2529273
2528299
2521218
2515719
2515773
2522350
2522557
2529192
2525494
2525718
2521734
2524845
2533356
2534696
2522329
2520980
2522551
2513575
2506659
2530609
2535697
2508015
2529316
2519808
2531034
2533507
2519606
2542989
2520503
2512247
2526957
2523183
2540456
2530470
2524085
2530853
2526867
2516679
2517182
2519950
2519960
2540143
2520340
2535473
2523870
2533729
2521640
2513726
2521954
2537702
2512425
2538627
2527807
2517999
2531263
2539637
2529632
2529892
2510836
2524170
2523270
2509429
2527897
2542484
2529360
2517919
2516929
2526058
2517077
2525526
2527978
2516847
2530966
2522474
2510826
2521597
2526551
2528872
2516153
2527160
2528413
2526168
2525823
2526939
2526156
2525928
2537253
2520260
2513518
2525200
2510475
2535438
2510651
2526174
2526871
2513962
2517271
2528022
2529571
2510243
2528529
2520924
2532302
2529158
2525222
2524041
2523032
2530803
2515074
2531362
2523871
2532272
2526791
2523751
2520297
2517399
2530392
2521836
2520036
2527952
2538563
2512177
2518829
2529629
2525829
2531509
2521425
2519576
2538907
2519293
2518600
2536204
2512996
2533685
2530882
2522642
2517600
2531298
2531479
2522799
2516082
2524697
2530582
2519010
2540437
2530349
2522662
2513865
2521401
2517346
2522776
2529157
2523948
2529185
2503270
2540833
2512761
2512142
2537669
2526271
2527573
2529600
2508376
2536314
2530081
2529622
2514909
2530054
2523708
2527498
2515319
2532475
2515951
2520568
2522163
2527922
2514200
2534061
2524383
2529710
2519481
2535795
2527387
2525825
2537996
2532717
2520475
2525686
2534956
2528426
2522954
2528784
2513873
2527622
2521934
2523440
2524631
2526063
2523113
2513348
2519602
2522392
2528925
2531240
2523305
2530224
2518942
2518526
2519505
2524602
2527264
2524670
2518932
2529919
2541021
2521831
2526305
2523586
2517609
2528280
2514302
2510752
2531983
2531114
2533239
2530428
2530559
2518011
2528009
2537341
2520327
2530817
2525738
2524289
2508210
2522293
2515691
2537783
2527964
2524089
2523646
2540471
2520165
2519150
2511985
2527382
2520285
2527335
2548268
2541065
2530618
2527355
2517492
2513312
2524204
2531096
2510736
2530027
2510854
2526364
2531284
2524707
2521516
2532451
2539466
2535444
2526675
2530654
2538020
2524694
2534093
2532128
2513586
2525971
2534602
2531484
2526911
2528276
2519780
2522685
2518178
2519154
2520541
2508736
2529687
2526304
2516159
2538598
2528174
2522262
2525119
2521578
2529259
2518031
2534072
2518191
2522835
2508477
2533759
2522547
2519672
2529299
2517636
2527662
2526003
2523715
2544498
2513790
2517287
2527976
2536136
2524294
2520578
2536882
2522093
2525811
2519141
2520516
2534650
2517422
2515086
2526768
2522907
2526032
2523550
2527426
2527786
2545732
2531081
2533852
2518550
2538362
2516628
2512088
2529716
2525022
2534408
2515797
2524501
2521010
2522027
2521583
2513113
2527031
2539300
2524604
2538003
2523315
2518094
2530198
2530198
2526139
2522941
2518669
2526246
2535861
2524485
2514983
2515145
2526616
2540189
2526272
2524834
2518164
2519560
2515669
2540654
2535951
2526520
2520049
2519909
2529146
2516498
2537107
2535778
2531931
2532510
2523959
2519591
2522237
2527447
2524316
2515188
2516727
2518791
2527773
2517919
2525916
2529788
2530986
2520627
2518692
2537027
2521110
2528164
2514746
2513240
2524421
2525775
2524850
2519567
2525185
2515339
2524313
2518395
2530289
2524386
2520652
2535605
2524982
2517082
2528435
2503006
2523287
2526749
2519561
2524266
2531331
2529847
2522246
2532370
2513631
2519031
2527368
2533092
2510554
2526822
2527742
2523989
2524909
2530373
2526335
2521608
2527216
2518132
2516708
2518254
2526995
2529706
2521421
2534219
2527009
2520830
2527931
2525943
2518900
2517969
2523476
2517285
2532775
2526777
2535695
2514065
2522889
2527551
2530285
2534636
2542656
2536781
2517756
2531532
2524125
2519711
2527236
2517317
2530499
2535700
2532200
2525583
2534117
2514735
2526284
2528698
2526346
2538760
2543591
2527932
2515338
2525524
2532037
2518165
2519978
2516162
2537765
2521558
2516889
2523624
2515881
2534015
2518201
2534064
2520017
2513889
2516424
2541145
2524981
2535507
2534305
2522096
2520459
2515209
2532288
2523158
2536123
2542553
2533594
2517656
2533871
2526437
2514691
2535163
2515542
2524622
2530354
2534076
2518147
2531324
2515468
2524017
2514061
2528398
2545188
2518998
2516812
2526630
2520483
2528673
2518456
2525135
2536905
2531366
2540842
2519900
2538249
2522338
2518913
2538636
2531962
2519421
2515398
2520984
2531219
2522230
2523132
2532757
2520886
2523289
2511961
2528167
2519112
2509069
2537245
2516053
2524113
2527474
2517966
2544283
2527796
2517639
2524428
2526204
2520582
2516805
2523935
2520817
2531331
2533276
2517473
2539726
2520586
2518861
2521678
2530846
2524937
2529023
2523387
2527209
2507129
2542088
2530146
2533936
2526518
2527137
2525854
2531939
2533545
2526033
2538551
2519253
2521949
2541070
2518836
2522718
2534473
2530921
2517027
2530287
2525916
2519445
2540066
2522079
2519311
2518110
2523542
2531743
2516793
2519001
2533008
2526018
2524845
2522562
2514944
2525684
2525935
2537301
2512987
2508402
2532595
2524405
2518983
2540862
2531958
2542881
2534945
2536766
2533491
2523020
2524789
2520621
2524462
2525110
2517124
2531953
2527215
2513157
2518963
2531576
2524470
2523240
2538407
2521347
2522348
2525590
2519817
2529052
2516205
2531328
2531638
2528355
2526143
2510601
2517582
2521211
2525308
2514958
2527107
2515676
2527003
2516721
2518005
2523295
2518457
2512321
2533101
2523413
2526071
2523575
2526144
2530193
2537011
2525900
2529897
2522757
2527643
2525581
2525411
2531819
2520684
2541335
2538702
2522823
2535270
2509491
2529306
2539639
2528983
2521144
2535485
2512137
2520730
2533906
2511204
2529803
2528186
2522821
2527950
2529159
2527687
2523936
2535964
2519142
2518200
2524047
2521231
2525028
2527782
2528385
2519724
2531043
2528040
2524862
2530438
2523181
2518834
2510233
2522052
2534246
2522592
2535758
2521646
2514485
2514483
2516657
2527186
2512808
2522819
2514851
2532034
2535855
2514973
2509876
2515914
2535198
2522463
2512534
2533477
2529536
2519966
2525056
2526696
2527017
2541621
2513309
2517252
2518852
2512261
2530897
2526997
2522370
2534428
2526423
2524134
2521708
2520037
2521357
2518710
2523247
2514466
2521172
2523116
2522345
2524073
2529433
2526515
2515506
2521166
2524089
2531402
2515201
2526173
2531125
2520889
2519283
2530063
2521522
2518796
2525703
2526615
2529238
2526215
2534851
2513397
2534760
2512279
2528347
2529564
2534748
2531403
2524416
2527222
2535971
2535904
2528047
2519639
2515200
2514547
2526061
2524479
2521304
2522831
2527419
2517071
2521526
2517772
2534138
2519541
2537448
2523224
2523517
2517860
2545536
2533216
2527643
2517991
2531070
2522677
2514652
2519858
2521697
2534481
2525457
2527578
2513530
2526752
2521194
2526399
2518237
2536896
2532642
2527102
2531620
2520872
2519826
2526736
2526374
2523095
2517734
2528201
2531302
2526412
2522374
2528207
2528427
2522320
2527907
2521345
2534265
2522959
2527452
2522671
2515768
2530101
2524581
2515145
2521752
2525803
2513556
2512330
2537421
2517126
2510661
2521234
2531348
2526365
2517186
2522257
2522655
2521138
2529206
2531480
2512451
2509970
2517588
2526977
2528353
2517200
2512607
2535689
2514803
2531772
2532422
2533142
2526756
2522881
2529953
2536977
2521869
2525932
2537643
2521126
2518711
2526229
2522356
2530727
2524678
2521402
2528150
2535968
2523564
2527426
2531874
2517981
2520442
2519046
2522867
2527027
2522053
2523330
2537950
2525267
2530181
2522266
2523965
2536396
2511469
2536018
2530157
2518297
2530042
2522711
2533261
2521929
2528821
2518358
2523439
2528699
2517850
2530759
2525390
2525372
2536483
2525861
2521414
2518575
2529453
2529612
2531174
2525012
2534726
2515174
2524566
2532062
2525922
2523808
2516774
2539121
2513083
2513170
2531910
2528169
2518697
2520713
2525727
2522506
2517917
2510222
2519302
2521389
2528361
2530877
2512527
2527271
2525815
2518311
2521384
2519949
2508992
2524228
2517511
2537644
2515846
2527565
2525020
2522476
2535975
2535075
2515574
2533426
2520133
2523417
2530440
2523728
2534116
2532154
2528146
2530924
2532158
2522178
2510242
2527843
2532739
2519473
2519700
2521164
2509376
2528926
2522542
2526000
2527454
2518057
2519804
2527603
2517400
2528724
2524660
2535647
2515597
2529050
2512142
2516344
2539865
2533332
2526157
2527105
2532213
2510856
2529308
2518541
2527449
2521181
2541346
2535385
2527453
2516514
2512412
2525818
2527664
2527425
2527793
2521031
2536861
2520562
2529666
2521478
2522866
2529369
2531171
2531882
2515828
2536671
2532228
2520731
2535663
2513661
2527784
2523242
2524103
2527513
2518846
2534430
2516558
2512191
2511574
2519001
2522554
2522958
2531102
2535331
2512376
2529386
2533607
2523827
2521017
2542609
2524441
2529183
2530928
2514851
2532540
2538483
2538543
2522425
2527643
2532743
2518917
2530292
2523190
2515837
2521168
2527594
2521776
2525899
2508856
2532157
2521952
2526843
2532572
2520960
2518792
2531786
2513997
2536784
2518572
2519813
2523814
2528206
2524248
2537240
2541040
2529605
2515881
2528457
2524062
2521605
2526428
2517219
2538071
2531571
2524794
2527641
2530773
2515725
2519383
2521517
2507843
2528130
2519710
2521849
2517109
2535956
2517700
2537822
2512234
2532097
2520844
2523042
2526771
2519932
2520522
2542288
2526360
2533336
2519569
2527387
2534022
2521971
2526847
2532983
2524824
2509247
2538944
2520439
2527831
2534375
2548472
2526505
2539440
2528395
2523964
2521951
2519393
2534754
2524042
2534083
2521496
2530457
2526166
2532731
2528585
2536329
2517901
2531824
2519035
2533881
2515330
2517024
2533453
2524868
2526900
2523821
2513847
2527896
2520325
2513790
2533227
2536926
2533914
2518417
2533708
2513313
2514189
2532910
2518963
2525273
2523506
2533321
2520672
2516898
2515380
2530284
2514225
2522780
2524575
2520279
2524731
2518127
2534574
2520885
2528943
2531633
2528824
2527836
2515698
2524209
2533399
2530726
2527476
2526133
2519068
2519994
2531366
2516387
2526456
2523707
2526984
2533335
2527105
2529496
2528098
2523322
2533556
2517464
2518105
2531653
2522480
2535069
2529870
2523482
2529636
2524035
2532092
2523484
2521854
2523082
2528032
2516068
2526235
2536583
2524486
2518121
2511459
2520325
2513733
2527315
2527944
2519846
2518405
2527392
2528112
2544830
2531987
2506059
2517900
2526317
2518426
2529187
2514164
2534614
2519759
2520916
2541685
2531339
2512119
2519889
2515070
2527324
2520988
2517014
2521193
2525267
2525884
2525121
2518250
2527050
2524024
2524307
2512447
2523466
2535379
2518057
2520531
2529875
2514505
2522204
2516433
2522415
2533543
2524203
2532008
2526569
2519008
2521326
2530977
2525203
2516434
2519860
2538493
2535358
2522962
2520187
2536468
2542019
2525830
2511779
2528126
2533490
2532633
2535395
2534721
2518237
2531430
2533115
2530792
2527415
2520802
2529445
2527021
2545767
2532377
2522249
2528778
2520416
2543749
2525150
2517069
2528357
2523349
2530771
2518948
2514887
2534414
2526011
2517110
2526225
2517325
2526286
2519266
2527150
2528193
2522346
2521588
2523513
2523998
2531052
2522582
2540030
2527188
2528809
2528716
2530741
2528032
2527402
2533337
2545402
2519625
2528618
2522673
2527966
2536052
2526074
2515805
2529034
2520697
2519427
2526781
2526769
2518274
2522582
2521995
2527408
2516963
2519782
2525071
2529801
2522732
2526210
2509452
2524005
2523306
2522633
2523498
2522895
2519949
2519124
2525871
2517963
2531521
2528442
2532826
2530067
2522361
2510279
2533512
2539482
2510796
2516642
2533767
2523299
2517120
2528489
2535674
2523814
2531301
2517313
2528644
2532910
2531568
2531071
2521550
2525604
2526691
2531484
2519154
2521453
2535277
2521003
2530779
2523959
2534163
2528711
2536657
2524880
2512433
2526786
2529947
2524120
2529304
2514167
2528396
2529955
2507262
2536265
2514361
2525738
2530192
2522892
2530348
2532278
2528000
2538356
2529174
2529223
2527838
2511997
2534778
2528438
2527624
2533382
2531711
2536061
2529394
2523226
2531017
2535057
2520211
2510061
2528927
2527535
2508971
2521749
2530151
2523045
2539819
2518415
2528299
2516674
2531949
2531506
2527504
2517785
2501768
2516950
2513665
2519394
2523324
2521019
2518748
2523915
2523393
2523432
2536108
2525388
2528221
2533634
2536004
2517151
2531691
2517867
2516827
2523385
2521455
2524562
2516029
2523359
2535161
2520879
2525112
2520382
2525152
2540493
2521900
2523299
2533643
2529437
2531513
2518033
2524335
2521442
2510568
2523787
2507998
2522096
2533472
2523111
2533768
2528307
2525794
2529019
2535827
2520533
2528239
2527825
2532523
2517702
2523749
2522376
2528153
2527722
2534048
2514917
2516579
2531128
2525337
2523243
2526514
2529454
2533427
2522923
2533987
2511573
2527366
2531237
2521945
2518791
2520827
2517791
2513990
2519493
2536245
2523103
2518313
2515629
2524055
2529025
2548145
2523948
2520511
2518277
2533183
2524575
2532172
2514735
2515642
2526030
2532023
2522713
2528355
2514779
2517103
2527447
2523706
2532611
2514514
2527330
2510769
2513924
2537892
2524457
2521411
2512083
2507483
2523638
2521160
2523419
2512332
2518993
2527038
2526388
2536629
2519533
2539375
2525529
2527877
2535641
2520710
2523772
2528617
2532956
2517232
2521889
2521471
2506900
2540080
2526560
2526211
2526284
2516158
2527361
2527809
2533948
2537534
2532491
2526189
2526772
2528874
2524651
2529935
2535226
2527225
2521179
2513259
2526315
2521022
2518709
2535224
2527986
2520358
2519554
2527612
2529319
2533662
2526677
2522289
2535384
2514954
2514599
2530480
2533418
2525180
2525866
2508266
2518366
2536621
2529357
2524831
2521242
2520116
2529860
2502812
2525153
2530897
2514677
2523904
2519552
2519054
2528039
2524788
2530599
2535951
2524937
2529741
2520513
2528671
2528183
2511261
2523684
2538970
2529939
2510648
2531128
2518622
2524625
2530049
2527008
2532425
2522475
2536169
2515639
2532860
2522436
2525122
2509615
2520203
2517238
2520843
2513140
2519863
2528588
2537777
2522281
2532060
2532603
2532171
2525666
2534209
2528254
2517651
2527554
2520333
2543618
2517789
2522528
2526705
2515683
2526339
2534293
2524556
2532126
2522483
2530492
2530747
2527291
2530785
2514577
2529464
2534514
2513877
2521437
2524566
2523483
2540092
2514720
2527584
2541663
2517547
2530139
2537579
2518737
2530981
2519234
2506701
2533501
2525833
2522534
2526476
2515818
2528421
2530852
2524543
2530370
2523325
2519860
2514250
2522317
2521933
2521509
2530242
2542698
2512971
2528884
2531844
2532633
2523618
2515430
2512525
2525876
2526883
2518149
2520863
2531783
2514844
2524777
2536968
2541878
2528956
2527168
2515625
2540571
2523175
2526293
2525127
2526654
2511416
2519863
2528063
2521827
2527294
2528602
2530480
2527237
2521634
2525401
2529275
2525048
2537062
2528354
2518164
2538288
2527248
2533546
2522094
2517607
2527307
2525310
2515405
2522116
2527516
2533195
2527711
2530249
2519032
2527068
2530895
2519080
2514611
2520735
2521865
2537082
2520422
2515039
2537728
2524361
2530589
2526123
2526099
2520712
2523869
2525605
2519895
2530627
2532457
2536611
2523566
2529699
2530332
2540304
2520633
2536288
2522145
2529120
2528511
2513977
2519741
2531217
2530228
2527526
2533203
2533034
2529508
2514276
2535621
2528569
2539094
2512192
2518638
2520243
2547424
2530205
2515832
2524244
2516440
2524363
2518462
2529092
2516957
2530430
2518458
2524280
2517263
2515679
2524059
2530287
2520619
2530079
2533224
2525871
2520565
2529587
2516219
2526097
2516645
2515055
2526795
2529951
2524415
2529743
2519939
2534559
2523407
2513085
2529278
2521446
2513588
2521539
2530601
2512778
2522806
2524085
2539561
2538251
2527182
2533937
2516088
2522175
2538133
2521847
2525088
2527874
2526303
2528905
2529500
2525730
2532046
2523525
2517224
2523925
2520979
2532151
2538425
2520917
2530755
2514609
2520518
2535903
2526606
2530702
2519038
2530721
2523244
2516153
2526442
2517041
2521490
2531963
2529769
2531368
2533741
2532354
2519228
2533791
2520729
2541851
2532206
2524298
2522100
2515467
2514456
2518956
2531346
2522878
2520503
2527025
2536900
2520726
2525939
2522464
2520943
2516415
2534014
2523873
2528848
2513013
2510990
2513396
2526084
2527127
2526311
2518148
2519461
2514531
2520960
2525500
2518728
2532911
2517648
2526941
2532894
2520838
2522864
2515636
2520560
2525580
2522220
2518681
2527135
2524500
2525990
2525871
2520087
2533648
2523505
2511268
2529516
2525049
2516946
2512229
2528596
2525149
2520370
2517301
2522035
2509547
2517620
2525592
2541318
2521671
2539864
2531956
2525275
2517825
2526441
2518345
2541085
2535768
2529766
2524702
2522410
2527215
2532365
2515984
2526301
2522021
2514535
2534186
2531375
2517709
2526874
2527390
2520084
2517421
2516579
2526323
2537965
2521504
2529029
2518339
2534067
2516931
2534566
2533476
2523152
2516314
2537169
2507306
2525905
2528371
2525636
2527573
2527037
2539228
2524203
2537526
2523283
2533291
2522346
2520984
2533162
2523096
2528800
2522349
2542346
2530559
2527448
2522781
2523682
2519189
2520865
2525063
2524082
2530143
2515289
2522590
2534915
2514182
2521325
2537064
2529424
2522864
2531796
2522077
2522720
2525276
2535654
2534081
2520729
2527032
2533172
2529066
2525435
2526915
2528673
2510977
2520369
2538377
2516984
2533978
2521343
2536656
2520477
2523375
2532729
2522559
2521392
2514082
2529843
2522101
2522350
2508263
2525822
2520955
2533200
2522005
2513556
2530074
2532654
2513954
2518353
2522761
2534333
2531400
2514997
2520858
2526909
2530472
2533132
2524984
2522128
2526750
2542144
2534688
2518866
2532701
2536538
2514034
2526456
2514675
2542508
2528453
2523964
2517273
2527207
2537149
2533398
2536657
2535980
2518999
2536570
2522025
2536580
2516838
2517489
2512228
2531808
2515644
2527857
2530619
2511427
2514409
2530641
2511651
2529305
2526868
2524627
2526174
2513958
2522195
2519239
2535704
2531411
2528196
2518980
2525310
2529329
2534086
2524094
2524093
2539287
2519399
2528222
2518418
2522174
2508883
2521285
2531624
2528842
2528972
2527153
2524194
2515795
2520470
2523231
2525601
2520920
2536276
2526933
2516823
2526117
2507858
2525530
2532294
2510891
2536345
2528180
2532576
2528991
2524440
2516427
2523278
2521058
2520534
2532181
2533327
2518382
2533954
2523590
2520738
2517108
2527168
2522408
2521464
2531319
2528032
2510666
2526787
2507516
2526499
2520264
2512417
2520951
2526812
2525416
2525311
2510977
2536503
2515297
2523061
2525828
2525065
2520354
2530015
2507947
2521484
2522766
2527512
2517326
2520951
2517404
2523825
2513987
2518161
2521026
2524214
2515134
2529643
2527466
2535795
2515968
2518365
2523093
2526635
2524363
2529658
2515847
2519451
2523297
2511104
2518022
2521087
2526792
2533226
2533162
2521287
2529705
2520428
2526028
2516785
2529958
2530836
2523665
2530999
2528889
2525197
2521701
2522762
2514418
2516879
2525446
2518972
2518089
2513395
2520378
2515220
2521327
2516159
2519990
2517125
2524965
2521677
2523620
2542897
2526399
2519406
2530043
2522205
2537000
2529833
2528004
2534621
2534719
2537303
2517751
2527640
2527363
2516685
2516190
2517207
2529760
2513212
2523303
2514262
2522526
2527910
2528601
2522416
2511530
2528766
2533383
2522559
2510478
2526809
2537163
2524898
2507396
2523087
2534495
2534521
2507904
2515611
2522864
2511067
2519386
2529359
2526723
2528750
2529938
2529313
2532386
2531611
2536936
2536420
2539050
2533182
2530219
2524910
2532726
2529126
2521004
2533261
2519862
2528438
2530982
2532763
2522448
2532708
2517508
2536043
2539234
2507119
2530352
2539304
2521734
2511184
2530959
2526868
2520507
2522471
2519468
2513869
2524336
2526544
2519924
2518049
2520010
2528010
2517622
2516904
2510144
2530329
2522387
2520105
2521724
2518860
2518890
2534736
2517537
2517738
2524048
2533617
2526588
2512173
2524565
2522064
2536223
2535983
2530321
2525140
2520166
2543883
2533408
2525441
2519218
2533173
2525297
2531350
2534454
2520503
2516268
2519798
2525043
2528689
2513771
2514049
2512637
2534722
2522369
2521849
2528183
2538942
2519366
2528720
2519138
2537981
2524538
2534954
2517217
2519784
2528389
2537934
2520619
2518688
2521782
2519129
2531422
2519563
2524936
2513367
2525846
2522555
2533476
2522202
2523830
2514562
2542791
2528566
2516565
2518612
2534335
2524588
2514522
2528412
2534393
2519336
2515054
2520596
2530765
2535279
2542028
2528706
2533239
2522270
2529217
2540962
2523393
2533430
2531426
2517793
2529004
2522155
2525252
2513287
2522769
2517226
2524870
2542378
2533180
2524054
2540884
2536815
2534865
2527079
2524229
2532543
2511978
2511723
2515767
2527861
2526425
2524349
2520701
2525144
2532339
2516065
2522510
2520690
2519149
2516495
2530467
2534767
2520797
2530264
2530991
2515185
2524442
2517022
2523206
2534536
2516305
2530441
2521148
2544822
2522010
2538395
2516471
2519763
2521317
2539676
2517637
2503229
2529325
2521687
2525623
2528730
2517681
2519954
2526418
2531676
2515969
2537331
2518844
2511445
2526327
2527605
2528480
2524544
2526413
2535194
2529998
2529529
2541101
2527805
2534834
2523773
2526680
2514721
2514785
2527321
2517026
2529952
2523728
2516950
2511840
2524450
2520963
2536630
2543625
2515483
2520349
2535077
2527753
2522971
2520928
2525366
2536445
2525980
2531080
2528440
2520498
2531949
2522764
2520548
2533568
2514279
2534960
2532569
2521130
2529435
2526856
2513139
2535008
2522617
2530788
2519784
2523920
2522819
2541989
2521985
2519891
2520157
2522012
2527329
2530176
2528282
2515330
2514833
2526502
2526659
2518324
2527928
2524328
2539320
2511757
2522547
2531996
2520898
2523514
2532246
2530856
2529579
2526459
2519682
2528425
2518414
2519632
2528732
2518216
2523631
2527328
2525863
2525360
2525909
2515343
2526112
2527117
2526073
2526319
2529614
2520090
2527978
2527836
2521790
2517983
2526533
2540411
2520363
2522186
2521841
2506665
2509666
2523926
2520960
2528928
2518052
2526681
2514345
2527778
2528642
2533498
2526898
2519401
2513531
2516398
2531152
2532055
2524509
2529527
2516929
2524116
2533798
2528682
2529831
2522475
2520787
2533365
2534166
2528885
2522076
2519476
2528036
2514108
2521209
2512430
2525769
2538863
2527849
2522481
2519440
2529543
2516977
2528957
2528719
2519745
2519148
2527183
2525817
2515864
2517262
2509079
2515175
2526848
2524439
2535988
2521021
2518763
2528147
2529406
2516089
2516599
2528968
2541880
2531999
2530618
2526434
2535000
2526503
2519566
2531401
2516049
2518404
2532300
2533876
2525593
2516371
2528250
2536482
2529218
2533464
2513976
2522098
2515633
2536069
2533657
2527524
2524572
2521582
2533021
2526074
2525590
2523188
2516722
2518540
2530277
2524080
2524409
2527073
2524253
2531219
2516019
2529883
2532143
2510128
2530810
2522239
2512627
2539664
2530192
2519707
2521663
2524736
2538988
2520546
2517103
2527627
2526158
2510993
2519338
2519856
2540640
2527846
2513877
2521039
2517157
2535748
2531018
2525554
2533507
2506894
2527737
2528574
2533805
2529289
2522229
2525786
2534055
2537693
2517530
2530145
2526147
2513813
2522831
2514771
2521323
2522947
2537741
2531370
2530477
2516156
2541689
2522184
2518194
2522301
2537532
2515617
2526909
2514453
2515783
2536635
2523422
2529064
2526863
2526925
2527902
2510641
2529385
2509709
2531220
2522801
2529949
2522515
2524269
2530958
2524010
2537335
2525460
2524968
2516929
2528420
2513459
2531612
2524920
2535980
2522715
2529919
2530770
2530638
2524257
2525961
2531879
2526044
2520511
2518018
2532033
2524606
2517553
2530512
2537227
2515482
2533417
2519491
2543001
2522003
2529101
2513711
2513400
2529756
2518161
2529361
2518538
2525747
2525563
2524063
2527415
2530804
2514854
2522678
2523389
2525153
2534981
2527072
2525703
2527303
2523762
2523169
2524085
2521710
2519892
2514009
2524548
2525623
2516769
2517219
2525715
2526293
2518125
2507661
2528893
2528484
2530964
2526630
2517266
2531043
2527887
2533705
2523203
2533790
2512865
2527926
2511646
2523864
2533656
2517046
2523183
2523522
2536733
2526461
2515360
2529286
2526516
2514559
2521787
2539691
2518705
2521981
2517086
2536782
2515172
2509821
2513428
2531028
2518638
2520025
2531577
2521566
2526952
2529665
2533338
2520719
2533283
2528151
2528116
2518796
2518465
2525387
2517853
2512737
2513073
2520398
2519617
2523267
2517295
2526565
2525766
2534822
2534637
2518045
2527295
2527916
2528162
2527800
2534305
2514970
2536093
2523621
2523782
2519303
2526282
2531482
2506143
2521686
2505094
2519173
2536745
2531624
2519943
2517224
2515635
2527657
2528334
2522173
2530841
2520764
2524069
2531833
2538904
2531973
2528036
2530300
2518122
2525164
2524080
2526455
2517183
2520037
2524625
2522213
2525180
2522835
2524715
2527960
2529207
2518526
2517213
2531286
2515392
2529903
2526909
2529064
2520317
2519115
2522607
2514683
2548452
2515576
2523992
2521234
2514450
2524400
2535468
2533993
2528082
2529453
2532712
2533515
2525918
2527868
2529440
2523980
2514239
2524806
2523654
2528077
2531781
2531248
2524702
2536929
2532552
2520876
2523123
2526290
2526122
2525842
2537577
2521370
2529208
2526509
2528414
2522866
2529212
2524011
2521350
2519132
2521936
2526901
2529950
2506754
2516642
2523438
2518639
2526563
2517316
2523124
2520972
2516542
2523849
2553313
2525377
2530502
2522337
2538940
2536533
2516067
2521719
2537275
2535930
2521274
2522379
2523550
2521697
2525091
2519274
2521153
2520713
2531323
2520948
2519294
2514468
2540316
2522992
2518241
2518517
2535671
2517213
2530514
2517995
2526227
2517679
2537213
2530489
2519902
2532027
2508884
2525246
2516355
2523735
2531530
2514645
2528105
2521018
2519184
2531719
2518941
2524924
2526977
2532193
2543996
2529849
2539378
2532439
2532871
2517234
2513181
2531057
2529513
2524125
2519254
2527641
2526260
2519992
2520461
2528631
2522059
2525580
2534040
2518312
2525690
2524968
2531145
2514588
2537697
2519660
2533124
2525818
2510047
2520249
2522079
2530978
2514873
2524202
2528495
2524266
2525565
2532885
2529378
2519098
2522083
2506274
2531517
2531992
2512304
2512782
2530095
2514485
2529978
2515378
2517802
2534934
2522086
2537832
2523831
2524935
2537973
2519328
2513999
2544944
2508441
2521130
2513782
2542057
2534089
2521677
2524482
2535708
2528713
2520130
2537450
2524545
2518428
2519761
2527676
2510534
2520812
2532410
2527723
2516359
2519177
2524637
2521926
2528096
2526388
2533088
2527407
2534500
2524704
2518804
2515068
2516354
2528119
2534584
2534276
2526266
2527784
2523207
2519372
2520876
2535758
2526294
2521653
2509492
2519862
2526432
2534529
2519542
2520411
2522274
2525403
2529216
2539777
2523479
2516553
2524998
2527962
2522739
2518396
2534147
2525284
2512112
2527095
2534708
2513850
2531665
2517125
2531310
2529124
2515523
2534701
2525410
2526142
2518672
2541264
2521572
2523873
2530030
2538670
2527873
2518104
2534907
2523686
2533442
2526651
2523239
2521882
2530803
2535582
2527326
2527644
2528337
2517165
2518151
2522441
2522250
2520853
2520248
2527304
2519998
2518094
2518115
2515960
2523687
2523359
2526338
2520921
2525394
2522780
2521361
2516994
2529600
2552604
2520169
2517563
2522847
2531191
2528009
2526610
2524779
2532331
2530757
2512789
2523208
2528207
2523584
2511589
2515679
2523263
2523441
2515015
2521278
2528804
2524756
2527246
2531038
2508544
2531690
2529206
2523196
2521641
2540240
2523341
2537769
2513980
2519004
2525580
2526510
2516256
2518657
2518701
2511852
2519304
2508709
2534577
2526639
2532854
2531965
2537545
2516462
2526091
2532024
2519940
2529545
2510885
2530637
2545006
2513241
2527883
2531259
2525886
2521185
2513444
2523985
2531792
2527074
2525878
2522894
2536129
2523097
2514268
2526282
2522391
2543008
2515949
2521928
2523300
2512455
2526760
2536074
2522014
2549617
2527026
2510790
2512074
2520085
2526180
2543605
2517976
2527341
2522521
2521947
2512610
2529164
2530944
2543180
2508244
2510913
2520186
2532834
2514974
2514904
2512398
2501514
2533775
2514809
2524867
2521288
2526959
2518204
2529509
2519640
2524079
2531229
2536018
2520724
2521732
2533486
2526967
2510266
2525456
2523045
2526876
2527803
2527167
2539142
2516195
2531052
2517146
2521980
2525296
2521714
2524248
2524937
2515869
2520577
2536204
2527887
2537375
2525852
2531001
2536420
2526781
2533245
2529914
2527090
2525145
2539607
2529966
2516262
2516506
2535097
2516817
2521337
2513611
2538532
2520794
2534299
2531897
2524513
2526553
2516115
2516397
2524361
2520827
2520845
2526969
2539822
2525042
2536240
2539461
2517934
2533098
2542355
2512708
2522829
2530288
2530618
2531885
2527520
2522951
2528236
2527725
2531500
2534776
2533741
2522073
2521221
2528592
2521855
2519479
2521734
2518700
2518018
2520294
2533488
2509107
2522268
2527071
2539922
2532924
2529930
2522553
2519175
2522718
2520412
2517482
2523476
2526083
2510251
2523673
2529271
2515006
2528420
2527480
2506866
2523204
2538873
2525973
2523997
2538865
2528035
2534627
2525644
2524445
2544698
2535528
2526173
2530637
2527280
2512790
2536205
2514085
2518105
2541586
2530278
2526542
2519701
2509846
2521732
2528422
2528982
2533569
2534846
2525423
2531554
2521788
2513121
2521677
2524347
2542912
2511770
2517737
2532276
2531441
2509463
2524766
2520065
2513340
2532851
2519946
2536896
2520808
2530009
2515567
2528117
2539746
2515114
2518897
2534478
2517033
2535826
2525796
2521097
2520116
2521403
2537299
2521950
2513478
2518558
2544848
2521566
2519130
2520837
2518588
2528114
2531684
2525909
2525274
2518177
2526000
2525339
2518431
2527053
2519988
2518612
2530123
2531320
2517578
2526136
2516980
2523578
2529696
2523869
2523110
2519995
2515598
2534372
2519068
2521957
2522609
2514012
2516142
2525150
2513693
2532968
2518684
2521454
2524653
2517595
2520599
2516406
2513709
2530201
2521989
2518979
2524811
2527398
2524377
2513065
2530154
2525790
2528392
2526135
2519299
2528105
2529918
2521535
2523884
2533730
2534439
2515751
2516763
2519623
2516064
2521547
2520930
2521577
2516211
2518244
2548165
2516578
2524966
2524971
2529225
2525023
2528775
2527488
2531528
2525401
2526022
2516704
2523304
2536446
2525680
2536828
2539226
2541435
2540895
2534427
2523468
2542379
2524300
2526787
2531920
2524251
2530222
2523096
2521539
2525427
2527407
2519833
2533056
2527934
2530244
2512877
2522084
2516730
2534480
2526688
2531014
2527051
2530049
2526120
2512712
2521991
2526745
2523274
2529031
2522452
2515428
2533438
2523007
2511929
2525854
2527548
2525289
2517537
2525422
2522045
2524259
2522510
2533169
2523106
2534228
2539025
2528439
2524455
2520965
2525956
2525894
2525057
2522583
2511380
2517693
2523237
2503831
2513367
2529212
2515370
2523134
2521034
2521001
2535137
2529557
2525034
2530510
2522875
2528863
2524598
2524193
2532917
2506827
2515274
2523643
2523475
2516465
2524681
2524495
2527774
2513539
2527338
2523812
2511194
2525967
2527120
2534616
2523917
2527450
2525272
2518253
2516337
2539146
2520403
2516760
2519631
2533517
2527718
2514855
2521245
2522282
2523294
2519297
2534157
2527667
2514939
2517662
2519289
2539029
2528091
2519126
2512623
2529815
2525554
2532154
2528832
2544186
2518134
2527962
2517412
2523263
2524396
2516794
2534600
2522623
2522795
2533170
2518548
2531716
2527360
2517823
2523721
2523404
2521497
2517442
2531333
2524473
2519866
2519971
2507062
2533191
2524128
2528303
2537809
2521139
2530888
2527261
2524904
2524343
2531629
2530177
2519482
2518475
2516534
2523004
2515295
2513151
2527070
2539016
2525987
2534244
2532057
2531354
2541579
2526656
2525094
2529375
2524133
2523681
2523094
2525008
2518354
2527478
2525298
2525189
2539606
2531613
2533541
2517559
2522587
2527282
2534474
2526535
2523793
2530876
2525649
2531542
2532460
2535479
2515549
2527366
2535433
2523546
2519681
2518524
2530213
2533865
2528759
2529174
2520921
2512728
2524567
2525232
2524593
2531250
2524402
2531381
2526654
2515180
2518417
2520917
2521724
2513383
2531715
2524591
2523472
2517402
2529992
2527548
2522462
2530951
2541493
2518008
2538433
2512195
2533154
2529509
2524005
2514405
2532545
2527570
2531863
2533242
2511783
2532166
2525474
2531084
2531531
2538630
2525551
2527623
2523192
2521891
2528451
2522839
2515608
2527729
2525972
2527493
2518578
2525351
2529700
2527483
2521852
2521043
2526438
2528220
2513492
2524609
2525543
2509005
2517662
2521025
2534443
2525593
2522712
2520323
2531176
2534423
2524703
2520795
2523637
2529089
2524760
2514395
2515345
2530161
2524713
2528538
2516624
2513273
2542943
2518973
2525997
2529596
2519275
2519778
2526056
2522324
2530932
2521316
2511070
2511391
2508620
2533957
2518332
2527297
2526433
2519548
2519533
2526183
2533969
2517319
2523016
2536365
2521240
2539656
2516017
2531081
2510091
2531137
2506433
2535817
2527655
2516360
2529348
2530104
2534075
2518742
2523447
2534669
2532899
2516849
2513366
2528672
2521496
2513847
2533439
2526508
2520437
2517586
2528638
2525210
2525965
2525096
2523472
2531597
2528953
2530565
2521262
2522826
2518088
2532683
2525216
2517837
2528240
2520803
2534975
2534690
2526916
2521231
2526127
2532711
2524622
2528177
2533773
2526607
2526319
2521763
2521305
2525541
2528289
2536198
2523463
2523635
2518678
2535194
2529231
2527251
2514924
2514822
2528716
2524208
2520267
2525320
2530901
2537773
2528236
2531036
2524033
2529274
2540222
2532344
2536560
2521539
2518361
2510411
2519049
2528285
2520904
2524247
2518939
2520129
2520939
2536638
2529249
2524062
2533571
2526840
2532201
2523684
2536187
2510044
2536580
2517366
2508377
2532830
2540609
2523233
2520299
2516560
2529826
2519614
2525365
2521884
2520832
2527886
2516563
2522334
2510870
2526830
2525453
2511292
2543516
2529872
2523632
2528350
2515916
2525142
2516859
2533823
2537312
2520922
2534528
2537934
2530829
2530574
2525807
2534263
2528866
2532667
2526178
2516176
2520113
2517858
2524506
2529972
2520570
2523855
2512257
2513192
2536673
2515427
2535735
2525910
2537790
2521164
2524264
2523130
2535463
2519515
2526403
2536653
2518300
2534707
2527676
2533426
2531744
2529172
2523186
2535136
2522102
2530981
2533479
2534959
2515681
2538868
2533967
2532751
2511912
2520739
2526275
2518994
2530171
2529447
2514514
2525761
2527652
2516849
2534034
2521845
2522422
2527076
2522681
2521518
2532156
2526379
2519785
2535417
2526964
2519635
2530733
2521557
2531963
2525014
2528163
2519262
2525269
2522991
2526132
2520694
2522407
2529655
2514417
2526194
2518616
2530861
2512032
2527376
2531644
2525866
2513754
2521256
2530359
2526123
2522583
2535958
2526485
2534623
2534990
2525897
2523197
2521602
2535740
2545085
2521651
2532588
2526502
2528212
2522519
2515561
2527448
2522478
2520222
2542762
2515842
2516071
2527681
2530835
2526578
2527925
2531335
2521240
2513473
2516227
2529852
2519017
2516187
2530170
2528835
2521126
2527196
2522162
2525226
2525499
2530331
2525306
2529543
2520999
2532464
2517198
2530214
2525778
2515889
2524920
2509173
2532173
2534083
2521336
2524605
2523865
2521292
2526386
2534701
2520063
2524165
2528835
2537695
2526914
2523978
2510631
2536406
2531857
2530260
2520136
2522751
2523631
2520041
2520141
2530644
2530209
2542938
2527267
2526235
2528034
2522492
2519795
2533397
2517940
2515099
2536391
2518546
2521310
2535536
2511703
2515581
2528731
2518312
2534748
2524119
2524436
2528695
2531157
2534720
2527258
2527285
2517988
2520448
2525797
2517697
2529961
2523953
2519878
2521406
2511394
2516946
2529292
2531920
2530119
2524578
2524634
2526306
2514269
2545157
2513912
2533984
2516887
2522473
2526915
2529036
2526406
2537944
2512898
2550995
2525178
2527906
2519404
2529876
2519463
2534191
2517768
2511337
2523946
2517152
2523723
2542247
2524865
2519364
2523977
2534405
2548958
2529288
2519894
2524651
2524603
2537347
2522333
2538605
2530651
2521089
2527364
2526311
2517185
2520692
2528409
2528419
2525081
2518322
2520081
2519540
2518414
2519881
2525682
2519905
2531118
2534376
2535093
2520214
2524798
2522602
2521447
2538957
2518481
2516333
2515262
2512233
2529223
2534457
2529808
2517961
2518682
2525905
2513989
2525487
2529351
2517500
2512741
2520728
2518142
2530915
2535414
2534256
2540810
2530327
2527520
2509550
2533617
2535516
2520725
2521087
2519299
2521962
2541384
2518580
2523619
2535131
2533066
2519236
2527640
2535395
2531555
2524792
2517444
2527533
2518790
2531836
2533277
2522269
2532637
2516493
2519765
2524440
2514207
2526993
2521558
2523898
2522193
2523519
2523373
2537593
2523396
2536777
2521798
2525247
2535845
2531166
2541424
2522137
2525891
2532329
2515610
2516136
2516589
2529955
2542857
2529881
2534672
2532498
2518860
2523179
2521524
2517286
2518447
2540062
2532742
2535916
2512230
2521478
2530648
2520959
2536733
2523100
2527157
2524479
2542758
2532428
2526586
2525037
2524795
2511699
2513330
2529153
2525143
2517205
2528570
2520497
2534141
2514827
2537466
2526645
2515158
2522659
2521831
2518121
2525464
2533909
2534895
2524257
2524081
2532140
2535459
2528853
2526595
2531212
2534867
2519177
2522969
2522190
2529612
2521518
2527072
2522156
2526081
2529277
2535329
2517659
2533604
2515991
2526219
2529232
2529339
2519923
2520255
2522893
2526339
2521731
2525278
2522039
2527816
2521262
2522997
2531532
2524513
2520910
2524842
2516918
2532680
2524489
2523959
2539928
2531341
2524940
2528443
2524359
2516484
2523535
2519116
2517686
2540988
2525216
2509925
2522024
2532735
2523702
2528117
2522731
2514069
2520382
2533313
2528608
2524724
2509929
2521563
2529606
2511929
2525520
2516599
2523529
2526187
2520047
2517799
2516054
2522805
2516053
2519650
2531316
2527885
2522623
2517135
2528744
2534902
2519318
2535918
2524557
2528568
2530051
2528148
2521177
2530871
2517409
2517223
2507494
2529367
2545963
2516576
2522020
2537397
2519457
2521677
2539125
2527737
2529994
2519165
2522886
2524567
2524478
2522411
2526415
2534014
2526844
2536891
2546106
2517093
2527937
2526619
2529967
2536664
2518822
2534898
2533828
2511715
2526306
2531782
2535528
2510578
2530227
2522395
2524708
2527446
2528132
2531207
2515257
2526966
2515188
2522446
2531122
2528308
2530074
2534631
2525349
2520302
2518025
2516356
2522178
2539655
2520493
2523974
2521407
2527784
2527996
2528244
2516736
2526898
2522178
2525832
2529601
2521730
2530886
2517375
2526784
2529621
2511264
2515379
2524694
2515175
2512661
2525304
2517698
2526639
2527812
2516683
2529269
2529674
2523391
2529117
2515555
2525720
2534787
2529804
2540041
2528633
2516939
2529962
2508646
2528763
2529099
2516111
2519431
2525508
2534184
2526664
2514160
2549154
2514666
2534493
2509136
2523266
2514650
2524405
2515793
2520925
2520357
2523653
2514686
2518179
2539308
2525934
2532234
2533860
2524564
2513813
2513575
2523608
2529091
2531794
2522242
2520154
2518711
2520173
2516853
2530316
2523145
2523992
2525433
2525103
2527446
2517616
2533919
2520422
2537261
2518893
2527380
2541010
2525461
2510157
2516444
2517069
2530786
2529745
2515057
2524694
2520429
2519112
2522698
2527726
2521223
2515401
2522112
2525540
2522774
2521041
2533742
2524758
2520907
2525571
2523790
2525785
2522573
2533996
2522567
2517298
2517032
2527168
2512331
2535085
2527050
2514641
2512891
2527374
2530877
2541008
2537493
2531374
2534150
2517299
2538989
2525553
2534035
2527433
2522370
2528076
2526067
2541154
2527672
2530286
2513950
2525642
2523289
2529531
2532355
2527112
2529030
2520074
2523542
2520941
2528998
2529827
2521497
2515889
2518662
2521431
2520357
2514551
2525234
2542127
2529922
2517309
2530768
2520159
2530611
2519442
2534215
2519565
2520108
2508009
2527597
2525829
2537536
2536000
2525554
2521803
2518544
2516455
2524644
2524569
2543304
2518006
2532846
2510969
2535681
2529147
2521668
2534051
2522733
2523020
2531773
2530291
2534652
2520844
2518434
2520230
2531557
2526828
2531903
2528363
2527449
2535955
2509110
2530502
2531221
2538208
2520888
2521649
2521851
2525484
2535412
2518918
2530141
2525393
2526412
2537075
2526835
2521724
2528517
2519872
2516541
2528852
2513260
2519610
2523236
2522496
2514755
2515432
2524713
2522963
2530207
2530845
2515903
2520107
2520788
2530069
2534416
2518557
2536807
2535353
2514303
2532763
2526545
2520807
2528676
2526551
2526851
2520585
2536486
2529944
2526458
2514788
2515060
2514665
2524816
2536700
2519212
2521416
2524637
2518712
2543439
2513247
2530988
2520414
2527549
2529528
2527584
2527162
2525031
2518424
2514870
2535501
2524632
2525402
2526711
2535353
2518274
2532581
2532322
2523179
2530317
2520673
2528405
2522053
2526252
2528106
2529910
2531428
2522610
2526308
2526535
2527248
2518642
2522376
2526834
2522037
2525335
2536271
2532844
2508611
2535869
2521944
2533285
2521141
2507148
2530677
2514060
2520577
2526771
2513559
2539124
2531727
2529066
2521440
2519048
2532385
2524070
2518347
2518994
2516068
2522701
2517652
2524764
2522199
2528610
2538301
2527106
2528791
2534146
2533028
2523430
2520147
2524504
2525812
2522783
2515503
2538738
2524793
2524379
2530390
2522242
2519317
2539320
2521436
2521665
2528605
2545358
2522224
2527988
2516260
2516590
2528184
2534930
2527309
2527797
2531777
2521253
2528653
2526421
2513099
2518926
2518396
2505838
2523701
2539277
2534074
2513384
2514234
2537067
2535048
2515615
2522195
2519399
2507052
2518802
2520705
2520090
2506453
2517515
2523927
2524529
2523362
2518850
2516492
2521837
2522261
2523351
2521005
2526707
2532752
2528649
2518149
2539426
2512406
2514972
2517742
2528631
2506955
2522596
2517051
2526420
2521168
2521747
2523045
2527004
2527808
2535398
2536139
2527914
2514176
2538716
2527424
2531310
2545832
2535486
2515822
2536178
2516304
2530809
2519458
2533847
2528063
2532877
2532890
2527367
2523983
2519770
2531500
2523997
2519852
2524741
2533148
2523951
2525753
2511147
2506007
2535528
2516017
2516031
2532430
2533327
2515193
2525870
2531999
2532425
2521083
2515032
2517948
2529011
2519851
2518613
2520828
2522064
2519778
2529753
2533597
2525781
2527296
2527817
2516852
2519413
2521825
2512062
2513832
2534612
2528643
2517310
2515214
2511076
2524381
2531520
2524272
2528241
2518495
2522641
2526747
2527577
2519264
2521228
2515708
2515613
2509919
2527426
2521675
2531916
2520468
2532764
2534392
2511339
2539131
2520657
2530613
2529216
2536676
2521240
2521771
2514048
2522740
2523899
2534953
2532503
2523797
2532599
2516542
2519503
2544956
2522213
2527750
2516249
2520397
2528457
2521765
2530017
2529091
2531089
2523437
2526252
2515452
2523979
2529180
2528271
2520020
2512694
2542321
2529606
2523278
2519643
2537979
2521461
2547595
2535513
2519018
2524897
2523258
2518666
2525080
2521480
2528159
2518167
2522250
2518366
2529385
2523092
2525613
2526507
2531605
2526106
2527855
2517858
2522595
2531746
2526176
2524992
2526206
2535220
2538211
2526708
2534882
2538034
2522890
2529164
2514325
2526355
2520852
2535571
2517719
2517288
2534190
2520391
2534162
2525892
2522017
2531443
2528606
2525455
2537087
2525888
2522188
2529263
2528992
2511119
2529587
2524765
2519004
2518741
2525452
2527980
2524229
2522140
2530919
2518033
2514316
2526924
2522112
2531544
2538437
2526147
2521866
2519161
2526400
2531169
2534758
2511018
2528272
2529086
2536037
2538397
2531351
2519826
2538344
2523498
2530785
2529440
2538883
2525358
2536982
2528250
2518278
2535585
2524614
2530593
2526729
2534442
2525741
2514769
2527714
2524618
2522420
2516854
2535580
2512537
2514928
2528695
2524540
2535137
2533370
2527879
2541324
2522294
2522037
2510686
2531280
2525027
2538733
2521352
2521800
2527353
2536793
2525062
2529323
2530394
2525219
2531248
2517658
2523197
2531527
2528051
2524455
2522189
2541036
2519561
2513030
2515369
2533860
2517544
2519377
2528615
2525486
2535934
2521131
2531752
2516725
2522388
2532911
2528351
2519200
2521636
2519694
2520870
2518009
2540093
2527515
2520685
2521483
2529716
2524623
2525671
2520135
2523096
2523492
2522728
2532614
2527561
2519732
2529107
2512671
2524044
2531568
2533046
2513586
2527146
2516762
2513863
2514095
2527381
2526070
2536494
2528933
2528538
2521837
2508873
2516794
2525821
2536352
2522462
2529197
2522624
2537387
2519138
2512315
2523724
2529906
2523915
2514191
2519531
2511155
2527161
2523185
2519562
2526264
2532737
2522755
2538823
2525921
2537970
2520674
2515711
2533923
2526211
2517383
2521309
2531549
2529729
2518935
2529858
2529016
2533594
2528501
2518496
2519542
2523248
2539080
2528061
2519820
2533328
2526120
2532837
2527184
2524547
2520309
2535357
2518404
2519681
2532423
2523762
2523147
2514686
2512256
2512810
2514436
2533004
2524001
2517417
2536336
2531949
2536027
2530213
2518606
2517521
2516101
2521438
2530467
2517312
2529331
2530640
2519981
2530319
2530291
2522787
2520451
2531040
2524896
2534697
2536732
2528859
2538303
2525163
2528915
2516709
2530644
2534525
2514563
2531636
2531468
2521574
2530322
2529254
2516256
2518287
2525962
2527951
2525790
2527978
2521342
2520814
2527724
2521260
2521085
2550018
2521053
2534503
2520281
2514663
2535243
2518695
2529714
2529374
2532248
2524000
2525386
2512507
2525160
2531098
2513294
2531792
2517672
2526274
2522308
2516129
2513995
2533189
2520361
2520979
2521329
2500056
2530570
2525339
2528089
2534191
2530413
2518404
2519189
2522383
2525442
2533155
2529005
2525039
2515828
2536817
2532720
2511535
2521260
2526484
2526059
2519143
2514426
2526492
2523060
2522753
2516396
2520681
2527528
2525978
2523458
2526656
2520903
2537614
2513591
2528379
2531010
2529510
2520084
2520615
2542070
2534789
2518589
2521798
2538591
2520614
2520795
2525031
2528561
2531755
2517334
2525532
2529285
2511601
2526200
2531291
2518826
2536774
2525235
2530318
2516279
2536331
2524929
2518663
2525132
2515743
2535784
2525556
2515601
2518225
2525020
2519689
2522543
2523412
2527654
2516981
2527517
2528611
2533268
2534277
2509527
2519556
2524552
2520460
2531222
2528371
2516320
2523359
2522816
2532190
2519647
2530088
2525399
2523120
2530031
2521560
2533709
2531890
2521388
2541549
2524847
2529549
2524883
2528214
2520488
2516180
2531836
2518012
2520960
2533867
2523654
2524626
2526129
2525091
2523740
2515655
2537719
2519915
2535166
2529815
2535111
2526883
2518766
2510440
2517100
2526464
2517544
2533100
2514628
2520833
2534561
2536495
2521637
2533107
2527432
2530337
2510550
2524580
2534053
2527624
2525498
2517462
2525650
2514809
2541657
2530334
2538886
2518007
2532182
2530636
2532024
2514510
2533927
2526925
2530876
2528432
2515040
2527594
2520381
2519898
2519693
2525745
2516228
2536439
2517016
2520688
2527798
2531095
2522688
2530793
2527448
2513531
2522164
2514573
2528747
2529700
2508575
2515231
2528951
2520408
2524262
2532302
2518377
2530963
2534572
2517580
2529405
2541544
2524925
2531844
2526407
2518799
2528521
2526550
2533774
2528200
2518936
2514230
2519997
2519822
2521971
2523139
2516443
2517245
2517113
2537031
2534993
2520448
2518281
2510335
2519947
2529764
2509390
2522470
2513867
2518701
2530673
2525938
2524236
2507786
2530615
2524430
2528909
2517340
2532300
2524628
2525947
2536856
2527148
2520963
2530660
2516319
2527950
2527951
2535716
2526560
2524487
2520744
2520209
2529892
2531444
2523161
2532226
2545568
2532918
2526408
2532497
2537982
2539287
2535340
2519232
2528735
2514806
2520036
2525239
2526547
2538997
2533039
2519595
2520995
2512100
2525269
2534962
2522796
2537680
2524421
2527119
2523451
2540337
2528296
2521017
2535679
2518918
2526534
2523039
2514832
2522332
2531625
2523601
2537206
2524049
2528858
2519459
2530665
2515994
2519806
2528215
2528089
2519530
2514687
2526864
2515346
2533649
2516999
2527222
2528276
2532919
2537321
2530142
2512642
2523238
2525689
2521546
2513567
2524887
2520127
2511599
2530612
2528601
2511730
2534271
2520296
2528665
2525870
2519522
2521997
2524654
2531422
2523166
2523598
2515774
2526208
2519915
2523111
2525781
2524670
2519572
2512625
2517636
2529614
2524157
2512106
2534043
2533486
2515996
2535842
2532102
2526145
2533946
2511570
2530131
2522355
2518827
2521850
2520571
2520618
2531611
2533908
2516455
2526989
2519183
2529138
2526850
2510916
2535717
2534251
2531488
2518666
2514434
2523855
2512448
2524419
2521759
2521591
2527715
2520184
2519225
2528337
2519888
2521797
2526987
2527382
2520001
2535390
2526011
2524809
2516205
2536671
2528206
2523941
2531684
2526988
2519067
2533575
2511496
2521101
2532669
2545764
2516633
2527401
2529931
2523917
2526747
2531615
2530850
2537376
2521963
2531097
2529032
2528737
2530713
2528278
2519043
2528038
2520436
2524502
2529811
2541975
2532216
2519149
2519890
2523120
2524620
2530318
2511219
2528590
2525349
2532820
2524188
2516579
2534068
2517703
2515117
2520935
2511845
2520734
2509675
2523004
2519897
2530330
2526776
2527978
2525662
2529419
2524689
2515273
2531277
2524825
2534879
2516083
2518095
2529252
2528676
2515233
2527834
2515118
2515655
2525985
2540311
2517438
2513046
2528809
2521230
2510051
2514476
2524767
2517286
2525147
2525191
2527162
2537701
2518780
2530313
2546756
2524866
2533680
2536991
2520194
2523137
2522668
2524023
2524267
2521460
2517056
2523883
2534533
2531133
2529812
2520533
2516476
2524146
2521336
2528194
2533783
2529351
2527580
2520941
2528944
2510083
2530837
2535882
2522334
2526197
2526861
2513811
2513334
2513427
2520525
2522734
2526407
2525543
2532084
2515467
2527043
2539594
2520722
2532577
2517470
2540007
2516582
2518095
2528010
2539425
2529472
2532009
2535394
2519039
2533420
2523431
2532535
2529093
2512891
2533526
2532586
2522010
2530202
2517281
2517266
2517044
2525869
2513187
2508143
2529332
2516157
2514317
2520128
2525074
2525270
2535276
2529142
2527741
2535465
2525235
2529083
2535968
2517171
2520012
2537347
2522699
2513897
2511595
2529099
2524546
2523720
2524696
2520085
2535823
2518227
2522094
2522813
2521350
2526214
2517631
2528255
2516484
2523280
2534787
2518815
2512803
2512214
2527174
2525188
2521999
2522740
2519023
2526848
2519853
2518234
2535819
2525846
2530872
2517267
2519537
2520740
2508580
2526151
2521031
2516707
2528927
2534356
2541153
2514887
2514891
2531980
2510510
2526758
2515152
2524145
2532155
2520493
2526036
2525905
2528079
2524773
2523435
2519422
2515747
2516719
2505774
2522261
2528529
2529414
2536913
2534659
2537109
2534585
2526353
2535317
2517786
2515311
2524894
2517068
2525001
2514125
2532419
2521618
2523946
2525232
2523413
2524642
2526624
2520197
2518674
2515088
2530818
2518668
2518993
2514752
2518297
2531638
2520988
2529164
2512535
2535669
2523004
2525683
2520861
2517893
2525319
2521245
2523529
2514205
2531798
2522016
2513917
2522675
2522309
2535649
2518216
2525208
2529118
2512478
2519318
2517088
2508378
2530713
2515629
2524205
2526414
2531004
2523028
2509221
2529565
2530537
2519234
2519693
2512347
2533949
2522681
2513881
2527883
2520369
2521499
2534529
2525815
2525961
2527634
2529118
2534746
2517083
2535382
2526787
2517984
2529096
2534025
2526763
2524116
2531943
2521480
2525516
2526653
2528840
2506682
2520159
2529176
2507492
2521399
2529685
2525456
2522714
2535314
2515220
2519973
2517028
2517219
2521486
2534446
2517241
2512443
2536919
2525773
2524906
2531944
2516549
2531436
2534850
2535402
2533005
2521272
2512604
2536029
2531828
2534776
2536303
2519498
2535378
2519239
2530875
2520080
2519333
2520554
2520614
2525731
2521666
2519588
2529052
2535116
2510340
2516122
2537910
2517185
2528877
2533103
2515990
2513352
2519864
2522039
2518713
2531708
2524986
2529599
2529465
2518726
2518218
2537984
2521855
2521956
2516974
2514131
2520706
2525284
2536242
2522346
2536515
2525425
2533807
2522129
2526101
2532719
2520326
2534074
2517788
2525521
2532137
2524668
2538150
2515562
2510462
2526903
2512550
2529326
2524809
2526469
2528997
2534222
2520530
2528533
2522124
2518461
2515544
2521221
2528406
2533339
2518182
2530668
2527975
2524711
2516472
2531977
2531264
2533765
2530109
2519663
2526011
2509722
2515848
2535501
2521419
2522423
2514140
2536732
2521985
2529430
2525214
2541134
2519716
2539950
2541004
2525244
2542466
2521882
2520443
2520763
2525866
2534727
2522436
2519961
2514338
2517052
2515744
2527274
2513144
2516175
2523032
2516349
2519085
2530614
2526263
2534670
2530769
2520074
2529654
2526571
2539959
2514058
2526710
2528454
2519697
2508356
2510504
2526011
2527515
2524715
2523543
2529545
2516708
2524477
2524136
2527928
2524556
2525264
2529179
2529376
2523952
2504643
2516474
2519677
2518082
2530220
2519511
2523266
2528327
2533956
2523368
2523422
2523340
2516349
2515762
2537317
2510989
2541031
2535299
2517056
2522739
2515967
2526367
2523058
2526483
2517025
2526208
2532224
2527184
2516215
2513279
2528659
2528625
2519634
2513783
2522513
2541926
2523789
2513800
2524744
2534471
2524602
2530135
2530078
2539528
2538491
2520193
2529077
2537510
2510543
2521920
2517708
2526346
2524433
2526400
2528159
2525507
2525126
2530525
2533673
2523982
2513436
2522320
2534423
2531938
2526678
2520035
2528500
2523619
2530067
2522004
2521859
2514338
2515025
2522393
2518154
2520632
2514562
2524589
2522089
2527343
2530122
2523156
2522244
2522492
2514164
2530754
2512889
2528642
2520482
2525326
2535846
2532322
2528013
2519770
2525715
2514501
2527195
2523337
2520114
2514321
2514198
2534557
2526224
2533032
2520301
2515025
2523092
2523248
2524351
2515950
2519487
2514876
2528545
2536859
2532496
2531530
2523660
2533604
2521781
2526479
2522866
2522713
2524979
2541345
2535666
2523777
2531893
2532246
2521193
2520516
2529830
2524027
2530761
2532163
2535879
2524702
2521734
2522828
2520746
2538823
2510508
2524871
2520643
2516495
2517958
2528821
2524098
2522069
2517059
2529642
2514704
2517674
2521885
2510971
2521288
2515279
2521824
2514833
2528059
2516555
2530576
2526353
2517156
2535335
2529539
2535641
2519125
2521759
2514975
2540710
2524765
2528940
2532543
2528147
2534631
2525127
2522131
2524182
2524053
2528926
2526184
2534571
2528625
2538601
2529231
2527000
2524307
2521219
2521484
2523834
2520929
2517979
2510647
2530517
2534746
2531310
2510313
2538117
2519380
2526947
2519389
2523814
2531182
2537005
2528798
2530997
2533076
2511477
2544074
2517476
2534081
2537013
2507837
2514533
2529697
2511441
2530339
2523975
2508834
2529911
2528826
2533317
2514449
2521164
2522790
2533424
2528461
2528656
2518163
2506253
2528693
2525492
2512021
2518613
2523589
2527576
2529075
2514397
2520647
2540360
2523182
2534246
2520617
2517103
2517308
2523206
2518854
2525011
2519333
2511018
2530053
2528042
2516914
2527378
2529062
2543761
2522087
2510067
2511570
2529541
2523761
2535094
2525936
2531330
2523289
2528969
2519129
2526023
2547689
2529502
2529103
2519523
2521681
2528502
2530167
2519072
2514028
2520891
2514519
2521845
2527992
2533564
2514355
2523698
2525382
2523135
2510843
2529263
2525141
2538591
2519353
2515785
2528951
2538048
2528361
2534658
2525046
2533347
2544194
2526265
2510041
2523630
2521892
2512764
2535530
2522624
2519595
2519458
2514529
2528332
2533997
2521059
2538469
2530026
2527688
2522710
2523724
2516148
2524922
2525351
2531916
2526820
2533255
2528819
2522973
2536016
2524633
2520231
2519209
2516384
2528176
2514700
2529509
2517331
2530797
2513023
2524150
2531507
2524569
2517178
2518153
2523631
2525221
2530414
2525060
2540806
2525985
2513183
2518524
2508334
2533889
2528151
2537198
2523250
2529258
2514528
2521216
2537986
2540063
2528105
2527551
2522952
2515392
2527739
2523643
2511735
2520849
2512000
2535294
2526476
2524521
2522657
2520663
2536541
2522382
2534074
2515159
2524310
2515358
2531747
2527178
2513102
2523942
2523943
2521833
2532326
2529534
2530227
2527315
2536797
2519964
2530264
2538298
2522665
2520143
2530024
2524205
2518337
2514840
2533804
2523851
2512916
2531443
2523844
2531197
2516946
2534298
2505201
2534610
2532347
2533210
2538319
2534336
2538433
2539591
2523305
2530423
2537618
2523972
2525062
2523540
2534088
2533797
2522373
2526975
2533064
2517852
2514304
2530978
2537880
2527702
2516580
2533923
2518524
2527795
2531203
2517911
2520033
2518637
2526861
2528811
2523782
2517751
2520070
2533863
2519585
2522510
2515335
2525362
2513324
2518382
2532653
2515853
2518741
2520255
2531344
2519983
2518142
2511538
2534726
2531835
2517301
2530659
2520523
2530523
2520723
2525737
2515454
2522743
2526233
2523158
2523210
2530209
2527038
2525708
2529849
2524445
2522200
2520524
2534338
2530457
2529148
2523137
2531621
2529340
2533882
2522072
2524316
2517111
2525588
2535532
2529193
2532995
2523200
2536004
2515336
2530821
2530611
2524492
2518630
2521170
2528321
2533488
2516901
2529636
2523906
2522176
2528830
2530095
2529480
2551980
2536712
2533291
2514822
2522000
2523731
2531947
2509701
2524459
2527439
2515427
2523014
2526406
2530331
2517443
2524537
2526382
2532641
2528694
2520547
2520449
2542232
2535704
2521028
2518950
2516975
2520341
2522995
2511552
2522344
2531965
2521013
2518575
2517493
2511193
2526160
2528942
2519337
2533690
2519911
2523231
2534633
2520101
2517680
2521586
2540013
2539865
2523793
2521136
2530180
2513252
2514314
2514722
2518469
2519221
2532307
2519205
2536574
2533162
2529310
2530239
2524746
2528653
2537147
2522521
2531255
2524320
2521873
2519503
2523668
2526626
2523514
2530124
2512490
2534388
2523940
2531682
2533929
2519360
2523063
2525042
2527175
2510226
2522832
2515425
2534533
2532781
2532904
2544727
2519690
2525259
2522269
2522921
2529163
2520841
2529622
2521682
2525808
2537887
2515312
2521581
2520873
2520357
2517368
2517559
2515727
2523856
2521390
2528395
2526647
2519400
2516866
2536644
2504541
2526740
2511696
2529615
2537139
2526111
2528598
2524963
2517740
2532492
2537328
2518160
2531836
2525423
2531620
2516618
2528946
2528954
2529416
2535338
2537769
2527659
2521342
2517516
2528031
2530981
2536590
2511755
2519753
2533862
2534320
2527384
2522760
2524543
2538108
2527902
2528756
2537816
2530069
2520206
2533007
2520061
2523265
2529461
2535986
2519353
2528790
2524353
2524262
2525965
2522855
2523036
2516319
2523208
2523180
2525123
2536592
2514872
2531521
2546396
2524363
2519991
2528537
2518363
2522738
2540073
2523544
2528864
2515418
2513256
2532470
2515969
2523505
2525128
2513286
2525299
2531017
2520870
2525726
2515332
2519847
2527307
2532222
2520823
2523081
2527473
2525382
2533766
2516852
2516808
2513985
2522245
2520412
2527594
2518074
2523790
2529205
2516313
2524826
2533262
2525317
2534559
2506226
2520178
2510700
2534485
2522444
2538219
2522112
2524940
2531883
2518529
2512502
2527920
2521829
2525179
2526800
2528833
2524648
2523849
2513870
2524101
2532397
2520765
2521306
2534965
2514871
2540379
2526001
2532007
2536503
2524957
2520565
2534204
2515435
2521678
2529228
2527666
2516734
2520795
2530629
2535587
2529059
2526692
2530754
2525930
2525841
2524527
2530531
2525488
2525088
2533652
2529585
2519705
2516556
2524182
2514742
2521618
2515718
2526136
2535256
2512502
2525465
2533366
2530096
2515768
2512915
2531207
2526737
2519476
2519897
2534440
2514944
2526268
2522873
2521771
2527519
2522128
2519630
2536039
2524715
2525951
2515221
2512076
2519927
2510286
2522797
2536292
2513418
2515862
2521686
2528005
2525875
2522435
2513913
2518243
2527224
2521164
2524112
2524325
2528220
2522231
2525767
2524544
2517455
2525340
2521999
2516785
2529617
2509766
2530695
2521594
2533034
2526798
2529122
2531240
2517695
2544919
2536536
2527527
2517118
2513199
2525467
2528527
2543915
2518466
2514116
2528427
2520058
2517292
2518658
2533029
2528882
2534069
2514601
2522485
2521730
2519805
2515989
2526319
2525440
2523227
2530375
2541844
2519554
2517697
2516991
2532834
2526977
2519997
2525914
2517655
2517723
2529821
2509945
2526484
2523342
2516762
2519604
2520952
2523013
2536292
2521848
2533058
2527470
2520360
2529124
2529433
2533000
2515369
2532817
2530336
2542126
2543812
2536344
2529672
2528905
2531999
2530036
2517294
2516829
2513764
2528205
2519733
2522445
2521765
2521945
2520935
2542116
2528198
2534870
2530926
2526619
2523142
2526676
2514322
2522233
2518243
2523343
2529643
2529267
2535818
2518887
2535776
2521979
2532528
2531149
2533028
2512394
2520518
2524379
2527062
2525129
2531154
2520727
2516496
2510353
2521108
2526273
2519212
2522502
2535431
2528269
2526517
2521989
2530464
2531083
2521828
2513659
2519037
2526992
2530220
2533065
2514401
2519952
2532446
2522871
2529349
2530799
2535332
2521671
2536555
2536967
2532379
2521107
2535916
2521118
2533748
2534734
2523306
2528560
2521520
2512549
2530280
2519184
2521008
2534041
2527264
2529801
2519640
2514595
2517831
2526508
2526448
2523914
2523636
2527068
2539791
2515802
2528222
2520782
2523270
2524386
2513836
2513390
2524555
2520124
2524147
2525607
2528717
2532324
2515262
2521796
2517109
2534064
2519963
2541019
2528836
2531107
2524498
2530934
2530415
2513557
2522119
2518451
2517314
2527136
2534323
2508880
2518335
2542575
2518111
2524304
2525853
2533472
2535541
2527813
2528759
2521172
2523456
2536191
2522829
2531086
2525206
2522761
2527875
2515659
2534093
2517726
2531127
2520155
2515772
2528709
2528153
2517002
2526162
2516621
2527428
2522319
2520122
2514204
2529697
2528611
2530072
2530357
2528815
2515863
2524202
2528916
2522250
2536156
2527308
2533733
2512254
2517875
2534637
2523283
2530329
2530724
2534035
2521204
2537613
2528948
2521518
2524967
2527507
2523927
2520171
2526710
2512772
2531188
2526323
2521713
2524113
2527009
2525254
2530440
2525338
2525000
2516549
2522110
2525596
2529451
2519071
2533445
2525795
2521634
2509455
2536156
2528319
2518075
2520501
2530237
2521098
2507144
2514735
2515969
2519050
2542635
2535640
2520876
2526427
2520003
2520258
2518164
2514482
2511726
2520895
2525073
2529187
2523766
2524036
2534760
2518855
2533338
2521598
2513113
2518341
2523477
2526816
2518093
2527067
2522578
2514471
2521189
2533275
2519326
2516995
2534488
2533857
2519494
2524953
2534809
2528006
2531273
2517651
2528146
2523638
2517034
2529143
2527943
2514988
2544114
2539117
2519278
2527109
2513517
2531194
2534668
2529835
2511703
2520829
2528991
2516512
2513899
2542648
2535184
2507051
2527005
2512463
2527125
2547700
2529979
2520228
2514621
2531216
2516846
2522805
2527916
2519984
2519694
2517278
2518313
2536731
2524828
2522437
2521602
2530038
2534989
2526305
2529136
2528863
2530451
2524571
2526050
2521919
2516332
2540118
2514059
2518830
2530599
2512555
2531488
2515461
2526174
2521914
2518494
2524989
2525171
2526132
2521494
2530189
2526394
2516266
2527298
2520252
2528658
2533148
2528938
2524302
2522666
2516507
2521465
2516231
2524869
2512828
2525781
2525888
2512549
2524762
2513673
2531458
2527463
2522823
2521881
2531464
2526689
2525345
2526904
2527295
2534509
2531757
2529584
2528418
2532751
2519427
2521231
2528503
2518675
2527221
2526113
2511638
2533278
2519526
2512013
2531662
2524970
2533223
2523906
2525401
2525007
2524771
2525680
2528181
2524899
2517812
2539208
2530168
2532453
2521018
2525830
2537031
2526999
2520890
2522940
2535815
2532014
2512177
2525761
2517110
2515689
2523658
2529009
2531300
2532951
2521448
2522914
2523165
2541671
2530619
2521668
2528748
2525460
2516723
2539331
2528149
2529609
2521395
2522726
2516959
2529195
2525298
2512103
2521831
2531490
2500814
2536800
2518921
2527332
2519770
2518692
2520142
2528463
2522549
2530165
2526387
2525342
2514362
2519543
2533139
2514360
2512223
2516031
2522249
2528719
2510297
2522087
2528485
2521427
2517012
2525491
2529398
2526590
2530119
2518789
2522311
2522172
2533409
2524236
2531540
2523579
2522974
2543093
2530038
2508642
2528887
2522213
2514239
2529051
2528258
2536733
2519744
2543115
2524071
2540327
2532560
2524859
2526687
2525546
2535133
2532788
2527711
2516367
2515533
2520629
2521140
2525724
2526505
2522755
2523810
2519906
2538334
2519706
2518965
2537522
2537256
2512847
2515035
2530536
2518765
2520096
2523299
2528057
2522589
2524267
2521479
2523163
2522271
2530379
2525098
2519325
2535066
2527527
2525983
2520875
2530056
2533110
2527345
2530838
2523495
2520404
2527985
2534404
2506905
2516872
2540392
2529017
2517813
2520993
2530919
2528701
2522947
2510481
2533174
2520875
2535230
2512112
2531793
2524507
2537607
2522738
2507438
2524006
2526172
2522400
2529692
2525371
2507191
2530579
2514714
2522941
2544144
2522285
2515716
2522592
2527016
2527513
2518451
2531118
2519246
2531462
2536003
2529952
2517765
2533068
2522906
2536988
2535717
2521242
2526545
2524434
2516073
2514605
2528312
2523397
2521539
2530447
2520776
2516487
2538739
2524361
2522806
2523971
2518602
2519669
2522700
2520527
2528530
2523949
2529489
2518284
2525362
2524620
2527543
2523043
2532425
2528470
2525545
2529303
2528461
2525974
2527549
2523969
2522702
2526326
2529896
2514880
2514395
2530525
2525084
2527191
2509087
2526081
2524945
2522564
2517099
2528562
2521267
2522998
2519717
2520125
2533221
2517047
2513109
2521053
2526172
2506504
2525983
2513871
2522689
2533022
2525603
2517023
2533184
2539608
2522436
2524885
2525038
2514198
2528429
2532356
2523109
2531910
2529250
2520032
2516447
2519549
2546239
2530170
2525996
2511650
2527184
2519827
2542923
2528119
2533941
2528004
2522696
2515636
2519111
2518993
2534784
2527976
2519332
2526536
2511987
2521694
2519915
2531364
2531976
2520533
2522104
2536648
2518267
2506505
2520541
2520797
2531962
2528645
2538588
2527913
2522839
2512467
2534339
2529326
2520410
2540148
2534036
2516690
2523093
2519423
2525295
2525141
2530460
2529006
2514284
2521835
2530984
2535620
2517377
2538691
2539252
2531303
2526533
2519966
2510282
2514224
2509687
2524980
2522493
2520167
2526278
2518810
2519050
2527944
2523288
2518013
2516244
2522922
2517623
2534894
2521020
2521832
2534190
2526893
2520376
2520414
2517847
2517033
2546079
2532045
2519519
2508962
2524708
2522352
2525625
2537655
2531864
2531683
2521196
2529490
2525015
2520481
2517786
2521322
2517638
2527291
2525706
2520720
2523314
2528403
2514514
2519716
2513444
2521678
2531905
2530513
2527529
2517334
2514342
2520998
2535565
2512729
2520365
2534542
2520318
2520434
2530695
2526088
2532894
2525344
2522097
2545731
2530038
2525240
2526644
2527543
2530848
2524991
2519226
2532011
2534796
2521722
2518525
2524748
2526283
2535355
2521197
2529109
2527942
2529340
2531721
2515605
2527891
2529261
2514633
2516180
2518671
2533928
2537872
2511650
2526130
2527697
2527974
2514285
2531867
2527889
2511836
2535374
2528001
2527387
2527977
2524315
2524857
2523625
2518832
2521777
2525344
2530038
2513623
2518941
2513184
2539226
2512404
2535405
2525589
2523735
2537150
2525998
2522029
2520320
2520108
2526159
2524567
2520960
2516423
2525961
2517588
2530074
2523183
2521652
2521293
2527252
2523625
2521794
2515065
2531616
2528925
2530062
2515802
2520807
2516536
2520265
2526103
2523354
2519577
2520191
2535522
2525365
2513652
2526831
2518400
2520181
2522643
2514586
2524556
2527612
2528520
2526122
2514406
2536516
2529508
2518819
2518757
2536544
2523842
2533710
2520532
2512361
2528760
2529535
2523671
2536331
2545522
2521559
2515555
2530682
2514190
2525880
2521972
2537279
2541807
2533397
2528728
2516909
2525747
2535189
2520445
2520107
2522886
2516251
2526400
2523386
2515823
2528731
2513902
2516716
2523942
2525732
2538073
2526926
2520925
2518394
2528966
2537601
2524407
2520819
2519262
2542157
2513535
2530866
2531178
2528387
2516006
2516578
2513783
2525213
2529025
2512657
2539305
2522534
2523364
2518094
2529863
2520039
2522792
2513170
2528246
2530328
2538070
2505179
2529356
2512969
2526865
2526018
2532577
2521736
2514879
2523895
2520943
2513725
2527656
2517859
2513017
2527362
2534875
2539603
2532424
2521865
2523924
2523993
2516179
2522980
2517780
2516973
2526646
2519634
2535453
2517863
2526483
2517379
2525858
2518339
2525986
2519614
2519926
2535250
2517051
2530682
2525700
2531958
2524616
2529136
2528607
2523592
2523741
2540417
2529839
2522787
2520174
2534779
2522591
2532687
2523438
2512855
2524440
2522353
2529356
2535378
2527096
2517866
2523709
2529355
2516558
2532290
2511470
2529620
2540523
2513942
2518145
2536760
2530544
2524263
2531377
2534002
2516397
2536014
2528547
2517034
2517002
2515007
2525656
2518821
2529273
2534200
2520068
2523529
2515617
2517841
2519029
2516594
2530467
2532986
2525701
2522082
2519239
2519978
2525778
2532688
2516398
2524388
2524234
2521060
2524750
2520404
2531942
2526164
2525048
2528757
2541244
2527983
2522246
2520124
2523081
2520692
2530144
2531629
2516737
2520321
2534889
2526291
2526984
2541415
2534793
2525008
2521733
2525674
2514363
2533021
2529078
2522714
2533102
2527456
2519521
2524524
2530755
2516159
2527288
2536902
2522812
2519468
2530360
2517004
2532191
2529774
2522776
2531969
2544870
2529793
2533368
2529100
2511629
2529253
2524650
2522818
2520670
2527503
2513825
2523404
2511932
2521107
2529409
2536636
2532103
2512456
2514353
2532914
2525112
2530544
2530597
2513006
2531600
2526777
2527868
2538961
2528981
2533042
2530319
2540540
2516978
2528535
2515227
2529028
2522382
2534973
2515971
2525579
2525831
2525593
2513395
2515931
2535654
2536935
2530338
2519059
2520335
2522510
2524593
2529517
2534074
2525784
2537712
2524797
2520671
2514968
2537639
2543309
2506070
2514610
2525545
2529086
2517080
2525530
2507445
2520339
2525978
2524322
2514942
2530180
2514846
2533386
2515690
2520814
2530259
2533393
2531623
2522077
2527777
2535318
2519782
2521530
2538093
2528406
2512214
2525607
2535440
2515070
2532376
2521057
2522126
2509522
2523202
2531153
2519481
2517627
2543004
2523673
2521420
2520769
2527699
2537360
2538633
2516336
2514032
2529656
2527224
2508695
2512310
2519539
2516694
2505898
2524878
2523488
2525389
2536218
2533979
2517467
2527504
2521289
2507750
2516780
2531932
2511238
2525550
2520711
2512834
2527906
2523781
2541814
2517902
2526465
2527986
2519292
2519521
2521501
2535648
2521411
2515572
2531502
2517039
2518471
2517770
2543848
2538004
2522994
2524138
2523695
2527996
2528189
2534434
2526194
2525340
2521466
2512699
2531339
2526867
2519380
2530731
2529282
2528349
2519467
2524727
2519912
2519870
2526563
2539676
2520213
2517026
2523050
2534980
2517859
2517801
2529531
2527617
2535810
2530194
2521983
2523549
2536082
2519817
2525530
2512462
2529677
2519267
2523084
2540028
2513353
2523999
2524534
2533770
2516132
2525023
2540274
2513266
2522415
2524062
2535581
2529249
2522600
2528303
2523782
2519111
2514896
2523728
2532224
2531378
2523585
2534321
2521253
2527718
2517772
2508040
2527371
2527190
2532262
2517149
2533748
2536199
2520421
2531446
2521720
2518260
2529539
2521478
2521908
2522411
2522102
2523223
2502543
2530016
2530596
2543149
2514868
2529600
2528577
2526342
2516187
2523637
2525205
2519254
2522758
2527257
2530290
2539325
2532273
2524899
2522624
2532781
2510518
2516093
2519780
2528980
2529880
2524997
2524480
2514775
2527559
2519515
2520535
2532201
2530615
2530083
2537484
2523647
2521025
2531154
2535797
2536115
2524520
2515299
2523617
2523604
2535261
2528357
2526498
2529726
2520159
2531361
2521129
2520654
2531032
2517480
2531626
2527477
2532601
2533163
2528796
2515450
2531283
2516242
2513125
2530823
2516697
2516437
2517076
2535565
2532721
2523179
2529354
2528569
2535050
2535302
2519212
2520072
2520817
2513604
2510557
2534447
2521518
2516167
2523436
2526093
2533677
2539692
2516353
2524630
2512589
2522931
2524302
2521882
2523739
2528481
2518033
2517331
2505401
2514542
2527593
2517476
2532434
2529012
2538141
2530214
2516895
2522778
2516771
2532083
2527800
2513003
2523178
2528817
2512606
2522794
2528268
2535260
2523829
2536021
2518764
2520984
2540507
2509933
2521741
2530216
2521743
2517929
2525220
2521068
2526899
2512363
2521019
2540656
2515369
2525594
2536779
2528705
2518136
2522247
2537142
2525489
2528817
2535930
2527975
2523603
2528759
2517920
2517143
2533058
2520878
2512734
2521217
2520337
2521143
2533558
2527635
2520494
2521437
2516348
2527477
2524600
2532969
2542692
2523008
2535517
2523855
2521935
2523166
2520175
2525280
2529631
2542641
2516391
2522255
2526476
2529310
2518181
2528417
2526795
2522781
2520095
2533526
2526473
2527106
2530197
2527304
2514953
2531667
2527523
2521302
2526898
2527520
2518363
2510318
2524706
2518632
2504352
2525387
2521336
2525159
2524135
2533579
2544517
2536249
2524348
2535669
2518611
2529845
2511157
2527708
2526501
2522343
2523211
2511046
2517832
2534199
2532310
2529471
2529026
2520709
2511949
2529405
2531222
2529410
2534250
2525574
2529699
2523254
2534058
2522505
2521354
2526049
2522057
2516599
2526774
2515765
2522888
2516936
2524413
2532865
2532244
2525894
2529320
2531734
2536287
2528347
2526616
2541826
2523577
2534077
2536865
2534316
2519873
2522274
2531798
2526219
2529018
2526207
2521939
2514931
2537523
2533555
2513697
2526341
2522644
2523554
2530577
2515134
2521859
2516975
2534935
2526583
2518859
2534773
2533619
2525653
2516441
2534811
2520258
2523878
2522980
2539469
2518170
2522789
2524628
2520866
2524825
2536901
2528097
2529116
2516694
2520802
2516475
2531294
2518897
2515526
2534906
2521271
2522741
2526054
2513287
2525119
2523445
2525866
2523030
2518969
2529405
2537614
2521168
2524262
2520461
2536692
2519126
2528927
2534692
2516788
2517434
2525946
2534772
2530582
2539077
2520740
2526413
2520465
2523390
2529195
2528543
2522290
2519014
2522707
2523393
2513543
2520177
2526810
2506640
2522048
2518197
2515390
2517852
2513803
2526385
2518720
2512594
2520474
2526815
2519995
2518617
2513225
2515372
2516697
2533165
2517641
2523892
2523459
2524150
2515143
2532717
2529508
2518223
2537889
2519353
2538923
2535446
2520984
2520234
2527671
2524946
2531567
2521147
2527094
2536285
2525741
2525051
2525126
2532098
2514763
2512448
2532276
2516113
2524490
2521196
2533782
2518453
2519760
2518476
2538641
2530566
2535673
2527249
2521435
2516777
2528765
2528801
2525869
2545423
2528756
2525677
2535293
2525754
2535097
2532127
2514968
2532055
2525123
2520236
2521923
2518551
2520158
2526308
2523126
2533203
2527025
2522848
2543385
2526279
2515806
2518915
2522694
2522376
2523974
2531852
2529474
2517115
2530448
2526183
2528438
2524152
2532097
2535063
2527196
2523664
2522279
2542731
2520379
2517555
2530992
2540415
2515871
2521425
2522955
2518497
2519238
2523833
2534930
2519461
2521999
2516787
2515849
2529133
2522592
2539507
2526991
2531069
2535118
2523910
2527151
2517076
2509285
2530708
2529023
2518232
2529144
2524340
2518722
2527653
2538113
2517544
2519265
2515176
2530945
2523089
2523627
2527857
2517400
2528320
2529329
2536134
2525778
2530350
2525651
2516976
2518613
2527837
2520683
2529309
2514114
2522840
2524694
2526223
2533956
2541676
2521903
2535734
2526945
2520274
2527969
2524674
2517919
2530924
2531843
2520237
2524109
2536659
2526452
2515589
2520409
2521103
2531806
2530401
2530223
2526252
2527493
2527076
2520523
2528906
2527221
2515455
2521770
2521284
2522261
2537713
2530271
2540663
2526982
2522655
2517110
2526753
2519428
2522570
2531515
2521860
2531035
2531603
2528464
2524655
2525196
2521733
2536905
2527519
2525802
2513692
2525416
2525033
2515820
2524729
2517789
2532875
2528131
2509894
2516591
2532612
2517851
2529824
2529654
2519825
2528512
2524826
2522132
2536806
2527563
2527732
2520718
2531896
2526505
2532538
2522902
2517037
2532169
2529145
2525346
2518256
2519742
2527050
2527249
2538327
2523714
2523471
2532003
2513299
2517619
2535435
2517689
2511928
2520154
2525403
2531451
2527891
2519151
2519262
2521619
2518939
2528804
2525868
2520541
2533944
2533961
2536151
2523593
2519255
2526439
2518147
2527046
2524541
2526925
2528156
2541082
2534389
2510598
2528060
2521906
2528462
2525200
2526778
2539025
2525616
2531813
2523006
2511043
2519549
2533518
2518089
2523023
2526860
2517227
2520884
2529605
2511568
2532542
2529910
2506509
2527632
2518141
2523755
2533642
2526317
2534487
2528615
2526320
2519797
2527946
2529416
2535069
2520997
2520452
2539167
2533419
2535059
2526062
2534971
2525698
2531858
2515871
2529352
2522661
2524657
2533653
2530728
2530740
2511797
2523377
2525816
2526927
2520300
2513588
2540033
2518871
2530501
2526959
2526474
2524376
2510379
2516967
2540021
2521285
2516325
2527169
2523877
2536588
2528176
2523072
2532589
2522705
2527788
2522725
2525340
2533998
2539312
2522567
2522995
2524903
2524178
2533605
2528481
2536612
2525660
2535347
2530516
2523385
2530298
2517126
2525856
2522820
2525985
2528293
2528449
2522664
2516953
2525408
2525325
2540170
2515714
2529386
2522511
2528147
2523545
2531685
2540250
2515800
2516500
2532928
2515187
2532476
2526040
2526249
2526526
2530423
2515249
2516092
2524198
2527959
2534516
2529139
2518358
2542662
2525964
2521458
2513096
2525324
2536391
2515829
2524639
2513355
2530286
2520307
2535932
2521610
2531625
2524684
2524479
2539404
2527951
2517010
2521942
2533376
2529399
2528229
2519055
2516491
2527638
2523355
2523688
2526045
2527325
2538038
2513067
2530394
2523332
2513247
2523789
2521115
2517419
2533716
2526797
2522563
2528573
2526876
2525921
2516638
2528301
2516036
2521264
2533966
2526698
2536918
2531251
2524512
2510901
2519168
2523837
2527424
2521736
2522929
2531425
2533685
2522757
2511990
2527811
2520915
2532359
2543762
2510335
2532547
2530647
2531619
2530392
2535176
2535242
2515514
2526086
2523043
2530502
2532347
2524412
2524122
2530057
2518507
2522458
2524383
2522143
2523920
2524013
2516540
2530118
2533760
2518681
2519746
2521916
2531381
2517936
2528033
2510524
2518049
2528771
2531314
2520215
2529139
2524889
2519764
2526200
2521084
2536923
2528171
2524522
2524984
2534121
2538232
2524539
2528843
2534342
2503732
2513828
2515425
2531504
2533293
2532274
2528387
2535561
2513707
2517184
2516665
2519362
2521385
2540290
2523818
2520000
2526818
2529758
2543259
2519235
2528351
2530190
2525282
2514823
2525825
2522183
2535590
2533215
2516844
2528792
2505723
2533355
2518508
2522241
2528977
2520832
2516966
2531254
2520273
2533957
2522085
2521395
2529840
2524650
2524677
2527506
2532167
2524389
2520277
2533857
2523615
2522436
2536973
2526477
2516327
2515450
2526637
2531480
2525006
2519589
2526083
2525732
2514707
2530407
2528349
2522161
2523598
2519621
2524661
2522152
2524175
2532619
2523193
2528327
2529572
2518057
2508541
2517796
2535754
2525737
2523415
2519753
2524492
2522635
2519627
2521563
2527448
2533982
2516697
2520589
2525765
2531395
2523051
2529500
2529221
2526608
2527151
2522305
2537701
2538717
2523865
2516224
2518669
2528087
2539772
2523335
2524805
2517829
2516415
2521886
2529667
2527800
2522184
2516327
2519739
2527381
2533314
2532149
2521309
2521597
2537330
2521833
2528733
2520909
2528776
2518859
2531834
2536479
2525756
2538543
2526449
2535444
2524084
2523019
2508543
2535033
2524966
2513525
2526609
2523304
2534670
2519272
2520338
2532566
2517939
2517182
2524728
2529143
2515844
2529265
2519739
2516986
2536524
2532618
2529238
2536980
2534839
2529226
2501538
2535210
2521603
2522635
2522305
2522410
2523578
2525410
2522583
2528389
2528983
2526247
2537331
2533983
2530344
2515645
2521917
2514308
2518521
2517326
2530754
2508988
2521945
2528047
2541039
2516218
2526382
2521295
2516277
2540613
2525982
2532683
2529253
2513648
2527531
2528681
2531564
2528774
2530537
2545312
2523489
2533945
2514247
2524425
2532297
2516647
2522267
2518100
2521192
2535450
2527696
2522091
2524411
2518103
2538179
2534219
2519632
2530794
2540457
2519931
2532507
2527201
2528941
2520972
2529503
2523131
2526305
2522717
2520935
2528266
2514810
2528659
2520443
2528305
2530844
2513304
2523034
2517852
2523847
2518664
2526605
2526160
2524801
2522049
2523384
2533568
2538652
2531037
2533102
2523033
2535626
2537638
2528164
2522847
2524521
2514973
2520127
2529932
2536098
2533782
2521411
2535340
2524050
2526308
2530981
2511597
2536102
2526625
2525377
2527435
2523441
2535955
2520892
2530408
2537296
2531220
2528906
2536642
2532310
2533133
2544711
2526017
2530083
2548403
2529760
2534584
2529425
2519023
2521315
2530064
2531992
2528786
2521275
2525964
2538683
2515427
2512193
2523300
2512893
2534414
2526347
2522198
2529835
2524832
2527891
2527199
2523371
2527009
2522801
2508542
2523574
2524375
2522995
2523427
2522021
2511194
2525230
2525733
2535302
2520502
2523370
2531971
2524910
2515253
2510562
2527416
2520254
2515921
2520133
2516569
2523676
2532903
2538194
2531779
2523776
2521935
2522251
2520986
2514483
2534685
2517506
2522005
2528393
2518428
2527059
2522123
2524233
2530257
2524147
2540877
2528479
2520812
2523057
2516467
2536671
2515951
2538889
2523368
2524218
2523841
2525127
2536191
2528242
2523973
2535484
2517159
2517830
2528321
2530755
2511827
2521637
2523273
2520848
2530369
2517348
2524987
2528189
2534070
2528573
2514310
2529473
2518641
2529748
2520621
2518810
2523447
2520965
2525760
2520119
2525612
2528112
2534615
2522486
2529888
2536439
2535526
2539532
2526080
2518779
2534635
2527099
2534076
2520261
2525918
2525763
2526462
2515632
2540628
2533596
2518339
2534826
2522255
2537323
2521725
2528993
2534416
2529133
2516139
2538619
2527840
2533608
2523477
2519138
2516899
2531313
2531260
2531671
2513101
2527247
2509750
2523882
2528292
2528075
2516662
2533659
2530175
2529464
2523033
2524711
2518440
2527780
2518472
2530516
2532526
2522590
2538835
2539312
2523110
2521361
2538806
2517140
2520081
2536498
2532137
2529723
2531393
2524243
2526254
2534748
2528972
2517669
2533658
2529730
2522647
2535063
2518702
2525965
2511792
2518419
2523378
2524376
2524147
2512847
2516269
2529578
2528030
2521099
2531449
2531582
2518986
2519804
2532632
2527737
2541220
2530466
2544368
2518591
2532209
2520823
2515844
2526528
2527554
2523198
2538660
2527108
2545625
2525975
2512638
2517075
2520430
2521972
2528804
2517675
2523065
2513411
2532991
2532036
2535475
2520231
2533203
2523526
2526754
2514614
2523017
2522527
2523067
2526223
2524409
2519880
2523797
2531068
2531178
2515597
2525511
2546157
2515769
2528082
2526876
2527370
2526112
2523595
2525935
2523962
2517715
2530651
2519518
2531656
2521668
2522584
2514822
2517210
2543823
2517846
2517019
2522747
2525013
2535475
2522763
2524437
2520960
2528838
2516411
2535484
2524631
2522261
2528496
2527238
2522192
2518854
2523631
2528740
2522906
2519966
2528461
2528558
2515526
2518721
2514326
2528264
2518646
2533568
2532318
2535160
2534462
2521773
2529408
2514434
2510353
2525688
2535718
2511106
2533899
2528722
2528029
2526999
2518263
2530963
2522646
2524203
2522988
2528745
2533950
2532561
2530988
2516613
2523049
2516944
2522864
2510620
2524414
2532057
2522685
2519976
2540535
2524422
2520310
2529025
2523963
2513408
2528697
2526584
2546467
2522452
2530549
2528697
2514907
2529554
2529285
2533045
2512355
2541803
2533337
2540321
2523877
2512192
2534051
2543922
2523555
2530307
2522942
2530654
2523965
2534219
2526529
2519076
2532309
2530369
2535037
2523454
2530106
2528963
2524110
2516974
2527127
2523196
2523918
2528849
2522474
2522948
2525140
2531686
2519136
2522009
2513666
2530119
2522005
2527362
2533816
2527946
2540305
2534062
2529998
2529758
2514554
2533719
2521469
2514385
2523377
2528623
2532576
2520639
2528153
2518313
2532639
2528554
2511120
2543700
2522097
2527094
2521932
2527667
2527020
2528224
2524005
2519570
2524236
2524660
2524531
2516158
2529616
2511131
2522437
2534670
2525244
2519315
2521946
2526500
2521474
2527075
2531829
2529507
2531124
2538623
2513908
2513637
2526397
2522819
2530110
2537696
2524086
2517118
2527593
2526314
2520435
2523609
2525143
2534722
2526407
2517319
2532784
2534218
2515361
2515519
2512887
2536714
2527732
2524213
2520811
2509292
2514305
2519445
2528023
2529520
2519401
2508358
2525943
2525535
2513874
2531321
2524416
2526318
2515965
2519978
2517148
2513362
2512953
2543074
2515474
2522706
2520169
2522803
2529661
2530720
2516099
2518963
2522154
2507644
2520649
2526924
2510208
2520970
2516312
2535549
2516030
2522272
2513608
2519696
2522644
2511257
2518347
2521790
2526447
2531948
2528551
2520223
2534327
2526242
2510122
2523733
2513509
2526139
2519950
2529628
2522684
2519792
2524126
2524281
2514341
2525327
2531922
2541607
2513640
2525316
2528876
2522726
2517511
2525864
2527910
2519470
2517365
2531849
2520738
2517968
2526050
2525508
2534785
2532720
2531677
2519134
2540243
2520340
2526274
2518064
2512824
2522886
2532104
2522774
2520755
2525269
2531972
2532174
2523756
2522121
2535643
2523896
2519158
2536763
2527629
2529188
2533167
2529920
2537323
2524060
2524140
2521684
2530768
2519004
2528029
2520219
2547348
2509449
2525987
2533918
2518981
2521644
2524867
2527935
2531632
2527191
2525212
2508802
2528853
2535179
2521339
2535178
2524444
2514404
2525398
2512809
2535257
2528547
2518066
2524606
2531865
2523631
2513570
2523403
2514847
2513571
2534072
2529821
2542265
2517507
2527779
2521022
2517862
2526356
2523891
2521531
2532780
2536441
2516482
2521414
2526533
2533296
2522807
2518692
2525526
2517857
2506155
2524700
2525193
2519281
2517599
2533705
2526845
2520088
2521827
2524794
2517888
2524441
2536940
2522852
2510451
2513188
2541400
2527234
2519254
2528566
2516859
2531298
2525793
2524540
2526900
2523728
2535616
2522213
2535818
2526978
2523251
2532196
2510668
2518633
2532715
2527001
2521159
2527660
2524065
2527587
2536180
2515363
2528130
2526845
2522348
2511743
2518795
2514903
2526979
2521595
2527891
2516661
2524762
2525584
2530954
2532973
2509916
2546175
2525214
2513220
2526236
2527512
2530037
2528545
2525685
2519719
2524769
2513129
2518798
2515680
2511930
2532202
2525159
2514866
2517994
2524302
2518439
2527965
2526261
2521035
2514961
2533090
2523031
2517996
2526592
2518956
2531901
2520032
2519647
2536453
2517155
2521670
2530354
2519270
2522521
2522200
2519702
2526929
2532208
2527675
2527921
2532453
2528374
2529200
2518854
2527942
2528672
2518109
2509719
2530597
2527743
2531718
2515075
2521717
2523156
2521326
2519581
2533697
2533987
2520204
2519210
2532877
2519977
2519642
2518151
2520502
2522417
2518203
2521836
2529120
2528502
2528682
2525866
2522057
2527972
2530439
2531016
2530182
2528603
2518523
2509417
2526277
2521606
2517939
2518537
2521195
2526623
2518002
2513570
2535388
2525456
2520161
2515403
2519804
2532493
2538245
2524512
2519356
2517063
2540917
2526369
2523126
2528043
2532341
2533623
2512555
2507515
2527343
2525290
2528191
2539620
2518579
2515951
2527590
2526814
2523844
2530850
2525714
2534165
2519418
2543985
2517093
2528340
2518315
2526784
2532293
2515884
2530897
2517947
2531327
2524311
2521204
2521559
2512591
2523098
2523497
2533779
2517926
2526726
2520293
2524096
2538264
2520421
2523424
2539135
2516609
2534508
2524050
2523172
2521510
2515125
2517337
2527832
2532060
2540314
2522356
2528334
2538209
2535631
2523997
2516632
2528929
2518476
2534104
2508646
2524087
2517837
2541305
2530691
2522446
2522296
2542232
2531569
2537920
2529846
2517813
2513600
2520630
2516886
2527776
2523791
2514343
2530170
2515259
2520787
2544868
2510785
2542760
2527691
2523261
2520377
2530253
2513113
2523751
2540674
2517171
2524546
2516761
2517248
2516130
2513596
2525373
2519574
2533034
2515127
2519784
2520853
2525433
2535417
2533234
2539979
2528336
2519069
2519344
2525839
2527176
2513678
2533815
2526298
2535289
2521351
2516196
2530531
2528126
2528298
2521278
2524583
2519414
2512862
2538104
2531183
2523476
2529710
2524243
2524437
2539351
2513863
2517013
2518325
2540733
2532734
2531061
2539144
2522059
2529422
2524866
2523127
2536854
2511899
2529063
2531300
2523953
2539469
2527442
2525199
2525182
2543010
2517921
2527847
2539916
2539777
2523405
2522718
2524743
2538437
2527292
2522419
2514427
2526625
2531331
2522241
2526854
2529225
2525868
2521229
2516067
2521785
2516336
2525887
2549641
2535246
2532119
2519184
2524457
2520152
2526974
2523299
2527276
2519054
2515681
2528991
2523010
2519422
2519950
2514880
2532757
2536391
2522834
2529313
2534810
2519924
2521305
2531092
2521111
2508798
2514924
2519827
2517602
2516573
2527895
2535240
2522993
2524434
2538625
2515303
2513665
2535418
2537912
2525271
2523375
2521663
2516862
2540097
2525487
2521916
2533468
2515140
2516481
2531416
2533138
2536713
2517457
2526698
2528588
2530929
2538989
2519525
2512355
2531343
2517799
2514240
2529586
2519748
2532847
2527658
2522275
2533992
2520438
2512335
2526779
2527656
2515677
2520739
2528600
2519466
2533224
2514988
2517424
2534236
2525592
2520710
2516882
2537134
2522194
2520890
2522791
2520445
2517940
2521700
2529160
2522694
2539039
2515346
2529276
2524518
2533136
2531762
2530520
2528031
2529253
2534623
2517103
2520834
2522177
2532082
2521874
2517426
2533368
2515013
2525131
2514820
2519430
2521739
2519955
2530878
2533097
2526223
2516724
2523427
2528599
2536677
2526566
2529949
2514654
2534684
2540533
2509964
2520850
2522004
2514981
2532722
2522466
2517446
2506905
2530802
2527486
2521821
2532988
2525715
2538026
2526042
2528555
2515010
2535140
2526606
2528763
2538609
2527534
2517975
2537363
2535634
2532468
2520224
2525359
2539257
2530693
2519766
2522506
2530555
2529024
2527021
2533148
2512619
2538651
2527048
2531201
2508456
2524242
2525389
2523570
2541715
2518034
2519881
2526548
2534564
2516642
2529155
2515665
2522438
2520888
2536625
2516957
2526727
2515670
2522536
2517753
2508057
2520984
2531461
2536024
2532461
2537271
2515291
2523882
2529107
2520659
2519120
2520147
2524869
2513396
2509422
2534096
2531359
2523769
2525851
2527947
2531342
2512072
2525611
2520537
2536892
2533117
2533973
2521361
2521636
2525113
2537676
2528450
2533530
2517719
2531306
2521373
2532910
2509999
2521648
2510542
2531640
2518579
2521688
2523404
2532090
2516470
2515966
2521883
2523320
2510068
2521852
2535346
2515118
2522770
2519504
2523728
2528955
2515238
2516901
2518551
2531538
2528099
2532999
2529277
2526347
2523508
2527057
2525774
2525798
2522633
2510275
2535961
2519027
2524764
2525933
2521818
2522077
2514373
2526606
2524049
2536791
2511165
2532076
2512369
2525016
2519538
2531101
2519926
2526963
2521991
2534828
2513690
2511505
2507533
2521701
2518403
2523021
2535613
2537035
2524635
2528440
2520575
2514898
2526839
2530534
2520464
2527049
2528346
2540917
2516651
2522228
2514118
2518212
2526235
2523956
2533647
2525321
2542562
2522792
2534360
2518451
2523118
2523739
2532716
2524814
2528495
2525121
2533192
2509927
2542505
2513357
2533426
2519613
2526395
2512025
2527219
2525543
2530843
2527238
2522194
2513340
2520226
2527719
2525806
2535273
2529229
2521233
2522447
2523098
2520929
2541459
2518028
2519968
2524206
2531039
2511207
2516106
2523585
2526604
2517187
2522828
2538022
2522018
2529135
2530180
2533660
2522509
2521342
2523967
2525738
2516393
2532212
2519721
2530242
2522880
2531049
2524476
2540186
2517349
2534359
2512274
2529656
2514969
2515336
2521537
2520603
2513689
2521405
2523237
2524407
2521798
2529477
2524634
2514004
2527438
2508887
2516588
2519042
2518648
2514974
2512669
2522687
2529954
2522784
2536498
2519506
2519974
2506286
2527972
2530118
2521319
2521344
2536841
2532724
2524746
2524296
2528859
2535109
2517036
2523253
2519945
2513180
2537285
2524346
2544544
2528380
2522158
2525614
2522707
2523205
2534400
2520722
2517368
2524321
2519200
2522388
2520320
2524589
2529351
2521017
2530081
2541100
2519389
2529075
2530615
2527891
2520500
2531491
2534225
2515430
2524443
2530473
2514868
2539289
2520306
2524037
2522620
2535987
2521024
2519495
2526905
2527430
2537217
2522242
2517495
2526570
2525548
2516761
2531955
2518766
2523099
2528710
2507393
2524850
2522297
2530741
2515779
2536876
2521827
2531120
2530814
2532477
2528322
2525619
2532828
2518542
2530752
2532805
2530538
2513823
2529020
2526115
2527197
2524308
2528211
2532709
2511568
2525856
2519298
2531489
2527480
2529697
2523693
2523116
2528978
2524504
2531861
2520881
2531855
2531266
2519794
2524133
2527328
2545206
2518551
2525086
2516826
2514658
2527820
2521630
2531312
2535160
2524569
2517545
2530275
2527277
2529630
2524892
2517211
2522133
2527247
2526691
2539339
2528484
2532856
2517487
2510658
2536421
2522507
2550559
2510042
2526539
2527216
2517456
2521881
2527030
2531719
2527553
2522940
2520970
2521919
2532963
2527951
2533972
2511586
2528860
2517890
2526498
2523513
2526923
2524337
2527779
2520657
2529777
2534380
2526498
2526059
2532947
2532321
2526208
2515646
2540304
2518931
2525806
2524021
2513111
2513664
2520108
2526495
2519164
2522860
2523345
2523522
2529633
2522791
2520105
2514391
2527674
2524575
2532850
2512075
2529069
2532689
2526613
2536855
2520436
2516780
2523619
2535618
2517945
2534752
2512583
2532168
2530895
2537697
2531043
2518235
2537511
2512873
2526001
2519360
2538195
2534918
2507321
2537477
2528811
2514882
2533758
2522312
2528405
2531999
2533219
2523545
2528586
2515724
2535154
2530765
2525559
2524452
2531642
2533065
2530663
2523037
2524837
2520725
2516533
2527801
2520524
2524650
2518131
2513685
2522448
2527312
2530006
2522325
2527292
2521780
2526624
2529550
2523527
2510581
2525047
2527239
2524234
2533087
2527799
2507720
2517756
2529098
2526817
2536994
2525386
2523834
2531379
2523238
2533768
2519824
2527084
2523456
2523580
2521908
2530008
2523347
2533044
2523406
2517401
2538121
2516102
2521496
2518124
2514065
2531103
2512707
2521668
2524095
2510922
2527410
2522721
2523528
2525771
2528367
2532098
2533642
2522986
2526879
2526392
2523296
2520203
2508735
2520894
2533714
2525013
2533408
2529198
2518904
2542994
2521702
2536067
2515809
2525852
2521267
2529858
2512711
2532802
2535057
2524634
2517486
2522046
2515784
2510581
2530510
2526110
2522862
2522299
2515607
2529546
2516520
2541851
2523168
2524357
2524899
2517010
2509171
2522660
2526665
2528596
2519598
2527673
2534953
2527903
2532147
2523819
2536129
2543663
2536018
2532200
2514711
2527871
2534204
2521557
2531290
2527042
2528292
2529900
2523153
2536424
2527531
2530427
2531736
2525934
2518718
2528863
2521909
2529806
2530080
2518175
2532059
2520031
2511461
2537410
2532516
2528486
2517167
2515872
2524883
2539384
2530314
2524099
2517326
2515614
2527443
2530604
2528153
2536204
2511330
2543318
2526024
2539810
2521985
2536994
2523002
2517664
2523906
2535356
2517944
2521397
2518969
2519142
2541594
2521826
2539862
2530554
2524035
2527788
2520331
2542089
2531666
2518471
2507147
2531287
2522434
2529981
2532330
2509226
2540639
2519498
2521340
2512215
2529271
2516819
2524752
2540452
2519246
2519051
2529744
2530661
2513088
2526998
2531088
2522037
2522167
2513715
2522721
2527660
2528111
2511792
2526697
2524168
2529924
2522358
2518391
2514126
2529535
2520813
2542249
2525281
2517169
2523795
2537439
2529617
2527145
2519200
2517489
2537588
2518429
2535782
2531974
2528493
2520120
2515801
2522673
2529334
2530786
2517553
2515996
2527199
2526979
2520647
2532816
2533859
2508222
2534988
2535363
2516675
2526426
2526270
2545318
2523382
2520474
2514429
2521439
2522434
2538321
2525152
2514968
2526775
2516397
2524808
2523373
2507486
2518485
2513276
2544051
2513297
2523226
2517867
2527140
2511445
2522597
2533958
2517006
2517015
2527288
2516661
2536991
2511319
2541323
2519326
2535974
2534852
2528394
2518002
2511683
2522549
2525888
2525876
2521595
2517047
2527377
2530582
2527710
2526668
2517542
2518339
2525480
2528618
2524912
2520974
2524866
2523559
2528170
2529207
2526012
2522874
2532559
2527333
2526750
2531371
2513769
2522669
2512653
2525553
2530458
2510680
2515525
2532799
2532243
2535491
2526326
2520751
2524693
2526062
2521621
2527419
2526859
2530826
2533667
2519650
2526105
2520626
2538170
2543195
2542827
2520555
2517022
2523884
2509109
2522590
2531516
2530414
2517747
2526623
2523493
2516713
2525486
2518811
2516984
2535026
2526267
2516659
2532177
2522628
2520071
2529381
2523107
2534264
2530640
2525535
2520942
2520749
2532967
2524169
2529059
2523451
2527813
2523666
2521387
2534309
2526622
2524303
2525692
2521541
2538146
2541438
2543676
2511301
2533441
2519562
2513728
2521752
2527947
2523008
2514846
2520508
2547151
2532389
2519365
2516524
2533838
2514580
2535919
2541672
2517604
2526205
2526938
2523358
2523189
2516004
2526501
2528018
2521625
2522752
2519607
2519406
2518662
2515867
2516823
2534081
2525317
2520750
2510784
2542991
2532445
2521987
2540664
2521989
2520957
2517197
2514338
2513068
2520839
2529842
2541064
2541938
2526557
2538457
2530740
2530100
2524972
2512657
2526696
2530706
2515641
2507677
2524787
2530709
2523950
2533156
2523219
2519813
2526068
2513087
2516233
2519117
2515287
2530527
2523877
2528155
2530145
2521637
2529178
2523630
2519994
2521466
2527524
2538659
2524353
2524633
2523267
2529157
2526142
2535691
2520344
2516924
2524058
2521079
2522742
2526660
2523716
2534169
2524540
2519686
2537324
2510286
2525898
2525814
2536019
2531420
2537069
2528877
2530217
2531583
2523333
2539167
2530140
2532642
2531960
2528901
2526275
2519822
2532320
2512612
2527463
2517998
2519692
2523433
2532459
2522867
2528411
2525934
2527069
2521557
2530892
2519157
2518541
2519631
2532585
2518363
2529623
2524507
2538189
2525514
2522742
2514052
2529190
2517336
2518667
2529394
2535272
2517142
2523585
2533472
2516805
2526506
2519107
2518557
2517497
2529701
2516028
2537669
2518495
2526234
2526329
2518507
2558133
2522033
2529013
2527528
2521648
2537029
2527666
2530421
2519321
2527899
2518914
2531037
2518672
2535034
2518913
2525103
2526729
2523459
2519595
2518509
2535816
2526985
2521955
2528184
2530978
2532973
2529313
2514794
2539434
2523471
2522326
2525407
2528358
2536578
2519111
2523306
2523437
2525955
2520164
2534317
2514832
2523080
2528206
2531045
2526033
2519763
2525455
2526610
2511955
2511616
2533263
2538253
2526159
2520198
2515133
2534116
2538474
2525724
2531340
2526915
2528601
2513545
2526925
2544790
2532768
2522684
2535077
2511768
2515676
2525592
2534981
2518517
2521277
2534075
2533513
2527755
2527668
2527656
2528638
2515532
2512243
2516456
2526816
2538935
2517657
2537545
2516515
2523336
2520518
2531310
2530670
2519617
2532906
2527329
2522767
2514975
2536738
2539291
2531171
2513972
2532934
2521580
2530604
2511552
2518089
2536921
2520857
2507091
2524326
2523343
2519307
2516245
2521052
2530688
2511453
2521107
2525070
2526065
2514462
2528919
2529840
2516065
2529703
2531858
2523259
2529025
2532329
2521483
2525273
2524966
2513076
2532497
2527410
2525194
2524133
2521022
2517529
2528169
2517957
2531581
2533466
2527846
2521226
2520431
2536296
2520803
2537468
2520097
2516867
2517784
2531945
2532560
2524974
2529715
2526452
2507770
2527614
2530816
2527275
2520926
2530563
2516854
2518161
2518642
2522634
2520482
2516738
2521403
2519158
2533692
2518872
2508112
2542749
2532926
2514872
2527018
2520823
2528931
2513947
2542016
2519728
2525459
2522434
2530723
2533927
2525068
2528012
2534751
2533843
2531778
2527429
2520553
2533251
2533861
2519201
2514498
2523987
2517596
2530355
2528615
2526198
2528008
2523238
2535198
2532164
2521738
2519564
2531609
2532749
2523265
2534257
2533087
2513254
2539816
2520019
2534293
2527032
2518308
2538121
2527293
2507169
2522679
2525011
2531125
2529900
2519000
2527637
2520010
2524378
2530548
2535270
2533348
2527574
2524225
2531447
2530412
2528383
2527516
2516386
2531621
2538773
2530784
2529731
2534158
2534440
2532458
2524058
2522306
2521350
2518138
2522006
2517315
2525777
2539887
2520982
2523545
2517762
2524867
2528989
2515228
2531858
2523359
2535354
2515388
2532515
2523920
2526792
2528733
2535104
2516709
2520532
2528630
2515856
2523307
2525412
2529613
2520003
2520706
2536921
2528230
2520374
2536061
2529310
2530164
2523552
2531580
2520835
2537774
2514881
2515627
2525827
2525759
2526379
2517067
2531980
2525205
2518647
2530107
2520112
2529875
2532308
2523182
2512332
2520652
2516949
2530450
2528815
2530909
2526035
2535362
2521408
2527456
2520249
2521147
2533517
2529958
2529062
2530163
2513801
2517628
2515954
2538563
2513183
2525753
2534595
2515204
2534040
2520509
2525884
2523791
2522754
2532439
2511597
2521160
2527721
2525992
2521832
2518825
2516293
2515740
2542129
2527755
2518131
2529751
2516584
2529989
2528216
2530982
2533066
2520010
2534043
2521561
2520279
2517191
2536121
2517751
2511501
2531338
2528325
2522661
2535714
2519683
2534661
2533360
2521209
2525729
2537499
2523266
2518139
2515703
2521914
2517553
2527028
2529659
2518507
2520294
2522096
2525964
2519104
2537882
2531954
2527148
2517454
2515537
2535469
2535332
2530700
2520984
2522261
2528374
2523550
2528804
2537778
2524804
2511209
2540223
2517253
2536783
2527558
2526351
2531773
2518671
2528422
2517153
2529642
2540496
2518814
2534282
2519172
2525944
2526054
2530732
2524811
2530427
2528771
2526426
2523572
2530578
2551674
2521284
2516125
2519922
2516626
2531620
2525993
2514161
2519292
2532619
2530312
2518724
2524514
2510114
2521246
2526724
2533845
2521322
2527000
2518145
2521080
2512544
2511019
2528610
2534518
2512382
2531521
2513954
2526332
2511112
2518348
2516709
2516389
2511072
2523953
2526255
2530002
2524248
2528175
2524517
2523182
2524884
2531840
2522693
2520233
2544611
2531449
2529184
2528651
2524635
2511975
2533511
2528774
2523739
2527112
2524689
2534361
2528903
2525754
2529187
2526872
2526689
2519447
2535697
2535307
2528534
2523636
2514504
2517125
2535470
2518046
2523353
2505210
2520571
2530774
2538799
2522626
2522490
2518936
2529447
2522164
2524131
2522666
2536599
2516135
2517930
2520096
2510991
2532722
2516599
2520826
2522298
2540913
2522966
2531802
2524291
2541741
2517858
2527702
2508596
2526534
2520902
2524951
2536792
2513848
2523136
2529979
2515770
2530049
2525633
2520143
2522541
2511780
2540665
2539363
2526701
2526111
2516863
2519016
2515401
2522579
2514711
2521632
2536105
2527416
2545054
2510964
2537086
2516528
2534468
2524100
2521044
2524995
2525554
2524889
2537822
2521408
2526090
2523012
2526865
2534779
2516997
2536914
2515209
2524505
2522601
2525744
2531714
2526887
2532199
2520952
2514572
2521575
2539039
2521544
2519405
2515971
2519766
2532732
2524434
2529999
2524316
2524338
2529985
2518940
2521126
2527673
2525294
2537848
2540353
2524811
2531063
2513797
2524570
2523699
2512042
2522540
2528686
2520396
2540740
2527788
2520877
2539748
2521903
2514775
2528585
2526182
2532595
2520213
2520900
2539360
2520503
2525423
2522389
2529037
2526176
2534635
2516810
2535941
2512480
2522424
2509373
2523154
2529258
2532183
2509430
2531693
2545175
2519013
2528492
2534589
2533946
2518464
2531687
2527980
2532169
2532861
2520830
2529441
2527407
2513946
2511003
2525687
2520593
2530592
2539322
2527713
2523272
2527160
2527124
2530886
2521933
2531456
2515578
2525649
2554196
2528222
2532903
2527583
2516797
2541278
2523683
2516759
2520914
2531344
2523036
2523700
2523025
2521332
2521690
2516126
2513672
2525591
2530247
2528193
2519096
2504837
2524909
2520308
2518598
2537057
2525481
2521610
2521208
2525071
2508844
2519685
2522265
2521823
2532656
2535088
2527169
2521517
2515658
2527711
2532304
2513361
2511847
2528423
2517833
2517623
2537779
2530228
2532785
2535762
2520481
2526755
2522598
2517420
2518904
2538874
2527023
2523530
2523764
2522257
2521548
2529681
2518642
2524864
2521246
2524740
2514665
2511872
2523079
2533160
2525901
2542138
2536149
2525436
2529345
2528747
2519740
2524688
2530354
2520876
2519242
2536795
2516043
2527278
2522327
2516960
2523641
2525520
2536794
2516998
2520305
2532288
2515812
2526327
2527940
2516709
2513211
2532495
2521092
2512516
2523892
2525395
2532745
2527319
2517157
2521900
2522016
2539267
2517380
2523961
2532771
2524361
2540649
2522918
2523816
2516980
2519241
2518228
2537363
2518469
2518622
2531829
2528559
2528920
2522991
2528739
2536719
2522971
2528860
2535353
2520984
2531733
2522658
2531327
2521152
2525309
2513772
2540891
2522029
2533208
2513232
2528175
2533612
2537700
2535377
2527991
2524749
2512839
2546069
2520985
2528136
2515396
2519219
2527226
2528820
2536304
2516598
2510911
2520795
2527254
2517985
2531997
2528945
2531859
2518711
2515977
2513997
2511866
2524994
2532286
2523708
2515973
2515226
2530921
2516912
2529958
2518573
2515963
2516356
2523165
2510241
2520293
2520958
2522129
2529314
2525504
2530942
2521621
2524506
2523068
2523428
2536376
2529571
2521933
2513635
2523675
2509875
2525345
2527268
2531280
2527484
2528052
2526555
2519659
2516228
2527243
2535873
2515440
2525203
2525885
2530087
2517083
2537466
2537231
2528536
2530644
2522736
2528337
2516292
2526389
2522158
2537393
2525914
2523741
2526101
2519136
2525525
2528390
2525514
2522230
2530782
2525623
2522401
2533709
2528868
2522460
2522673
2522466
2531932
2520801
2520255
2521870
2520962
2530365
2525496
2514386
2517890
2528457
2521989
2513580
2527846
2516198
2520559
2524206
2534801
2526197
2538523
2535500
2537106
2524273
2522818
2516902
2519899
2520460
2535715
2528162
2524200
2527839
2522310
2518444
2543494
2536305
2527095
2528241
2514771
2524906
2529043
2525314
2530856
2515728
2512194
2509959
2529367
2527785
2530291
2525294
2524911
2522956
2526276
2536037
2531029
2520328
2531166
2519006
2524749
2525254
2531942
2517455
2516520
2533905
2523354
2538984
2520515
2527805
2526827
2526359
2505350
2531757
2528974
2540514
2526801
2518796
2531041
2539576
2524963
2529944
2528555
2522215
2522654
2533403
2527956
2522115
2524660
2519891
2520655
2521303
2517754
2541672
2516313
2522825
2519786
2527092
2538418
2525299
2527362
2524124
2535934
2519378
2521549
2524198
2520360
2534715
2519396
2526555
2534631
2532422
2530262
2526468
2541322
2525502
2520985
2521116
2529927
2525989
2529243
2527509
2526406
2520680
2524260
2520926
2527819
2527315
2527100
2533258
2525620
2521379
2527486
2525454
2529833
2537453
2538525
2520373
2520473
2519300
2524471
2524077
2520587
2518520
2528116
2536660
2531526
2540214
2525011
2535148
2517335
2528347
2537372
2524143
2534476
2537589
2530647
2521792
2533192
2523260
2522098
2522741
2525333
2531714
2527362
2520533
2525984
2517524
2534882
2519556
2527096
2526728
2518919
2536164
2522278
2520846
2521868
2522146
2521646
2530217
2523465
2524474
2517541
2514463
2518255
2533583
2525931
2526505
2535676
2529783
2525412
2524097
2525974
2523768
2515519
2525864
2527589
2529474
2519598
2524474
2507780
2530526
2523275
2527158
2521952
2526957
2514444
2516956
2541156
2527418
2525231
2520473
2526726
2530208
2523091
2546422
2522815
2520540
2530058
2516348
2515705
2525599
2537368
2522930
2531101
2541551
2520133
2521003
2538767
2526389
2524986
2521832
2523733
2520363
2535502
2517669
2538354
2535590
2524406
2515504
2527800
2517016
2516601
2526010
2536657
2523683
2509717
2525763
2520809
2518831
2525806
2521012
2521621
2525008
2526851
2526380
2534125
2518585
2515460
2528541
2537804
2521600
2525051
2515199
2530835
2528932
2520875
2524673
2525357
2533419
2519029
2532181
2529994
2526568
2520796
2523654
2523986
2524668
2522935
2541482
2513853
2536003
2519194
2527063
2532460
2527799
2531031
2532597
2527785
2539653
2529771
2519967
2539476
2518843
2519056
2538503
2520641
2521819
2515257
2506337
2538647
2526165
2530686
2522434
2549565
2534158
2529190
2520582
2538325
2520835
2519986
2524084
2519632
2530700
2518212
2517698
2532639
2518147
2514278
2534118
2524773
2524072
2533248
2526882
2520853
2519109
2522205
2524757
2513037
2534635
2532930
2519528
2536408
2516880
2529251
2523530
2529803
2544766
2531099
2533659
2533690
2523451
2533361
2521783
2516619
2516267
2524369
2532932
2530683
2538099
2531509
2518234
2526379
2528917
2531242
2542474
2523078
2528382
2532776
2517046
2533007
2540265
2536229
2528498
2531595
2518646
2520049
2508611
2524947
2519898
2528084
2535000
2535923
2537965
2518887
2525201
2528787
2519602
2545329
2515152
2525419
2533447
2522885
2521342
2519588
2519088
2525444
2515889
2520629
2518004
2529981
2527820
2530135
2521607
2536454
2517238
2512704
2517748
2525029
2528435
2536000
2536523
2512700
2510369
2528442
2529077
2527279
2533082
2522768
2515442
2541115
2519824
2520289
2527573
2520035
2515105
2524550
2514758
2522872
2529135
2525467
2528271
2530586
2528977
2521688
2530755
2529181
2526631
2512946
2526420
2526499
2518153
2519498
2524310
2518869
2525548
2532848
2523057
2519166
2524743
2520274
2529268
2526603
2521123
2511144
2532041
2518014
2533963
2517381
2530094
2530871
2520557
2511105
2517274
2524835
2530771
2515150
2525517
2523513
2520302
2509369
2531518
2526931
2526249
2521209
2521241
2523779
2530408
2526049
2537077
2524614
2524793
2525438
2512586
2526364
2530820
2518965
2514326
2523677
2541897
2535417
2520433
2537718
2532026
2520577
2536090
2519164
2528747
2516043
2512655
2511428
2526092
2530051
2517490
2524853
2520467
2528329
2534188
2522141
2520397
2528502
2520011
2531332
2529917
2538316
2518914
2518388
2534516
2517549
2529828
2528956
2519971
2524378
2529503
2535134
2518725
2527588
2518666
2524755
2529827
2528883
2540839
2524641
2516009
2520426
2512910
2538055
2532513
2529421
2528686
2524217
2528937
2529464
2522728
2519486
2532622
2519698
2526176
2520367
2528702
2517130
2516850
2531317
2522543
2542129
2542556
2514573
2521782
2525803
2531796
2524180
2534614
2527428
2520079
2523800
2529205
2526104
2523397
2510824
2530777
2525162
2531090
2534524
2523402
2537543
2512842
2520100
2512797
2537742
2528136
2521628
2524162
2522675
2521738
2519547
2527381
2537437
2514995
2524552
2528836
2520975
2522644
2521626
2520241
2527879
2537274
2533389
2529053
2527479
2528220
2528832
2529281
2524801
2531833
2526098
2519331
2525698
2521244
2535186
2530228
2530285
2532886
2526221
2513967
2532032
2526105
2525628
2513162
2526123
2524543
2512472
2514287
2526601
2524456
2519347
2522225
2530661
2516567
2539212
2531252
2517677
2533776
2521399
2528424
2538257
2531197
2523093
2518368
2527600
2521913
2537464
2521695
2527010
2514063
2529280
2526690
2527809
2537440
2530034
2516717
2513411
2534915
2519794
2524721
2524738
2527841
2522179
2523381
2532511
2536495
2527468
2532907
2537583
2516152
2517059
2520585
2518772
2524503
2515768
2516987
2524627
2515999
2533916
2534992
2543317
2513331
2536123
2524564
2545810
2512137
2517913
2539356
2532552
2531052
2534791
2528514
2531640
2537618
2528514
2521579
2519905
2527044
2531070
2523818
2520378
2527818
2531190
2515844
2519322
2539938
2533263
2524496
2529579
2516911
2528223
2523899
2515705
2522731
2517952
2513643
2527104
2524352
2527146
2517179
2533665
2524143
2510093
2518583
2531518
2516756
2524984
2518344
2528993
2528703
2533208
2534123
2535853
2530613
2521404
2517053
2530767
2517815
2532670
2533107
2525884
2518226
2516327
2525597
2525691
2526577
2524619
2533455
2525450
2529219
2517111
2527314
2528195
2528354
2513812
2526866
2519439
2513518
2531894
2529961
2522941
2520883
2523761
2525831
2531999
2529146
2517032
2519465
2520530
2520921
2530424
2526879
2539595
2531342
2525604
2518878
2531224
2519651
2520902
2522535
2519351
2527652
2542600
2519036
2529236
2512360
2527856
2532627
2517418
2520795
2513257
2526198
2524097
2519527
2527891
2527271
2526868
2515692
2526749
2531011
2535510
2525852
2527521
2540304
2528940
2521277
2520614
2517343
2519385
2523293
2523101
2521168
2538203
2533701
2526467
2527374
2527033
2525100
2512655
2527342
2522050
2516257
2519876
2518436
2508043
2515292
2528605
2522877
2527672
2528484
2515522
2523602
2520804
2520968
2527143
2536810
2517481
2525518
2530764
2518889
2527270
2514552
2546797
2517756
2532694
2524374
2550302
2529217
2527936
2530642
2530707
2531766
2532603
2526748
2523851
2532607
2529377
2524885
2524751
2516146
2517510
2530291
2527668
2528130
2532110
2530575
2513819
2527566
2509964
2533720
2524586
2528835
2515921
2523856
2511174
2524923
2535785
2514605
2517881
2528511
2514248
2527575
2532134
2534435
2524053
2524195
2509506
2537329
2526373
2529565
2522831
2529837
2524354
2532349
2535844
2526989
2514986
2520284
2514928
2530726
2520778
2532312
2531125
2510048
2524916
2533119
2540805
2516566
2526568
2542598
2520253
2514972
2521811
2516368
2521359
2523547
2516989
2517705
2535806
2512423
2521167
2535987
2522209
2529188
2520307
2508382
2516798
2521046
2522446
2527377
2526804
2530493
2516603
2514187
2523397
2518800
2516355
2523887
2538479
2533305
2523667
2513620
2518780
2544179
2522840
2518768
2521863
2515869
2525285
2526868
2511705
2532646
2524015
2514471
2527357
2528966
2521955
2520009
2524679
2519961
2525601
2530945
2526585
2522293
2534870
2519183
2524668
2531265
2522832
2516454
2526750
2535092
2521266
2520382
2531660
2506329
2521369
2519782
2510445
2524905
2522609
2515585
2523455
2517836
2517128
2527020
2525914
2515179
2519487
2540734
2530592
2527997
2525690
2523564
2518956
2538513
2518665
2534402
2525807
2518113
2522095
2526519
2527583
2528497
2529465
2510750
2517442
2529072
2530471
2520815
2518828
2535110
2522170
2531509
2518630
2530836
2524967
2514622
2526545
2525498
2530081
2536158
2519059
2523048
2528188
2514099
2523077
2514492
2526703
2516124
2524525
2523437
2523112
2524227
2528603
2532986
2518968
2523909
2515113
2526525
2522784
2513205
2518622
2532075
2527304
2528818
2539843
2524867
2536348
2528338
2522402
2513235
2522871
2517501
2533357
2525949
2530397
2522589
2511604
2520046
2506007
2525027
2535184
2525288
2527714
2526318
2542503
2524779
2530797
2526621
2520326
2512758
2537335
2529228
2527417
2519402
2521047
2521744
2527399
2526469
2534404
2514876
2529636
2530892
2530756
2525712
2520369
2527926
2505983
2525041
2523018
2520020
2522846
2521594
2526793
2527331
2515547
2514549
2526542
2529790
2527857
2529108
2526053
2527551
2538308
2541081
2529078
2530560
2530882
2523365
2540571
2536611
2530362
2517678
2511161
2531966
2518240
2530029
2520370
2530459
2539753
2532678
2529031
2519514
2526483
2528915
2522069
2530085
2531507
2522476
2526937
2528689
2525155
2524431
2521804
2531673
2529334
2523663
2518196
2530595
2529525
2523828
2518764
2537573
2530580
2547701
2537087
2530553
2518780
2525769
2520740
2523019
2531308
2528771
2526308
2514172
2509954
2527184
2533459
2522916
2531141
2515155
2518387
2535647
2524117
2509089
2524267
2528824
2521842
2515036
2520546
2511557
2530600
2536402
2532851
2541046
2525860
2535861
2534907
2537888
2514207
2521634
2528127
2527323
2528774
2521423
2525499
2521004
2525532
2527657
2516098
2528885
2522842
2521447
2517634
2527707
2518578
2516450
2547168
2533253
2529999
2523692
2517402
2533407
2519957
2522971
2518859
2532648
2525108
2537001
2531953
2520877
2526171
2521474
2520540
2522576
2522766
2537173
2536855
2514742
2527033
2514278
2528417
2517080
2521000
2513959
2514628
2521127
2531093
2523741
2538165
2525514
2533175
2515282
2538851
2528841
2521812
2529579
2525745
2520679
2534769
2528881
2517073
2524863
2528132
2523235
2540335
2520978
2528609
2526943
2519659
2524993
2521537
2519611
2533162
2520514
2518187
2510609
2517712
2526091
2520246
2530722
2523637
2530859
2530046
2514256
2514464
2541901
2525696
2526193
2522983
2529796
2530859
2530211
2526178
2513556
2527304
2523984
2523561
2512139
2534808
2544257
2512841
2534733
2525840
2530546
2529763
2528176
2527183
2534871
2511885
2548325
2533850
2531888
2549643
2533338
2526296
2526988
2519309
2510552
2525909
2531607
2519813
2518968
2514207
2529523
2527472
2526884
2522144
2527317
2530944
2511769
2532172
2524080
2526397
2537830
2534966
2530955
2525992
2523568
2528113
2518287
2513922
2523992
2527208
2523969
2521528
2523559
2513417
2518933
2521570
2532083
2531804
2519392
2511799
2524788
2515706
2530050
2534605
2539370
2521323
2529228
2525940
2519471
2526116
2514486
2517266
2529005
2528709
2527953
2527843
2529793
2549320
2513324
2515637
2522876
2511160
2534816
2521395
2537753
2528042
2529290
2525475
2520342
2534136
2514772
2531468
2524970
2517217
2525765
2524674
2518453
2534858
2524383
2521453
2521858
2514658
2530192
2526282
2528335
2515153
2516130
2525707
2540389
2525964
2518288
2514492
2535041
2524160
2520736
2533184
2533654
2532545
2517674
2526427
2520285
2530860
2531220
2532741
2525544
2523608
2520770
2529096
2534325
2516338
2519941
2531509
2525945
2519391
2523602
2522361
2523948
2537748
2519086
2517883
2526521
2525259
2531510
2527455
2526236
2533183
2514231
2523594
2511219
2520477
2527078
2519496
2531627
2539579
2518308
2547018
2521369
2519716
2544137
2520073
2533229
2514953
2518130
2518665
2523797
2519952
2522451
2534941
2532208
2518456
2526061
2539284
2528343
2527787
2534690
2522969
2546313
2519453
2528431
2531819
2526512
2527597
2526052
2531351
2523886
2539938
2517904
2523399
2532338
2527168
2520062
2528939
2524139
2521068
2524275
2513439
2526442
2528624
2523970
2527162
2524711
2527651
2528449
2516968
2533587
2540629
2540225
2532767
2529386
2527677
2528084
2526782
2523907
2527309
2524656
2527158
2525755
2522121
2533757
2516047
2529542
2532499
2524845
2527843
2532746
2518764
2528929
2514113
2530272
2524426
2521161
2534174
2534377
2508532
2523612
2524013
2524081
2531177
2521725
2516889
2529478
2511855
2530311
2514920
2509770
2523668
2531494
2527432
2527730
2517623
2525785
2512076
2529425
2537184
2518409
2529922
2515649
2528312
2526546
2534337
2535881
2529687
2529234
2513567
2525522
2518930
2512411
2525198
2531039
2529328
2527766
2524691
2528144
2534206
2514266
2530544
2519044
2521675
2531332
2532948
2524135
2515664
2516288
2521456
2524777
2515952
2533145
2538782
2541730
2512306
2545389
2517309
2526289
2534355
2530697
2527722
2532820
2521198
2529268
2522034
2522245
2522672
2533662
2519026
2531220
2526048
2522298
2527597
2549111
2533037
2530608
2522381
2528496
2521075
2526732
2534310
2528770
2531533
2541633
2525691
2529475
2519662
2532556
2525835
2532385
2520275
2526827
2520510
2515879
2525494
2535768
2519821
2522965
2526504
2533450
2541064
2529594
2527958
2518211
2529563
2523737
2537694
2513361
2528131
2535697
2514641
2527961
2527128
2537565
2512740
2511302
2523015
2528305
2527583
2537676
2530011
2527148
2526421
2533267
2518688
2527133
2532679
2525728
2523221
2530526
2523757
2527386
2538934
2522180
2518609
2526508
2519086
2517723
2516933
2533429
2526232
2537052
2538727
2521409
2532791
2529179
2530275
2522612
2536736
2531314
2539008
2522861
2522019
2518985
2523654
2528374
2513660
2538141
2526381
2518145
2524815
2523997
2519181
2529211
2524035
2521351
2524642
2531180
2523637
2523575
2534210
2528915
2516358
2534328
2529592
2529412
2528699
2522036
2533277
2519182
2522437
2536428
2526259
2513174
2537888
2527480
2527156
2515856
2523720
2519387
2520146
2511411
2518980
2521209
2540988
2519732
2519545
2521788
2529600
2525682
2537925
2534780
2538363
2525129
2513605
2535416
2514175
2518733
2530549
2516736
2515383
2525018
2524231
2520974
2529659
2528083
2521661
2519639
2523956
2528291
2538179
2517719
2520844
2526039
2524679
2527897
2524758
2528494
2529859
2520872
2538157
2527489
2518005
2529027
2525516
2530565
2528062
2526018
2524857
2515279
2512516
2518196
2513140
2509703
2518696
2512020
2523373
2520132
2522019
2524638
2517414
2524375
2515688
2512850
2525557
2519774
2532414
2536837
2517480
2523261
2524994
2530430
2519889
2534663
2535222
2530527
2520978
2533156
2527935
2530095
2527877
2515466
2519874
2519952
2525630
2534699
2529344
2508995
2514913
2524406
2527111
2527805
2517814
2516984
2527199
2527419
2526689
2519934
2521743
2530527
2523319
2524333
2517628
2522098
2521990
2509623
2521907
2533391
2525107
2530015
2519564
2530379
2523365
2522091
2514428
2530036
2525148
2527713
2529286
2521262
2517256
2522691
2517089
2529651
2530123
2519677
2529625
2529408
2529272
2519953
2531786
2523140
2536146
2532120
2530923
2519934
2522685
2541314
2528220
2533246
2514849
2514721
2517306
2521040
2509317
2520650
2523965
2528049
2515598
2522826
2532969
2519086
2520511
2527605
2532332
2515960
2527470
2522343
2511237
2520150
2522001
2532501
2531338
2538321
2517409
2541225
2517913
2523892
2514503
2523418
2530159
2527713
2520513
2526759
2520708
2535206
2523333
2525635
2524747
2522509
2532974
2529566
2534940
2524378
2511831
2528605
2535129
2532139
2529590
2516306
2536568
2518346
2532231
2523473
2508245
2511629
2526432
2535801
2518638
2530325
2530924
2524297
2519235
2533887
2515619
2532691
2526169
2520755
2527808
2519745
2534782
2532990
2515668
2529654
2534618
2524929
2521705
2515613
2532388
2524173
2536220
2523181
2535361
2537757
2523761
2521274
2518096
2526401
2536734
2523659
2536322
2521366
2531293
2517827
2509476
2518750
2513634
2522791
2531829
2513948
2533486
2515141
2517946
2530313
2527224
2518505
2540283
2522592
2515875
2520012
2527538
2507598
2535012
2511329
2520887
2534185
2522055
2529502
2538480
2532424
2511565
2521321
2526872
2524212
2534156
2520961
2516099
2514416
2530025
2511303
2530822
2535110
2519784
2517958
2540240
2524250
2524134
2526388
2536460
2535257
2521401
2533649
2532918
2530688
2536114
2533994
2536370
2515461
2522692
2524504
2525717
2525545
2526107
2526082
2517975
2524957
2517103
2520657
2520974
2538875
2528520
2513235
2510875
2517545
2511925
2513930
2513296
2507826
2510715
2529802
2537260
2539859
2522182
2518853
2523534
2511365
2524696
2541004
2507295
2523155
2531568
2525970
2520863
2527026
2528512
2513252
2524897
2521429
2523702
2520914
2531292
2528358
2520919
2516210
2527175
2528785
2516495
2516608
2519601
2528875
2534953
2523183
2537481
2508999
2520716
2530418
2528550
2518192
2533674
2526716
2525765
2516899
2522689
2522872
2526321
2520454
2524609
2521993
2531150
2530884
2513875
2516942
2526160
2530478
2512839
2517470
2526395
2529691
2528409
2523149
2532626
2522332
2521516
2516037
2523786
2534986
2508649
2541234
2526602
2519375
2528626
2508762
2528291
2527328
2522863
2525505
2522042
2524418
2534712
2523296
2527620
2528465
2522892
2526969
2537400
2519254
2532450
2516995
2523897
2509652
2528284
2525192
2546021
2524615
2531823
2527277
2518175
2530743
2516962
2522686
2529339
2527281
2537865
2529342
2523816
2524869
2533437
2521321
2527081
2516031
2530048
2521117
2522945
2524936
2529305
2521535
2513732
2521480
2527398
2513675
2521186
2521740
2519880
2532159
2528415
2525151
2520331
2532048
2531564
2525739
2530056
2530727
2532231
2517902
2525214
2534788
2525442
2532766
2536689
2517484
2523491
2517580
2522797
2515450
2535099
2519424
2521571
2511435
2512802
2524266
2547497
2527599
2521495
2527404
2523666
2521269
2531838
2523544
2528806
2535607
2513197
2521533
2531090
2518854
2535092
2534837
