2622115
2613925
2632937
2621678
2615666
2612562
2618579
2623903
2620013
2619021
2626199
2622357
2616106
2617563
2620778
2622372
2618036
2616030
2620368
2616116
2630832
2615331
2622821
2622660
2621215
2624747
2610349
2612904
2615943
2623235
2627274
2614486
2619708
2620183
2633686
2622348
2620534
2624730
2617704
2610033
2612505
2627374
2614410
2616114
2610058
2615863
2621021
2611970
2617671
2621295
2616138
2614543
2618484
2613474
2613179
2622771
2623305
2613434
2629995
2621449
2616522
2623046
2617071
2614772
2627266
2614482
2624556
2613429
2621553
2614606
2614737
2610678
2626693
2627221
2619373
2622468
2622669
2612460
2617838
2618571
2616741
2628632
2623863
2616395
2630376
2621022
2620492
2621075
2617006
2617491
2615776
2611340
2624297
2613659
2626174
2624521
2613647
2617478
2612108
2626043
2620670
2615250
2610112
2617299
2617536
2623844
2615167
2621580
2619739
2623017
2624665
2629924
2622850
2623695
2623203
2637798
2619963
2624182
2615552
2628447
2613715
2623333
2620778
2619227
2619132
2629093
2614178
2618830
2618086
2616844
2619138
2617612
2620869
2615889
2617900
2624430
2620360
2623510
2618286
2620812
2614218
2623640
2614180
2624396
2614624
2615464
2626011
2616260
2629318
2614419
2620858
2618867
2618473
2624923
2619920
2615303
2622997
2621117
2619458
2619679
2614101
2622141
2622235
2628284
2625086
2627877
2622371
2615510
2620943
2609545
2621887
2625307
2622087
2614751
2628320
2623478
2628683
2622601
2620257
2624519
2621155
2613840
2625454
2618432
2615815
2611050
2620959
2620583
2618864
2622886
2614223
2637196
2613911
2626414
2617453
2618426
2621193
2615436
2623090
2625838
2619379
2619796
2619460
2618605
2623145
2617552
2622787
2613864
2621695
2615937
2623143
2614364
2623839
2619972
2624409
2619940
2626271
2619154
2621415
2620636
2625101
2621594
2612726
2617288
2625268
2619284
2616659
2620858
2622233
2618246
2615640
2616768
2620691
2622404
2616727
2619016
2618549
2619724
2620398
2615428
2620947
2622554
2624002
2614501
2627657
2625749
2619438
2626902
2612287
2616197
2614373
2620966
2615044
2619224
2623998
2620169
2619426
2623383
2622706
2626809
2619896
2617360
2612877
2617423
2619447
2618196
2616563
2629187
2614834
2611327
2619893
2622602
2615299
2616481
2621731
2621677
2613087
2620547
2621801
2613975
2618359
2617564
2621084
2620584
2618847
2617801
2612875
2617751
2621625
2617250
2616624
2622055
2620933
2620168
2621287
2621732
2620215
2628894
2620842
2622651
2619192
2619915
2622271
2619689
2623096
2609774
2623494
2622257
2613075
2630790
2610338
2614515
2616022
2621428
2620108
2619432
2615790
2616893
2620940
2617376
2620036
2625165
2614185
2622569
2628981
2618555
2613935
2624814
2621161
2620039
2618175
2624000
2618163
2629197
2617428
2622917
2626226
2618136
2622925
2618869
2629268
2621267
2612191
2619254
2624739
2620042
2615639
2621774
2625476
2624466
2620179
2607327
2611993
2615402
2622118
2624533
2626330
2618201
2614301
2619973
2624825
2613927
2624929
2617167
2614636
2615121
2620154
2621419
2624495
2614959
2624180
2617617
2617134
2619819
2618813
2630219
2613771
2608959
2619914
2623061
2620569
2615803
2620069
2621268
2617650
2617139
2619372
2624377
2622203
2614954
2623576
2620658
2618366
2618052
2624388
2623298
2619815
2611687
2617612
2614079
2614019
2623483
2621683
2621332
2623687
2620025
2628116
2612605
2622437
2618476
2619259
2619468
2623256
2615937
2618933
2621464
2622230
2621938
2619784
2618814
2626786
2627530
2614937
2622279
2619445
2619732
2616999
2621017
2623459
2620614
2617483
2617926
2625673
2616392
2616993
2620999
2613258
2623515
2614917
2628473
2610062
2621476
2613062
2618071
2618407
2617593
2613959
2630691
2627830
2613382
2622200
2614503
2617323
2613666
2621624
2629130
2612344
2629453
2612752
2623489
2617165
2621345
2618977
2627127
2615028
2615930
2622500
2620765
2611259
2624830
2622515
2627125
2622065
2621013
2622039
2618531
2611293
2620084
2617981
2630695
2617601
2616734
2623642
2617329
2626382
2615530
2622004
2621017
2613648
2621935
2614520
2616391
2617911
2617381
2628657
2614945
2621759
2622739
2619855
2618192
2618604
2610738
2626526
2617679
2625070
2620290
2615238
2626393
2626289
2619083
2624450
2620441
2624510
2621054
2627839
2622575
2627248
2611426
2616735
2619135
2618528
2619514
2630686
2622078
2617171
2629614
2617907
2614725
2620070
2613254
2620305
2623066
2632991
2618649
2617703
2627422
2626812
2622554
2627599
2621285
2618381
2615619
2616097
2618844
2623997
2620526
2616118
2606485
2620231
2612209
2619184
2622764
2624414
2621826
2625079
2616706
2612471
2620671
2617652
2616531
2627013
2622731
2621676
2626513
2618265
2623479
2620739
2622391
2617179
2614821
2616428
2612604
2624832
2624389
2618902
2618503
2616512
2619854
2618028
2622197
2619931
2612169
2618733
2628153
2619416
2618554
2619307
2624940
2619036
2616328
2620138
2617846
2621738
2618113
2629662
2623780
2626017
2624427
2630494
2620585
2621892
2614778
2628447
2621588
2619917
2623428
2624650
2618659
2615512
2617173
2631877
2620004
2619278
2621207
2618398
2615651
2624113
2626589
2620428
2618643
2625788
2618498
2621198
2620802
2621505
2619830
2614937
2610127
2622681
2612708
2623418
2614515
2616547
2622339
2627596
2624497
2621890
2614763
2620806
2613235
2622960
2619177
2618790
2622629
2609298
2614618
2616304
2625095
2613244
2620471
2622226
2615852
2624623
2622578
2625595
2623621
2620912
2620032
2614196
2627159
2635405
2620949
2622874
2611358
2615431
2619016
2626330
2620239
2616270
2615641
2626320
2620067
2625240
2614061
2621326
2619143
2623697
2625549
2616024
2632612
2626008
2614251
2615324
2619677
2627343
2625609
2617059
2627713
2622545
2613902
2622459
2626703
2612898
2628386
2615803
2619416
2616642
2616735
2627594
2625751
2613731
2626216
2622577
2626232
2625377
2621538
2625177
2618580
2620867
2622339
2622251
2621082
2625639
2614508
2623495
2612910
2621700
2616828
2613232
2617435
2619937
2626148
2624117
2618366
2623904
2624982
2612609
2621846
2626909
2613014
2615139
2619241
2621752
2620377
2624273
2621201
2631767
2628890
2614832
2619501
2619349
2626306
2627142
2615188
2621398
2614518
2618921
2617652
2625392
2626928
2611601
2616758
2618902
2621627
2618821
2621501
2622076
2625839
2621195
2617504
2612014
2616039
2613050
2621779
2613300
2617211
2622376
2611066
2628336
2617284
2621212
2615429
2625542
2618212
2617144
2625095
2615267
2621319
2624683
2619934
2623495
2617203
2621174
2625232
2617683
2610630
2626849
2610137
2618267
2618885
2614782
2621825
2617274
2624233
2622504
2620661
2618858
2619647
2618908
2626434
2618669
2620553
2614847
2622584
2617361
2630200
2612419
2621016
2615304
2623033
2619482
2631443
2627064
2618852
2623761
2620033
2612962
2617004
2622090
2620914
2617337
2619652
2618531
2617367
2614440
2623948
2625809
2622749
2632871
2615068
2624045
2618401
2625245
2618116
2621026
2614135
2618279
2624531
2621313
2613911
2616350
2618428
2616252
2623917
2622115
2620902
2627796
2622578
2621046
2624066
2618606
2620205
2620889
2618754
2624982
2625111
2623530
2614684
2631602
2629212
2624874
2607487
2628081
2614576
2626375
2614155
2617632
2614125
2619305
2612631
2631159
2619038
2616402
2617216
2619558
2618817
2620530
2616906
2616551
2618286
2618767
2622636
2619036
2623479
2619063
2618509
2620094
2616325
2619586
2618491
2620475
2625228
2626380
2618906
2615438
2619794
2616523
2615495
2621670
2614052
2612100
2618465
2624083
2631699
2610729
2613540
2620653
2615542
2620960
2620058
2619436
2611019
2614965
2622992
2623072
2624339
2615726
2614980
2614469
2615194
2611353
2623409
2620733
2619618
2624522
2625699
2629256
2622933
2619910
2614132
2621721
2620300
2620061
2621484
2624247
2620381
2623850
2619024
2615773
2623724
2616141
2619937
2620580
2622373
2614127
2619068
2615051
2617902
2618063
2618986
2628631
2615522
2625278
2626490
2608576
2617492
2624713
2613722
2621266
2605038
2615897
2613777
2614766
2612895
2624848
2619507
2625559
2631090
2612624
2621680
2620466
2613014
2620943
2614759
2618530
2623374
2628540
2620110
2618192
2614142
2621928
2637720
2627855
2620531
2616149
2615878
2611264
2614772
2621421
2621124
2613263
2623150
2612713
2615684
2626555
2624381
2613025
2630894
2616475
2620221
2632136
2618685
2621702
2615870
2623616
2612649
2627135
2618875
2621150
2623106
2619438
2625918
2623747
2611917
2626193
2621453
2616252
2626576
2613613
2621574
2621666
2612858
2621340
2624118
2618694
2617890
2618860
2624578
2625178
2617873
2610119
2620566
2622944
2619814
2619364
2617386
2621878
2623044
2619580
2626462
2625599
2616324
2619920
2618482
2624318
2613455
2624652
2615741
2617985
2613239
2615451
2618731
2609954
2621896
2614969
2616402
2624255
2608255
2610563
2621855
2617258
2622472
2614009
2618280
2622840
2625914
2615490
2630263
2611548
2624055
2618204
2621213
2622508
2615306
2616298
2621144
2619451
2624012
2632773
2628702
2616790
2622709
2619094
2615320
2617585
2621200
2611612
2619200
2623138
2620693
2629507
2623487
2630190
2625227
2627574
2628577
2622357
2610490
2616675
2612538
2617017
2615489
2614965
2618804
2613536
2621275
2617968
2626019
2619088
2619722
2623740
2620613
2621736
2617145
2611281
2619372
2627427
2628786
2630039
2619186
2619707
2622111
2621357
2629012
2617323
2625882
2617230
2615610
2620790
2612257
2625689
2619961
2627160
2622892
2620234
2619306
2618576
2624754
2624149
2631022
2621041
2614742
2622385
2621892
2616675
2616126
2622979
2618734
2614768
2613329
2617604
2623228
2626766
2621269
2623227
2617868
2627756
2618455
2627907
2618810
2625203
2621727
2627143
2612004
2614371
2616383
2622335
2629328
2625541
2614753
2622490
2620657
2616209
2618527
2610539
2626490
2621778
2618073
2622800
2619986
2615059
2621032
2620530
2616242
2617088
2613186
2618258
2626374
2622327
2612395
2621693
2621782
2619500
2619134
2619375
2616306
2624339
2617482
2618748
2625160
2622122
2630818
2625670
2615071
2617613
2626722
2616959
2621516
2612229
2618092
2624597
2619366
2617869
2610615
2614720
2618041
2625640
2617805
2618170
2614128
2612089
2633022
2615529
2621016
2617607
2625787
2620976
2631046
2615801
2626367
2619283
2617056
2623574
2626804
2619054
2622466
2627513
2619008
2615032
2617627
2620532
2621680
2621948
2621471
2622277
2617596
2630365
2616487
2626296
2614151
2616579
2625463
2603329
2623981
2623378
2623928
2612025
2615361
2622947
2616854
2619422
2623941
2630603
2619888
2620550
2627411
2626121
2615217
2626936
2617596
2621811
2612897
2617631
2623103
2618954
2627649
2617183
2620839
2619894
2618157
2618805
2623628
2619623
2616157
2618567
2621052
2620299
2624013
2613951
2622691
2606306
2615741
2617159
2618766
2610186
2622524
2621056
2619894
2619381
2617935
2625144
2626125
2619450
2618905
2628459
2618238
2623142
2612525
2616437
2621653
2620138
2614584
2617701
2616203
2623537
2619461
2618413
2622545
2620038
2620730
2627925
2620921
2623718
2622109
2610400
2621395
2621881
2618995
2622433
2615832
2620121
2624665
2617842
2619581
2616854
2616667
2623471
2620336
2619143
2617641
2618095
2619935
2622259
2614160
2624998
2619641
2616618
2618999
2624183
2617139
2616669
2629931
2619685
2619542
2622064
2615524
2618033
2621314
2622107
2618926
2616092
2612560
2614788
2611289
2625801
2614814
2626137
2621845
2620798
2622504
2623723
2626688
2625535
2619060
2625941
2624504
2622768
2617890
2620958
2615957
2627175
2619541
2612861
2614250
2622504
2622890
2620632
2617059
2619788
2614204
2618166
2620449
2619526
2622991
2622344
2617851
2619791
2628692
2623658
2617620
2620109
2619351
2618148
2623247
2622258
2609540
2628555
2625219
2609904
2618678
2615810
2623303
2626855
2615372
2621872
2617646
2625916
2619044
2621571
2620851
2619920
2618107
2620598
2616472
2621148
2616984
2626066
2617907
2622573
2625947
2617748
2624770
2617689
2618268
2621435
2626144
2626368
2618951
2620239
2620604
2624596
2627222
2620710
2624768
2625202
2622851
2620310
2621112
2619466
2614275
2619431
2618031
2628874
2622567
2614583
2628036
2626035
2617504
2613547
2630327
2614943
2612900
2619627
2622814
2620219
2630642
2618725
2618161
2620378
2617411
2626060
2619388
2618587
2624549
2618725
2622437
2618629
2623502
2617479
2620822
2619127
2624660
2623115
2618611
2622326
2620627
2616605
2619809
2621681
2622975
2623634
2617808
2626330
2614129
2619564
2619477
2617414
2626767
2628574
2626879
2624069
2621383
2622933
2618447
2616861
2614382
2617776
2614822
2622447
2622801
2620220
2624482
2616442
2625170
2614121
2615439
2612368
2616559
2620764
2610870
2623303
2620546
2613774
2623387
2618699
2624297
2616678
2614042
2622723
2621735
2619347
2623199
2614400
2618593
2616501
2618365
2625554
2622404
2624006
2616062
2624387
2621885
2619177
2623707
2612850
2623397
2622862
2615904
2621500
2614648
2627643
2618125
2616551
2624224
2615231
2615833
2622698
2618317
2624077
2627021
2622526
2616322
2619705
2609553
2621576
2612387
2617797
2620701
2619376
2622348
2614167
2620941
2621978
2619081
2623673
2618588
2624344
2616116
2619702
2615422
2617573
2625332
2619289
2618026
2616433
2621948
2622926
2619983
2617617
2617126
2627879
2624679
2623020
2617350
2620630
2626485
2612828
2622531
2627342
2616592
2616761
2623203
2612140
2623089
2618557
2618316
2623358
2612688
2619715
2622674
2626596
2628711
2616136
2611506
2620252
2625983
2616001
2629889
2618164
2626841
2622316
2622989
2621732
2617589
2622670
2622394
2620003
2619578
2614301
2623566
2623002
2617839
2617073
2621772
2630983
2617429
2617446
2612525
2621142
2615664
2620214
2614072
2613945
2621377
2615570
2617735
2620788
2618751
2621357
2620975
2613861
2620624
2627564
2618139
2620862
2621012
2614323
2622119
2614396
2619931
2616043
2626067
2620957
2618016
2620482
2621156
2629064
2624559
2615252
2626167
2615829
2613964
2622369
2634024
2615495
2624468
2618524
2613898
2622206
2623594
2617401
2618355
2622791
2615331
2624494
2616994
2626424
2620294
2621731
2613452
2619833
2619681
2613940
2620569
2622322
2624809
2618731
2627729
2631212
2621076
2616284
2620771
2625638
2613235
2622264
2612457
2615401
2624201
2615905
2614605
2619600
2622002
2622863
2629316
2625852
2616596
2615907
2612114
2619104
2615725
2617951
2622062
2617540
2624674
2615272
2623830
2625880
2626375
2617476
2623370
2616083
2627269
2620581
2620328
2618501
2624390
2617653
2621361
2625858
2615768
2618543
2621499
2617348
2623797
2618858
2628868
2630945
2621646
2616449
2619737
2618526
2627569
2616190
2610007
2612199
2628054
2618332
2624757
2620079
2616919
2623513
2617306
2618614
2620170
2626943
2620766
2614733
2617371
2620816
2624140
2621511
2621444
2621559
2625427
2613706
2621790
2611899
2621577
2609820
2625294
2614219
2621584
2625456
2609354
2622777
2622614
2625463
2622771
2613767
2621423
2619016
2624506
2631471
2628878
2626517
2618739
2631898
2622270
2621044
2622338
2624598
2623119
2619540
2618236
2622685
2618363
2618501
2620434
2620948
2618777
2625107
2626490
2617327
2621963
2620389
2628149
2620347
2614673
2621036
2610980
2618249
2620970
2616544
2621355
2619504
2615156
2626306
2626792
2617043
2614530
2619381
2629553
2611774
2617011
2616857
2625419
2617781
2622866
2623856
2612713
2623214
2622555
2619990
2621231
2615249
2632418
2621256
2618983
2625026
2619781
2616220
2621652
2618242
2625484
2627277
2628003
2620095
2619970
2619612
2627135
2628633
2621819
2626308
2615122
2608555
2626494
2620088
2612657
2615722
2618846
2625571
2617307
2617334
2607721
2624113
2621123
2623090
2615433
2615393
2609802
2616846
2621867
2622268
2622241
2619440
2619712
2617324
2614764
2610768
2620691
2622965
2631482
2626125
2615340
2616594
2616883
2614745
2619145
2620741
2616597
2621428
2610586
2619132
2616616
2622301
2617326
2611325
2626911
2623480
2627351
2623963
2617600
2623339
2620160
2621552
2608105
2629401
2616330
2628206
2619065
2614775
2617256
2627122
2612378
2622049
2626658
2624255
2617016
2616922
2625171
2615222
2614877
2620437
2622097
2616722
2622481
2624509
2619646
2614408
2617931
2620331
2617574
2619131
2620641
2620332
2623047
2626457
2620353
2619743
2618129
2618974
2622577
2615413
2620789
2628677
2622119
2618245
2617076
2623831
2612010
2625539
2620061
2622685
2632484
2618959
2615718
2618104
2617463
2628868
2615751
2616077
2621345
2629507
2615322
2618889
2615861
2618073
2623251
2621729
2623833
2623252
2619280
2628611
2617913
2615939
2616848
2622526
2619600
2616831
2618133
2615422
2611594
2611445
2622762
2616373
2617676
2615673
2619826
2612075
2613217
2620387
2621458
2616118
2619876
2612059
2618840
2625472
2605490
2624081
2619499
2627084
2620027
2613066
2627398
2631000
2623552
2628762
2619844
2616928
2620151
2620238
2626707
2619992
2618712
2617403
2620624
2620094
2620013
2615663
2615474
2623166
2630993
2621803
2626542
2617894
2615023
2616730
2619138
2610770
2621339
2624938
2625739
2626751
2614929
2619259
2616877
2618435
2621569
2616498
2626209
2621513
2611833
2617210
2617385
2621492
2620623
2619592
2616625
2613688
2625040
2621010
2622481
2619923
2625404
2618169
2618008
2621132
2620699
2628100
2619317
2626169
2618388
2615807
2615513
2607407
2629323
2626552
2616745
2618488
2614651
2622390
2613132
2618019
2620720
2616678
2626967
2612531
2614242
2620996
2621446
2626150
2617052
2610882
2617786
2619248
2622610
2616233
2616412
2611411
2627596
2618693
2613376
2612267
2628482
2612781
2617547
2627443
2616556
2622283
2623787
2617819
2616603
2625310
2616591
2632216
2618353
2620184
2622356
2623358
2622309
2617732
2615212
2618095
2622810
2618870
2623498
2621054
2615285
2619841
2617089
2632563
2613577
2621615
2617869
2621166
2616362
2626079
2615126
2611390
2614198
2618500
2611127
2616734
2624217
2623528
2619094
2615573
2630447
2618795
2620321
2621334
2617136
2616893
2620696
2624602
2617108
2619411
2619807
2616943
2626020
2618280
2622172
2625631
2620805
2619015
2622173
2625015
2625031
2620803
2618145
2613760
2609669
2618453
2617556
2610455
2609401
2619147
2627289
2625592
2618658
2621886
2627601
2614809
2626537
2619534
2629662
2621956
2622521
2619471
2614602
2628869
2625374
2618890
2620005
2629541
2629637
2620147
2620819
2627233
2620987
2620668
2621251
2618588
2623077
2614304
2625776
2626390
2611679
2628281
2619651
2616688
2620619
2621875
2619869
2617534
2615987
2623227
2619949
2619576
2615814
2617640
2617355
2620093
2621805
2624211
2615913
2612743
2618255
2617892
2623509
2611193
2622841
2628439
2623512
2617749
2622977
2616417
2615748
2627514
2628103
2616792
2630818
2620072
2621599
2617895
2629097
2608547
2618978
2621669
2617553
2631611
2624834
2617447
2621329
2622395
2616415
2618271
2611819
2624253
2617623
2613303
2623229
2624198
2624501
2614919
2625187
2626517
2620817
2625850
2626312
2609275
2628025
2611561
2614694
2619630
2622073
2618116
2621898
2618459
2618681
2626834
2622634
2617886
2624993
2621844
2629249
2625434
2618071
2624609
2623762
2622265
2613868
2615935
2615290
2631643
2619512
2621735
2628112
2621455
2617849
2621096
2623161
2627040
2613503
2611136
2624334
2621722
2621947
2620438
2615822
2623805
2620241
2617219
2622685
2618488
2634966
2614434
2624587
2614166
2617916
2624694
2614846
2619067
2627476
2628436
2628001
2619287
2628813
2611255
2616244
2622428
2621429
2613587
2627682
2622613
2628113
2622447
2613076
2618999
2616705
2616466
2615565
2622193
2618144
2618975
2629177
2621765
2626446
2618269
2622235
2625780
2622139
2617083
2623035
2625262
2633915
2623596
2619118
2619075
2616088
2617056
2622505
2624405
2621051
2626474
2622487
2619958
2625926
2615973
2627216
2623921
2629434
2621197
2631564
2623897
2616117
2617347
2616168
2618976
2623691
2616744
2627205
2613373
2622272
2618332
2612360
2632789
2621610
2618093
2618787
2616260
2619074
2611905
2622914
2619617
2618008
2617564
2616122
2624830
2613840
2623885
2631933
2615950
2617882
2619044
2619514
2616565
2621147
2629362
2616750
2620931
2613647
2609389
2613332
2616634
2618739
2636523
2631836
2610335
2621685
2619956
2625488
2627154
2619657
2616479
2626854
2611681
2620062
2623320
2615300
2621549
2619831
2623366
2616881
2621128
2612044
2627464
2617740
2621335
2626190
2624621
2612909
2627502
2623407
2620252
2618871
2628363
2617595
2624665
2622901
2621538
2619437
2633311
2615335
2611642
2619767
2624887
2622662
2620689
2616794
2628979
2618944
2617163
2613434
2623455
2627929
2618623
2616987
2612605
2626758
2620063
2619308
2619119
2612209
2615025
2628991
2622803
2627111
2616114
2616523
2617045
2620675
2616054
2620141
2618153
2616560
2615650
2616628
2626794
2624339
2620676
2623538
2620629
2629662
2618494
2623032
2620305
2625423
2624162
2614984
2614951
2624879
2620627
2622462
2621600
2626224
2621936
2622779
2623551
2617908
2617154
2624235
2623001
2617262
2619155
2619740
2617426
2614749
2626236
2622939
2622029
2611399
2621368
2619360
2624793
2614841
2613396
2616050
2616561
2620688
2616080
2627302
2624292
2609562
2614434
2630342
2624148
2617414
2617581
2625870
2619021
2613819
2621882
2616138
2622496
2620628
2621047
2619415
2620587
2621506
2618817
2623200
2625572
2617176
2616898
2615604
2623337
2623599
2618353
2620795
2615533
2618509
2613915
2620448
2618418
2618743
2620258
2618797
2627757
2610190
2620922
2623492
2615363
2625017
2617517
2621429
2628337
2615264
2616303
2612853
2616341
2622274
2621664
2629946
2620123
2612762
2624316
2619786
2619913
2618559
2619644
2625167
2618812
2615628
2617238
2623491
2613283
2619754
2625200
2620135
2625992
2616707
2611494
2612190
2623832
2614413
2622597
2617742
2615687
2617257
2619403
2618434
2610096
2620526
2612845
2621610
2621714
2621672
2617261
2619514
2615255
2619520
2615848
2620273
2620999
2620485
2615644
2619856
2613951
2616810
2619506
2624769
2630608
2615861
2615800
2616251
2620110
2623914
2627121
2622230
2615383
2619442
2618684
2621380
2621123
2615731
2623203
2622573
2616179
2620962
2620687
2615737
2617966
2626244
2620191
2625194
2619745
2616083
2618709
2623364
2615155
2619793
2620056
2621482
2620072
2612119
2616438
2623196
2632245
2617566
2620914
2616376
2615223
2614515
2619588
2628219
2618749
2626738
2625807
2619017
2617668
2617311
2629416
2614935
2617460
2628574
2621800
2616773
2620113
2620794
2613074
2618630
2617414
2617869
2628664
2622427
2616820
2628202
2617182
2624294
2613179
2618103
2622411
2621083
2616278
2618103
2622729
2620183
2622447
2619752
2611353
2618826
2625110
2620876
2619111
2613232
2623127
2617966
2628455
2617845
2624508
2621222
2636330
2623066
2620591
2621417
2616234
2617796
2627347
2626794
2615180
2624918
2626337
2625592
2618952
2619583
2629957
2613712
2625695
2613709
2620904
2619461
2621248
2621864
2624393
2627929
2619454
2616440
2618448
2616021
2615955
2619273
2612157
2631172
2623878
2620144
2625378
2617951
2624511
2624224
2612885
2624861
2617591
2627666
2625541
2616333
2611158
2625414
2619889
2617050
2620439
2623264
2626078
2625987
2616852
2616989
2623862
2626453
2624116
2628915
2614617
2620784
2617651
2621789
2616993
2615252
2615797
2620134
2630321
2627306
2622516
2620497
2629301
2622381
2613740
2621866
2613337
2629058
2614012
2617319
2622236
2616675
2627672
2620591
2626571
2619946
2624078
2615156
2621628
2611778
2621948
2624666
2624199
2619173
2616639
2616634
2621704
2638574
2626201
2618884
2611202
2618278
2612993
2623537
2611478
2617016
2620919
2617556
2625815
2616366
2613869
2632121
2614280
2619107
2622755
2614834
2619109
2621469
2626709
2620045
2614891
2628576
2616636
2619474
2615886
2620401
2614959
2621046
2616587
2612936
2629982
2618873
2618348
2617707
2616337
2621544
2623448
2618093
2625619
2613068
2625495
2615179
2609709
2618178
2625607
2624161
2617485
2617218
2623042
2618164
2614674
2617567
2626341
2615032
2617237
2620948
2616877
2623949
2615829
2628309
2614361
2619940
2621732
2614055
2623196
2636699
2614612
2622794
2620361
2626434
2621628
2622660
2624895
2623088
2618393
2615846
2617917
2617105
2615194
2617480
2618055
2615265
2619183
2625742
2624646
2620261
2628470
2613477
2624196
2628188
2617615
2616323
2627247
2622651
2615525
2614715
2630195
2614686
2630913
2619260
2615649
2623720
2629538
2612314
2622700
2619546
2626121
2618617
2616579
2621334
2619756
2622869
2623688
2636038
2616616
2614442
2615665
2624919
2626485
2626840
2618019
2617879
2621200
2619069
2624692
2610621
2617572
2614437
2616190
2632403
2625414
2613562
2623736
2617421
2616944
2621449
2616226
2618805
2624135
2620539
2616708
2625400
2620734
2617777
2622401
2626647
2629095
2611510
2610971
2616724
2622453
2619464
2619384
2622196
2621455
2624104
2628987
2619452
2611016
2616125
2625155
2618521
2623531
2621772
2614506
2617805
2611669
2614620
2616196
2613788
2622896
2610209
2621746
2622498
2621669
2618911
2615744
2616563
2624805
2617586
2624481
2624701
2624926
2617889
2620162
2620569
2624813
2618699
2619605
2620317
2622515
2619751
2612714
2628699
2613840
2622667
2621862
2614815
2621532
2611662
2623279
2616163
2629914
2614808
2623691
2620790
2619500
2624378
2616885
2617534
2619776
2616182
2621631
2617356
2620347
2616171
2626022
2614883
2620594
2628620
2621171
2615600
2618337
2618553
2620225
2618277
2628436
2619929
2618438
2623706
2613826
2616606
2620693
2614100
2619542
2621303
2615044
2629014
2617992
2617890
2621406
2621127
2615647
2618510
2618904
2630664
2618304
2627011
2620565
2617489
2621202
2615280
2620776
2622362
2621586
2619491
2615768
2616360
2621357
2619135
2614536
2623814
2615910
2615297
2626349
2624692
2614300
2612488
2627156
2621313
2621145
2616338
2621819
2609233
2621749
2623466
2629847
2625905
2633671
2614203
2625708
2613562
2613599
2616668
2615540
2619081
2622814
2622395
2619860
2621575
2625496
2617800
2615531
2622686
2623941
2616979
2621980
2635820
2623701
2630927
2617759
2623689
2628053
2622395
2614469
2621866
2613447
2623726
2612109
2608280
2625039
2619954
2616847
2615751
2624090
2621391
2617584
2618791
2617431
2621816
2618672
2630514
2616546
2617727
2618727
2616513
2620565
2613240
2612316
2631594
2620626
2617228
2614852
2615626
2620913
2618937
2621686
2622960
2620182
2617006
2618513
2615644
2620775
2610698
2618589
2621532
2625990
2611450
2620572
2614578
2627460
2618253
2620055
2611702
2630867
2617770
2616142
2617006
2625047
2616631
2619387
2618310
2613814
2626946
2622147
2620759
2615479
2624068
2616048
2618794
2621389
2625955
2630456
2624370
2619212
2618320
2622893
2616446
2623875
2615392
2611968
2619570
2613736
2617055
2616666
2626609
2614488
2626203
2616032
2622963
2618069
2619744
2618099
2617126
2618301
2624870
2613166
2621529
2619887
2611085
2616539
2621443
2622091
2623883
2621153
2611436
2617685
2614907
2627674
2615062
2617250
2617388
2626154
2614609
2627341
2610101
2622783
2616048
2630842
2620739
2628632
2621780
2620717
2617991
2620528
2615919
2615906
2619195
2620017
2617109
2617935
2618468
2616933
2614529
2624991
2626410
2617788
2621386
2615967
2617770
2615703
2620681
2625006
2623610
2620260
2618789
2626263
2621674
2622005
2614406
2614999
2617794
2615506
2618598
2624724
2614946
2621075
2614952
2622160
2616943
2622485
2616417
2619499
2625361
2619306
2619560
2621672
2625998
2613532
2623201
2619211
2618233
2619287
2628728
2617775
2628325
2619041
2612888
2612829
2617894
2614498
2616259
2624796
2617320
2621526
2617855
2613559
2625705
2625113
2616981
2620820
2616399
2609842
2619660
2620943
2618027
2619750
2614714
2617368
2621978
2615074
2625235
2612960
2619135
2616596
2616706
2623080
2620988
2631398
2616007
2616308
2616905
2613272
2613209
2618341
2622371
2621861
2613177
2631856
2618416
2627816
2611063
2623628
2620012
2624107
2618476
2623502
2609833
2620147
2623156
2618609
2615005
2621966
2616716
2631422
2618888
2622708
2627762
2618399
2620022
2624712
2622061
2617065
2617033
2622080
2617345
2621104
2623137
2628893
2628043
2615562
2618570
2611799
2619682
2618717
2625524
2622205
2620069
2617300
2627465
2617055
2626083
2626506
2627821
2621955
2617788
2627844
2612205
2617137
2620292
2629764
2615093
2611257
2624906
2612354
2617273
2629361
2623347
2615964
2615873
2615315
2627028
2616256
2625958
2621162
2623255
2615588
2618776
2616044
2612616
2614345
2619900
2627404
2626947
2611034
2615842
2621636
2619645
2622230
2616726
2623234
2621707
2617508
2615786
2617040
2612512
2618681
2617084
2619430
2616363
2621784
2623213
2614798
2623207
2620287
2618509
2624534
2620507
2626237
2611904
2613954
2626044
2617773
2621155
2620644
2617858
2623253
2621580
2620267
2615250
2624602
2615995
2627908
2621358
2625888
2623984
2618431
2621439
2622920
2613657
2619447
2610991
2616329
2612725
2616679
2616019
2620380
2617232
2619418
2624142
2620793
2616432
2618781
2620311
2616082
2621910
2627771
2626774
2614725
2620856
2619492
2616777
2614907
2617673
2611283
2617581
2615476
2628712
2627346
2622604
2623373
2620202
2618814
2619603
2618610
2627373
2622892
2627988
2621536
2619197
2612862
2617728
2626643
2620666
2613692
2627087
2621455
2621413
2622080
2620795
2619454
2622315
2616683
2615112
2614553
2623448
2624386
2616164
2618431
2615752
2611405
2618450
2617570
2620704
2620971
2626649
2616441
2612205
2625959
2623808
2621539
2619338
2624365
2624604
2615507
2613220
2620520
2614866
2616485
2622239
2621837
2614269
2625449
2617738
2614057
2621224
2622434
2625597
2611704
2620103
2620329
2619404
2617768
2622415
2620149
2625184
2618072
2614543
2623023
2625339
2627481
2618171
2612614
2616864
2623422
2617136
2617130
2621534
2608275
2616334
2622973
2619659
2623180
2620305
2613966
2615620
2615913
2617772
2621967
2618761
2622294
2624929
2621996
2621204
2618594
2624708
2618724
2614554
2622701
2614677
2613576
2623424
2628892
2619928
2635321
2613152
2623834
2614802
2616601
2622467
2631397
2617828
2613382
2616276
2628304
2628184
2624886
2617688
2615257
2623445
2625318
2620881
2626690
2617395
2619660
2615855
2621771
2618656
2616349
2624365
2624513
2615297
2619841
2620210
2622692
2618290
2617282
2614403
2615131
2616277
2624876
2618266
2628241
2607276
2619880
2627649
2618341
2618681
2622700
2617975
2619930
2613106
2617176
2631356
2614294
2615692
2620375
2618315
2615022
2618358
2617075
2613142
2622795
2615683
2614102
2616573
2625219
2622096
2619327
2621794
2616182
2620541
2620594
2621333
2621112
2617274
2626154
2632300
2621780
2618093
2617340
2617784
2625077
2621892
2612770
2630068
2615612
2622982
2613907
2618982
2618643
2628646
2620745
2618560
2620439
2621616
2618787
2621304
2614409
2620974
2622699
2622956
2616649
2613633
2623641
2628952
2626978
2616360
2615209
2619670
2619482
2615868
2621121
2614429
2620761
2618313
2616673
2627218
2616721
2618221
2619019
2612504
2616869
2626665
2620463
2628376
2623549
2624157
2626640
2617077
2622115
2619862
2622507
2621511
2619281
2612652
2624184
2616798
2617212
2619846
2623264
2619773
2621802
2615769
2625923
2620598
2626553
2615377
2621302
2613218
2621507
2621040
2624643
2620393
2617813
2627301
2624960
2619637
2617365
2625359
2623991
2624285
2625347
2629984
2615600
2620140
2618211
2614359
2622577
2622980
2611209
2627606
2624159
2616558
2612564
2617791
2624973
2620912
2622210
2624034
2625320
2615127
2619403
2613761
2629730
2613966
2617200
2614141
2618227
2622263
2622957
2613926
2616620
2630763
2615426
2612887
2618647
2615180
2619840
2617590
2627442
2623752
2620413
2622016
2613858
2627863
2618730
2623364
2614377
2624697
2618647
2619135
2625542
2606444
2612267
2618937
2616195
2616642
2615961
2620478
2614861
2619806
2617743
2614716
2611866
2613779
2623711
2619161
2615686
2621869
2625632
2619874
2619897
2624215
2619757
2619842
2612191
2617551
2611013
2620022
2614305
2630898
2615901
2623164
2616472
2616404
2615721
2621273
2625119
2630801
2630266
2624179
2615515
2610950
2617893
2622986
2615000
2619384
2622450
2621687
2627242
2619573
2621982
2611877
2620495
2621068
2614696
2617249
2621916
2629010
2618203
2618529
2622528
2612766
2624876
2621808
2616697
2620388
2622126
2612876
2623873
2618829
2622424
2615338
2615520
2620721
2614754
2614963
2621747
2618724
2613701
2618889
2623027
2615709
2619204
2619833
2626853
2622214
2617030
2621694
2623846
2619136
2627671
2624144
2617929
2624513
2613850
2622321
2629062
2616144
2615811
2623695
2620561
2622752
2626841
2626691
2618996
2622699
2619352
2620072
2619874
2618897
2620086
2611815
2619463
2613651
2614430
2614358
2618663
2614460
2616843
2611434
2618549
2612662
2629458
2614515
2617602
2620395
2622975
2613211
2615554
2632874
2627465
2616735
2621513
2618872
2610963
2620235
2622780
2622563
2617023
2619081
2635037
2617531
2614843
2621953
2614875
2627926
2625659
2637868
2615845
2619370
2622837
2626597
2620688
2622259
2620225
2616061
2614851
2614800
2623102
2616824
2616653
2625170
2619420
2616915
2625557
2622907
2618447
2624626
2617070
2626473
2612564
2614948
2624945
2615910
2620013
2620401
2619442
2612613
2622827
2627540
2618057
2619480
2614078
2616872
2624427
2617571
2618246
2619444
2620228
2628836
2622854
2627698
2621182
2624296
2618225
2616709
2623096
2624734
2618773
2621390
2625970
2620338
2624822
2614140
2621071
2625992
2623813
2617881
2619393
2619695
2620948
2611641
2622877
2614276
2628310
2623051
2623541
2620096
2618856
2615474
2617698
2620829
2626037
2626918
2612756
2618233
2624433
2616845
2611270
2615048
2622428
2621399
2627910
2619981
2627377
2611221
2620265
2623623
2614318
2618679
2615152
2617113
2614277
2626552
2624870
2612866
2625098
2618175
2624617
2623958
2623936
2625603
2618917
2623636
2619325
2622029
2616576
2628613
2619157
2625947
2622570
2625075
2614740
2616631
2621116
2620776
2635214
2615275
2620146
2620675
2617718
2617681
2614188
2617847
2618675
2622093
2622796
2614461
2622424
2624402
2628019
2625385
2620970
2623159
2618217
2622536
2609547
2614977
2625535
2622346
2627747
2618644
2628979
2622900
2618008
2629317
2624211
2625525
2620649
2613149
2620257
2619747
2615715
2619822
2629768
2621374
2631358
2619010
2615036
2616391
2622873
2623318
2621676
2615984
2619468
2621338
2620881
2619542
2617605
2621677
2617147
2623585
2626865
2623680
2620964
2623176
2613829
2623309
2623279
2621732
2624052
2630750
2617626
2624154
2622258
2620976
2620200
2615282
2619629
2614296
2625720
2619672
2616980
2620454
2617274
2625766
2626680
2613619
2616696
2605467
2624469
2620295
2612269
2613760
2615434
2617280
2621421
2617614
2608133
2613220
2622433
2611207
2617238
2619289
2619948
2615758
2622966
2616165
2624365
2618657
2621235
2625267
2610121
2626149
2620140
2627387
2615723
2613843
2619192
2625658
2622742
2614001
2622796
2619576
2619777
2616935
2619408
2621529
2620105
2626612
2625330
2618769
2619836
2620846
2613793
2611174
2615976
2611713
2617953
2619170
2624595
2616622
2610514
2620368
2621782
2626439
2615285
2620646
2611398
2624883
2625283
2629137
2619830
2610102
2618345
2619912
2616748
2635773
2625657
2618256
2614652
2622476
2619058
2615719
2619201
2625138
2624844
2624035
2614920
2626746
2626110
2629846
2618473
2626274
2622710
2617465
2616553
2623699
2616548
2617542
2616662
2617232
2607636
2617038
2624303
2624534
2623997
2623712
2623066
2621799
2618714
2611084
2619498
2626810
2629671
2620540
2626702
2621378
2623144
2616376
2620302
2613568
2620824
2624188
2614071
2617594
2622976
2611834
2620673
2619032
2614748
2619665
2618448
2625454
2620515
2617936
2612718
2627328
2616505
2618277
2620229
2620804
2617312
2619840
2615528
2615252
2623300
2624448
2619739
2616828
2616206
2622631
2615098
2612721
2626765
2619407
2625679
2623035
2621601
2617068
2622497
2621611
2623449
2613501
2612929
2610489
2614605
2617946
2618710
2625375
2618085
2613678
2618020
2618059
2618763
2616795
2623848
2618765
2629215
2625428
2627025
2620422
2613003
2613837
2621706
2613849
2617260
2623031
2615836
2623042
2621360
2621389
2624013
2619914
2621366
2620509
2621448
2613087
2614836
2614336
2623597
2620964
2620824
2616074
2623829
2625468
2622224
2619019
2614972
2621834
2616936
2626169
2613685
2612513
2621360
2622303
2619776
2620881
2619669
2622124
2626870
2622954
2626112
2617882
2617960
2618775
2619344
2623438
2624372
2619100
2607209
2617042
2615047
2621340
2621863
2617223
2616401
2625830
2613981
2614560
2622545
2615776
2623147
2621768
2621399
2622474
2619049
2625713
2619858
2621365
2612866
2623973
2621392
2625055
2614062
2623164
2619894
2611371
2627506
2621479
2615580
2613105
2617939
2628490
2625005
2614554
2621224
2618605
2624986
2617340
2624065
2633750
2621899
2620415
2619347
2623717
2615388
2621805
2616122
2620083
2621681
2612415
2622899
2619040
2619704
2618831
2618099
2616137
2625872
2620586
2612740
2626026
2622762
2614409
2617021
2621908
2617522
2618114
2621495
2620283
2630187
2635204
2621362
2608554
2617985
2621219
2620353
2619202
2620916
2625316
2619976
2623370
2618924
2623891
2620917
2619331
2622290
2624983
2626246
2614484
2618087
2622399
2625904
2622114
2614508
2617064
2621377
2613602
2612460
2626997
2614573
2616065
2617785
2623161
2619995
2619466
2623768
2609799
2622009
2621142
2617642
2625967
2623841
2614261
2621100
2632699
2620103
2621863
2616479
2616041
2617672
2624189
2622947
2613491
2617889
2622763
2617935
2618222
2617430
2613544
2621202
2620322
2617314
2626679
2615325
2624020
2625869
2611025
2623284
2626049
2622384
2620766
2625298
2621858
2617616
2620772
2619852
2626133
2616957
2622326
2620096
2617510
2620208
2611931
2626578
2620694
2623180
2620812
2620076
2619973
2613709
2621903
2630361
2625135
2619530
2621939
2614265
2624355
2625992
2630487
2623125
2623064
2627420
2622236
2612666
2615682
2619881
2619523
2616719
2618980
2615755
2624784
2613305
2628390
2624241
2612345
2633056
2623895
2621164
2613431
2621774
2618048
2623272
2625207
2623714
2615088
2616951
2613199
2624164
2628134
2616386
2625693
2615196
2612658
2613877
2616259
2619706
2631802
2619858
2622675
2632010
2616858
2618823
2620287
2616011
2619065
2619563
2624581
2618712
2619361
2614639
2625551
2631578
2623310
2623702
2622252
2619212
2629486
2621693
2619546
2617651
2616374
2625097
2617141
2621989
2613556
2626441
2622726
2614626
2611686
2626869
2632056
2622511
2617566
2614762
2615571
2614383
2622151
2620378
2612548
2628771
2617549
2616495
2633084
2626598
2616493
2615671
2628116
2623261
2621070
2622575
2622232
2616632
2614464
2615587
2621259
2616298
2611575
2615502
2623180
2623933
2620229
2620854
2613403
2616788
2620625
2615798
2622133
2621669
2617765
2618264
2616617
2613235
2617349
2622042
2618682
2615187
2615465
2617241
2623221
2615142
2627784
2629844
2622389
2624740
2623379
2624634
2622663
2629226
2621166
2618536
2611654
2612096
2623854
2624492
2619375
2613650
2619710
2611179
2623525
2612800
2629588
2613759
2621471
2634097
2617429
2619761
2616538
2621835
2619885
2618751
2624327
2610073
2624316
2618651
2617984
2620537
2616093
2618919
2624788
2610836
2614838
2625072
2617806
2623141
2621630
2627909
2611664
2627191
2629076
2620646
2621295
2619199
2618853
2614922
2630616
2621742
2614861
2623105
2625772
2626086
2612441
2619431
2619886
2619730
2605304
2620663
2613516
2620964
2626130
2618372
2621070
2614823
2620420
2622594
2618955
2615606
2619327
2626342
2615545
2617611
2620128
2612899
2621350
2618230
2618407
2628153
2631649
2621076
2614372
2617504
2615099
2621822
2626023
2614801
2628660
2623331
2618121
2615018
2613706
2618643
2629285
2626471
2621796
2612347
2624621
2612531
2623206
2626269
2627542
2625253
2624057
2625332
2614803
2618746
2625709
2614002
2618160
2618536
2619104
2615783
2618810
2613327
2613043
2609058
2613634
2612514
2630433
2618690
2622407
2620222
2621712
2611313
2612114
2619966
2622152
2621399
2617981
2617942
2621453
2620032
2615397
2627269
2612458
2611841
2615136
2620278
2622180
2615726
2624509
2618527
2625632
2618449
2625615
2620255
2625081
2619395
2625310
2626564
2622209
2621721
2613270
2612652
2621102
2611057
2614750
2613691
2622547
2618993
2621864
2626818
2614128
2631272
2624626
2624014
2618402
2618037
2627351
2613125
2624464
2621458
2622393
2621643
2623173
2624553
2627918
2617197
2618970
2622593
2622133
2621479
2627388
2617138
2621841
2624892
2613870
2614204
2612520
2614762
2611943
2619280
2623581
2627078
2622873
2609756
2613922
2617303
2618985
2625792
2627668
2620333
2620222
2629554
2618370
2621001
2622512
2627339
2619647
2614645
2628938
2620069
2621396
2620447
2623339
2619268
2613084
2623550
2614024
2620494
2617548
2622055
2616845
2619623
2615288
2627399
2624100
2629672
2618464
2623657
2625217
2615705
2622492
2616569
2618417
2633467
2619905
2621221
2610546
2616419
2616898
2625262
2615696
2626142
2623244
2622269
2618409
2612343
2619120
2618050
2622359
2623276
2620486
2621177
2619504
2620682
2616125
2622325
2628918
2612599
2609045
2608054
2622314
2623176
2623491
2619755
2621454
2624790
2618540
2614981
2627323
2626101
2628005
2618386
2616489
2620356
2625300
2616176
2618962
2610326
2617309
2619456
2615255
2618921
2626232
2611138
2626642
2615661
2613992
2620921
2618859
2626501
2609145
2613487
2619404
2615668
2619175
2619379
2613119
2623751
2615672
2616615
2625693
2618794
2620823
2621188
2623495
2615970
2618800
2612301
2630098
2621300
2616742
2610799
2621477
2616775
2615982
2613809
2621720
2626203
2616979
2612872
2618591
2626767
2616611
2622307
2611772
2622191
2619313
2621503
2624946
2619369
2626133
2619602
2620330
2615827
2630442
2630362
2618835
2606622
2621660
2610846
2621469
2624503
2620609
2623213
2620284
2623400
2630612
2622289
2619675
2610135
2623633
2619019
2620956
2620523
2617580
2616487
2627080
2617466
2619483
2614470
2623277
2618272
2620315
2622642
2618161
2611410
2611990
2616332
2624978
2619257
2609663
2625363
2616575
2621811
2613651
2617785
2619136
2624298
2624437
2613440
2619664
2615264
2623627
2623493
2624470
2617050
2621727
2613699
2626976
2619869
2635402
2617544
2610293
2618434
2618887
2614497
2618391
2618305
2617202
2619374
2623473
2617330
2619359
2624205
2624758
2610037
2605107
2625628
2624373
2622898
2619374
2615995
2617754
2620821
2623468
2622005
2623518
2618106
2618763
2615637
2620912
2620501
2624151
2626070
2612667
2612859
2617940
2620096
2622945
2619029
2618474
2611269
2618853
2619498
2612602
2611043
2608370
2623955
2629778
2615952
2618557
2619291
2626524
2613149
2623525
2621335
2614497
2615609
2622825
2617670
2616315
2618878
2613450
2615360
2629652
2630388
2616576
2625408
2623927
2618460
2613952
2618414
2621401
2617227
2610473
2615397
2614767
2619369
2621657
2616161
2619928
2618385
2622067
2623699
2623506
2624221
2616414
2616904
2625970
2615575
2621821
2617788
2620344
2612950
2622470
2615193
2622195
2626106
2624780
2620173
2618965
2622803
2627666
2630332
2618912
2624512
2628352
2609688
2617761
2625511
2618442
2620986
2623368
2612293
2623593
2615316
2626100
2623672
2613344
2620160
2626324
2615937
2619063
2622053
2612744
2619122
2630642
2619650
2626943
2611031
2624162
2627001
2619762
2607006
2630901
2619360
2625291
2614274
2617169
2622940
2622443
2621138
2626395
2626383
2619204
2624266
2617201
2612066
2618712
2616724
2627597
2616237
2616854
2619247
2620493
2623068
2617973
2613598
2629005
2619594
2623355
2632396
2623861
2620881
2619751
2618101
2614862
2612923
2625056
2625014
2608466
2617366
2620271
2622359
2622452
2616736
2625077
2610742
2616474
2622561
2624679
2624816
2622732
2621397
2625819
2618609
2620634
2619708
2624247
2615914
2622531
2612375
2628325
2614833
2610673
2617017
2619998
2615605
2615017
2617395
2630157
2618021
2616619
2625520
2622189
2629398
2631923
2618138
2625748
2611328
2610851
2621909
2625905
2630619
2619213
2611387
2617695
2625453
2621771
2615436
2616667
2622656
2627891
2610175
2617485
2623458
2624934
2614987
2622284
2613218
2618180
2630692
2621323
2615091
2616145
2620783
2611955
2614824
2617242
2620135
2626260
2615779
2621894
2623021
2621496
2606600
2621915
2623866
2620520
2624697
2623978
2630424
2620458
2619360
2620454
2616247
2615284
2613178
2617538
2615231
2627182
2618779
2618427
2612198
2617815
2623389
2619705
2619973
2622362
2624064
2619912
2620711
2617812
2620346
2621275
2612792
2629390
2633343
2616437
2619018
2629929
2621589
2623785
2627832
2627740
2617623
2616488
2626540
2619581
2622847
2622798
2622494
2610779
2618453
2622964
2611565
2617796
2626364
2621381
2626741
2617764
2618029
2619227
2612619
2629862
2615346
2609665
2619768
2612032
2624330
2621201
2619111
2620095
2615307
2631715
2624423
2624569
2622426
2619292
2627778
2621970
2611625
2617101
2615942
2619846
2616902
2626004
2616015
2623131
2618002
2622492
2622547
2616566
2623391
2628054
2614808
2620288
2620721
2627845
2617199
2621441
2624838
2620403
2624772
2617998
2619134
2624647
2617589
2626396
2621529
2613533
2622897
2619346
2613592
2628386
2614790
2616994
2621497
2618449
2617961
2616405
2613645
2620984
2626801
2614433
2619270
2621689
2620261
2619115
2617346
2616262
2621242
2626581
2618701
2624725
2629768
2621874
2624988
2625142
2616370
2623956
2626318
2624559
2615199
2615206
2616762
2622536
2626385
2616605
2615806
2620981
2616329
2617339
2618904
2617067
2619423
2624226
2620369
2617246
2621152
2625886
2620780
2617377
2621294
2625030
2619866
2622886
2609343
2617217
2623329
2611709
2615612
2629153
2622877
2618672
2618978
2617746
2641527
2616727
2630344
2623261
2622254
2631241
2623591
2622271
2620820
2623639
2623742
2621169
2614958
2624927
2621555
2610036
2624016
2626239
2622865
2619772
2621700
2615971
2622574
2616915
2624268
2614071
2623753
2625300
2618302
2616487
2618925
2619838
2620195
2624177
2617598
2615808
2623166
2619649
2623537
2615685
2617276
2624887
2627622
2611426
2618352
2627501
2620307
2618320
2617167
2625175
2628553
2621456
2620118
2619039
2615775
2620004
2624010
2614893
2613754
2630748
2618226
2623469
2616858
2624061
2608102
2616393
2625023
2620080
2624543
2621001
2618493
2623722
2613601
2625910
2610955
2617073
2616915
2618191
2632142
2619247
2615167
2622065
2622444
2624542
2619399
2621112
2622377
2625108
2619015
2616222
2626373
2622227
2622032
2620572
2615242
2615558
2616930
2617066
2623763
2618952
2628227
2617063
2611300
2623590
2613342
2626773
2611650
2625442
2626947
2621466
2616359
2627314
2619341
2624275
2614533
2615657
2614627
2616449
2616138
2620372
2621297
2618453
2623249
2619477
2625630
2623677
2620729
2618569
2618816
2623526
2623753
2620683
2622138
2621986
2612396
2625612
2614308
2625961
2623075
2613489
2624117
2620907
2620944
2623745
2612760
2619399
2614047
2616595
2620154
2627542
2616879
2615776
2623383
2616802
2617506
2624068
2620646
2612617
2630054
2627213
2621731
2622162
2632796
2618543
2622942
2625977
2615643
2614409
2621603
2627837
2626583
2627809
2627705
2628032
2623815
2627137
2620957
2623379
2612423
2613292
2618513
2623574
2623710
2621415
2616191
2623282
2622464
2619472
2622165
2634762
2624068
2615046
2619675
2625157
2612713
2620353
2614316
2629310
2622657
2624052
2614093
2622484
2618622
2623035
2617763
2622683
2620736
2628643
2616233
2611985
2621045
2620621
2614125
2618114
2617586
2624001
2610769
2621162
2622847
2612670
2615508
2617202
2626394
2615526
2619759
2620805
2616631
2621060
2622073
2626822
2613572
2626165
2616230
2619886
2621658
2619695
2624153
2621018
2621461
2624617
2613157
2616062
2621449
2614897
2619280
2622701
2617936
2610584
2625792
2619627
2623069
2616441
2626264
2631998
2622006
2612884
2612484
2613397
2616681
2619960
2615586
2618619
2627006
2628643
2619031
2624287
2611814
2619519
2628623
2619778
2615519
2615240
2616672
2623156
2620986
2612746
2619109
2619918
2618213
2613449
2622251
2626124
2618040
2624233
2618758
2615014
2632812
2610489
2622067
2623891
2615061
2622581
2622179
2615609
2616192
2623936
2624599
2617443
2623567
2621998
2620022
2612656
2624394
2618557
2623836
2617486
2621149
2619504
2622528
2613009
2636303
2621547
2632004
2629085
2622822
2623136
2616191
2625179
2616476
2623079
2615847
2617023
2626151
2624643
2619291
2628908
2617038
2611367
2625286
2625834
2620635
2623852
2618519
2619289
2620326
2616424
2614760
2619760
2623292
2623187
2619586
2612836
2618881
2615411
2613728
2613610
2618715
2614467
2609635
2622925
2612682
2616097
2628723
2625780
2623746
2623903
2628914
2629231
2617949
2624461
2616470
2616395
2618662
2620198
2626785
2626335
2611003
2615873
2618505
2628946
2619073
2621172
2614468
2614907
2629152
2609590
2624580
2614580
2622339
2614451
2622346
2618839
2615829
2615568
2624623
2626050
2620488
2621831
2615107
2619885
2612496
2620024
2621241
2620971
2621683
2622639
2622234
2614277
2617780
2621145
2614909
2624091
2616314
2622461
2622771
2618141
2624322
2619567
2619222
2615431
2624757
2623540
2611474
2630889
2619273
2617524
2626713
2622600
2628547
2620581
2614757
2622949
2618785
2619591
2615165
2614538
2620998
2618621
2614151
2619069
2618806
2626392
2627160
2617695
2616583
2625967
2630474
2617949
2626241
2616067
2623359
2613583
2622906
2625015
2620195
2615955
2610455
2623844
2620891
2623889
2623357
2612815
2612753
2619043
2621444
2618761
2622134
2620514
2617177
2616486
2625390
2621209
2617941
2614298
2628620
2620472
2613224
2628462
2618115
2621894
2615946
2623703
2616491
2619087
2614124
2613813
2616855
2610723
2620941
2625491
2616306
2622861
2628083
2620905
2617091
2617704
2622026
2617741
2606946
2618337
2617385
2621462
2612736
2615072
2618250
2617279
2618108
2616708
2622010
2620578
2617511
2620185
2621229
2620002
2619033
2620682
2619657
2617995
2615994
2617053
2618707
2623916
2617585
2619556
2624035
2615241
2623679
2622579
2621563
2627386
2613798
2620607
2623113
2618191
2619311
2628012
2616076
2617237
2621756
2618147
2623336
2625442
2627173
2619859
2619078
2614755
2622791
2619541
2623180
2619148
2612206
2623043
2627816
2621082
2625931
2617844
2620277
2617688
2627751
2609806
2618562
2616623
2624710
2618788
2618700
2619497
2619589
2615142
2621563
2620868
2624829
2622948
2625175
2619641
2620257
2618744
2623629
2613590
2612776
2627180
2622746
2621394
2616385
2622227
2621535
2621770
2620473
2618113
2618851
2615661
2620265
2613851
2615976
2627867
2621210
2617505
2611665
2627310
2615475
2618335
2623482
2611263
2616495
2625306
2628515
2628365
2619955
2612635
2618866
2623023
2620692
2622915
2618015
2612102
2618353
2618060
2621258
2613727
2620128
2628797
2617016
2616994
2618680
2617175
2621880
2617300
2615723
2625910
2614138
2624470
2618942
2615639
2615076
2629781
2623399
2621536
2619915
2614953
2618896
2618194
2615893
2621306
2623239
2616269
2616669
2622668
2614558
2614482
2619884
2627040
2619398
2615926
2627704
2612344
2616146
2624039
2620824
2625399
2620161
2623148
2625431
2619213
2616418
2622228
2620935
2621225
2610080
2616897
2622536
2622351
2617822
2615571
2617892
2623274
2620132
2615020
2620551
2628195
2616617
2624567
2623703
2612896
2623169
2624006
2625102
2620479
2612076
2626148
2615062
2620879
2620212
2618901
2618864
2622047
2617716
2610940
2616590
2610511
2617747
2614122
2620469
2627530
2621053
2630477
2617844
2625637
2616495
2619919
2621814
2621222
2612667
2618740
2612423
2626452
2622847
2616317
2642778
2617263
2613909
2619957
2618350
2609002
2616776
2625636
2629502
2629023
2621087
2633079
2626816
2617013
2617298
2623926
2623271
2621727
2618102
2619112
2616481
2614080
2623176
2625849
2619620
2620456
2616921
2625275
2615349
2618567
2621181
2627195
2619325
2621094
2612698
2621197
2623652
2624943
2624859
2623803
2616777
2615957
2619964
2619470
2623085
2621965
2623873
2630295
2620809
2609178
2610574
2616755
2625250
2623901
2620516
2617941
2620157
2621761
2623995
2626339
2615749
2618548
2615958
2612529
2618452
2625765
2625241
2614064
2623022
2615043
2618233
2619848
2615492
2615211
2624098
2615513
2614195
2612731
2611725
2619409
2619107
2614642
2626752
2626641
2612729
2621637
2620380
2612101
2619336
2623443
2612968
2620425
2620673
2610616
2627226
2630822
2624129
2611011
2625079
2625525
2615518
2618844
2623232
2626674
2616421
2617485
2621505
2617060
2618523
2621610
2621462
2619469
2631750
2617932
2617559
2627186
2619526
2616474
2617234
2619658
2620691
2626748
2621715
2625142
2630105
2622293
2616877
2623711
2610693
2618996
2620754
2614779
2625333
2619361
2622967
2624273
2629384
2614867
2615676
2614474
2618074
2623886
2624087
2612204
2613494
2618452
2617895
2627590
2624597
2621329
2623392
2626591
2621405
2611487
2626174
2626805
2618789
2619292
2621316
2614821
2625333
2622280
2627296
2621509
2613591
2610101
2627699
2622818
2624177
2615857
2636712
2617726
2631004
2616575
2615963
2623078
2616437
2627820
2623515
2629290
2611356
2619462
2618367
2626652
2617509
2628487
2613352
2616696
2613588
2627495
2619336
2613660
2624069
2618297
2623060
2623648
2613944
2624479
2624991
2615410
2622079
2619643
2631808
2615237
2621936
2607551
2611032
2620660
2620355
2617155
2613234
2619589
2620913
2619286
2612389
2620588
2622688
2624336
2621334
2612710
2617004
2617498
2618231
2625443
2625209
2619195
2620603
2613638
2609282
2619804
2617791
2622753
2620239
2626904
2619518
2621283
2625569
2609380
2620794
2624186
2613541
2624035
2619874
2626830
2620762
2622070
2625032
2611859
2618695
2628890
2620794
2618208
2618314
2617729
2620696
2622935
2616234
2624251
2625189
2614026
2621493
2617406
2622616
2630072
2618867
2617319
2612973
2622196
2617907
2622239
2624706
2615623
2616419
2616840
2625564
2626337
2625293
2615868
2620413
2621377
2615652
2623689
2610192
2633136
2615420
2618274
2623715
2628358
2613453
2616612
2620184
2627254
2624524
2617684
2615880
2612540
2624621
2615404
2627356
2630501
2618717
2626353
2615487
2619009
2618667
2618003
2618827
2627549
2616103
2632447
2611087
2621029
2628783
2615291
2622114
2622668
2614264
2627416
2624250
2626433
2610523
2616411
2625443
2618553
2614717
2612820
2629427
2622540
2619129
2625754
2624198
2621417
2613637
2634550
2618336
2620523
2623487
2623926
2626483
2621055
2611336
2626484
2625195
2632870
2621921
2616763
2611399
2620136
2626058
2627625
2620253
2619925
2614239
2622941
2615550
2612417
2622837
2622745
2616510
2619862
2619317
2622179
2608771
2620241
2613197
2627038
2625221
2616305
2620380
2625216
2617155
2618027
2620074
2617003
2625977
2622741
2620743
2620102
2624991
2632258
2620398
2630995
2625842
2626252
2621124
2619150
2612222
2620018
2613923
2622045
2617397
2618671
2616425
2621192
2618359
2621373
2621717
2623721
2616197
2623674
2615257
2624614
2613409
2614911
2618959
2616346
2617727
2619878
2612784
2618579
2617303
2618182
2623556
2621907
2620102
2623861
2621040
2615911
2622091
2629187
2617598
2618775
2634533
2617233
2619113
2619305
2623837
2618347
2628147
2626919
2621669
2625634
2625409
2625829
2616813
2625919
2621693
2617255
2622727
2619248
2629985
2615497
2614974
2621231
2623593
2614496
2630812
2617671
2613463
2617852
2624464
2620744
2619988
2616091
2618679
2613753
2620455
2618713
2612733
2627236
2622985
2622109
2621604
2624441
2625162
2634050
2617876
2614319
2619052
2619239
2631799
2623571
2624875
2635204
2621167
2622960
2616851
2609685
2626671
2627998
2622040
2615352
2624734
2620138
2615214
2620824
2621971
2626062
2631992
2612474
2627607
2618972
2613202
2618448
2623548
2611726
2610150
2622056
2619408
2620475
2626159
2615299
2618230
2619452
2621881
2619345
2621940
2618169
2623132
2618704
2623802
2617461
2623540
2614431
2616437
2620312
2616550
2617481
2609589
2613562
2626162
2621896
2611382
2623304
2620972
2623359
2620249
2618181
2635991
2619266
2615773
2617216
2632368
2616543
2615255
2618404
2615730
2619304
2618490
2627847
2622519
2623017
2623497
2620379
2621280
2616616
2622036
2626088
2625699
2619648
2622946
2618421
2623102
2623408
2615109
2617992
2617312
2618357
2617937
2619794
2614489
2621230
2619143
2619583
2626119
2613712
2628817
2622033
2617947
2622389
2611273
2608592
2614241
2621599
2618306
2617992
2617487
2613478
2616232
2615363
2626386
2616557
2620221
2617926
2626217
2622503
2624470
2617888
2615435
2624522
2629820
2626164
2622239
2613629
2616113
2610430
2623861
2608949
2612919
2616599
2612568
2614275
2615972
2617220
2610831
2617689
2611676
2624839
2618252
2629555
2617113
2615780
2616199
2618372
2626957
2617072
2623372
2622971
2621723
2623056
2611718
2621547
2621439
2621113
2614633
2614385
2626534
2622338
2621610
2618172
2614224
2627291
2613172
2628895
2618751
2628041
2625587
2618050
2626224
2620755
2627907
2617834
2630972
2627262
2622458
2616750
2624696
2620462
2621292
2626373
2630135
2619256
2623728
2618122
2620789
2619673
2621812
2618413
2617830
2624090
2617715
2619001
2617026
2622601
2627779
2614678
2620714
2625777
2618063
2621466
2612101
2616567
2615820
2620299
2617506
2616083
2623352
2611236
2619167
2621992
2626745
2618295
2613750
2617091
2624740
2612565
2619043
2621151
2613381
2618877
2614946
2620780
2625710
2619435
2617564
2616949
2613328
2619731
2621415
2621010
2620967
2620346
2622841
2619206
2630321
2624025
2617145
2621498
2615951
2623037
2626081
2619726
2621168
2623061
2626510
2618443
2632280
2619754
2625181
2622650
2623950
2619827
2617737
2616733
2614990
2626150
2611694
2621038
2620667
2613091
2625834
2620508
2619845
2624446
2620792
2622007
2630729
2627480
2613702
2621835
2616204
2618911
2621017
2618574
2617783
2618476
2625303
2609092
2620951
2621525
2617738
2620614
2622959
2617461
2620210
2620378
2615715
2616542
2622213
2613848
2632452
2616407
2620602
2623903
2618915
2617530
2617520
2612282
2617992
2614877
2616981
2614740
2617541
2630668
2615171
2621117
2625258
2624104
2625305
2618479
2613330
2630428
2616243
2614874
2616599
2619732
2613463
2617070
2622613
2621037
2618616
2622350
2621898
2623768
2625064
2620619
2617318
2621839
2610785
2613507
2622547
2619676
2624988
2622045
2617636
2616134
2618428
2613003
2622857
2610251
2618997
2620191
2615230
2619790
2613341
2624516
2624724
2609077
2615901
2618535
2613360
2618614
2627528
2625326
2626903
2619704
2623095
2627830
2622118
2615520
2615032
2610852
2618969
2625764
2619944
2620177
2622179
2621898
2616745
2615749
2618632
2618646
2612615
2617550
2623903
2614658
2622903
2619049
2617428
2630344
2616958
2621678
2615337
2630082
2618850
2615737
2623738
2615692
2611338
2616449
2617433
2623353
2617233
2612955
2617651
2618148
2616751
2624853
2629380
2621207
2615691
2621202
2627237
2620561
2627084
2620130
2612808
2620899
2624609
2619367
2618796
2623743
2614560
2613410
2612995
2613702
2618664
2613334
2624105
2618044
2616192
2623148
2622586
2622833
2609612
2621515
2620875
2617705
2621285
2628041
2618552
2624379
2618754
2621460
2618979
2618282
2622579
2614671
2615805
2621037
2628488
2614787
2621439
2618537
2627246
2626023
2626282
2622994
2611906
2621209
2622382
2623932
2617283
2622194
2619162
2616177
2625230
2620889
2620446
2621366
2618864
2622049
2622572
2619830
2628649
2619199
2626079
2618655
2618154
2617058
2622873
2634705
2622054
2623088
2614002
2621929
2622739
2617252
2621074
2614152
2626981
2624763
2615385
2621755
2612774
2627646
2615628
2623725
2618216
2624848
2613311
2624623
2618210
2611374
2620617
2612845
2618551
2623364
2619653
2614304
2616745
2609342
2618594
2620959
2622986
2627870
2626115
2615164
2616763
2610796
2620258
2627347
2618713
2623020
2626077
2613122
2623258
2623549
2628465
2615113
2616781
2623665
2626378
2614477
2622996
2612579
2617668
2620191
2616025
2618888
2617036
2615148
2619631
2614493
2613288
2625884
2619286
2621720
2629916
2620252
2615418
2611412
2620014
2617312
2615921
2615354
2615759
2621987
2615074
2617999
2621577
2621030
2624521
2617591
2615785
2614809
2618742
2614402
2623266
2623135
2617883
2618713
2618459
2613993
2621630
2623082
2624354
2616378
2621028
2633990
2621320
2617567
2620904
2613950
2617166
2617617
2614714
2618810
2623622
2613480
2621999
2614756
2618471
2621847
2628208
2627101
2622633
2621265
2626219
2616705
2618438
2623206
2617691
2611872
2613905
2624191
2608210
2620967
2620344
2622222
2618055
2624653
2624502
2616954
2618122
2610248
2620502
2618542
2626004
2624170
2617504
2619878
2620682
2621779
2627804
2622210
2622348
2611362
2625062
2610617
2613186
2625916
2618055
2627254
2628036
2620827
2616017
2622852
2623143
2627361
2619354
2623105
2622206
2616379
2618200
2625011
2623201
2612332
2620263
2624992
2616633
2632696
2611878
2621528
2614722
2620284
2625916
2616168
2616794
2617030
2626871
2623404
2629821
2610652
2623531
2625491
2623912
2615574
2611397
2619081
2629289
2614096
2611862
2613464
2621635
2621266
2607045
2623617
2613573
2616900
2628469
2627174
2623652
2618214
2629297
2626068
2621454
2619371
2615918
2612059
2619518
2617563
2625543
2614756
2615376
2618216
2620957
2627018
2620337
2618332
2628454
2613303
2626096
2611493
2616538
2615255
2619673
2620238
2619201
2612651
2620745
2624540
2612786
2619865
2622191
2613540
2628132
2620669
2619908
2617362
2620621
2626877
2612195
2628336
2616351
2620838
2619408
2618997
2619972
2617613
2614946
2622315
2626256
2613514
2619393
2620534
2624393
2617148
2613296
2620504
2616115
2619836
2620491
2611553
2623408
2620999
2622082
2619131
2620613
2625589
2622038
2614700
2625023
2615540
2618830
2624994
2617285
2628538
2617827
2625237
2617222
2618069
2624526
2618660
2619411
2614054
2624949
2622428
2616308
2628776
2617834
2613849
2617068
2619869
2621777
2618807
2625506
2625479
2612428
2628042
2617405
2616101
2618623
2615956
2625653
2615360
2623369
2616780
2613259
2621255
2615207
2618277
2619845
2620906
2616704
2622664
2610360
2618990
2619291
2627258
2625518
2619024
2621222
2617373
2614348
2611545
2624872
2616583
2615083
2618299
2622465
2620121
2621803
2619416
2618927
2623502
2626219
2618270
2618482
2607249
2620882
2620663
2622698
2616940
2616828
2623842
2627044
2610135
2621385
2618641
2619392
2616067
2622403
2626891
2619008
2608452
2610827
2622047
2618852
2621374
2616005
2612771
2627454
2615488
2617739
2610631
2620999
2623709
2615990
2617597
2617545
2614646
2610675
2619744
2621018
2629067
2620768
2614810
2621705
2616603
2627160
2625175
2621253
2625536
2627121
2625987
2614640
2619852
2619856
2624734
2625080
2617712
2619799
2610335
2610146
2608047
2615342
2622814
2624365
2618695
2612734
2623174
2620113
2609507
2617837
2621465
2619101
2623469
2614358
2618261
2629362
2627076
2624433
2621117
2618791
2611532
2613705
2618158
2615917
2617037
2615333
2621259
2623378
2618647
2623347
2621685
2625578
2626494
2620516
2622803
2623175
2623354
2616506
2623428
2618089
2630081
2621845
2613103
2621827
2620365
2616110
2629041
2626924
2613054
2622396
2621187
2609604
2612371
2618493
2623564
2612407
2622885
2611549
2616527
2622852
2622035
2618699
2618536
2619538
2617894
2615964
2614085
2613699
2617114
2620297
2624654
2613835
2624689
2612480
2625174
2622663
2619481
2627554
2623903
2626062
2622859
2615430
2623324
2625625
2619294
2622479
2630669
2620556
2625727
2625861
2626997
2615325
2625959
2612967
2614163
2624342
2618765
2618956
2618163
2628062
2633739
2617080
2618865
2611789
2622530
2618241
2618671
2626416
2621772
2624950
2620256
2619345
2619155
2620210
2624469
2623232
2623813
2627012
2621190
2621997
2618756
2620302
2616871
2619822
2619452
2617655
2610241
2624123
2622087
2625844
2620807
2619560
2618450
2626070
2624526
2611211
2619609
2621771
2623172
2609403
2617610
2621073
2617422
2614263
2620890
2628205
2623619
2625871
2616284
2627515
2616083
2623143
2622388
2617770
2617025
2621371
2606470
2620857
2624111
2627162
2623315
2623375
2621239
2618697
2620931
2617287
2622554
2626491
2623648
2616012
2619573
2614521
2615549
2626928
2616341
2612982
2618466
2622226
2610839
2612769
2621086
2614658
2616506
2620272
2617179
2616748
2617429
2617138
2625447
2618973
2624253
2625428
2613447
2620968
2617405
2612857
2624576
2619286
2630591
2618158
2632752
2613897
2621868
2616492
2621620
2624592
2633268
2619599
2611321
2617413
2622357
2617020
2621978
2612686
2617315
2622381
2630477
2609684
2622538
2616251
2615768
2615745
2622325
2620621
2616417
2614529
2624381
2624267
2620653
2622820
2625263
2630680
2616034
2619644
2615173
2602763
2625215
2621579
2627931
2619663
2618670
2613980
2615114
2625880
2622174
2627654
2625325
2620050
2622658
2625865
2611949
2621740
2613197
2624708
2616150
2618324
2620185
2621618
2627256
2619290
2616008
2617820
2617721
2620227
2618077
2623284
2623013
2626150
2615801
2623945
2627167
2617537
2614588
2618431
2619895
2619308
2616340
2623736
2619317
2619156
2614709
2619736
2615942
2618799
2615089
2616038
2613550
2613206
2620313
2618988
2625865
2610186
2614307
2623629
2612706
2621153
2621157
2628318
2617755
2624477
2611625
2623330
2627234
2615648
2618894
2621648
2618963
2615957
2614967
2617350
2615855
2616774
2626839
2623068
2619733
2618183
2623234
2617939
2620758
2624006
2620037
2613032
2618295
2627457
2613960
2622236
2616214
2616885
2613061
2613700
2618043
2622710
2617111
2624092
2621472
2618344
2620864
2624835
2620121
2619674
2615496
2618863
2617772
2630966
2615612
2623440
2618450
2619106
2620504
2620062
2619403
2619120
2617250
2613004
2618447
2626311
2615551
2617015
2623393
2613535
2617523
2611805
2613495
2631992
2616935
2625701
2621530
2619229
2616141
2628431
2614493
2618533
2616691
2618344
2622022
2617361
2620231
2618327
2613998
2624288
2623012
2618527
2612965
2608929
2621216
2618701
2618715
2616379
2618048
2621281
2621940
2618327
2623013
2619259
2617846
2621874
2619860
2616318
2615702
2625354
2615577
2617981
2618361
2628188
2623103
2616577
2629189
2621274
2621584
2615729
2612231
2618005
2620065
2620021
2615829
2621311
2624263
2622884
2620232
2616683
2618926
2634050
2612377
2621623
2624358
2615577
2613696
2616698
2619602
2627080
2618523
2619107
2618527
2619267
2615243
2627015
2619220
2620613
2620503
2623142
2614899
2611315
2613196
2623759
2609041
2614021
2613820
2619362
2617502
2616197
2614081
2620650
2629230
2619717
2618064
2624673
2617009
2619632
2628990
2619427
2624763
2619745
2622821
2624229
2623736
2620005
2621486
2616027
2613030
2622174
2616932
2623185
2616991
2624771
2628067
2623092
2615851
2625089
2624871
2617942
2619612
2620863
2611024
2629114
2619868
2621995
2618771
2612893
2617646
2619964
2616617
2618532
2614521
2624700
2619743
2629052
2612643
2629563
2616857
2612285
2622804
2626497
2617270
2623847
2624181
2613744
2626917
2616920
2621794
2619996
2628717
2618085
2630143
2619467
2615454
2622558
2621288
2630181
2616417
2619184
2622763
2622953
2618852
2622379
2627601
2625849
2614862
2622407
2621441
2630328
2623409
2628517
2619709
2608976
2614936
2614757
2622564
2617502
2619161
2623146
2611801
2621064
2618603
2619667
2623191
2614594
2616808
2623456
2620363
2613657
2626258
2618137
2623399
2620005
2610238
2623443
2623771
2618736
2622284
2609944
2623273
2620308
2625491
2622118
2621462
2624314
2619585
2615685
2625322
2617254
2625153
2620415
2634279
2619978
2620049
2614026
2615003
2613276
2623314
2613522
2620394
2613894
2625095
2623595
2624250
2614512
2617252
2612731
2617167
2619152
2621181
2612277
2614305
2615457
2623974
2612727
2613910
2623491
2613433
2618381
2620905
2615662
2616586
2618511
2630348
2622164
2614196
2618835
2623811
2618276
2615478
2619817
2618981
2617635
2610884
2618554
2624304
2621328
2619360
2625645
2620306
2623115
2621725
2621857
2624616
2623590
2622183
2623670
2617594
2616920
2622300
2622644
2621472
2621053
2622127
2622521
2613238
2615605
2627529
2613346
2619458
2633998
2629396
2622625
2615481
2618001
2619451
2615245
2623307
2617480
2616037
2616788
2618475
2625595
2618070
2613980
2618948
2616365
2623242
2615996
2616842
2612374
2614567
2616338
2622216
2619617
2624423
2625265
2623554
2617864
2618702
2615866
2627983
2617243
2620786
2624283
2630997
2618640
2619244
2622918
2611125
2628778
2614652
2615310
2622590
2612656
2622421
2617326
2622038
2624391
2614996
2622430
2632712
2624407
2619483
2618540
2618318
2612475
2626388
2620707
2622844
2625971
2626718
2620643
2626830
2629326
2622333
2622330
2623706
2615839
2619810
2624348
2617228
2624077
2620820
2620562
2611799
2618858
2623859
2625439
2621073
2616182
2622154
2627627
2619154
2610231
2618580
2618704
2626768
2614107
2624231
2611160
2626041
2629853
2628907
2623033
2626011
2623804
2624254
2626041
2617002
2614625
2625664
2623178
2621666
2624960
2624434
2621401
2615095
2617230
2611640
2619055
2623264
2621285
2619356
2613599
2633622
2625476
2625274
2617606
2617675
2615323
2622434
2616134
2615364
2617334
2620223
2623459
2615559
2622039
2618316
2617961
2619865
2617115
2625053
2609122
2620103
2624686
2614451
2619096
2616298
2621625
2620701
2622944
2631382
2620376
2618886
2633509
2623264
2615776
2610103
2619799
2620468
2621139
2615475
2622174
2621912
2622330
2621317
2618010
2617163
2616639
2617557
2618338
2621423
2617287
2623549
2612903
2631033
2627220
2629752
2620130
2614077
2624794
2628044
2619430
2617697
2624021
2627881
2619253
2622067
2619420
2616950
2622437
2617287
2608274
2618211
2620977
2614528
2615364
2628427
2616752
2622843
2606805
2627363
2620611
2619183
2618051
2613899
2614904
2618842
2625757
2618739
2625952
2610832
2617044
2611244
2622894
2618740
2619085
2619097
2620367
2620918
2620989
2628676
2617894
2618907
2623195
2626348
2623237
2618606
2619417
2616328
2620293
2617667
2617213
2627889
2616606
2618656
2615406
2619417
2624478
2615815
2622110
2612280
2617100
2616514
2624243
2630239
2618764
2622119
2616798
2614294
2622049
2624063
2617030
2611196
2611326
2616530
2619781
2623877
2619626
2622361
2620140
2623117
2618821
2626693
2623136
2619325
2620608
2622657
2618560
2619600
2620129
2621831
2610236
2620748
2623277
2611292
2628453
2616957
2618447
2612989
2613747
2631112
2628917
2625167
2618035
2617658
2614337
2619505
2622403
2619732
2621316
2609730
2628274
2618749
2625026
2621826
2615184
2623803
2622688
2625284
2633353
2624060
2615444
2610992
2623572
2614957
2617187
2619819
2612832
2635929
2621448
2613905
2630969
2613749
2621176
2620830
2616895
2612761
2621639
2621454
2620265
2621331
2624864
2629110
2621027
2614419
2619062
2621384
2623437
2619373
2613064
2615483
2626156
2616291
2614761
2616764
2615912
2620139
2618156
2611740
2615404
2618486
2613287
2626940
2621750
2614388
2630681
2607968
2617987
2630835
2620786
2616058
2625631
2628471
2628829
2613975
2612885
2620629
2618049
2609663
2620088
2611037
2620942
2618432
2611435
2613388
2623868
2625829
2617513
2621756
2623232
2617055
2617569
2620619
2630142
2617631
2616439
2628235
2614067
2621834
2620895
2627688
2619584
2613073
2626299
2629295
2619618
2617219
2611654
2619652
2618388
2623130
2622519
2613679
2625590
2616466
2617528
2626756
2615166
2612509
2628690
2609580
2629901
2623761
2614813
2620445
2619296
2615392
2627848
2618878
2616564
2616930
2612730
2615253
2615192
2628145
2623474
2616052
2618870
2617751
2624838
2617483
2620541
2612977
2605301
2624481
2615705
2622239
2613443
2615437
2614567
2620493
2619023
2620248
2622146
2622223
2626446
2622630
2618273
2617046
2611296
2616017
2627559
2624145
2622684
2624284
2626543
2617251
2617748
2618075
2618981
2624540
2615205
2613984
2620623
2609111
2620761
2623430
2621498
2620047
2616945
2618065
2626423
2624998
2619682
2621170
2623523
2615588
2622367
2617417
2616903
2629751
2621358
2618400
2616874
2615758
2629019
2623413
2629133
2629199
2621233
2618341
2616684
2618055
2611752
2620608
2622778
2616754
2624955
2620692
2626845
2622643
2625172
2622060
2627485
2613706
2618392
2625155
2627115
2618423
2623342
2614416
2626232
2613098
2622898
2618665
2619525
2617570
2615923
2624029
2621511
2610651
2617538
2609101
2613780
2620247
2623385
2618999
2622920
2619169
2622557
2617471
2622299
2616187
2611653
2614119
2615291
2626400
2617991
2616808
2614496
2612152
2618991
2615662
2624171
2624984
2612163
2625046
2629465
2612723
2618446
2625187
2623850
2628898
2620557
2619363
2619271
2622670
2620815
2625396
2621436
2612286
2629188
2620631
2619407
2625607
2618979
2617713
2616105
2617750
2616758
2622607
2619609
2629540
2620184
2619779
2625403
2618199
2612200
2612631
2617992
2623889
2615788
2625740
2620225
2617142
2619087
2614846
2615326
2614126
2624307
2621724
2618622
2621037
2620914
2616062
2619419
2628778
2614959
2613584
2620051
2619015
2621765
2617652
2618222
2616992
2621416
2624929
2616904
2619605
2623021
2615122
2615945
2614538
2618036
2614142
2622981
2625554
2628433
2620666
2621059
2619352
2618246
2614895
2617378
2618484
2618719
2627066
2618150
2623196
2617843
2614019
2619035
2618041
2613675
2622964
2619451
2618995
2626809
2623689
2625742
2615570
2611778
2620265
2625487
2618203
2616959
2613308
2613432
2621928
2624169
2622362
2614177
2616026
2623702
2634673
2622452
2610285
2619366
2620475
2616549
2619769
2614079
2618693
2622846
2621626
2615725
2620121
2618603
2616124
2622204
2620744
2617249
2620689
2616815
2618569
2620629
2613683
2625027
2618871
2615789
2635301
2615863
2622225
2633333
2626187
2628538
2611275
2616565
2618353
2617108
2617253
2621446
2626382
2622797
2627949
2631049
2623757
2615724
2626770
2628086
2615990
2629390
2613721
2621610
2619653
2618226
2619126
2620026
2623621
2611590
2615783
2622484
2617639
2615474
2625208
2621283
2615652
2618564
2618918
2622137
2624942
2623326
2616605
2620003
2603876
2616434
2623785
2617739
2620027
2618560
2615907
2631014
2620345
2613659
2619493
2620586
2625655
2615760
2610202
2625648
2622947
2619577
2627494
2626922
2626985
2630873
2630822
2622289
2618563
2618464
2625791
2625807
2626692
2616587
2619274
2618240
2610817
2613592
2620041
2613832
2622218
2620564
2620074
2622048
2625788
2619887
2624042
2617009
2621364
2626851
2616390
2624327
2616510
2615446
2626349
2618140
2614980
2617870
2619303
2614851
2615046
2618321
2621204
2612754
2613475
2618051
2627674
2626340
2615398
2616829
2616732
2617724
2630288
2620096
2607759
2613489
2626315
2610955
2620820
2627455
2621296
2621541
2614660
2615434
2621256
2619757
2617878
2615850
2628288
2620633
2619046
2622422
2612348
2628243
2617916
2621765
2624737
2616968
2614841
2614039
2618438
2618577
2618299
2620876
2622830
2616347
2617756
2625691
2618619
2622518
2620461
2618310
2621987
2616394
2619296
2613695
2616832
2620828
2622809
2610807
2622314
2619389
2621744
2621442
2626452
2625647
2623692
2618499
2621986
2618565
2619566
2627234
2620632
2623075
2620997
2611676
2614651
2618399
2618510
2621163
2620566
2629885
2622882
2622410
2617795
2629373
2622970
2622596
2621564
2625127
2629239
2619152
2621573
2614906
2615877
2621712
2625508
2629822
2610124
2619576
2629893
2625775
2629425
2615983
2618325
2621157
2626461
2621372
2623113
2620400
2615451
2620622
2622336
2624191
2622355
2617713
2625060
2621658
2626144
2623500
2624645
2616853
2611930
2612316
2631531
2623535
2620137
2630533
2624202
2610119
2613624
2615342
2612905
2616166
2622651
2617384
2617239
2624124
2622533
2623293
2615914
2627398
2620837
2636596
2616809
2634440
2616204
2616381
2617985
2626293
2626692
2624798
2630211
2614736
2632582
2617430
2616059
2629492
2619737
2621888
2623582
2616271
2614374
2620001
2622673
2613408
2622563
2629225
2614926
2619986
2621730
2623649
2622107
2622167
2618262
2623383
2615973
2620465
2617805
2620697
2619692
2617020
2613808
2619066
2625746
2617867
2621876
2616287
2619897
2613903
2615899
2622737
2626732
2619700
2616352
2620949
2628168
2614364
2619581
2611173
2622232
2623450
2616386
2618235
2629578
2610629
2616650
2627107
2615627
2626113
2617778
2624187
2612282
2616814
2618972
2614673
2622378
2625256
2621525
2616420
2617100
2623581
2614160
2618773
2628779
2621298
2620769
2613338
2620089
2615493
2625788
2621175
2619392
2623589
2624061
2614858
2624723
2625784
2613808
2616960
2627836
2624061
2618687
2618323
2616803
2615024
2617447
2618057
2620862
2620573
2617534
2615677
2616445
2621495
2614209
2615182
2621141
2622657
2623069
2619318
2629490
2616882
2622312
2617624
2610176
2619207
2620779
2633160
2620338
2624873
2614304
2616249
2622969
2610201
2619612
2624114
2623087
2618833
2610001
2627078
2608392
2623599
2625165
2622313
2614385
2610702
2625555
2620934
2618198
2610691
2614979
2615675
2627187
2615216
2620557
2628562
2625621
2609837
2630304
2607210
2620889
2622918
2630052
2628542
2627567
2614151
2618258
2615376
2631946
2614070
2623539
2615787
2610742
2615367
2616269
2624022
2619604
2620981
2623755
2624469
2618827
2623270
2611459
2631076
2622636
2611250
2624625
2632525
2608897
2621912
2618458
2616687
2616844
2614675
2611744
2618625
2621061
2621268
2616003
2619686
2619064
2620267
2612418
2625674
2621308
2622598
2624526
2612821
2622906
2618708
2623082
2616274
2617020
2629145
2627493
2620240
2625516
2616047
2623613
2624730
2625507
2622062
2621919
2621007
2622511
2619907
2621213
2624223
2620113
2619644
2609179
2628838
2610995
2631264
2621225
2623753
2624490
2627584
2617916
2626019
2618290
2629654
2625187
2612576
2626781
2623273
2614273
2614713
2621420
2622489
2628768
2621776
2620723
2625241
2620212
2615741
2622591
2618981
2628850
2618426
2619715
2615233
2616283
2621521
2624957
2617628
2621606
2618127
2616724
2620727
2619067
2616152
2624609
2615275
2618413
2612571
2618986
2615570
2625344
2620344
2618675
2623323
2622520
2616405
2623375
2615163
2621473
2621643
2614204
2619506
2617225
2621364
2624126
2617054
2617134
2620675
2625669
2623076
2613488
2625790
2612975
2621989
2625138
2622687
2623961
2619593
2629227
2624123
2620844
2628858
2616445
2627865
2616166
2624635
2626758
2627981
2617908
2619987
2625216
2618969
2618448
2629387
2620431
2623441
2625399
2627553
2614277
2616732
2620916
2629588
2615051
2623205
2621970
2614748
2614706
2623110
2618644
2617530
2619122
2620050
2616971
2614710
2617722
2621515
2625211
2618928
2627469
2624717
2612247
2619616
2618997
2608168
2616581
2614787
2620003
2612305
2624112
2631535
2623157
2617440
2620831
2613360
2621603
2627225
2617433
2619339
2616887
2621071
2617142
2619816
2615729
2625986
2627022
2623056
2615946
2620090
2626627
2613265
2611881
2633090
2628513
2627404
2622380
2623733
2620289
2610648
2618983
2625978
2616205
2616102
2621222
2619364
2614722
2623458
2615071
2619592
2623604
2621889
2616478
2621184
2620413
2624469
2616394
2624932
2620313
2622982
2613705
2622503
2623673
2618020
2626253
2611112
2614823
2607054
2618304
2619111
2616912
2617815
2620233
2621406
2620709
2619783
2617176
2631335
2622159
2633393
2615086
2617547
2627620
2623202
2624548
2622063
2621214
2634243
2616427
2622589
2618894
2616212
2612692
2629750
2615699
2612110
2616748
2630445
2620264
2628356
2617548
2622094
2619203
2632800
2621260
2623929
2618644
2621132
2621610
2626150
2612151
2625214
2623398
2620649
2613645
2620746
2619257
2606916
2620508
2618986
2619615
2619270
2620270
2616437
2615961
2617887
2629056
2617563
2617051
2624906
2622396
2617758
2614886
2620378
2623106
2620913
2616646
2620323
2620188
2621777
2627817
2620082
2615399
2620692
2619637
2621477
2617239
2612968
2618877
2621770
2607756
2618325
2621364
2622826
2622194
2620836
2620526
2617908
2618694
2615117
2624201
2625372
2617803
2614321
2623536
2617992
2630140
2616054
2628143
2618920
2622378
2622895
2619685
2625868
2633812
2617473
2613486
2619174
2621947
2631128
2619131
2618237
2613210
2616038
2626916
2622801
2612813
2618324
2621953
2616092
2619101
2620507
2620725
2630964
2627488
2625428
2616424
2623639
2627805
2623452
2626199
2616666
2620927
2617012
2611620
2618594
2615816
2620034
2616588
2616410
2624725
2617690
2613413
2618959
2617990
2615828
2616705
2622626
2626882
2623991
2621510
2617120
2623905
2614631
2623583
2611964
2617894
2616380
2621968
2619291
2611594
2613989
2623434
2610540
2613110
2614455
2619136
2625326
2625783
2626568
2624223
2615478
2618394
2619189
2622868
2622548
2616243
2612264
2619248
2626910
2617138
2612783
2619657
2627665
2613544
2619626
2629487
2623471
2617254
2618459
2626758
2619110
2617544
2623370
2629800
2618608
2625579
2619886
2625995
2618213
2617708
2616451
2617832
2620922
2623420
2613654
2619248
2617120
2629324
2616070
2626666
2616284
2629978
2621838
2623304
2618547
2621229
2621456
2621946
2616122
2616620
2618145
2619869
2630246
2627270
2613579
2624620
2620061
2619085
2618045
2616753
2622155
2627642
2624362
2611098
2624131
2621186
2628019
2630194
2630642
2609349
2609462
2621347
2614354
2618769
2615935
2614540
2621036
2616932
2620599
2621547
2621636
2615012
2618464
2620431
2614568
2614142
2614704
2616736
2620815
2622364
2617513
2612063
2629430
2620232
2616633
2627062
2618671
2621876
2626541
2630203
2621380
2630993
2618740
2611804
2617062
2623467
2628057
2612701
2620109
2632022
2618412
2614561
2623081
2616616
2623996
2617523
2614911
2625491
2616490
2611633
2620030
2627310
2623719
2626903
2624884
2621002
2616826
2617691
2616948
2622154
2619385
2627952
2620398
2619130
2614306
2629054
2630261
2611038
2616457
2614588
2623807
2616695
2629947
2626254
2618374
2621582
2614862
2616731
2625517
2615164
2621718
2623945
2617974
2611472
2618422
2608143
2622528
2627185
2616217
2619872
2616145
2622469
2621478
2618538
2627192
2620029
2613209
2624451
2627626
2614322
2617034
2614641
2616353
2623060
2615364
2617263
2620323
2612647
2618599
2622481
2615959
2622702
2621232
2612245
2627156
2623080
2619312
2627796
2619823
2616028
2628984
2623769
2628526
2616667
2627983
2622429
2615694
2614731
2632523
2621240
2621227
2622564
2616568
2622241
2611919
2627277
2606642
2623569
2613576
2619839
2615885
2616604
2619876
2613160
2620874
2617742
2619165
2610897
2620025
2623880
2618110
2624142
2613415
2624333
2613429
2615219
2619777
2619632
2616769
2624862
2612397
2623840
2615640
2625918
2618913
2620642
2618138
2616760
2615421
2625013
2626526
2619599
2620483
2621001
2612992
2624484
2615830
2619741
2622749
2616551
2622673
2615936
2612964
2614284
2614704
2620454
2625223
2621370
2616656
2615394
2621673
2625764
2621877
2617816
2624630
2618211
2624395
2623864
2614502
2619234
2623513
2617089
2625163
2615838
2616633
2628610
2612847
2621166
2623165
2619580
2612909
2619876
2621401
2621936
2627975
2621748
2625972
2614920
2621606
2622910
2620095
2624302
2614683
2622689
2621492
2631506
2617855
2625666
2615746
2616626
2613282
2624888
2620947
2616858
2618626
2619245
2620631
2623859
2619888
2628783
2623466
2614257
2616757
2622836
2615264
2625343
2624826
2622662
2623895
2617676
2622986
2616909
2624313
2610411
2622517
2621386
2614438
2613974
2611931
2623205
2618443
2626893
2621634
2626092
2621023
2616148
2625301
2624789
2634555
2611659
2630358
2616626
2619382
2620317
2618687
2621464
2628076
2612479
2617679
2630692
2624658
2625603
2614086
2619648
2623885
2626131
2620547
2620549
2625999
2619469
2610267
2618723
2616322
2629201
2613816
2616287
2620682
2614568
2624965
2615116
2621614
2611877
2625322
2627981
2625051
2622458
2618133
2613579
2616940
2612282
2617727
2613806
2623395
2620633
2614221
2620274
2623598
2623071
2630962
2617755
2613693
2615870
2621107
2626747
2627766
2615609
2622170
2618528
2623232
2625217
2621510
2624026
2622467
2627099
2615653
2616688
2622063
2624357
2618045
2613108
2608554
2624907
2619876
2618536
2619015
2614515
2622087
2619683
2622773
2616596
2617179
2615349
2624261
2618531
2625754
2625740
2621163
2623767
2619371
2624968
2621670
2616279
2621596
2631131
2615676
2618161
2626858
2624182
2616896
2618737
2617622
2614723
2619499
2619305
2624478
2621339
2622405
2623621
2612607
2616395
2615028
2623541
2617035
2616433
2623583
2618728
2617080
2614928
2621908
2618950
2618683
2619553
2620117
2622785
2605510
2620466
2629579
2613294
2621083
2621042
2620093
2618700
2615447
2633892
2621747
2610405
2617605
2617472
2612361
2619710
2623846
2615317
2622511
2622678
2626335
2622270
2615719
2629164
2625835
2626097
2611469
2629145
2616839
2611496
2621680
2626350
2619501
2623733
2614714
2612886
2618755
2613002
2613662
2621341
2633789
2618949
2613972
2612322
2617041
2627197
2626811
2624997
2617822
2624326
2619247
2622934
2629491
2615036
2609625
2613096
2606929
2618710
2623829
2625379
2615164
2624214
2628746
2624741
2620773
2620793
2621097
2616251
2612369
2613213
2613692
2607830
2618395
2621493
2615714
2613788
2615617
2619166
2620048
2624847
2618105
2629406
2627208
2617239
2621450
2615265
2624797
2614457
2615347
2617680
2622206
2612581
2619182
2619237
2623284
2616585
2611151
2623257
2620948
2623663
2628452
2628021
2621259
2620782
2622970
2625834
2616965
2625879
2621940
2615840
2622572
2620599
2625886
2620574
2617510
2617189
2620810
2615713
2617991
2626604
2620903
2618183
2615857
2625748
2618585
2621713
2627330
2625346
2607033
2614734
2624083
2611131
2614255
2624018
2620069
2618293
2623518
2609944
2632364
2611710
2621252
2618737
2619652
2622888
2620862
2617719
2621743
2618353
2630118
2631507
2625649
2624556
2617486
2610636
2616315
2622789
2619959
2610775
2617037
2616360
2616769
2615159
2605958
2615762
2624789
2617877
2624668
2625834
2621537
2621302
2626190
2616450
2624735
2610437
2618050
2620115
2618849
2617473
2623364
2625453
2626847
2621273
2615899
2624247
2614518
2621912
2613952
2624159
2614493
2622154
2617016
2615613
2616497
2618781
2622006
2625413
2621807
2615436
2626269
2622901
2613375
2621185
2611817
2617820
2612197
2617080
2629155
2624143
2630916
2617824
2624249
2616372
2625420
2624167
2616081
2617704
2615682
2618464
2623451
2625017
2613129
2622073
2624677
2627718
2620862
2617274
2617232
2617074
2613095
2625898
2618456
2616348
2608515
2618336
2616523
2616998
2625035
2623521
2616063
2614625
2623579
2615231
2620724
2624953
2619624
2626104
2624422
2626478
2619965
2616548
2613751
2618076
2630846
2621979
2624157
2615030
2609051
2622117
2622833
2621579
2615995
2627363
2618475
2631306
2625724
2623832
2623251
2624892
2616207
2628439
2627696
2616971
2611934
2621003
2615005
2613812
2620834
2615886
2615221
2621743
2624705
2612739
2616321
2616852
2618207
2616558
2623034
2616555
2615318
2630456
2625518
2620845
2616850
2626691
2622996
2630526
2609886
2617987
2620692
2630975
2621575
2625833
2608821
2631414
2623003
2619345
2620470
2631803
2623327
2623498
2619336
2618167
2618216
2627948
2619440
2628981
2619820
2617411
2617899
2623318
2632175
2622736
2614263
2620908
2618229
2612361
2626982
2619669
2623891
2620973
2614838
2623754
2610606
2619236
2618274
2629248
2621842
2625274
2614112
2618009
2615404
2624684
2618164
2616110
2626829
2618144
2619128
2612060
2614511
2622957
2613996
2625031
2621447
2630774
2616128
2619900
2611819
2619877
2627728
2620696
2621797
2613583
2621812
2614017
2620124
2611509
2616134
2616848
2622923
2610319
2616592
2609369
2616840
2612492
2632172
2620384
2612250
2625625
2622264
2620151
2619381
2624015
2625521
2612130
2623328
2620537
2613641
2615095
2614978
2612943
2625303
2630044
2624793
2616895
2619878
2616347
2620574
2617058
2623793
2621963
2626317
2625797
2624146
2621613
2615822
2617707
2622238
2618655
2616607
2621787
2619861
2626896
2622027
2617165
2616933
2623064
2616022
2615623
2615972
2614549
2621664
2620482
2615463
2607858
2625804
2616986
2619768
2612297
2627864
2621403
2617184
2616536
2615768
2627519
2624944
2624041
2626275
2619110
2621863
2625315
2624346
2618323
2613882
2623156
2622830
2630173
2622943
2625740
2624118
2619648
2620632
2616092
2614483
2616808
2616579
2619495
2614519
2626642
2608800
2617892
2620714
2616164
2630159
2613735
2622941
2617790
2621427
2619323
2627312
2617539
2627838
2627018
2625804
2617837
2615294
2617814
2614187
2626496
2624524
2623770
2620907
2623053
2615427
2611587
2627629
2619749
2620382
2616790
2618124
2620183
2616541
2625757
2610348
2626209
2624366
2619448
2623906
2620717
2621381
2613083
2619502
2618523
2619394
2620184
2631838
2625857
2617747
2620483
2616047
2617753
2618198
2622266
2624826
2621511
2625563
2620664
2623137
2630459
2610986
2620218
2619011
2626287
2619476
2621969
2619870
2619800
2620307
2614723
2624371
2609652
2626037
2621815
2619815
2625532
2623895
2619633
2612418
2623176
2611319
2615608
2618393
2625243
2629514
2630979
2623189
2610668
2627365
2622771
2632829
2622034
2618503
2613872
2623785
2618738
2614507
2611223
2621975
2624649
2613295
2613906
2614220
2620432
2624506
2609403
2622583
2621923
2629776
2614096
2621746
2610189
2625026
2615060
2619584
2625209
2614542
2615059
2614197
2621625
2619016
2616506
2619423
2627644
2616311
2623150
2620074
2613670
2624117
2611814
2636725
2621158
2610923
2613417
2618495
2619132
2622695
2620269
2617778
2617039
2620919
2623922
2613801
2617510
2620636
2620140
2620063
2613370
2614265
2614685
2621924
2617382
2617622
2611442
2618722
2626119
2624237
2628104
2625407
2616921
2618595
2622834
2613900
2627338
2622566
2616078
2623730
2614943
2628056
2615998
2623460
2628099
2616481
2621644
2616602
2625736
2625521
2612141
2628321
2618852
2623332
2622632
2623042
2621975
2618053
2617541
2624557
2616452
2626783
2615109
2621276
2623389
2618108
2616947
2619622
2619659
2610286
2624589
2624704
2626025
2632565
2609264
2614739
2604487
2624365
2623276
2625706
2615415
2616569
2622596
2620059
2620903
2620308
2627322
2624303
2609536
2620705
2619308
2619614
2627284
2619579
2621615
2608758
2631997
2619714
2631635
2611644
2613229
2617299
2619160
2617151
2625719
2625331
2614312
2627777
2613633
2624028
2618780
2614844
2617310
2619564
2617583
2629422
2618440
2624422
2619395
2625054
2616599
2616973
2618903
2616760
2618558
2612247
2621440
2621020
2612499
2620929
2632754
2619976
2616602
2626884
2619942
2626412
2628322
2615947
2620414
2619589
2622712
2614468
2617793
2616085
2622972
2622579
2627949
2621067
2622538
2616277
2615131
2618310
2623277
2622568
2614166
2620261
2617068
2626877
2621963
2615489
2620927
2613753
2627857
2626306
2608358
2614487
2620782
2612689
2623206
2620485
2623636
2623440
2629216
2619192
2617518
2621085
2618316
2619881
2616599
2629336
2629942
2624350
2620945
2622838
2612589
2619263
2623057
2616032
2620369
2618588
2614161
2627232
2626920
2618150
2618623
2622329
2621061
2621548
2626017
2621014
2615217
2622716
2612223
2616998
2626383
2613101
2614671
2627149
2626293
2624176
2614560
2620218
2619778
2616361
2625233
2617057
2631543
2621759
2616122
2615531
2631708
2618116
2620912
2629996
2623186
2621473
2617818
2620277
2619981
2616953
2620691
2622107
2616232
2620572
2621223
2621382
2611695
2618611
2628656
2629073
2627065
2621568
2620418
2617268
2620992
2616876
2622680
2612441
2623631
2627059
2628561
2617891
2613606
2621480
2623419
2611195
2617768
2620947
2613704
2627584
2622684
2613750
2620178
2627715
2618065
2626584
2616056
2623551
2623354
2621288
2615309
2612582
2611581
2623768
2616774
2620384
2618580
2621162
2619547
2614717
2617688
2619791
2619565
2612888
2619402
2626412
2620418
2627841
2621840
2617540
2626389
2617283
2614205
2621565
2618038
2621514
2618915
2627462
2631683
2618871
2614020
2617377
2619861
2620094
2628820
2607763
2626077
2620949
2623069
2614808
2616362
2620168
2616075
2612687
2620169
2610517
2626297
2616345
2617387
2617836
2620629
2621982
2621562
2611147
2615180
2627988
2630083
2617306
2619438
2627431
2625151
2620371
2620101
2633189
2626493
2620419
2614016
2611868
2620254
2625577
2618578
2627384
2621864
2622486
2615510
2619189
2626611
2626970
2617463
2625551
2626606
2625455
2626376
2629364
2622722
2621028
2620960
2615310
2625333
2625807
2622159
2619282
2617147
2627879
2619280
2621885
2606549
2617585
2624692
2624964
2614824
2614340
2627970
2613751
2612865
2615797
2615677
2624007
2606212
2614549
2618069
2615755
2626062
2626167
2619893
2617035
2620541
2615674
2627587
2620264
2620261
2616267
2614783
2626438
2620138
2609638
2622430
2613652
2621279
2619266
2621307
2619945
2612179
2626203
2622446
2611472
2611037
2619293
2609471
2628744
2617015
2620948
2624234
2613530
2626328
2624029
2619977
2614645
2615932
2617901
2617609
2620887
2621606
2624638
2610022
2613318
2611175
2624570
2625013
2622219
2614918
2618909
2621048
2617635
2617379
2622188
2621411
2621790
2616480
2626368
2615708
2623504
2628066
2622362
2623261
2631143
2617819
2617304
2612749
2618800
2624649
2619915
2625034
2623081
2614278
2623631
2618784
2611519
2621884
2613674
2630620
2615924
2614293
2623625
2627444
2624934
2625280
2621420
2613525
2627010
2617413
2620906
2624088
2619808
2621976
2625683
2611788
2617965
2612947
2617367
2618712
2625047
2608918
2611438
2625727
2613698
2616040
2610604
2623962
2620341
2622956
2620987
2624609
2617401
2621649
2619471
2628407
2622650
2621558
2619820
2620495
2619264
2618449
2618336
2618578
2618677
2618043
2615795
2627073
2619390
2619273
2620778
2617784
2626103
2617179
2614458
2619698
2613966
2619052
2614817
2617810
2621515
2612468
2616357
2624484
2613217
2613606
2620553
2621663
2622192
2622432
2619590
2622455
2620212
2622406
2617398
2610032
2624272
2616082
2620750
2624768
2623616
2625025
2619639
2615691
2619679
2620279
2613368
2613828
2623497
2620933
2614932
2620682
2623266
2619309
2616146
2620830
2617959
2611926
2610127
2617883
2612126
2622605
2623330
2631197
2618860
2625624
2623378
2621440
2625309
2613808
2616472
2618376
2620889
2621602
2625723
2625431
2612091
2618322
2625475
2625523
2626133
2626874
2612097
2618115
2612934
2619546
2617526
2612804
2607332
2617800
2614456
2611348
2624047
2612991
2620582
2619187
2614554
2619130
2612984
2620281
2623748
2617216
2615263
2616920
2621017
2618790
2624878
2622409
2623223
2619300
2623101
2624103
2621515
2615147
2613885
2618607
2617300
2613386
2617752
2624410
2626074
2619585
2615037
2614035
2619738
2614956
2621402
2612930
2609817
2626522
2621979
2613847
2615585
2616954
2627125
2616277
2618253
2620240
2622771
2620344
2618906
2625745
2626790
2620215
2625890
2615120
2618635
2613776
2623611
2620044
2617356
2624080
2623008
2618685
2620598
2621369
2615109
2620464
2622407
2620647
2621774
2620515
2617046
2622285
2615593
2613748
2618337
2623125
2615101
2616973
2629814
2621063
2618116
2620983
2618376
2623153
2626689
2619715
2617375
2617445
2617189
2621378
2627841
2622668
2627248
2615749
2622078
2612796
2616944
2615327
2621466
2617796
2614643
2620580
2623119
2619208
2619813
2623972
2612121
2620702
2624034
2614700
2619643
2625966
2615504
2622295
2616771
2617935
2623850
2625638
2620805
2624299
2627939
2621838
2617830
2626486
2614796
2619795
2613819
2613311
2616354
2629388
2624343
2622417
2617736
2622208
2627304
2615145
2621441
2622186
2615812
2620598
2622084
2614061
2623699
2627471
2620226
2618232
2616967
2618953
2610725
2623176
2626825
2619298
2616986
2620794
2616613
2622962
2609070
2615898
2621960
2619986
2623002
2625704
2626290
2620011
2618876
2622992
2610715
2617496
2619661
2629505
2616527
2616863
2617677
2617689
2609542
2617653
2618603
2617874
2625538
2622134
2613890
2620568
2612192
2625929
2608399
2619164
2623672
2620824
2620373
2615799
2612557
2618149
2623041
2621772
2621222
2619921
2613271
2614345
2617064
2621429
2617467
2614816
2619952
2616750
2624888
2617552
2626505
2622432
2627847
2621402
2621743
2617548
2627848
2620924
2619783
2624530
2615878
2614344
2613779
2621010
2622022
2619285
2618036
2625684
2614508
2616708
2622317
2621202
2626042
2621244
2630277
2616540
2624881
2603760
2619079
2628565
2621660
2620988
2619981
2624444
2620615
2619982
2619251
2620679
2614399
2616307
2616401
2626861
2613510
2626235
2628429
2613987
2622960
2612596
2617828
2611533
2623581
2616200
2612407
2617040
2619068
2614809
2616912
2626269
2629007
2612627
2613573
2619834
2627320
2610390
2614824
2614604
2621223
2617169
2616544
2632158
2618744
2621794
2610508
2628875
2624164
2609633
2617970
2611308
2616393
2618163
2621889
2620010
2610974
2622581
2626504
2623370
2621771
2613128
2613390
2626570
2622052
2620619
2620124
2620053
2617699
2620607
2622575
2619072
2616103
2614585
2625054
2622649
2621394
2613173
2615943
2622679
2625819
2620390
2621384
2619036
2620595
2609683
2622032
2618910
2616552
2619794
2624042
2626036
2621006
2624088
2618664
2614417
2612989
2620095
2620046
2626099
2617867
2615698
2624739
2622052
2621459
2620977
2614659
2615955
2614877
2626819
2612249
2615462
2614651
2624913
2623328
2621494
2615595
2623338
2623543
2618488
2615636
2624393
2624396
2618685
2628310
2619047
2616846
2626607
2626254
2622053
2612249
2622894
2615614
2622445
2622099
2620545
2618017
2610143
2616888
2621517
2616752
2610494
2619462
2621156
2616448
2621101
2621383
2612284
2614305
2622492
2626051
2624121
2611126
2615595
2622292
2625009
2617424
2622227
2609077
2621532
2611304
2611292
2619856
2618062
2619371
2626477
2615841
2623754
2617477
2616730
2628894
2619145
2627176
2620473
2616492
2616120
2617481
2618466
2621667
2617286
2621151
2611737
2625410
2617556
2629928
2618648
2614345
2625915
2620108
2614887
2615965
2619545
2622752
2617536
2624923
2626308
2627897
2617948
2618701
2620973
2613345
2622936
2623316
2618776
2623594
2619006
2625195
2624013
2617189
2622318
2618118
2620409
2627431
2615750
2614114
2625040
2610749
2622812
2625043
2617019
2618527
2614163
2617591
2621335
2626348
2631595
2625317
2625354
2621825
2619016
2606849
2623695
2624875
2609131
2623074
2627539
2625304
2625925
2618793
2620705
2622330
2614811
2622222
2616079
2621926
2618424
2612584
2616166
2620378
2619334
2613847
2628253
2618682
2614029
2621782
2613753
2623942
2626388
2620042
2609424
2621850
2617203
2618770
2625125
2616537
2621505
2620524
2615068
2621390
2623389
2618819
2626484
2618001
2613482
2617744
2619671
2621100
2617668
2613324
2608879
2622984
2618203
2624418
2614801
2618356
2614743
2624439
2614191
2620360
2618180
2627728
2616689
2610872
2621865
2617392
2620470
2625011
2617013
2624078
2624770
2620364
2617845
2620672
2620453
2615823
2626738
2617169
2623638
2616681
2614361
2617038
2618379
2625153
2618474
2621025
2621980
2627322
2614077
2621121
2617048
2620083
2632454
2621274
2620057
2617602
2619802
2619957
2616944
2623481
2614995
2619138
2617578
2618294
2618951
2623096
2625112
2615686
2612315
2616223
2619687
2622815
2613575
2623379
2621855
2626407
2617807
2626001
2618743
2617664
2609431
2610083
2626073
2627946
2617344
2618568
2623841
2613366
2614146
2618276
2629279
2619591
2619951
2620914
2621728
2614003
2619568
2618369
2618889
2614529
2628077
2621563
2620463
2623186
2610356
2627302
2612169
2623594
2615750
2620502
2612775
2614852
2628357
2619514
2623410
2624783
2622556
2625377
2625236
2619392
2620767
2617990
2621951
2624242
2618458
2624675
2622201
2626896
2613308
2619014
2617821
2628642
2627104
2611089
2625380
2623088
2624507
2607917
2614020
2615961
2617274
2622662
2627085
2615591
2619465
2617917
2621036
2628241
2630050
2627452
2621536
2625378
2619993
2617842
2619023
2621386
2618159
2621444
2612346
2613635
2624407
2623376
2621422
2622019
2618093
2619686
2621167
2625157
2618341
2615182
2613517
2622430
2625535
2620015
2624111
2616307
2623278
2616716
2610414
2619050
2624932
2624549
2627017
2620954
2619150
2623667
2619291
2620761
2612691
2619606
2612895
2624501
2619585
2619135
2624752
2626309
2622922
2617058
2621382
2617329
2617774
2619307
2620123
2618180
2623921
2614764
2616742
2619009
2624303
2627150
2619074
2619032
2617469
2619226
2619275
2627812
2617732
2624289
2613130
2616621
2620099
2614042
2621549
2615578
2627206
2620719
2634372
2616479
2626240
2620038
2620509
2620349
2618355
2624338
2626284
2619374
2627728
2622293
2613978
2627754
2622233
2626286
2636997
2621043
2625676
2613409
2623485
2619608
2624977
2609597
2615065
2616848
2619711
2614866
2615679
2625352
2613140
2618826
2615861
2620946
2631240
2617321
2621181
2627322
2626007
2614132
2622184
2616763
2621487
2622450
2619767
2625094
2618504
2618137
2614056
2614662
2614257
2621491
2624191
2619052
2623866
2619264
2620511
2623861
2619209
2610178
2617940
2624635
2628213
2614869
2623703
2625244
2615725
2614607
2619218
2622760
2613530
2616630
2623431
2634978
2625087
2626366
2618059
2628528
2616314
2626295
2631582
2616393
2621290
2614681
2621250
2624256
2613459
2616427
2620494
2614846
2623204
2623167
2629830
2624693
2609582
2622565
2619607
2620378
2619949
2618209
2620392
2629594
2625467
2619500
2630694
2618865
2619158
2622675
2616268
2615964
2625540
2619948
2617473
2622973
2630286
2618579
2627963
2618370
2620527
2617372
2615067
2623324
2621685
2618085
2623227
2621165
2615567
2617197
2628227
2611852
2618574
2614538
2619743
2618083
2622443
2623490
2626401
2618114
2622501
2631760
2616350
2626312
2613218
2616701
2618947
2612029
2618882
2627581
2626065
2622009
2620642
2624459
2617405
2618325
2619807
2618843
2618281
2620457
2622820
2622937
2616173
2622909
2619827
2621555
2618347
2621715
2626003
2623956
2613510
2627677
2620432
2623846
2616385
2622094
2620436
2612796
2613728
2618655
2625132
2615487
2618568
2617903
2620554
2622600
2622561
2619570
2612285
2621576
2635502
2621685
2610655
2621285
2620787
2622109
2621959
2620943
2611297
2618982
2613772
2629000
2620941
2619462
2617353
2613914
2620649
2621902
2622893
2623502
2620579
2612236
2620257
2621056
2616212
2618305
2623483
2611002
2624735
2622459
2617070
2608989
2627056
2618537
2624774
2621673
2625084
2622722
2620899
2630748
2626943
2617207
2623999
2611692
2615373
2607175
2624992
2625078
2624039
2618198
2618768
2621641
2621497
2619667
2623147
2622072
2622603
2629456
2622141
2610992
2619833
2620602
2614279
2624340
2629587
2624539
2623107
2624166
2635925
2625471
2625387
2623333
2617522
2621515
2618999
2622804
2613678
2618642
2620405
2612047
2620416
2619926
2622994
2622396
2617529
2623043
2612201
2614883
2618517
2612912
2628461
2618923
2625400
2622801
2615953
2612469
2618886
2611324
2623979
2619214
2619280
2618213
2613867
2624827
2628988
2620989
2614827
2617412
2627409
2625587
2621293
2610333
2625320
2618401
2619708
2621329
2616826
2624990
2617871
2612191
2622470
2616975
2620961
2620313
2608922
2619500
2614401
2620808
2621753
2618295
2617427
2613744
2627851
2614575
2618509
2625953
2626473
2613878
2617727
2615041
2620504
2622058
2617892
2615050
2620305
2615804
2619297
2619383
2622617
2619037
2618337
2623455
2617357
2625391
2619682
2622036
2623902
2618463
2620284
2629876
2614986
2616492
2608678
2616823
2615604
2629389
2616698
2621252
2621785
2627261
2614204
2615607
2616592
2623420
2618323
2618021
2620597
2620414
2620313
2608833
2618361
2614641
2623158
2618259
2622224
2620616
2620246
2609330
2615581
2622482
2613899
2616972
2615091
2615227
2616601
2619482
2620303
2621268
2622515
2619984
2621549
2615672
2631383
2628501
2618494
2618653
2619668
2632038
2618517
2625922
2614703
2624964
2626522
2623106
2629083
2630485
2623190
2615679
2616156
2616865
2621624
2613386
2625183
2616063
2615784
2616386
2627143
2615255
2619063
2629817
2622798
2629730
2615636
2620967
2624528
2613727
2613846
2619935
2611188
2619691
2620314
2622615
2621654
2621882
2622212
2621663
2614880
2628254
2630374
2618942
2619221
2620183
2615768
2620143
2619126
2616903
2617296
2611482
2626829
2615710
2616146
2620087
2620049
2619023
2621663
2621811
2628920
2620060
2613424
2615046
2616785
2622599
2621581
2621752
2613360
2613501
2627788
2625197
2618046
2616478
2621463
2623613
2628734
2622003
2623115
2623250
2623638
2617104
2621605
2626954
2624440
2616309
2616652
2616146
2624761
2621134
2617521
2628068
2625084
2627862
2616119
2620421
2616262
2617642
2618703
2620104
2617348
2623479
2623109
2615534
2628566
2619415
2624542
2621366
2612605
2613455
2615013
2614182
2610502
2625032
2623157
2627744
2615160
2625312
2624048
2627826
2615285
2623851
2626034
2618345
2619797
2622685
2622687
2614467
2614433
2615121
2620102
2624780
2623293
2614889
2617056
2622192
2610860
2627593
2620625
2618118
2628852
2624722
2622487
2611463
2622263
2632798
2616097
2628231
2624088
2620186
2624163
2616327
2625159
2622182
2623997
2617836
2615204
2615461
2628783
2619847
2631396
2617676
2627271
2617169
2620788
2613109
2622651
2620540
2627229
2614431
2629300
2622458
2618185
2626994
2620150
2620016
2617908
2625164
2607913
2611568
2619669
2617251
2618297
2623622
2622357
2618012
2626373
2616716
2623498
2615687
2629528
2620402
2622767
2620075
2619230
2613837
2623277
2614788
2628649
2622579
2626667
2624197
2616421
2625057
2625685
2614619
2612904
2626836
2620013
2627208
2624834
2625580
2614570
2622745
2614489
2614632
2625269
2616592
2620594
2607689
2611689
2613541
2628411
2618979
2616668
2615514
2623379
2614254
2621728
2620353
2621949
2617524
2627141
2615837
2612778
2613954
2620735
2621912
2621992
2616571
2619344
2607545
2621868
2615570
2618938
2613977
2613169
2614920
2607411
2630227
2622274
2620940
2620170
2618933
2630866
2623795
2617071
2616354
2619243
2623150
2625838
2628077
2618853
2618112
2622867
2625693
2615357
2626581
2619582
2619950
2624337
2612080
2627095
2617762
2622582
2608808
2618181
2618564
2616656
2613402
2619964
2620662
2617154
2619252
2614107
2617374
2634949
2626738
2612110
2613994
2627393
2619493
2621303
2615057
2623959
2621620
2611869
2616865
2621419
2616963
2612986
2617395
2618934
2628888
2620289
2620996
2617534
2620567
2621354
2621803
2623136
2611038
2626017
2615159
2618040
2622516
2611462
2615295
2618521
2618936
2618741
2619030
2616929
2621331
2612644
2612303
2625422
2617056
2620548
2626203
2615552
2618353
2623838
2614413
2624354
2613405
2616709
2618890
2611570
2617302
2610118
2619443
2613331
2614159
2619149
2617101
2621534
2629731
2622698
2619757
2619696
2616328
2620580
2619179
2624716
2623317
2617270
2612934
2619895
2625866
2616755
2623103
2621958
2620264
2622639
2628359
2615717
2620852
2618287
2614112
2617257
2619199
2627237
2623577
2622179
2616465
2618809
2628444
2611825
2620630
2613693
2627977
2615695
2622166
2618797
2619899
2631670
2618705
2621786
2617881
2617898
2627033
2610179
2614674
2618175
2619568
2619543
2621073
2623548
2619144
2617251
2618588
2619716
2625011
2622068
2626972
2623980
2629748
2612808
2630103
2617453
2623472
2617770
2618875
2612057
2617237
2619064
2620998
2613958
2618973
2603340
2620698
2619040
2615056
2613561
2617776
2616630
2616678
2625408
2626846
2614229
2611943
2618468
2618771
2618625
2615013
2616060
2623452
2616377
2622405
2613748
2618895
2625007
2618427
2619340
2620098
2620992
2619250
2619739
2619902
2622169
2620665
2624243
2620848
2620544
2624201
2624273
2623824
2620038
2610944
2619495
2613141
2623938
2617061
2626993
2623566
2617713
2620614
2614385
2626983
2624326
2616038
2621259
2620168
2628090
2622171
2618856
2623974
2624325
2612357
2616240
2616648
2627122
2621585
2616834
2619711
2629956
2618594
2619619
2627963
2618945
2616014
2608425
2621660
2611998
2625868
2619748
2615875
2615642
2619772
2612370
2618548
2610719
2620870
2622403
2619840
2630046
2632562
2622428
2622047
2627493
2627397
2623772
2622468
2617944
2610479
2625737
2619569
2614853
2607138
2629757
2622080
2618181
2624508
2622192
2609260
2616754
2612056
2617650
2617837
2624068
2614443
2621224
2623396
2624876
2624690
2618983
2614309
2616334
2615987
2622802
2616116
2621003
2619412
2609950
2613012
2632027
2616463
2614159
2617983
2614506
2618090
2617749
2622480
2615596
2620264
2622985
2623638
2614034
2613322
2619627
2627408
2620416
2623830
2628043
2623782
2614215
2620085
2618758
2618615
2616377
2618481
2620974
2620899
2615302
2619849
2616413
2629057
2619510
2611050
2620725
2616881
2618658
2616815
2630174
2621317
2614316
2617137
2620313
2619602
2615874
2622922
2620924
2626697
2625074
2626383
2623690
2614254
2619686
2623977
2624371
2621170
2613541
2622803
2616985
2615868
2617761
2619644
2619613
2615224
2617720
2621730
2627053
2620673
2618777
2618387
2622257
2617138
2609256
2618384
2614396
2618878
2627405
2610617
2621850
2626387
2615791
2616194
2619802
2623959
2624864
2624233
2619893
2608865
2616557
2613091
2623234
2617741
2620808
2616959
2615815
2607436
2627598
2617353
2624177
2612533
2621318
2625034
2631517
2618778
2627169
2628975
2614402
2612492
2616031
2617851
2632475
2620844
2617246
2618251
2617404
2614736
2614823
2622274
2629177
2614069
2614427
2623388
2618159
2612731
2617221
2624535
2618769
2625456
2627595
2618105
2616633
2610933
2618019
2619526
2613428
2635940
2616746
2613175
2624731
2615408
2626806
2619590
2628783
2625927
2619927
2620447
2621289
2621875
2619574
2627941
2627113
2627498
2624505
2618180
2621391
2612490
2619953
2619900
2611507
2620734
2622889
2618262
2617173
2620053
2614286
2620634
2621634
2621571
2613043
2627306
2609613
2621619
2621298
2623363
2618747
2615562
2613025
2614671
2624852
2625020
2613178
2617556
2620667
2621388
2623116
2628636
2626883
2624148
2616749
2625860
2619164
2624224
2619329
2622070
2612585
2620922
2624850
2614382
2618913
2612478
2618418
2628003
2620992
2622195
2617883
2622714
2625886
2618361
2610510
2614265
2616606
2611569
2618960
2624794
2617697
2621626
2615346
2614653
2623697
2615690
2619209
2628482
2627138
2622978
2622127
2614339
2625547
2617866
2619013
2629932
2623286
2625532
2623976
2628093
2619602
2634593
2625348
2617219
2614834
2624018
2620042
2615442
2617941
2612536
2625456
2616192
2614908
2621481
2623664
2616293
2624593
2621648
2625724
2613212
2632455
2623029
2616910
2628880
2620690
2624346
2617786
2623477
2619351
2620903
2620968
2619202
2621735
2615919
2617322
2609822
2609014
2618821
2609982
2630726
2620658
2613361
2623504
2622257
2622805
2618553
2621633
2625540
2617000
2616208
2619907
2617569
2620700
2620578
2620099
2624140
2621096
2623781
2615346
2618141
2615986
2617911
2618677
2616045
2617132
2612495
2612192
2621014
2618039
2618142
2619983
2613186
2626726
2622119
2619827
2619409
2619190
2618708
2619818
2621377
2617778
2618920
2615190
2619239
2613790
2622812
2615668
2617270
2612933
2621704
2621684
2623930
2619636
2610956
2621616
2623314
2611893
2615545
2625677
2619381
2615817
2613518
2619197
2610946
2616953
2620831
2625874
2616097
2628015
2613914
2625601
2630326
2612765
2618308
2623678
2612025
2618009
2620102
2620924
2618828
2621654
2626246
2625720
2625028
2625495
2630503
2616316
2615120
2625134
2621604
2617729
2617738
2623196
2635579
2622297
2615677
2621204
2624003
2613427
2618099
2618669
2616061
2627384
2620735
2631360
2619497
2619404
2611385
2624635
2620233
2628689
2614238
2619540
2627460
2627729
2605070
2627424
2619978
2621998
2616494
2630500
2618870
2609833
2621050
2617771
2613208
2625044
2619595
2620129
2621336
2623694
2630919
2623078
2621090
2620876
2622943
2616629
2615266
2614191
2611629
2612021
2619767
2623620
2620052
2621860
2611272
2621511
2623109
2625825
2610970
2624279
2630027
2616746
2620981
2619022
2625711
2615440
2615675
2627037
2620964
2622360
2627493
2622209
2627751
2618452
2617482
2622094
2629331
2618139
2614940
2621876
2617205
2627956
2623697
2622073
2614114
2616718
2620893
2623122
2619841
2620007
2622706
2619220
2613806
2610819
2627257
2626371
2628025
2613481
2634407
2622685
2625407
2619985
2616472
2619475
2614131
2615052
2619710
2619518
2622735
2615180
2628142
2616434
2618272
2617116
2613729
2623924
2625407
2615522
2617257
2621505
2612089
2614048
2627627
2620085
2624782
2624263
2612719
2624927
2617242
2619481
2618703
2620964
2615697
2623621
2615587
2616912
2618762
2618192
2620913
2618923
2619640
2615431
2626694
2619927
2615022
2622480
2632571
2627617
2627618
2617452
2617818
2622188
2621833
2618397
2617915
2626832
2620601
2621526
2618459
2620392
2612474
2623836
2622898
2610815
2619054
2616454
2617339
2623276
2622973
2618235
2625324
2627357
2621863
2621706
2616014
2619027
2624722
2606897
2625798
2618416
2615118
2617986
2619177
2611985
2614489
2619253
2620428
2623508
2614963
2614900
2622374
2615150
2616529
2624191
2612245
2627431
2608422
2620299
2623101
2625972
2626849
2626348
2622219
2620100
2617985
2623230
2621932
2620563
2627875
2614208
2627398
2625381
2619223
2620794
2607482
2633763
2627288
2629635
2620684
2622377
2612910
2623613
2623157
2614543
2619756
2627703
2621738
2616259
2618746
2631120
2626968
2615636
2619829
2618675
2627237
2621027
2628942
2616273
2610985
2629403
2614523
2610246
2626396
2617161
2627381
2611122
2616126
2627505
2628225
2619675
2622933
2617954
2619900
2617208
2620532
2622681
2624238
2608672
2618450
2625563
2611515
2629642
2630965
2625665
2612776
2613946
2619786
2624239
2616183
2621866
2613865
2616822
2620534
2619501
2619615
2623220
2617132
2626294
2622184
2619667
2614492
2614676
2610606
2609649
2613424
2619724
2626555
2621811
2620663
2625018
2620277
2615098
2617395
2609400
2624191
2622552
2609523
2615246
2619220
2616420
2616772
2624342
2629767
2616276
2616001
2620363
2623189
2625099
2624800
2622318
2615075
2617764
2625386
2614942
2620178
2623174
2622923
2627686
2623073
2615537
2617623
2622420
2619711
2628136
2623882
2615401
2619328
2615857
2623138
2618471
2614365
2617414
2617814
2614861
2624880
2618702
2613134
2619208
2624996
2619002
2619429
2617594
2616473
2627119
2622687
2622176
2623888
2626101
2621165
2625243
2618673
2618060
2623360
2624322
2621393
2620300
2623185
2617104
2621596
2625552
2608640
2618026
2622148
2627510
2620117
2612300
2638352
2623310
2619274
2627699
2627029
2621533
2618655
2630178
2621987
2613166
2613295
2621068
2627731
2623835
2624178
2617134
2616294
2619135
2618618
2609959
2620878
2620407
2627323
2613576
2618805
2617206
2621859
2626144
2613079
2625551
2615612
2616063
2616288
2616146
2619807
2618083
2613848
2616799
2629073
2627646
2613120
2621735
2618246
2619223
2624045
2627316
2623770
2613881
2622397
2619099
2619031
2619595
2620920
2611396
2616222
2626685
2616848
2621759
2610308
2612519
2624338
2623517
2612970
2618284
2617251
2616435
2612303
2625476
2628537
2616079
2625297
2615133
2623426
2621494
2624394
2628735
2617991
2613709
2620874
2627067
2618283
2615043
2625267
2624882
2618596
2622198
2620142
2620822
2612819
2609602
2625348
2616560
2620099
2625454
2624240
2617754
2624206
2608959
2614439
2617744
2613742
2607902
2623022
2623303
2629256
2613059
2626691
2627068
2616680
2623772
2614376
2624581
2621441
2613390
2609228
2624567
2620872
2620228
2623328
2619499
2623737
2625003
2614891
2613407
2618092
2623889
2627419
2624592
2620719
2622191
2615146
2618501
2614169
2621588
2619581
2615799
2630721
2625140
2620260
2617132
2618816
2628681
2617014
2638883
2618103
2615607
2620188
2625890
2618182
2614195
2625228
2623733
2609099
2623105
2616046
2614889
2626588
2616767
2611128
2624159
2615027
2617306
2620314
2618346
2621030
2617620
2616962
2621395
2624538
2621999
2636692
2624674
2617420
2617525
2620282
2616511
2618794
2616005
2613280
2616847
2619525
2620246
2614161
2621977
2623199
2617639
2624833
2614855
2621669
2626328
2615730
2619563
2625559
2619018
2625072
2618870
2626960
2631504
2614936
2626685
2617726
2613112
2613324
2617338
2616905
2627948
2621991
2619396
2619803
2623598
2616346
2618383
2620539
2626106
2618293
2624065
2627501
2613525
2625502
2621901
2619728
2616246
2619799
2619857
2624614
2618474
2620260
2620762
2618881
2620597
2616872
2609160
2615102
2614867
2622586
2619447
2622092
2632625
2622968
2617148
2633379
2609455
2623487
2615908
2622909
2615919
2619618
2615533
2610705
2612167
2621682
2623172
2624135
2623977
2618458
2617535
2617237
2618254
2623723
2619043
2617878
2616268
2611230
2620133
2618160
2617966
2626264
2623371
2608358
2619930
2618449
2614459
2614325
2624650
2629593
2619000
2617980
2618178
2620326
2625898
2620872
2621239
2630581
2619705
2629363
2626579
2631321
2620163
2620529
2623605
2623042
2624776
2621493
2616840
2617320
2622645
2622065
2616834
2617349
2618735
2618481
2632957
2615276
2614546
2614779
2615318
2617665
2611551
2617847
2620613
2628820
2623880
2618752
2613815
2614550
2615590
2619405
2616014
2616009
2623816
2613977
2623548
2623862
2618689
2621998
2616561
2612176
2613064
2617121
2621947
2611406
2618979
2625582
2614613
2622613
2612816
2616149
2617160
2624123
2614621
2627274
2619073
2623969
2621163
2627339
2627870
2620997
2612062
2619017
2617706
2617569
2611534
2616324
2620912
2617813
2619184
2616870
2628826
2623059
2625748
2622254
2620490
2612562
2617697
2615332
2621490
2616414
2622459
2614808
2615345
2624974
2621045
2613651
2612033
2613361
2622389
2617257
2613294
2622454
2623888
2622506
2616818
2616001
2620701
2621646
2611669
2614289
2623649
2623619
2618053
2625005
2627114
2618672
2616968
2624909
2618011
2615075
2626769
2617051
2623430
2620038
2621077
2616470
2622125
2622980
2624535
2622075
2620413
2622919
2621814
2616109
2613886
2629797
2616955
2617617
2617623
2629072
2620955
2624268
2615159
2625159
2623740
2623588
2625876
2618177
2612934
2618447
2625518
2614722
2625841
2620116
2625211
2614814
2611561
2624602
2630319
2623193
2615642
2616174
2615439
2612463
2620149
2624046
2620243
2616159
2620876
2621685
2623294
2630966
2613401
2612831
2616055
2617661
2626970
2620248
2622210
2616925
2618111
2623928
2619947
2630399
2615847
2628731
2620766
2617054
2616905
2617703
2629041
2615872
2620407
2626437
2622462
2609870
2612810
2619496
2620846
2620219
2611712
2629436
2616508
2615294
2618373
2619865
2628626
2612661
2627581
2625041
2625026
2630729
2617694
2623977
2619829
2622525
2625069
2620907
2620515
2619883
2620363
2609188
2616621
2623860
2611424
2614021
2620560
2625481
2624367
2618841
2617373
2617503
2623553
2616065
2625615
2611973
2624537
2616876
2614988
2617468
2623550
2622232
2621541
2618489
2613252
2620182
2616889
2621959
2623758
2621977
2621010
2615090
2621127
2626905
2615787
2618890
2621660
2617629
2623405
2621653
2619079
2624102
2620192
2619158
2621615
2621252
2621702
2622075
2617300
2620627
2623365
2624012
2632707
2622315
2614361
2618958
2616818
2620873
2623536
2617399
2627689
2616713
2613221
2618706
2623388
2617379
2622897
2617923
2618588
2623308
2620752
2632411
2619156
2628375
2614351
2621472
2623083
2619597
2620620
2626408
2616128
2614001
2619163
2619080
2633705
2623689
2616330
2618124
2627634
2616423
2630506
2623961
2611126
2617554
2627513
2618554
2620633
2621035
2620741
2615267
2625364
2626767
2627363
2614243
2623866
2619575
2617818
2618862
2622637
2625597
2613862
2613757
2626439
2627545
2618156
2621385
2618623
2621063
2621544
2619539
2615501
2621596
2627176
2630143
2619383
2623651
2613160
2618395
2610865
2620643
2620535
2624458
2629999
2620014
2625829
2616643
2616522
2622977
2621788
2623089
2621531
2620256
2618778
2627266
2612848
2615733
2622452
2614759
2619798
2624024
2625715
2625590
2616823
2617950
2622490
2616255
2620737
2626330
2615237
2621740
2614266
2615513
2624871
2623375
2615818
2628145
2628809
2614321
2624631
2613548
2623527
2620463
2615320
2620906
2625252
2620147
2628763
2629778
2621453
2620798
2619473
2618198
2629732
2622561
2617982
2619255
2627812
2615849
2624729
2615883
2616197
2622605
2614596
2627284
2622829
2617290
2616915
2621343
2615562
2620255
2619022
2619139
2620375
2622769
2612750
2618205
2621779
2618877
2603907
2615491
2627631
2611033
2619874
2628146
2617020
2617731
2617889
2617431
2628472
2615806
2624208
2614843
2623105
2626013
2623436
2618423
2620167
2613916
2617045
2621964
2626409
2630594
2618791
2624762
2621245
2631653
2623479
2620787
2617262
2617951
2620194
2614977
2619665
2613976
2618369
2624553
2616016
2626389
2620491
2620850
2618964
2627797
2624880
2620864
2623144
2620501
2613751
2624942
2615408
2620574
2619494
2618763
2626469
2618310
2607482
2626506
2622296
2616639
2625653
2619957
2619499
2630284
2623644
2621266
2615124
2619135
2621590
2621485
2624589
2623169
2618856
2609246
2625099
2612261
2626751
2623611
2621708
2624252
2618903
2616099
2615599
2624918
2620061
2616370
2622837
2623519
2615936
2617141
2613353
2622602
2624510
2623391
2615286
2622326
2612985
2617995
2616878
2614102
2612541
2633410
2620430
2618902
2629081
2617553
2616988
2614955
2615252
2616233
2622107
2632153
2622924
2620002
2622411
2621690
2617325
2625940
2616237
2632044
2620907
2616808
2613204
2617364
2615660
2618014
2623436
2624212
2618337
2624614
2612178
2616859
2623147
2626484
2635572
2620862
2628871
2615567
2616338
2622111
2619419
2623961
2629213
2616422
2630214
2615054
2616348
2613048
2621713
2624988
2624073
2621718
2624815
2630568
2620418
2615912
2612192
2625496
2616492
2619539
2614229
2609156
2611058
2616425
2621594
2619335
2628119
2622251
2616910
2622898
2620725
2624876
2616412
2611235
2633538
2624220
2617990
2624430
2620696
2612956
2617038
2620858
2618777
2624153
2625667
2623206
2623566
2616663
2610711
2615908
2618772
2617117
2631234
2620558
2626385
2621192
2617245
2621099
2630348
2621305
2624760
2616157
2625470
2623032
2621123
2624042
2617769
2616582
2619769
2606108
2616078
2619138
2622382
2617522
2625256
2618994
2620864
2625866
2620421
2622537
2624645
2619516
2622094
2621638
2621425
2618354
2625130
2618684
2619839
2619407
2622638
2630503
2622188
2610181
2618003
2616961
2623441
2622035
2623806
2614896
2621062
2622350
2620903
2617980
2623864
2615734
2612265
2616792
2621875
2622705
2616769
2624481
2621716
2621812
2618248
2618134
2611952
2623717
2622627
2617868
2625152
2627355
2620534
2623396
2615099
2617567
2621673
2621870
2621238
2617914
2625696
2616529
2622323
2619491
2620609
2615986
2622713
2620799
2621328
2614668
2621839
2622135
2617845
2622708
2614878
2614930
2614223
2618727
2619499
2622953
2619807
2615197
2607556
2619818
2620468
2622561
2629049
2621594
2612021
2624541
2612682
2627774
2616237
2617545
2616312
2625237
2623448
2625366
2633012
2617224
2623408
2617494
2616847
2616543
2625455
2618519
2616319
2616151
2615828
2617983
2617540
2619012
2622472
2613374
2617492
2622453
2620873
2616496
2625137
2619075
2615400
2619210
2618916
2619912
2625977
2622102
2620456
2609015
2626997
2623262
2616686
2615185
2615990
2623958
2625229
2615847
2621600
2628835
2617780
2617954
2621121
2621313
2616158
2618973
2616258
2610962
2617933
2619012
2613290
2621749
2620857
2631141
2621934
2616437
2627013
2616195
2625095
2622751
2621325
2618807
2618711
2617364
2621149
2618527
2618467
2619253
2634172
2623403
2629755
2615106
2620433
2629360
2618754
2628010
2614266
2618699
2632703
2622188
2618715
2617411
2616124
2624103
2618250
2620503
2620273
2624694
2618652
2629259
2622616
2621302
2613098
2616972
2619880
2615039
2616554
2618497
2619568
2619545
2616111
2619364
2623302
2617575
2616489
2631392
2618670
2625304
2612514
2617985
2626373
2625601
2610636
2614086
2627103
2621093
2614253
2627424
2616776
2627216
2626382
2621098
2616814
2621772
2614671
2623143
2625933
2617731
2613313
2614288
2623614
2614361
2622953
2624799
2623519
2623157
2615756
2618121
2618117
2614237
2619721
2620155
2617232
2627045
2629540
2623106
2621018
2632239
2623489
2627236
2627586
2613846
2633251
2625438
2627056
2626910
2613820
2622999
2623647
2621296
2614419
2618866
2621158
2618030
2613209
2621258
2619347
2619746
2620975
2620247
2616401
2614095
2625080
2619374
2622271
2628077
2621310
2615421
2612805
2612780
2623481
2616844
2615686
2613436
2616163
2626335
2630558
2627475
2615567
2618505
2615127
2617170
2617828
2619387
2620513
2617793
2615026
2620060
2617640
2620776
2620698
2622015
2628183
2619352
2617914
2614721
2620403
2615161
2622296
2614193
2623520
2615307
2617157
2623181
2622996
2623359
2620315
2619727
2626677
2617904
2618814
2611820
2611042
2619144
2615438
2627568
2615525
2621808
2620387
2612252
2635421
2618423
2624926
2616383
2617310
2622343
2620922
2620405
2616541
2619293
2617216
2619982
2627689
2614632
2626344
2620711
2624571
2620287
2617329
2622399
2615866
2613443
2617451
2617096
2628192
2614540
2619316
2627006
2620756
2618167
2618996
2613839
2621411
2628640
2622828
2621849
2615068
2616832
2620763
2632248
2622635
2617152
2614355
2623409
2623558
2621309
2629676
2616967
2615353
2617522
2617479
2618687
2617579
2626963
2624108
2625780
2617768
2620761
2617151
2617499
2614150
2615419
2616387
2626850
2614526
2623027
2621326
2619996
2619848
2631084
2626180
2618949
2615924
2615927
2623676
2624495
2617659
2615916
2623612
2624124
2619768
2616143
2620711
2617329
2624554
2621935
2620362
2623954
2623576
2615629
2616281
2628890
2625264
2628568
2619775
2619076
2624029
2626688
2621943
2617848
2624018
2614158
2623667
2626607
2618956
2623144
2619567
2619428
2618021
2624301
2625181
2613945
2619342
2619064
2617728
2617972
2618848
2628035
2614544
2614092
2626367
2622334
2619329
2618982
2625275
2614121
2626755
2620499
2617032
2620622
2617560
2622057
2626798
2619375
2626165
2608073
2609856
2614471
2620857
2623694
2616268
2615609
2624224
2614919
2630414
2623569
2619991
2623587
2616624
2619024
2620470
2608968
2622713
2622610
2635475
2621615
2620247
2622271
2624382
2622212
2623382
2609288
2615225
2622280
2616854
2621613
2612809
2617175
2625994
2616626
2619811
2622694
2620875
2617315
2618343
2618103
2622507
2623085
2619595
2617045
2635182
2620082
2610808
2612255
2617975
2629715
2617767
2618538
2620246
2622284
2617648
2627788
2620990
2623603
2625677
2621751
2615692
2619063
2621571
2620365
2618442
2612635
2621372
2618820
2619088
2621806
2609607
2622337
2619943
2619696
2619799
2628643
2622058
2620645
2618327
2617350
2610251
2618555
2620710
2617756
2625023
2620416
2620174
2615448
2611289
2615938
2618715
2613366
2620483
2621265
2624037
2623166
2626103
2615847
2612252
2613253
2620375
2614193
2618283
2624973
2615653
2622338
2623113
2616243
2615599
2622290
2623522
2607925
2623872
2616420
2625330
2619722
2620201
2625415
2621721
2629054
2620454
2626769
2611056
2625493
2622116
2623440
2626258
2617138
2630716
2624002
2626790
2619633
2621880
2630699
2619566
2618400
2616844
2611834
2627966
2624078
2624803
2615264
2615827
2621641
2621311
2614809
2629015
2618755
2626055
2625171
2619107
2619385
2619876
2626834
2622539
2625290
2615147
2622174
2625454
2617886
2623041
2624883
2621942
2622996
2620913
2623554
2619350
2616961
2621385
2623239
2627323
2616497
2624443
2619691
2612073
2614671
2620003
2621204
2611974
2624553
2621061
2626939
2620915
2620250
2622413
2625524
2622328
2621062
2619572
2612397
2620051
2618651
2626359
2612029
2614597
2618032
2616363
2617712
2616847
2625228
2618893
2623950
2623086
2623489
2623218
2626535
2625587
2621081
2617579
2620398
2613750
2629177
2616810
2617247
2615623
2621105
2626371
2616436
2622136
2620652
2616442
2616178
2615902
2616717
2615053
2618808
2615558
2632768
2622013
2615103
2615681
2610930
2617230
2610035
2619613
2617193
2615784
2613894
2617698
2613405
2615250
2619430
2623729
2623929
2621711
2615049
2612646
2618202
2614315
2619960
2619640
2616711
2613023
2617343
2620438
2614677
2617655
2613308
2619318
2620625
2620305
2623819
2611139
2617995
2619200
2625678
2615630
2616156
2617085
2615039
2615767
2613270
2616297
2614776
2620188
2621128
2620968
2621584
2630087
2615426
2615868
2621073
2614755
2613061
2613048
2619157
2617702
2615705
2612085
2621459
2619156
2612083
2620061
2622471
2613895
2623948
2619660
2615607
2611552
2628945
2618955
2618288
2618139
2625303
2619467
2623659
2622257
2618990
2624529
2624351
2615181
2610907
2626240
2620345
2617696
2619992
2614091
2620436
2620170
2612766
2625337
2618743
2616246
2623178
2620427
2613467
2630878
2618920
2612896
2620130
2624731
2623544
2619464
2622332
2629756
2619164
2619948
2622302
2617027
2615722
2624183
2617827
2623064
2617482
2620602
2614824
2621841
2618589
2622941
2619153
2622788
2628027
2624240
2617050
2621477
2623330
2613400
2615161
2616967
2621100
2614286
2621509
2620539
2626897
2618923
2623895
2622030
2616109
2615029
2620005
2614469
2618053
2627037
2619428
2625513
2620268
2614179
2615852
2617095
2617323
2628757
2623120
2619994
2627802
2616388
2620648
2627094
2625909
2617505
2611949
2617471
2620187
2616043
2618994
2615192
2611738
2626313
2618552
2617230
2614389
2623450
2622045
2613989
2618494
2627152
2620343
2618395
2612083
2620102
2616629
2616266
2620534
2616170
2623660
2620778
2620934
2627116
2617934
2616609
2623578
2616911
2624667
2618044
2628543
2619524
2617442
2623028
2614130
2613987
2620523
2623177
2620944
2621885
2620050
2622384
2617935
2616885
2617397
2613691
2613521
2615453
2618004
2618145
2615065
2631837
2618348
2624782
2624888
2616825
2629004
2628539
2609958
2624878
2614913
2622452
2618166
2619518
2620836
2625058
2625165
2615144
2623227
2614389
2627101
2618678
2609967
2617214
2623822
2617554
2619162
2617394
2620462
2614823
2620323
2618790
2625870
2619255
2619511
2620796
2621472
2616665
2622801
2620968
2617999
2628451
2616538
2617442
2613803
2613527
2627702
2620438
2630223
2621278
2619504
2628039
2616520
2617734
2624984
2624992
2611465
2610975
2619299
2619364
2618111
2616960
2611103
2628692
2617655
2623941
2630991
2621887
2620342
2628867
2623109
2612122
2619094
2619444
2616366
2622330
2614418
2617352
2614490
2613718
2611395
2633434
2616073
2615797
2624612
2626573
2617727
2617291
2621367
2613324
2617257
2612283
2620631
2624906
2618099
2617919
2616868
2610901
2621859
2619900
2615345
2611352
2620733
2619009
2623622
2612013
2620034
2617451
2614434
2622685
2618481
2616911
2624579
2619819
2612402
2608263
2613434
2622410
2627001
2625261
2625619
2619113
2621817
2623302
2617465
2624658
2619549
2629542
2619863
2628782
2618012
2618895
2616025
2616996
2622594
2614175
2624176
2621266
2618396
2616683
2611266
2615291
2615039
2620030
2621422
2620851
2621593
2617847
2621518
2612607
2621912
2621541
2619808
2629475
2612777
2624344
2615109
2618508
2621343
2616557
2614821
2617613
2623789
2623656
2612042
2615396
2614674
2616162
2615564
2621381
2626052
2617816
2620094
2612750
2617248
2620440
2624240
2618708
2616282
2619103
2623157
2625291
2624217
2623020
2623397
2614665
2625038
2615815
2621786
2617926
2618216
2624423
2610647
2615891
2620468
2614886
2624283
2623655
2619773
2615645
2628412
2618055
2620327
2626787
2621551
2624835
2619225
2611420
2612353
2615569
2623370
2621131
2611538
2610137
2607942
2620968
2620500
2618972
2619121
2628595
2615970
2618881
2624406
2626120
2618139
2614946
2629667
2621335
2623603
2623157
2616602
2618206
2618657
2628493
2615219
2617190
2622612
2611531
2621881
2613179
2612325
2617890
2613152
2617785
2631383
2613026
2616759
2618981
2623685
2628603
2622668
2628053
2618291
2624004
2615522
2613895
2625195
2610238
2617413
2623975
2621137
2625138
2625652
2617219
2615697
2623731
2617587
2619770
2627149
2617677
2621105
2612603
2623290
2628226
2625841
2625648
2617885
2613902
2617454
2621117
2625026
2620332
2617786
2611447
2619919
2619138
2613568
2620433
2630446
2615925
2630597
2620392
2617391
2618425
2619747
2620095
2629716
2611734
2618011
2615819
2617173
2614110
2616393
2613902
2626397
2613756
2622367
2621375
2624440
2614758
2613285
2620117
2618631
2625655
2614552
2617097
2617060
2623834
2626711
2630998
2617374
2625619
2619525
2618851
2617392
2619115
2619267
2617244
2613643
2619394
2613794
2630874
2616334
2614242
2617801
2620808
2622134
2621877
2624701
2622737
2621347
2614341
2622902
2631498
2627324
2623329
2622419
2620740
2617476
2616334
2615433
2617981
2617813
2620066
2617318
2628770
2613608
2621692
2626235
2616880
2617361
2622939
2625000
2612097
2625477
2611458
2614522
2620090
2628828
2623454
2615798
2626806
2618556
2623907
2613819
2617422
2618175
2618088
2620596
2618444
2623052
2623706
2628874
2615279
2623602
2618751
2620871
2616337
2621224
2625595
2610528
2616155
2615086
2618423
2620255
2621432
2622322
2607902
2618605
2616375
2620396
2615676
2615289
2622641
2625938
2619724
2622870
2617864
2620415
2616451
2613333
2622332
2620647
2626220
2616333
2616142
2621273
2619228
2615645
2625504
2624465
2613605
2617335
2625120
2622046
2622540
2617601
2622257
2628162
2614489
2626057
2612560
2620271
2627165
2621275
2622450
2618718
2616323
2621780
2624149
2619478
2615422
2619157
2631562
2622418
2621438
2614720
2619033
2619480
2618032
2613186
2618063
2619467
2615906
2620321
2621939
2625811
2615806
2626509
2633532
2612419
2627723
2622924
2621392
2612311
2623409
2613573
2624377
2616165
2614538
2616750
2618575
2614747
2618386
2614558
2608925
2621890
2625094
2629582
2618350
2622288
2620001
2622679
2623052
2612509
2615756
2621555
2622170
2620775
2616424
2614602
2620105
2631625
2615102
2618285
2627147
2611113
2618019
2614606
2627108
2628013
2619531
2623935
2614425
2617543
2633896
2624719
2622942
2618083
2614892
2618438
2621463
2614194
2622118
2609681
2624972
2612957
2614170
2620981
2622477
2621113
2624500
2618607
2616761
2612663
2621721
2625591
2626442
2623705
2614445
2623055
2613800
2613397
2618310
2615910
2621968
2615879
2618426
2624168
2620665
2624964
2619512
2622902
2620271
2627050
2610862
2622994
2618916
2615158
2615278
2617952
2619747
2620756
2620083
2623548
2622914
2609668
2620851
2620072
2624636
2621166
2618239
2614742
2624051
2620107
2618871
2615909
2614483
2614681
2617304
2614151
2624163
2629365
2620915
2619883
2626614
2623319
2616879
2619012
2624208
2616843
2620810
2628752
2619186
2623507
2614786
2616877
2617917
2626210
2624803
2620145
2619177
2626159
2613403
2618864
2614276
2621018
2616773
2618381
2621661
2629158
2615112
2624243
2617602
2632651
2612750
2630490
2617992
2615119
2612186
2621396
2616315
2626033
2619491
2613691
2610960
2622076
2621274
2617785
2624192
2622423
2612628
2622170
2613937
2621636
2621036
2621521
2617291
2624649
2624612
2611531
2613655
2617705
2617435
2614500
2614406
2627187
2611937
2622251
2624884
2617407
2618677
2622166
2618590
2614028
2610722
2609050
2624614
2620742
2616587
2620069
2621267
2631350
2614272
2622737
2608155
2619994
2616162
2623295
2615003
2621308
2618664
2621802
2617026
2614691
2617731
2621878
2616079
2620461
2623400
2612427
2621514
2625594
2623514
2616812
2619830
2618526
2622042
2624778
2625171
2616648
2619149
2610914
2615051
2629773
2616853
2620578
2621550
2621075
2619947
2631900
2622061
2618624
2623192
2623258
2612939
2629063
2626862
2617617
2617947
2625326
2615090
2621494
2615491
2623990
2622083
2617865
2627544
2619196
2620015
2619727
2621101
2620503
2621513
2618342
2626205
2620272
2618280
2621390
2622892
2621118
2625849
2620356
2621930
2622269
2625512
2620995
2615244
2632537
2616703
2616963
2618210
2623344
2618274
2617770
2617810
2617720
2619888
2621796
2619983
2617788
2620289
2622959
2629726
2615819
2622679
2630654
2614075
2627414
2620477
2621628
2619000
2628858
2623723
2619969
2619607
2618114
2621164
2615772
2621503
2624295
2622722
2633201
2627827
2616172
2624321
2609670
2627949
2624814
2619025
2627318
2615163
2626506
2618916
2621526
2616760
2630907
2619621
2618700
2621531
2621564
2616064
2615962
2623036
2621332
2612400
2615153
2615796
2630000
2615130
2619224
2614470
2609345
2614369
2623779
2629826
2623143
2620085
2616790
2622697
2629310
2627541
2615591
2615350
2617560
2626251
2618053
2628507
2627738
2616617
2611235
2615388
2622070
2610650
2629868
2612937
2621693
2612755
2614704
2621492
2612291
2617242
2611979
2615124
2622271
2613373
2624729
2625342
2618419
2617035
2622302
2616628
2621635
2612713
2623418
2612525
2616256
2614747
2618433
2623885
2618365
2625327
2623985
2621193
2617305
2621431
2627633
2616274
2625711
2618901
2622230
2620530
2616804
2628547
2623347
2617453
2618904
2618858
2622522
2617818
2625574
2612869
2620437
2616897
2619689
2608435
2622230
2628465
2629769
2614842
2612883
2620394
2614571
2623167
2617722
2619160
2610899
2623066
2622438
2622904
2628299
2619256
2630802
2614601
2619063
2619886
2624587
2625576
2618809
2616061
2627274
2616904
2619504
2620730
2614742
2621412
2623854
2622743
2614208
2613688
2631476
2619849
2617519
2624230
2627935
2630187
2620340
2618883
2622351
2622046
2616377
2620033
2620387
2611123
2618493
2618381
2615787
2623499
2618583
2621870
2628173
2622380
2620228
2619167
2618039
2612382
2624547
2611941
2618977
2616908
2612076
2614474
2616913
2622923
2623428
2623505
2621738
2617020
2623837
2622335
2614186
2625994
2625217
2619117
2613723
2620051
2626736
2615185
2628600
2619255
2611668
2621489
2613996
2620834
2617330
2611713
2626309
2612875
2616091
2627247
2609935
2624810
2622075
2626846
2609199
2614920
2621664
2621627
2612660
2627085
2619547
2620523
2619051
2621624
2622523
2623064
2626835
2620505
2620062
2618287
2620772
2622160
2622136
2617717
2624494
2621903
2622559
2614973
2624090
2624749
2624872
2620745
2618162
2609226
2616001
2618299
2622068
2620216
2627932
2617338
2624374
2617798
2623413
2618476
2631332
2619528
2613015
2617187
2620580
2614441
2625197
2624944
2614575
2623387
2617234
2631948
2620478
2620617
2620044
2621878
2621996
2617236
2615704
2623035
2616302
2623619
2622197
2629872
2615451
2616495
2616215
2628356
2628593
2621421
2626823
2622111
2621415
2616852
2619109
2616586
2615243
2618389
2617117
2617577
2630058
2615285
2622539
2619021
2614843
2619779
2626267
2620314
2620958
2617473
2613446
2619484
2618996
2630814
2620301
2612609
2626472
2621941
2624645
2618499
2627562
2613371
2612624
2617802
2618968
2616662
2618086
2620680
2616618
2626721
2614522
2630713
2624067
2624579
2615576
2615623
2631609
2628721
2614769
2619505
2611293
2615735
2613469
2620120
2612185
2627987
2614719
2622425
2607221
2612986
2618814
2619172
2622092
2620162
2622229
2620778
2618818
2610488
2613986
2621058
2608417
2615230
2614801
2617776
2618883
2626175
2611548
2622241
2618794
2624282
2620310
2619315
2613529
2626228
2614377
2625519
2620129
2619494
2622573
2622315
2616685
2614862
2617858
2614907
2619579
2612308
2628085
2615962
2620187
2622433
2620477
2618418
2620958
2619658
2607220
2622940
2615985
2618400
2620762
2621465
2616901
2611035
2622675
2627284
2613769
2618934
2618246
2626775
2623387
2613056
2617060
2620088
2618708
2618021
2623078
2623286
2617633
2613190
2616249
2617190
2614089
2614332
2620090
2632967
2616105
2617363
2620017
2618709
2614409
2624334
2627171
2621082
2613567
2629383
2616365
2627235
2617655
2623246
2620848
2624644
2632479
2620129
2620790
2611211
2619401
2623938
2624527
2615398
2623272
2616577
2624931
2614713
2618842
2613447
2619546
2620657
2621658
2623217
2619122
2615950
2617245
2615400
2618444
2615643
2624042
2627135
2625740
2621518
2622970
2620543
2614973
2611713
2619579
2615703
2616620
2616023
2617610
2626942
2626388
2618661
2622581
2609172
2625126
2619216
2616410
2620905
2631770
2623283
2620863
2626348
2624962
2622016
2624645
2627712
2620822
2616573
2623537
2612048
2625016
2620677
2619652
2617536
2622128
2629193
2615075
2623552
2617579
2620340
2635985
2618853
2610584
2623301
2617764
2621435
2626380
2615060
2625948
2617232
2618237
2617584
2621058
2627071
2622241
2621041
2617521
2614767
2623879
2613253
2620258
2625715
2618580
2624843
2619406
2624260
2620876
2626574
2619940
2621889
2610318
2612412
2625045
2618703
2615812
2618534
2623412
2632971
2624835
2611571
2614082
2622212
2612812
2621940
2624975
2625762
2613858
2627991
2625226
2623543
2612094
2618918
2620684
2619726
2620395
2620550
2618528
2619253
2621002
2614245
2622189
2622175
2617899
2616256
2624120
2624777
2608123
2624403
2617728
2619424
2617852
2611763
2617332
2625613
2627914
2624549
2639065
2623460
2619462
2616680
2622945
2619879
2622908
2616309
2617581
2620101
2617590
2619687
2618931
2614595
2620401
2615711
2616625
2624600
2620321
2611326
2618580
2616735
2622746
2627751
2616923
2620935
2623863
2624324
2617455
2622355
2618005
2615768
2626469
2619997
2613471
2613111
2614694
2622148
2624763
2619530
2609071
2620057
2619125
2615059
2622948
2627927
2622288
2618881
2615224
2634204
2616068
2619937
2625458
2623241
2624959
2627960
2617973
2621264
2619859
2611386
2623244
2615769
2623019
2623915
2621416
2617264
2621122
2625888
2610575
2622244
2624561
2621945
2616962
2617084
2623695
2620143
2625821
2622326
2623777
2623880
2608905
2614603
2619439
2615879
2620156
2624011
2622984
2619481
2614918
2615286
2616607
2621623
2620868
2621927
2629986
2622563
2618878
2616768
2615054
2617151
2628653
2613823
2615092
2608710
2623602
2614272
2620983
2617494
2614984
2624024
2612795
2636596
2615448
2626050
2617868
2611117
2624264
2628074
2623171
2621700
2622758
2619184
2624974
2624428
2632741
2612713
2614730
2619437
2621953
2618522
2620910
2624947
2623305
2616100
2622553
2619840
2624476
2615677
2620223
2622969
2619110
2627107
2620026
2619893
2622432
2616297
2623137
2617096
2618319
2621961
2628915
2614759
2617727
2615736
2616723
2615583
2622332
2617157
2616439
2612711
2609121
2622315
2622286
2622335
2622778
2617567
2616961
2622672
2620675
2618341
2619510
2621484
2611756
2620646
2624574
2617726
2619382
2627210
2616498
2616042
2623546
2622730
2606617
2609798
2622012
2616931
2630250
2617982
2620872
2616795
2619524
2623053
2616081
2618385
2624908
2609838
2626458
2619444
2617426
2614875
2624411
2623380
2615920
2622097
2619081
2618286
2620876
2621727
2628933
2618080
2617569
2631894
2619298
2626335
2615947
2616035
2627213
2616156
2614792
2615597
2623495
2611889
2617800
2621000
2618022
2617355
2619476
2616125
2619098
2617019
2625746
2624261
2619827
2620811
2625986
2628525
2621679
2623537
2612800
2628526
2615455
2613693
2618857
2614972
2614506
2620852
2617533
2613785
2624105
2618176
2624310
2618689
2626675
2620095
2615500
2624128
2623427
2619356
2614066
2622677
2611708
2618812
2623276
2614207
2617955
2617459
2613141
2621842
2613864
2618777
2611190
2622188
2617772
2614939
2628057
2617396
2626707
2617474
2620044
2618296
2625714
2620720
2611615
2624737
2623354
2608684
2626040
2615892
2614499
2616995
2621879
2619012
2618211
2625720
2627295
2620259
2618299
2613433
2618135
2617447
2623321
2621959
2620778
2622311
2629896
2614735
2611213
2621086
2615705
2625074
2621295
2615431
2616325
2623153
2620786
2628834
2617784
2615564
2614050
2616295
2623488
2622553
2619371
2615000
2631513
2613273
2619330
2621031
2620701
2622147
2620341
2609895
2617045
2621636
2626891
2626810
2618141
2624694
2620973
2622431
2620613
2623020
2628032
2624414
2610920
2616952
2619670
2623383
2618257
2618763
2615754
2632532
2618681
2620486
2626606
2619882
2627806
2621474
2618283
2613419
2619915
2620668
2611521
2619942
2625909
2621493
2614892
2620526
2619468
2629580
2615045
2620616
2611181
2627327
2614148
2627085
2618876
2627205
2621064
2622985
2614183
2616868
2619126
2615859
2619930
2632440
2623652
2620355
2620146
2623239
2618934
2622828
2617320
2620266
2626991
2618817
2629952
2623072
2623501
2609517
2610511
2619000
2614741
2619953
2612912
2622945
2615220
2618982
2625189
2617407
2621904
2622740
2620176
2614479
2619438
2624236
2620811
2617511
2619501
2620659
2630657
2623291
2619531
2616004
2619037
2620261
2617190
2622221
2622210
2613717
2618749
2612550
2632941
2619867
2623580
2621869
2612382
2617720
2618997
2618876
2619921
2624883
2618467
2616592
2621202
2621269
2616527
2614466
2611911
2618275
2620438
2622884
2617424
2614419
2620760
2617766
2620466
2610604
2620088
2626887
2617675
2624415
2611939
2616327
2617303
2624311
2621027
2616634
2624381
2622212
2615666
2620898
2624112
2617393
2624477
2616619
2618010
2618758
2621271
2613079
2616607
2612806
2624573
2618732
2623950
2620403
2619239
2623443
2622081
2619691
2630953
2619788
2622308
2618827
2613687
2624290
2632624
2619456
2623368
2613953
2624339
2627762
2617863
2618130
2615275
2613303
2622647
2614349
2618024
2624455
2626093
2619932
2621398
2618790
2613353
2620466
2622161
2615668
2618219
2620309
2625994
2616221
2621760
2619895
2620331
2622301
2623036
2618425
2622231
2624033
2615665
2617430
2628241
2612849
2622966
2624741
2621113
2615566
2623350
2618576
2615495
2625836
2618970
2617721
2627495
2621323
2613935
2624839
2621114
2618457
2617655
2617523
2616307
2628292
2615045
2621283
2618510
2621957
2614720
2617066
2615316
2617104
2618957
2620246
2619312
2619180
2627452
2618536
2624448
2617464
2621056
2629362
2619999
2615482
2628952
2620693
2614637
2620379
2619058
2614908
2627646
2626904
2622292
2622146
2617622
2618204
2620775
2620459
2618894
2616747
2623287
2620110
2625730
2633268
2620953
2616909
2614376
2625698
2626848
2614777
2613684
2603683
2616498
2627474
2620935
2624227
2617028
2616332
2621728
2617111
2612762
2618853
2627918
2614872
2621648
2612597
2624179
2621240
2621912
2611966
2617822
2622012
2618557
2617526
2619663
2625574
2618265
2622499
2610648
2616677
2622982
2627348
2629213
2614872
2624102
2633225
2613565
2622437
2614830
2609524
2613755
2615201
2620729
2621462
2617666
2620222
2612428
2618704
2616546
2623486
2617792
2629643
2624059
2622192
2626034
2615054
2629724
2617144
2623768
2624582
2620621
2626181
2625495
2621408
2625683
2617694
2620015
2611875
2614682
2620727
2616378
2628114
2623023
2615039
2619170
2626864
2618600
2615231
2619420
2617229
2622565
2607067
2627514
2628229
2614996
2621532
2622246
2622543
2620525
2625710
2623217
2620977
2630703
2625314
2617788
2615467
2612051
2623041
2629714
2618830
2617458
2610042
2619164
2619405
2610906
2623262
2632150
2621587
2623925
2618796
2625560
2626957
2620288
2618552
2615348
2623594
2623819
2615262
2620710
2624613
2624947
2619027
2620928
2618581
2617964
2620047
2611290
2619195
2615527
2623834
2616406
2611658
2621923
2625360
2618667
2621193
2631582
2627155
2619976
2621892
2617263
2622365
2623520
2614698
2620591
2628014
2616701
2622321
2627482
2614666
2616609
2621960
2613870
2626960
2627450
2629609
2621630
2624124
2620351
2620582
2620569
2624199
2616075
2611155
2627717
2619251
2624526
2618480
2619740
2625802
2615154
2621401
2613301
2616657
2621707
2624159
2617704
2617769
2620517
2617392
2603452
2620959
2631822
2615284
2616533
2610040
2622196
2623610
2613902
2628913
2613161
2618356
2613425
2621453
2611068
2626768
2615291
2620080
2624252
2623822
2627822
2613874
2619390
2624563
2622559
2621469
2619389
2616878
2619376
2615237
2619350
2618145
2619740
2619194
2624895
2618396
2615289
2613256
2620257
2635891
2627533
2618608
2613379
2619502
2618103
2614858
2625374
2629041
2617784
2622336
2614931
2610739
2621442
2619577
2631146
2616111
2626011
2618427
2619626
2621323
2621022
2623167
2620522
2619237
2619632
2624070
2615533
2625144
2620684
2620986
2624586
2622300
2624992
2617131
2619899
2627435
2617092
2625271
2616471
2620198
2613852
2618163
2610840
2621125
2614568
2626425
2626474
2615765
2616530
2616708
2625247
2618835
2619261
2622582
2622141
2616936
2621354
2612895
2621424
2620515
2615157
2626244
2619511
2619036
2617670
2618384
2626268
2626299
2624813
2627344
2620214
2622880
2618281
2624285
2617677
2621081
2616420
2624805
2608777
2620799
2612009
2629855
2625397
2626416
2625308
2625771
2620900
2620971
2627812
2626727
2624124
2619030
2624837
2620107
2617409
2611524
2618184
2616947
2623424
2628513
2617033
2611684
2622601
2627574
2620423
2620043
2619835
2621975
2618750
2616648
2609137
2616312
2620941
2626529
2614050
2615300
2616589
2620130
2617414
2623948
2621798
2615306
2620417
2617927
2618795
2610078
2617222
2624097
2615628
2610611
2617762
2620485
2619428
2622059
2616848
2622168
2631324
2613863
2625200
2611509
2616271
2627275
2627917
2622052
2625424
2623305
2616344
2616179
2618275
2618006
2627417
2617855
2620186
2620114
2610453
2619728
2624171
2624026
2621855
2619646
2624221
2620392
2622870
2630016
2616980
2626889
2618612
2625055
2620551
2621275
2612614
2621814
2622831
2623897
2623835
2625110
2625667
2616607
2619496
2619311
2619904
2615924
2616803
2615671
2620031
2614998
2619729
2622561
2616643
2617885
2620857
2625486
2617623
2613281
2621794
2613687
2623442
2617506
2629622
2628741
2621886
2625707
2621850
2617898
2616579
2613290
2618590
2617734
2628226
2623605
2621687
2633450
2618333
2616092
2623139
2616848
2618063
2626829
2619654
2614196
2624626
2621067
2618775
2617054
2612098
2618323
2622907
2631919
2623025
2621334
2618984
2623393
2622930
2629481
2623991
2618244
2620309
2620859
2621907
2621142
2624943
2609740
2617982
2622580
2610608
2622517
2624020
2622121
2621195
2617623
2612163
2618537
2626860
2624658
2613719
2614992
2619198
2633413
2619773
2614370
2621886
2623397
2611895
2623338
2619040
2617195
2619216
2615700
2611858
2615243
2619958
2623786
2618466
2617796
2614774
2620075
2620113
2616875
2624320
2616961
2632340
2615173
2607975
2619740
2614296
2624328
2612130
2622449
2621681
2624907
2618622
2618821
2628028
2624662
2617217
2614660
2624167
2614136
2617723
2626938
2612742
2615325
2616996
2619135
2626829
2620983
2623012
2624601
2618201
2617418
2625156
2623438
2628941
2625300
2631656
2620596
2621211
2622897
2622363
2614035
2615997
2625250
2628348
2623075
2616292
2629009
2625725
2624984
2615834
2621946
2620549
2618515
2623990
2627138
2624461
2614516
2625292
2619120
2623321
2620479
2621834
2624606
2623218
2619602
2624478
2614648
2619751
2618163
2617586
2620960
2617074
2621953
2621563
2611870
2612406
2612712
2626114
2618386
2623793
2620831
2616525
2614434
2619940
2629137
2611582
2621692
2619297
2616914
2620238
2623400
2617343
2618174
2621273
2618326
2625712
2622126
2622858
2617800
2618504
2623191
2617789
2630105
2618282
2623896
2617571
2613714
2628851
2629486
2623491
2619285
2621256
2627216
2613036
2630994
2616686
2616712
2616373
2614875
2618703
2618850
2627179
2621539
2621895
2632920
2623857
2617355
2620029
2613248
2623443
2611358
2618791
2628445
2622636
2620103
2626863
2630896
2615894
2617907
2613626
2614769
2620683
2619878
2629167
2617973
2622202
2622222
2617990
2621270
2621107
2616161
2624104
2615880
2614768
2613728
2619820
2624140
2617546
2614832
2622952
2620754
2620794
2615158
2619446
2618774
2621504
2623658
2616294
2627653
2619125
2623677
2621359
2623356
2620962
2618950
2611021
2629632
2615678
2634384
2622823
2620507
2615828
2612581
2627965
2627821
2622094
2628956
2619505
2624295
2616742
2614409
2620424
2623055
2616586
2627909
2620212
2625240
2616689
2613220
2619425
2619921
2627022
2624011
2629438
2623587
2620564
2619650
2631250
2619530
2617014
2616558
2609094
2621855
2614717
2614255
2614318
2615944
2608616
2624038
2624038
2621476
2621381
2621310
2616553
2624074
2615885
2626756
2616037
2632093
2624140
2622503
2623205
2620061
2623398
2616482
2626717
2627656
2624526
2622953
2631108
2621589
2625835
2621958
2621015
2617331
2617391
2615243
2621099
2616425
2619249
2620702
2627104
2618504
2627471
2625005
2618570
2629900
2622661
2618265
2624882
2628496
2624091
2616297
2627941
2612863
2619227
2617732
2621331
2618064
2623767
2621651
2624441
2624285
2609362
2619291
2617876
2622264
2629817
2620218
2617556
2622032
2618672
2619038
2619138
2620603
2619493
2616672
2626201
2618826
2623359
2622589
2629301
2615750
2622584
2616606
2618656
2619095
2627297
2626875
2624420
2620597
2611792
2618726
2618514
2620833
2616441
2623006
2615686
2617329
2624946
2615131
2612672
2617844
2620592
2617866
2614845
2613801
2616419
2622682
2620210
2623135
2622200
2617978
2614820
2614741
2626817
2620831
2623653
2630263
2618291
2621226
2617470
2621526
2621110
2614417
2622070
2624791
2615443
2625196
2612666
2616988
2617832
2616156
2616343
2619472
2622711
2631078
2615946
2625337
2622780
2619974
2610886
2618540
2631069
2627928
2618627
2618302
2629370
2621123
2623741
2625357
2614887
2617938
2620066
2621786
2625813
2617942
2621521
2619422
2623436
2617592
2619309
2617206
2617091
2624571
2608939
2621785
2623184
2618041
2620799
2616540
2628893
2626221
2609968
2614874
2622254
2620194
2615753
2617801
2617401
2620573
2616706
2613301
2625958
2619832
2615361
2623441
2621117
2621889
2624571
2616722
2612694
2619474
2631512
2625951
2618707
2617248
2622609
2623313
2621734
2621598
2626373
2623197
2620393
2619641
2623217
2618575
2615920
2625493
2624017
2624884
2622954
2612352
2623086
2619738
2622410
2624581
2627863
2623095
2613068
2625756
2623085
2623074
2622318
2620736
2617178
2621478
2615202
2618317
2616548
2615836
2625498
2620510
2629298
2628973
2619080
2618137
2625079
2625311
2621130
2629877
2627761
2623864
2618648
2621480
2622938
2616419
2616591
2626664
2617355
2618820
2620963
2618557
2618738
2617104
2616133
2616903
2625202
2622580
2614447
2617524
2623289
2614286
2617728
2614514
2628027
2620168
2622715
2623229
2617138
2617566
2612461
2617007
2621330
2621443
2621471
2623926
2616656
2618861
2618639
2618227
2622542
2619294
2615546
2614330
2618817
2617235
2625025
2617676
2618972
2620227
2618182
2619342
2627864
2624740
2624518
2613127
2626876
2620872
2620346
2615717
2626482
2617460
2617156
2621867
2620651
2612596
2623083
2620842
2619375
2624816
2618221
2625643
2622984
2622765
2622085
2611425
2615231
2616137
2621966
2627453
2621158
2620979
2616628
2621640
2624464
2623120
2624235
2619361
2612838
2618601
2620221
2611920
2622413
2626977
2618434
2615693
2619014
2621508
2622039
2620650
2619112
2618725
2619899
2618761
2617203
2621631
2614990
2619189
2602982
2617785
2620143
2623247
2632991
2618996
2623501
2618254
2624255
2610882
2617412
2612384
2622236
2620397
2627854
2614751
2621501
2630494
2621564
2618450
2610568
2619615
2621325
2616243
2619077
2626095
2624426
2613074
2617617
2621270
2622383
2620870
2624882
2619445
2621671
2613333
2612921
2617391
2617890
2615718
2620425
2609569
2618699
2617015
2636890
2615813
2608071
2615978
2624226
2614032
2621697
2613729
2614653
2617283
2624779
2616156
2618088
2616206
2621324
2614911
2619334
2615008
2617374
2623796
2613208
2618613
2619673
2621834
2618048
2623265
2626585
2624575
2615719
2623865
2615582
2623729
2623637
2619287
2617036
2624591
2618318
2620103
2621331
2615796
2622109
2619015
2612129
2615377
2620067
2627394
2618609
2624095
2619754
2622729
2620429
2616931
2623264
2619311
2619599
2622566
2627209
2615102
2622903
2621317
2619502
2619399
2624662
2612717
2619992
2621212
2630003
2617728
2627937
2620776
2617242
2623916
2620039
2615752
2613448
2621771
2621590
2614047
2622732
2616623
2623897
2617219
2618437
2631123
2617498
2618416
2624105
2615733
2618682
2617925
2611841
2621957
2621927
2623426
2619684
2616292
2616035
2618693
2620050
2621186
2619344
2619225
2614285
2608409
2607023
2619522
2623994
2614110
2626666
2621699
2623672
2626216
2621506
2616835
2620462
2621613
2614197
2619817
2632667
2625225
2616079
2614110
2625389
2615369
2627080
2621150
2628257
2622409
2628518
2621278
2625362
2619646
2623519
2619679
2624568
2623851
2616486
2619605
2625065
2616522
2615086
2620541
2623615
2620925
2625126
2630823
2619684
2617490
2613853
2625153
2623331
2623357
2622498
2622108
2612503
2614578
2622981
2621671
2614212
2622721
2617541
2624721
2623784
2617562
2609521
2619403
2606655
2630618
2624357
2622123
2621435
2619635
2621975
2616364
2625755
2622796
2624599
2624311
2618884
2623639
2629100
2627402
2621365
2608080
2616004
2620624
2624688
2614694
2626972
2628085
2622165
2621879
2622183
2614082
2617657
2625046
2609218
2619293
2619074
2616803
2617505
2620059
2617380
2621393
2622004
2605172
2616158
2611457
2619920
2618663
2621931
2622099
2618102
2622840
2622015
2609197
2611405
2619606
2622564
2620364
2618695
2621041
2618683
2612955
2618329
2621402
2614361
2614477
2621049
2627822
2619012
2629012
2617521
2613374
2626317
2621728
2616532
2616621
2613971
2621380
2617900
2627647
2620414
2618439
2621984
2620581
2616053
2623130
2616469
2619367
2620298
2625241
2615629
2629265
2623589
2614350
2618516
2614550
2612292
2624619
2616993
2613357
2617032
2617113
2615426
2621089
2620849
2616098
2618486
2624128
2616693
2622391
2618755
2617167
2613975
2625822
2610719
2632403
2624938
2623579
2620410
2615367
2619750
2617839
2618674
2613050
2611212
2624910
2627009
2621609
2613654
2633173
2612583
2618926
2616716
2621521
2615166
2621854
2620420
2617932
2618871
2629210
2616332
2622075
2626453
2612852
2616725
2611740
2614756
2614616
2615052
2623900
2617845
2615345
2618803
2628602
2615355
2612619
2615443
2620365
2616871
2605657
2611120
2625085
2621303
2613377
2628182
2622690
2628378
2625886
2616505
2622004
2620230
2611777
2620719
2615195
2626615
2624907
2619119
2615271
2617822
2613882
2625012
2632209
2619046
2616457
2631570
2628553
2620133
2613669
2618057
2613449
2622168
2624943
2622013
2614567
2623194
2616276
2621627
2618496
2628795
2617601
2623806
2621737
2624473
2614785
2613095
2619782
2616213
2619472
2619787
2619586
2618930
2613374
2625947
2625053
2615066
2615955
2626280
2624400
2624785
2624392
2624544
2619666
2626845
2624181
2618017
2611266
2621016
2621659
2623127
2623763
2628104
2618743
2613012
2619375
2616756
2622349
2617227
2615553
2625228
2619901
2620653
2618724
2617286
2618362
2613324
2627005
2626692
2624235
2622158
2615167
2627403
2629545
2612520
2620146
2626490
2623462
2627635
2627849
2622738
2615511
2617654
2623504
2622955
2627803
2627644
2614941
2617055
2615937
2611390
2619207
2622867
2615811
2621207
2612533
2612603
2616285
2620114
2615811
2620163
2618503
2618579
2623274
2620352
2614565
2618109
2620522
2622455
2617447
2618884
2613898
2624168
2622250
2622321
2625615
2625166
2624124
2622839
2629700
2609833
2626380
2624449
2620406
2620218
2622309
2617958
2619931
2624001
2629594
2618472
2623270
2619348
2616191
2620637
2618654
2609810
2621417
2625729
2621652
2615386
2615726
2615753
2620593
2623863
2623024
2613518
2615773
2624557
2626252
2627729
2612787
2623118
2618352
2625295
2618807
2625425
2626510
2625990
2613096
2620236
2611770
2623460
2621799
2619489
2622366
2615067
2615218
2618777
2613745
2620827
2621667
2626148
2614306
2628361
2619523
2617621
2625151
2618656
2623599
2620740
2617932
2618209
2619676
2614737
2621085
2626604
2622954
2619402
2621382
2616437
2615101
2629790
2614102
2627232
2615326
2618992
2616108
2616453
2623926
2617969
2623889
2621482
2619208
2612246
2622612
2619275
2621480
2624858
2620358
2621125
2623474
2614799
2616891
2622919
2620694
2621460
2619647
2625806
2616017
2627292
2631845
2615636
2621913
2618096
2621239
2619119
2618708
2617278
2624417
2618351
2635322
2629647
2627216
2629645
2624505
2616073
2621230
2614185
2617892
2617170
2626713
2611361
2617028
2610850
2621078
2619632
2613715
2618583
2623815
2617918
2620586
2618130
2618451
2615698
2629751
2621841
2618700
2624413
2621843
2629100
2619458
2616404
2622411
2618349
2619372
2623280
2623269
2611927
2616341
2617544
2619386
2620998
2616469
2615604
2622904
2623061
2614584
2621709
2626958
2615283
2617854
2616663
2621609
2620641
2616185
2621864
2630621
2623523
2616041
2624731
2623924
2619465
2618738
2614837
2616079
2614663
2632110
2626482
2630712
2621721
2623673
2624016
2615606
2622597
2615719
2620792
2621739
2616050
2627465
2617108
2608239
2621473
2617644
2623267
2624784
2614218
2622384
2621754
2620411
2616188
2621335
2621973
2627338
2619423
2614805
2622902
2617572
2620022
2617406
2618633
2620361
2623178
2616030
2617362
2618436
2612136
2613943
2627940
2624530
2622381
2610959
2615223
2635334
2624565
2615882
2626377
2614702
2614683
2619411
2622727
2615594
2618622
2624003
2613196
2629135
2612453
2624982
2627686
2616802
2623411
2612460
2620828
2613405
2628414
2616175
2618004
2621206
2622737
2621695
2628115
2617546
2611936
2625363
2616649
2618928
2612600
2617361
2613693
2624742
2621232
2611068
2615528
2626909
2618489
2619583
2626722
2627366
2621663
2615559
2619207
2631018
2623110
2626874
2622807
2614939
2623486
2619978
2625283
2619987
2631648
2617426
2612825
2619069
2621585
2619174
2622707
2616328
2620696
2624992
2614409
2623012
2617376
2619371
2618576
2623811
2615095
2619188
2616894
2617610
2620548
2627607
2629315
2626278
2619192
2620287
2623043
2620528
2617239
2618539
2630136
2615619
2617597
2621689
2619058
2619499
2623579
2621309
2622867
2622100
2617618
2619429
2619603
2626842
2614790
2625848
2627937
2623741
2613583
2617211
2617377
2616739
2625180
2615480
2610310
2622967
2614286
2619707
2619381
2616279
2614188
2622344
2621007
2623704
2624913
2619665
2620288
2616705
2636156
2617283
2617279
2617303
2624164
2616798
2620518
2622611
2618715
2617662
2618470
2616641
2621247
2611799
2615947
2622888
2614171
2624703
2618303
2623949
2620940
2614575
2625513
2621193
2618321
2622296
2628789
2626886
2614990
2616882
2619863
2620009
2617681
2621791
2631864
2625879
2607991
2629834
2617865
2616312
2615386
2622879
2627396
2628972
2615684
2627449
2620499
2620350
2620953
2621898
2617232
2624925
2612200
2617640
2624066
2628000
2619427
2620939
2616678
2620675
2621483
2623918
2622902
2626762
2622789
2624002
2629387
2628384
2617881
2624785
2619191
2619682
2616652
2624746
2614124
2614151
2616697
2625473
2617270
2630617
2621159
2621080
2627261
2617345
2622087
2623672
2613170
2624599
2622614
2617743
2624865
2617889
2611703
2622359
2617897
2623273
2619043
2607912
2621863
2617266
2618625
2617346
2619910
2625519
2615791
2618328
2616426
2620556
2630761
2619484
2617992
2619688
2628984
2620068
2623372
2617526
2622544
2624945
2612874
2616894
2619476
2621600
2615826
2621773
2626631
2623336
2622469
2618027
2614588
2628757
2624504
2620265
2623627
2617043
2620560
2618671
2628023
2629062
2617728
2617499
2624445
2614431
2626857
2618509
2621088
2619977
2624545
2617444
2615708
2619682
2620930
2623929
2628983
2616440
2624886
2621789
2622574
2621872
2622720
2617307
2626639
2618224
2616743
2624488
2616353
2609085
2623065
2626557
2621625
2625723
2616376
2613296
2620755
2612842
2615218
2621342
2618217
2619021
2611333
2621834
2617657
2619198
2624226
2624665
2622656
2622173
2618992
2627143
2614626
2616415
2618325
2611930
2623060
2618765
2623799
2612887
2612305
2623553
2618871
2619177
2619719
2617894
2624728
2616023
2613123
2617120
2617089
2619772
2621530
2623622
2623121
2616297
2620226
2628572
2616843
2620055
2623492
2622726
2619827
2609009
2626058
2618049
2619850
2621247
2620238
2614885
2617183
2618237
2624896
2621345
2614867
2620482
2623923
2619866
2621813
2609609
2621895
2616117
2619974
2623385
2621095
2618314
2625568
2621176
2612590
2616552
2630380
2622416
2618217
2631551
2628355
2619990
2619857
2619499
2614860
2620467
2624660
2615206
2622974
2612080
2616625
2616085
2627535
2615228
2615735
2618096
2623450
2620665
2624523
2618448
2621037
2619521
2611021
2622871
2622661
2619343
2615168
2618453
2618902
2621217
2619855
2618426
2617949
2618629
2615489
2612111
2611931
2622034
2621062
2622773
2619010
2613473
2617811
2619042
2619071
2615185
2623246
2623907
2618262
2619118
2628332
2615861
2620657
2619955
2622382
2618326
2628935
2610318
2630224
2621973
2623979
2625070
2611974
2619154
2618623
2616196
2610262
2608054
2620913
2618546
2614466
2620475
2627290
2614610
2619726
2620451
2624327
2614051
2619954
2613315
2618214
2621835
2625639
2617591
2618398
2616298
2624973
2628678
2606258
2622283
2612253
2630965
2617368
2622137
2614774
2620815
2628340
2634057
2612821
2624101
2617479
2622824
2617029
2617461
2620475
2621794
2624398
2617915
2620321
2624651
2621191
2621390
2623602
2612887
2621280
2618208
2614996
2614338
2616313
2616498
2611860
2628804
2624851
2620175
2622269
2626298
2614136
2616033
2619102
2618347
2616195
2614873
2623346
2626832
2626448
2627341
2621073
2623782
2625487
2616420
2625338
2629967
2622860
2613507
2621593
2622933
2617312
2615125
2622937
2626928
2626973
2614996
2620371
2618950
2619549
2614532
2615734
2619756
2610593
2620604
2619924
2619869
2619932
2613946
2621383
2621810
2618576
2615969
2630072
2621436
2611314
2628162
2613533
2606484
2624301
2612203
2626423
2622018
2616691
2623780
2625641
2615890
2619479
2622356
2623445
2633526
2620423
2623815
2613228
2616294
2629228
2620183
2617108
2624501
2611380
2612522
2623892
2617624
2618268
2617343
2622603
2629785
2616041
2617906
2623241
2629189
2621040
2616979
2624210
2612458
2615519
2621541
2623702
2624265
2617797
2620435
2618156
2611847
2621072
2618696
2619901
2634384
2618156
2618958
2610384
2616552
2610646
2611007
2613696
2614436
2619197
2610830
2614352
2628621
2621596
2621921
2621451
2614544
2614033
2626493
2612229
2617315
2625142
2619034
2621978
2625365
2621400
2610478
2618823
2613565
2614265
2616899
2615269
2626549
2618172
2613444
2619078
2625005
2622371
2619536
2619421
2616557
2624378
2613856
2627460
2612610
2618608
2620070
2618081
2621016
2620133
2619268
2618227
2620122
2615829
2617621
2621000
2620762
2616353
2619972
2623633
2622696
2610221
2619731
2619761
2629444
2609230
2606053
2617709
2618736
2620038
2613393
2622900
2619569
2616530
2615766
2619295
2627947
2608763
2621243
2621521
2614378
2618297
2620525
2625186
2617944
2628144
2622504
2626851
2621008
2622524
2617573
2628796
2621340
2622224
2624876
2619914
2619402
2629869
2616631
2619647
2612944
2631686
2623343
2626013
2613456
2618768
2618389
2621952
2620826
2620156
2614829
2621177
2623267
2623781
2622665
2624746
2622701
2617164
2630698
2621590
2619615
2621242
2614367
2619213
2621609
2626696
2621273
2622242
2615290
2620603
2613949
2621891
2623065
2618934
2617612
2621621
2614166
2613483
2620205
2624196
2614145
2627737
2618574
2626494
2614760
2618371
2616736
2624021
2619358
2621651
2615598
2619521
2609989
2619430
2625410
2619727
2613477
2615040
2618087
2615859
2619869
2625910
2615043
2613828
2627775
2622260
2626366
2624519
2622068
2617311
2619386
2619394
2618805
2623225
2622159
2630127
2624490
