195633
196519
193885
194496
196104
195924
194423
197407
196743
194319
195037
194561
194561
195859
196397
195091
196607
194995
197082
196370
196262
196900
193768
193769
197092
195133
194899
195310
196711
195895
196944
196116
196615
194656
196062
195066
195236
195957
193320
194876
194772
198066
198323
195325
194473
197344
196562
196190
194465
196350
195578
195557
195534
197038
197311
195618
195386
196207
195939
195779
194506
196350
196062
195446
196062
195875
196937
194774
196020
194653
197187
193535
197937
196431
197077
196837
195398
195917
197017
196942
194698
198721
196739
194597
196406
195133
195578
197282
195325
195329
198936
196423
195225
195045
194568
196158
197833
195779
197659
197797
195356
196550
196062
197238
194441
196997
194465
195406
193754
195924
196354
192867
196350
194423
196057
195037
196711
196158
196245
193416
193754
196205
196879
194722
195481
197453
196212
195138
196051
195229
195398
196638
196350
194142
194363
195062
197357
194465
197038
195924
194515
196621
196502
194361
196602
194876
196410
198124
193981
195189
194794
194304
195618
198281
197973
195229
195448
196382
194876
197136
194779
194441
197862
196020
194361
196205
195917
196051
194910
194345
195310
196519
195786
195901
196942
194496
193481
193673
194296
196370
196982
196174
193481
196942
196900
193481
196942
196350
196307
196645
195194
195756
198135
197092
196445
195852
196062
195477
195633
195481
197313
195901
196960
195801
194910
195506
196374
196189
196638
194441
196562
196254
195412
197916
197230
194506
196020
194415
194506
196423
193992
194698
193938
197303
196020
196431
196835
196278
193934
197862
196643
195779
195609
195437
196841
195658
196893
195107
197092
196062
195344
192610
198223
196991
194876
194972
194649
194818
195924
197429
196551
195581
195187
197130
193320
196879
195778
195779
197430
195191
195769
197038
197547
197643
194181
194304
195260
194298
196020
196464
197125
196293
197824
194692
197134
195360
196062
195381
196230
196109
194634
194465
196370
195536
194698
196148
195904
196220
195917
195747
195924
197277
195155
194714
195352
195917
196877
194207
194345
195875
194592
197286
193673
195133
195983
195329
196730
195582
194698
195578
193773
194672
193577
194698
196057
196358
194876
196711
195002
195482
196781
194613
196174
195365
195525
194798
193416
196013
195677
196926
195225
196381
196149
195763
194319
195594
195756
196158
194910
194898
196266
197452
195617
195207
195586
195810
194441
194875
197334
194753
195779
194876
194875
193577
197986
195580
194753
197589
197756
194729
195490
196900
195714
197092
196328
194501
195325
195046
196277
197220
194814
195399
197274
193416
195482
195325
197038
195325
195819
195915
196020
196973
195310
198058
194602
200154
198406
195997
198334
195718
195521
196381
194368
197018
194030
195227
197801
196739
196942
197303
197264
196996
195490
197029
195673
195140
195291
195917
197770
196615
194202
197701
196679
197486
196013
194995
197230
194664
193101
195756
197503
195747
197978
197109
194876
196781
195183
194207
195398
195435
197078
197297
196212
195482
195617
196900
197862
194846
195598
196381
195133
193639
194794
195714
195799
197370
198022
197292
197407
195560
194207
196020
194899
196062
196901
196942
197768
196870
195229
197432
196057
197142
194657
195260
196268
194602
196011
196158
197775
194368
196286
196203
194511
195310
195237
197029
194963
194664
196062
195924
196044
198706
196095
198730
195404
194073
198696
194465
194510
196148
196111
196410
196941
196423
195229
194506
195386
194501
193416
196270
196062
195386
196468
195386
197069
193934
195773
195172
193712
197535
196900
195406
195618
194368
195037
195133
194930
194368
197230
195059
196877
196153
195212
194633
195590
193747
197336
194972
194779
194030
196365
196921
196629
194345
195344
195747
197054
194368
196743
194506
193789
196062
193512
195521
194618
195303
194818
196942
193512
195187
195133
196092
195490
194553
194126
194657
198419
196897
197051
197007
194876
194441
195602
194041
197962
195229
195536
195396
193343
195310
194597
196431
194912
196021
196119
194464
197958
196116
193512
195184
196660
196804
197351
195321
196112
195046
197898
196454
195482
194730
197873
194200
194871
197176
199387
194501
194930
195339
196493
195779
194361
197921
194506
195901
195037
196109
195191
193673
195350
196683
196566
196589
196374
197037
196930
198419
195834
196502
197303
195545
196772
193689
198435
196942
193593
194876
197303
197290
196514
197238
195686
195477
194922
196158
197701
196942
197726
195578
196013
195526
196062
193439
194749
194802
196519
196942
195997
195329
196350
195809
195948
195242
195875
196062
196942
199083
194457
197978
196900
195901
196158
196062
195011
196697
195420
194657
194899
194834
196428
197325
194187
196262
196610
194457
193608
197178
194361
194912
193490
196837
195901
194457
196374
195955
195386
196350
196423
196326
196821
196270
193773
197338
193724
196423
193577
196942
197078
196573
196093
197134
194793
196107
197078
196148
196431
194298
195939
198295
197282
192867
195957
195018
194465
195171
194560
198182
197036
195332
194510
194995
197255
195581
195924
196931
194867
196699
196254
194899
193577
197540
194738
198882
196298
196781
196942
193754
196509
195133
195924
194325
195386
197399
195398
196013
197582
195819
196109
197311
196232
195526
196075
195756
197174
193843
196903
197230
195278
196062
193470
195586
195881
197188
195810
197082
196013
195756
195142
194875
196804
198235
197082
198058
196942
196423
196062
196153
196384
197924
194995
194392
196350
197283
195037
195225
196837
197038
196063
195971
194995
196013
196497
195068
196837
195133
195381
196169
197152
196795
195586
195482
197194
198158
196089
196205
195948
195037
196335
195843
195494
194415
194441
194602
197716
196877
196350
196278
195010
196982
197495
194899
195059
197882
194561
194876
193101
194649
197282
193754
194073
193647
197503
196332
196288
197716
197255
196158
197303
197456
196019
194361
193577
195145
197313
196877
196062
195494
195779
195329
196350
194876
194419
195947
193850
196426
195099
196350
196781
196232
196437
194073
197004
194803
196109
195526
196942
193864
194441
195997
195087
195898
196903
194553
196803
196454
196036
195360
195205
196781
194867
197648
194421
197038
196804
194506
195658
195075
196024
196158
194809
196326
194400
195398
197038
193608
194465
193535
194922
194698
195982
195365
196169
193197
195622
198165
193731
196227
194126
195133
195845
194560
199495
196262
197165
197069
195763
196335
195658
194077
192963
195537
196431
196389
196013
194875
196944
195229
196359
194537
196350
196837
193608
197399
194415
195494
195671
194899
194779
195957
197820
196244
195924
195533
195086
195172
194345
197997
196370
196601
195142
195623
194568
196431
195690
195713
194584
196562
195037
195808
196921
194441
197343
196232
197077
194537
196474
196089
192844
195917
196711
196877
195779
197165
195114
195490
196158
194899
195897
195225
194963
195225
194972
195977
197038
197768
194963
198058
195834
193616
196900
194465
196900
195490
196288
193577
195482
196444
195037
195037
197874
196172
194501
195325
194769
196350
195285
196211
197958
196309
193343
197303
195659
193689
195917
196107
196643
195441
196877
195260
195513
193796
197178
196020
195917
198910
196220
198882
193731
196942
193842
196278
193278
194698
195779
194814
196062
196236
194480
194495
196254
195887
195917
195046
196519
196953
195901
194345
193197
194784
193704
197038
197430
195229
196510
198692
196062
196249
194676
196328
194834
195406
198354
195310
195195
194876
194876
194667
196374
194511
194802
196324
193934
196380
197136
196109
196358
193850
196197
196676
195457
194457
195440
196020
193182
196562
198062
196305
196013
195386
197724
194899
195037
197962
195026
196714
194368
196606
195901
195590
198978
194368
196254
195626
195225
193416
197958
196973
196783
196401
192610
194596
193704
198085
195037
197495
196254
195482
196942
194495
195191
198171
195091
196062
196188
193754
198054
196350
197017
194361
196423
194914
195140
195834
195881
193846
194876
195609
194738
195809
193869
195814
194441
195917
198307
194899
195734
196027
198016
193481
196109
196044
195917
193343
195037
196781
196276
194856
198310
196906
194698
194729
195502
195037
194506
195686
195140
194361
194834
196982
196197
194361
196804
195460
197165
193416
196345
193481
193885
195494
195133
197082
196062
194464
194560
193470
196254
196781
196158
195386
193769
195917
194368
195578
194537
194816
195049
194899
195763
194899
195713
196062
196345
195957
195930
193481
195997
196221
194441
194475
193743
197038
198515
194936
195482
195037
194899
194930
197801
194922
196117
196057
194876
196062
196029
194304
196601
195329
195339
196533
196258
194930
194997
194555
194506
197108
195386
194415
196062
195642
195477
194158
195674
194693
194971
196900
197077
198545
196804
194506
195133
195767
194457
194779
195755
194729
195068
197402
194672
195310
195754
196739
194906
196254
194464
194400
196035
195386
195406
198067
195622
197054
194464
199141
198808
195280
194506
197724
196335
196739
195653
194898
195901
195325
194496
196254
197038
194207
197082
195659
195705
195897
196431
198116
197165
194511
197269
197238
196107
195924
195901
196977
195875
197886
196837
198058
196022
196153
195229
196996
195779
194026
193593
193916
196781
196756
197230
195183
196837
196075
193673
196046
196062
193934
196431
195037
196093
194618
196734
195718
196335
196618
198445
196711
195924
197091
197230
196335
195955
193481
195613
193343
195440
195736
194561
195912
194809
196020
194223
197862
195917
196527
195310
197230
194963
195448
197355
195917
197038
194340
197082
195658
193796
194303
196158
197540
194560
194532
194303
194368
196779
194207
195654
193182
194126
194929
196158
196109
195852
194676
194345
197884
198135
196804
195482
194368
194611
197343
196942
197724
195977
197134
194656
194506
195755
196683
197862
197438
195440
197670
195917
195386
194698
194319
194561
193416
196643
195901
194963
196376
194899
196676
196020
194834
195997
194361
194501
196013
197129
193481
193040
196335
193439
197635
194959
197082
195778
196062
196917
194464
196975
195957
197038
194030
196057
196783
194495
197187
197962
193789
196044
197165
194077
195344
197399
195310
195843
196225
197461
196895
197082
197082
197204
196781
193439
196079
196599
196366
194875
195149
195977
195882
194584
193481
192909
194698
195452
196573
196258
197303
197225
193696
195622
195901
198611
196942
195428
196364
196158
197370
195901
194753
196125
195386
195203
194862
193842
195386
196454
194722
197040
194657
196933
197092
194537
194818
196020
194876
195875
195037
195979
195674
194227
195245
196431
196117
196062
198016
196942
198080
194340
195901
196602
194809
197033
194794
196062
196946
195147
195091
195779
195037
195037
195037
193946
196013
196236
196835
197864
194602
197038
194994
193842
197962
195779
194738
195067
196174
193616
196590
194340
195992
195763
194749
195187
197936
196725
193896
193842
197399
195557
194345
196158
198223
195227
195631
196423
195622
196493
197311
197357
197864
197230
196912
195901
197443
195901
197387
193374
195325
195164
197370
197173
195037
196774
195819
196249
194062
197069
195682
195482
198744
193939
195386
196209
198097
196362
196111
196026
195490
195037
196062
195581
196013
195091
195386
196350
193182
193885
198840
196254
196158
195901
195010
195915
196254
197064
194730
197801
196781
198515
196942
193754
196020
195243
196511
195918
194972
195381
195994
194200
196350
195705
195747
197060
194972
197206
196062
197230
195819
198098
195799
195682
195674
196209
195917
195352
197482
196678
195602
196454
195526
197274
197272
197425
194634
196293
197142
197112
194327
194779
195481
195386
195280
194537
195526
195859
196968
196158
193320
196062
195901
195721
194954
196942
193773
196466
193850
196510
193416
196739
192748
197325
195386
196172
195917
197731
196023
197230
196660
195682
194649
194584
196734
196875
198223
195172
194634
194899
196930
196982
195917
196209
196249
197054
194207
194602
194034
194613
195726
194958
194706
196550
195386
198788
197194
195320
196345
194749
194465
194506
195901
193343
196900
197390
197546
196332
197168
193630
195210
197270
196316
196942
196711
194553
193512
195260
194465
194319
196868
194737
195754
194698
196982
194361
197215
193005
196877
196205
197082
195948
196326
195482
193673
197095
197265
194506
197370
196781
194779
196485
195155
198070
196997
197591
194465
198235
196527
196942
195179
193481
193934
196982
193754
197960
193647
196804
194553
193946
193593
195386
196093
194657
195140
196062
194511
196189
196877
194698
194737
195406
195578
196158
196445
195498
193481
195494
197306
194555
196783
196214
195727
195882
195225
197134
194441
197274
197399
193182
196900
195307
193320
196414
196213
194506
194948
193320
196127
195939
194971
197303
194403
196933
196562
194296
193577
196228
196606
196835
195859
195957
194465
195037
197503
196968
196205
196895
194899
195901
196268
196272
194995
196582
196768
198150
197679
194207
195187
195810
194613
195747
193673
196245
198074
196982
195578
193969
195959
196431
196170
195674
196158
197092
195677
196519
195406
196942
197038
196062
193673
198692
197092
194506
197134
197759
195779
195809
195067
195930
195006
196942
196093
195638
193934
195440
198098
199409
197136
194223
196519
195917
198158
196062
197205
196942
194506
194995
195756
195978
193416
196116
198978
197962
193842
197570
195417
195852
196942
197038
198891
196877
197792
193892
194506
195345
195682
195843
195590
195470
196326
195502
196900
194227
196361
193939
196262
196107
196643
196254
194602
194560
196158
194345
196189
193439
193651
194776
195513
193593
197004
196410
194899
194972
197503
197042
195917
195525
194657
195917
198104
196106
197683
197716
197430
194262
197238
197092
196109
195482
196653
193470
195452
193543
196942
196877
196727
194680
195977
198154
195133
194464
195845
194944
196285
195809
197230
194929
195386
196454
196844
195283
197237
197962
196268
197246
196374
198016
197142
196370
195303
196474
197325
197140
196293
198688
195133
196117
198097
193416
193842
195490
196694
195778
195931
196904
197576
195682
196120
197187
196305
197334
197937
193439
196606
198806
195851
195997
196864
197712
196278
198058
194698
198310
193439
195133
194972
194899
194304
194576
196020
196431
195526
196211
196124
196676
194084
195755
194511
195220
194672
197862
195398
196062
197453
196245
194698
196278
195037
196389
198419
196062
199141
196462
195747
193343
196397
194656
196020
194495
195011
196062
199278
197189
196212
194537
195513
196328
194363
194645
197360
197178
196116
195957
195594
195133
194222
195091
196365
196009
195386
195482
194698
193577
195917
196781
194730
193934
196254
195037
196497
194602
197225
194794
197897
197078
194368
193320
194906
194738
194963
196921
197319
196551
197290
195901
197038
196837
195578
194602
195526
196519
194738
196013
195578
196170
198012
195243
196158
197908
194676
196188
194914
195067
199348
197841
195416
194066
195834
196692
197152
196478
195066
197230
197198
195794
196158
196370
194622
195203
196423
192909
196997
196013
193481
195229
196877
198307
194869
195763
196062
196293
194457
194222
194602
197565
197399
196899
195846
196189
196606
194606
194698
194969
195037
193827
194400
195779
194971
195133
195997
197142
197930
196973
196062
195448
196877
196109
195997
195513
197897
196192
196944
194834
194779
195325
196189
194506
195482
196163
196835
195334
196739
195521
195133
195248
195961
196844
195919
193777
193929
194501
194368
196062
194794
193628
196057
194506
196917
195671
195248
194464
197142
196062
196013
198258
196044
197303
195133
194774
197862
196013
195590
193673
195580
197218
196572
195756
195817
195352
196149
197405
195345
196192
195388
195440
197357
198154
197716
194506
193577
193869
197402
196267
196123
197438
196606
196900
195609
197260
198387
194050
196062
195810
195482
196900
193850
194501
198154
194465
197336
197004
197503
195417
195345
195082
196350
194464
196574
192671
193535
194972
196413
195417
194706
195917
198245
195383
197232
196370
195714
197937
194664
195325
197142
195461
195622
196254
195248
194738
193470
194779
194561
194649
195755
195495
196153
193689
196031
197970
195994
194438
195037
193631
196715
196837
193785
195321
196013
197054
197303
193481
198058
195290
193512
195578
194392
196823
196169
196804
193343
195268
198511
194296
196900
196067
196804
194606
197336
197352
195229
195924
196062
197073
197936
196541
194464
196643
197311
194465
193343
196973
195460
195939
195852
196741
196309
195720
194794
195660
197366
193850
195133
196900
196370
198419
195810
193735
196804
195347
196257
193681
196062
194602
195526
196933
194929
194077
196232
194537
196278
195640
195081
196598
195957
195863
194568
195345
194464
196605
193278
194361
196382
193681
197055
195493
196062
194971
196205
193704
195915
196418
197069
197978
193988
196341
193577
194802
194361
195997
194358
197038
194749
196117
195622
194634
196057
194319
194361
195924
195881
194794
196093
195917
197078
196062
196519
196013
196615
197593
195578
195682
196350
195706
197926
196335
193808
194818
198076
194592
197134
195087
195187
195997
193850
198419
195586
196804
195763
198154
195674
197187
192671
196044
195498
196278
198281
195682
195059
193608
194368
196615
196252
194722
197343
194506
193647
196228
195325
197336
195490
197439
195768
198323
195590
196158
196062
195133
195448
196323
193101
197988
195939
197786
194930
196527
196254
195674
193182
194825
196518
196062
197038
196406
197194
196254
195037
197038
198134
196466
196942
196057
195747
196944
195521
198038
195682
198866
193869
194361
193577
195917
196212
194698
197962
195553
195325
194202
194737
195321
195521
195066
194814
195633
197091
195099
197635
197920
194345
197724
196329
196013
195229
195521
196711
195299
197038
197230
195618
195502
196285
194368
195381
196335
195037
195493
196350
195590
196036
193631
196382
197038
195794
197897
196015
196562
194818
194345
196365
195140
197390
196877
194457
197916
195225
193481
195220
194779
192748
196804
193969
196646
197078
196162
195633
196062
192844
196696
197917
193769
195133
195482
194876
196013
197705
195187
196236
197386
196253
195183
194553
194465
195612
195516
195763
195578
197974
194794
195490
197820
196057
196743
194701
194580
197378
196900
195114
195756
197182
193577
193842
197355
194906
199482
196062
193712
196872
195834
197064
193416
195207
196350
195124
194457
198098
195859
197054
195440
197225
196158
196982
195086
198024
196440
194496
196804
195586
195017
197415
196944
195321
194802
198097
195622
195896
195037
194046
197292
195602
195037
195957
195325
195133
196174
195325
196254
196863
195229
196013
198611
196350
196158
197230
196109
194698
193934
195339
194303
197134
194506
196739
196944
196474
195350
195494
196822
196221
196027
192867
195582
194532
194561
192748
196278
198272
197820
195490
195924
195604
197040
196190
194553
195386
196739
196013
196197
195352
196900
196844
196734
194963
196776
197129
195521
196013
197281
194963
196944
196781
195310
197840
196189
194066
196335
194641
195674
197033
195037
197788
197178
194421
197049
193773
195361
197210
194515
199457
196230
196565
195325
198058
195767
196317
195586
196879
194553
196431
195901
195345
195814
195714
194729
196213
195133
195502
197040
198016
195037
195917
195502
195037
193278
194227
196013
197443
198435
195006
195187
196365
195682
195756
194319
196977
194560
196643
195248
196109
195091
197082
195705
197303
196254
196013
197029
194898
196799
196781
198534
195756
197701
194506
195329
197187
197897
196293
196328
195590
197958
197549
194361
196917
194034
196249
196382
194930
194698
196996
196562
196900
198054
196319
193796
194506
196654
196116
195334
194431
196116
196254
198647
198024
195332
195386
196071
193320
196324
194730
195992
196307
197875
197935
196262
196308
195195
195248
195347
197078
195892
195719
194597
195381
194158
194698
195955
195490
193182
195482
194361
197824
195950
198540
194867
194714
196697
195859
193704
194457
197190
195756
197134
193616
195906
196781
194958
195037
195578
196996
194319
194724
194465
196821
196020
193481
197178
194714
194457
195480
195325
195490
194423
196466
194602
195756
196942
196148
196158
196020
193628
198806
196374
196623
196153
196890
195482
197788
198475
194223
196877
195498
197122
196781
194698
196158
195674
195631
194876
196364
196158
198059
195997
197357
197038
197004
196374
196366
193416
196207
196942
197040
195398
194506
196502
194779
195521
193320
195149
195433
195482
194319
197966
197082
197547
197399
193984
193593
195513
196285
196921
196057
194223
197143
196987
196676
195402
197230
196254
195360
194361
194441
197365
196879
196942
194972
194415
194738
195037
197357
194656
196514
195526
194876
196629
194899
195091
195747
194345
195578
197294
194964
197082
196013
193777
195026
196582
197038
194062
194345
195659
194602
193789
196254
195386
194513
196699
196877
195248
195183
196350
195755
196502
195133
195924
196781
194995
197040
196013
195622
197179
195924
194459
196093
197355
195997
195633
194506
195037
193512
195006
197082
196527
197255
197098
196053
196244
197980
193320
196254
195755
197013
195814
195191
194871
195997
195026
195398
196781
193182
196527
195622
194345
194368
197407
195917
196062
195376
195578
195329
196942
195525
196381
196658
196615
194602
195948
193101
194995
197715
195325
196236
194602
196781
195164
195310
196062
194368
195924
196079
197230
196996
194457
193960
194729
193938
195325
195852
198154
196305
193182
193731
196148
195091
198134
195494
194876
195437
194963
195763
193439
195901
197576
195548
195586
194995
196643
195037
196570
195859
197178
195381
193938
197255
193577
196093
196364
194738
197134
196942
196044
197665
194465
196942
196044
194698
196942
197069
196428
195526
194688
195682
195674
197230
195490
194657
194506
195997
196973
193673
195674
195581
196057
195901
196901
196332
194602
195386
198250
195260
196973
195457
195378
195901
193696
194963
197497
195386
196804
194296
196941
196508
195515
197303
193577
197565
197951
196441
196350
195439
196284
195917
193551
194062
193439
195734
195490
193938
193455
196519
198515
194698
197213
194345
194718
196158
196062
195037
197040
196071
194592
195955
194459
196029
198828
194004
196502
195133
195544
195386
196350
193535
195247
196917
194345
194506
195164
195229
196942
193005
195229
197038
197962
197342
196062
194506
197974
197399
197311
195350
197443
195939
196602
195640
193631
195057
193543
195345
197365
194457
197038
197082
193481
196158
196057
195133
195919
195997
196197
193924
194602
195229
198058
194899
196875
195429
194693
194995
195881
195417
194464
195248
194166
195037
193535
195155
196212
196062
193873
197038
196109
196964
194506
195310
195291
195087
197371
196566
193934
196900
197134
196423
194223
196617
196942
195068
196706
196598
195321
197342
194207
196368
197302
196423
198022
196900
193939
195037
195997
197274
197993
196502
197230
197069
196640
196158
196461
196711
195580
195245
193577
194457
196781
196942
197797
196482
197134
195114
195345
193689
196167
195897
198007
195344
196230
194698
196519
195763
195310
196140
195398
198157
195622
194818
196125
197212
193754
197038
197724
194615
194165
195955
196900
195087
194296
195594
197038
195203
195493
197038
196984
195017
194553
195941
195068
196053
195248
194602
196770
196839
196370
194963
196212
196382
196254
194361
195356
193754
194914
197038
195779
196781
196799
196781
193755
194325
196971
194319
196316
196245
197215
194368
195758
195875
195133
197033
196487
195490
197407
195502
195678
195674
195747
193320
197261
197215
193777
196350
197142
195245
195819
197886
195133
194802
195671
196366
195623
194779
193481
197402
196109
193374
196792
198056
196062
196457
196203
194490
196140
197343
194431
194921
196230
196402
196051
196036
196405
196062
194423
197178
197325
196117
195343
197179
196349
195530
194868
195756
194506
195229
193535
196506
197134
197482
197625
195971
195275
195917
197133
194958
193796
195091
196888
194972
195661
194319
195397
196942
194656
195037
196431
196426
196982
198319
194789
196566
192909
197303
194056
198235
195479
197142
194698
194436
195598
197142
196550
196382
195325
196942
193647
193885
198523
196057
195756
196763
194459
195901
196550
196917
198419
196020
194862
195531
195640
195006
194760
195580
196254
197962
195917
197346
197269
195006
195345
193343
193182
197539
197306
194995
194995
195149
196917
196350
194602
197038
196158
196743
195187
196900
197590
194506
195037
197129
196160
195494
197452
194030
193558
193416
195682
197701
197378
195164
196093
196249
198679
195997
194223
195440
195325
194729
195917
194818
195344
195011
195352
193535
195852
196212
198287
194062
195345
196942
196205
197701
195191
196117
195183
197962
194876
195172
195248
197078
195037
195912
198299
195763
194972
198415
196837
197731
197270
196341
196262
195682
196423
193934
195398
197303
194698
197570
193577
196804
196982
196839
196423
194500
196529
196364
197701
194465
195537
195059
197313
194363
194506
195502
198223
198118
193182
195133
193481
196942
194875
195482
196431
195388
196406
196261
195924
196254
197142
195133
197092
194307
196053
194972
195513
195997
193577
195939
195948
196942
195068
194876
195133
194555
196944
193946
194464
195957
193747
195091
195521
193416
192909
195462
196942
195622
197781
196329
195714
196859
196013
197064
195545
195441
194738
196053
195654
194698
197069
196643
195050
196067
195248
196254
195490
197820
195010
196011
193320
196521
196519
195544
196335
196197
192909
194602
196917
195852
196062
196132
196698
194363
196350
196519
196230
195037
195494
193965
195482
198016
196480
193481
195901
195482
196632
198358
196900
196350
197238
197877
195738
197897
195133
194637
193374
195756
196468
194537
195325
194779
194457
196423
195602
195037
194729
194303
195721
194899
196203
194465
197038
194972
194722
196877
195490
193577
195379
195810
196519
195490
196245
193938
194506
197129
195906
194995
197962
194779
196423
195352
197616
193904
198002
195082
197255
195894
194537
196944
195236
195778
196942
195617
196999
194753
196804
195133
196804
196270
197038
197038
194814
198857
196364
195067
194899
195482
193892
196132
193651
196213
196192
196364
195472
197189
196519
195086
196062
195721
196557
195924
193577
194864
193789
194464
195763
196278
194724
196550
194602
195386
195037
197092
196485
193842
197204
196057
194912
196197
195513
194345
193792
196406
197357
197862
195917
195941
195325
196517
197038
197486
194972
194722
196286
196917
198112
196660
194238
196654
196942
196190
195718
194506
196116
198721
193842
195714
196324
197298
194876
198529
198062
193769
196877
198289
193796
196699
195747
193747
196089
194576
195067
193416
197926
195887
195674
196062
197703
194506
196158
196562
196921
196924
194876
197962
194698
194506
195789
197783
196062
196606
195345
196062
197134
195412
195054
195037
193439
197292
196519
193893
198531
194465
196519
197399
196020
194568
194537
197407
197134
193773
194615
193792
195626
198295
196937
193278
197261
197134
194560
196254
195444
195344
194918
197786
196020
196423
195248
197230
195460
195207
194722
196013
194340
195843
197526
195316
196197
194729
198362
196153
196227
195133
196623
194794
195755
193577
192771
196228
196996
195398
195329
194899
194698
196739
193005
196057
195618
195386
196062
195037
196906
195187
198250
197178
194361
195786
195386
196335
194415
196431
195859
195718
196768
196169
195171
195924
194672
197006
196158
197303
198475
197230
195187
196153
195386
194995
193887
195763
197038
197103
198058
194307
197040
196158
195398
194995
195059
196984
195896
195352
196438
197314
193577
195633
195310
196683
195875
196423
196309
197206
196953
193343
195398
196647
195386
196093
195260
195429
195578
196942
195229
194223
193577
196519
196888
195656
194457
196254
194062
195659
196370
196370
193182
196519
198331
195247
195220
194506
195037
195987
198840
196285
197644
196982
197038
196011
194995
194296
194779
196930
197230
197290
197439
196615
196466
196062
196209
194368
194995
196844
194825
196013
193577
195942
197230
196942
194537
195617
194779
195859
198238
195875
196658
196959
196699
195747
195441
196423
196942
199017
195498
198323
195756
196350
197142
196607
192610
198034
198098
194657
195441
195833
195638
195037
195756
198067
196245
197953
196317
195133
197230
196466
194296
195087
194506
194436
197129
193320
197882
193881
197336
198882
196510
192909
197038
196227
196158
195917
195997
195260
197390
193320
198054
195819
196093
194834
195059
195478
195532
194676
197483
196093
196406
195896
197407
197290
198319
194602
195778
197724
193005
196093
196674
194825
197777
198377
197038
196149
194361
196117
194325
195386
197390
193873
196109
196062
197142
197089
194618
195187
197316
194457
195248
194034
195901
195987
194488
194602
194995
196278
196124
193535
196606
194698
196804
196300
193512
198523
197092
195662
195248
195924
194116
194602
195091
194227
194649
196278
196254
196478
194319
195882
195082
195172
196819
197543
194738
196254
194779
196286
194862
196093
195435
194553
194698
195386
195045
196406
196293
197136
194772
194361
196776
193577
197503
198471
198081
196908
196268
195133
196029
196942
195044
195852
195386
196256
196350
195915
194345
199034
194415
195901
197439
195386
196424
194345
194361
197038
194602
197582
193593
196335
194602
195140
194638
194602
196527
195310
196278
193731
195398
198562
194345
194876
193343
199628
195133
196062
196254
196209
195490
194876
196460
195333
195026
196781
195490
197451
195310
195598
195260
195103
197225
193673
194910
194345
196719
194320
196345
196305
195779
194296
195758
197209
196358
196036
197314
195736
197303
195917
195324
195674
194457
196013
196335
196942
196781
194876
195441
196062
194657
195763
197421
198323
195682
195311
195544
197134
197355
195301
193754
195133
194223
195388
195659
194325
195498
196890
196350
196900
197370
195901
193416
193577
196350
197069
196335
199853
196423
196350
195537
194480
194303
193800
197092
195441
193481
196403
196062
193769
196211
195997
196900
194062
195187
195658
196837
194361
196466
193616
194738
195440
198679
197539
196550
197570
197311
194867
196212
196601
194441
197962
196930
196212
196329
197824
194062
193796
196781
195622
195513
196900
196013
195140
194899
197539
194738
195187
196357
194649
197233
198269
193630
197274
196285
196683
196158
195472
195553
196877
197862
196057
194995
195133
196586
195779
197926
194730
197920
195521
197040
195896
196205
196781
196431
198583
197098
197068
197038
193343
194698
193343
197072
197004
195852
195386
196069
196382
195207
193981
195852
195924
198113
194368
195441
198555
194340
197098
196897
196254
197712
196781
196278
195794
195037
194441
194989
197214
194465
197274
197256
196949
196062
196052
196262
195260
196602
196781
197824
194818
195924
194368
195997
194914
196423
195742
196493
196285
197672
196062
195386
194821
196205
196062
193439
194399
196109
195578
197303
194649
197672
196711
197303
196468
196153
193747
194569
195386
195896
196779
195578
195099
197815
198840
196423
195622
193988
196422
197509
195948
194130
194597
196729
198154
196308
196158
196254
195939
197082
194834
196372
194702
196696
196900
193969
194511
196835
195225
195859
195037
194207
195901
197274
194223
196380
195472
195225
194964
196696
195247
196062
196933
194363
194361
195747
195187
195067
195917
196184
196900
194898
194345
192898
197230
196062
196286
196510
194972
194362
196254
197134
196821
196940
195323
196423
195417
197695
195734
195756
196020
196982
196062
198223
197498
195068
197643
196053
195037
194459
193005
194602
194296
197893
196277
195490
196799
195810
196013
195482
198268
196415
195113
194954
194972
196506
196959
196062
196431
196422
195604
196772
195924
195333
195237
193416
195245
195997
196285
197724
195819
194506
196374
196931
197038
198107
198855
195756
197301
197064
196942
195248
197701
197013
195203
194200
197651
195037
194706
197150
197282
192863
195345
196423
197033
195997
197040
195225
194030
197142
195345
196350
196514
197017
195113
195901
195323
195268
197082
196131
196942
196075
195578
195957
196359
194506
196615
196189
195677
196370
197017
194400
194834
195229
196761
195248
195924
195323
197824
197435
197678
195375
194361
194459
196332
199387
193843
196942
195482
197049
197082
197801
194995
196911
196062
194361
196742
196527
194223
194949
196942
195778
196350
194963
196109
195917
195896
196844
193101
195087
196390
197132
196158
195248
195248
194921
195763
195037
195924
194818
195059
194630
195892
196804
196020
195917
195484
195229
196944
195425
195779
195598
195268
194490
194361
194457
195544
195339
196423
195924
195924
197100
195107
195229
197862
194368
196022
196602
198340
193792
196643
196605
194876
196184
195037
194653
197038
195671
196942
196174
196236
197217
196213
196389
194345
197792
197443
198323
197724
194441
196850
196079
197046
194584
195381
195928
195279
194930
196116
195796
195897
195225
195191
192844
195581
197701
198375
196093
193800
197091
194876
196350
196381
196942
193481
197971
196084
195558
195386
196837
195917
196169
195901
195417
196643
194930
193320
196330
195901
197447
196067
197953
194669
196942
194303
196212
195622
195919
196214
198020
194963
193182
194867
197142
196804
196212
196330
193577
196158
196942
194501
195387
194400
193439
197029
195386
195671
195482
194441
195133
194361
196982
193094
196197
195443
194223
196848
196245
194701
194863
193800
196942
196940
197399
193704
195598
196940
197080
194794
196942
196423
197786
196125
195609
196460
194794
197826
195919
197824
193616
195037
196204
197303
195779
194510
195671
196835
196335
195386
196466
195814
194899
197134
194963
196345
196804
195207
196745
196309
197194
195835
195461
192771
196057
193535
196062
196942
198254
195398
196837
195348
194323
195835
193481
196243
195917
195482
193673
194633
194737
196877
198327
194597
194506
195345
197073
197591
194361
195924
196254
196317
196900
194812
196158
196345
193439
195756
192867
195133
196013
194794
195810
195482
194634
196278
193920
193673
195321
195386
197040
197238
195164
196783
196158
194623
196245
195329
196643
195325
193182
196734
197017
197724
194200
196062
195344
194553
194465
194972
196062
194738
196481
196368
197696
195718
194899
193946
194972
197678
195412
197962
195755
196062
195875
195252
193343
196278
193481
196350
196940
197563
196035
194606
195037
194818
197209
197178
197134
193939
196350
196180
196062
197038
197786
196821
194441
196127
195260
198319
196937
193747
194480
196111
194649
195381
194304
195526
194899
196127
195374
196335
194779
198422
196365
196335
193850
195133
195778
195917
195260
196109
194537
196335
195494
196676
195268
196535
194653
196254
197198
196073
194501
198112
197134
195917
196158
194561
196062
195992
194435
195779
194506
196933
196350
195676
195172
194126
197232
195947
196423
196419
196158
195991
195617
194680
195669
195924
196035
194361
195321
193470
195745
197069
197165
195537
194657
197150
195037
194910
194223
197343
195386
195939
194457
198012
197153
195425
195399
197313
194368
195598
198744
195133
194794
194749
198235
195184
194223
196940
194618
195955
196261
196562
196921
194698
194506
197303
196013
196158
197591
196482
197311
196021
196804
198189
195306
195698
198427
194738
195700
195441
199866
197721
195485
194506
195164
194222
196942
196158
196370
193455
194633
193577
194465
193800
195676
193512
195068
195037
198097
196062
194656
197038
195229
194602
197194
194207
195184
195731
196643
195843
195515
197251
194602
195225
197788
196477
197378
194975
197399
197576
193005
194560
196519
197165
193577
195091
196149
195490
194794
195796
194560
197399
198998
196942
195087
194345
194464
195412
196328
195242
194889
197178
195037
194506
196615
196768
193481
198383
195919
195887
194327
194898
195852
196727
194706
193005
193673
196204
196066
194368
192671
194561
196382
194495
195448
195887
196643
196942
194345
194532
196013
197635
195544
195852
194901
196179
196481
197936
194561
195205
196760
194465
195852
195578
193869
196779
196996
197038
196441
195494
193769
195287
196013
195548
196996
195339
195388
194995
196799
195350
196345
196418
194602
195622
194602
195779
196128
197038
196804
195279
193631
195068
196921
197467
196997
196132
196944
196062
196310
197360
195352
195714
197230
194794
196020
196322
195917
193981
195814
194200
195406
194930
194958
197198
195548
194997
196062
194810
195282
193343
196975
195917
195618
195586
194361
196380
194772
194602
196518
196711
196804
196062
197334
197407
197132
193673
194368
196062
193593
196174
197178
195901
193842
195037
197487
196781
198902
196389
193481
197962
197820
193343
195303
196381
195260
195260
195633
196254
194602
195947
196382
196510
197678
196683
195939
196405
195386
194465
195133
196158
196204
197077
195068
195387
197209
196205
196551
194930
194794
195577
197250
193481
197364
196062
194834
196468
197040
195917
195971
195817
194910
195325
197077
197357
195037
196397
193416
196020
196942
194423
194971
194602
196942
195310
196676
195149
194963
193512
196205
194506
198295
194794
196658
193320
197586
193747
197198
198872
196230
196711
196270
197343
194423
197038
197142
196942
195237
197820
194995
196925
196879
195344
194701
196062
195448
197134
195924
196148
194729
196335
197294
193885
193743
194649
193343
195415
195817
195754
194738
195477
197378
198054
196158
197430
198683
196942
193439
196358
197678
196470
194867
195577
195356
196345
194345
196221
196328
194465
196067
195406
196474
196623
196179
194042
197187
197213
193332
194816
196062
195875
196804
196062
196643
196254
194876
195917
195183
195901
196942
198223
195843
199539
195659
196289
195979
196319
195225
197303
193416
196381
197185
194641
194966
196062
196189
196254
195183
195895
194906
196997
196991
194641
195843
193792
197935
196062
196228
194738
197672
195988
196174
195674
195677
195144
194532
197041
196340
197029
196696
195011
195037
195087
193320
193712
195988
195429
194576
194227
194560
196502
197038
197311
195859
195306
194794
196837
195333
196140
194657
198444
194217
193182
194876
195252
195948
194345
195441
193416
196272
194633
196158
195859
194323
193928
197041
196127
194602
195164
196236
195917
197781
194361
197768
196278
197386
196062
195133
195537
193731
196827
194511
195006
195133
196739
195901
196942
195997
197672
193577
196374
195544
196942
196942
197230
196877
195819
195917
198185
194441
193796
195386
198645
195482
194698
195037
195843
197082
196262
195778
196441
196654
196350
196285
194553
193960
194441
195594
193320
197724
195895
195609
196190
194779
195705
196272
195763
198235
195133
195037
197215
195347
193747
197928
194223
195901
196254
195386
195386
195640
197962
193577
196013
194972
195946
195653
196062
197833
197306
197303
195779
197132
197232
196158
196942
196205
195924
196370
196350
194876
194506
197270
196036
195229
196506
196268
196109
198323
193278
197311
194506
197399
196623
195924
198515
196174
194062
193934
197625
194672
195417
196062
194862
195908
196944
196776
196053
197230
195321
197788
194732
194303
196370
196606
195428
197054
194511
194130
194809
193754
195581
195037
198410
194672
195633
196158
193439
197082
196158
197503
196254
195062
194753
194513
196053
192963
195997
197215
193992
196996
194899
194657
194688
195971
197178
194452
195241
196051
196158
194142
198223
195321
196189
197960
196361
194488
195440
195236
193535
197296
195356
197040
194698
196643
198074
196821
197490
193416
195441
195950
197069
195490
197625
197108
196875
194050
195816
198723
195037
194560
193439
197447
196062
196535
196278
194207
195329
194834
195843
194738
194618
196973
196051
195586
195897
194441
197178
198611
193616
197013
194949
195225
195229
196062
197049
195133
194794
198054
196781
196015
193320
193789
195046
195386
195133
196401
196982
196220
196454
194307
195067
198596
195948
195149
194506
194789
197178
195490
195381
194693
195725
194972
195416
196804
194553
194506
194834
196466
193777
197792
195997
194319
195207
196942
195461
197038
194693
195037
195229
196519
194602
195718
197096
194327
195229
196804
196340
196527
196468
195229
194876
197100
196020
194438
194223
196189
193647
192748
196804
195037
196158
194995
195822
196205
195686
195992
195225
195747
196254
196228
193101
196021
195037
193773
197152
197044
196212
195997
196220
197038
197902
194833
196407
195622
196768
197962
194560
197274
193343
198002
195494
196249
195714
193593
192510
195452
199717
197134
194779
197020
194553
194818
196318
197591
194602
195915
195758
194602
198314
195521
196254
193535
195149
196410
196739
196286
194377
195183
193439
196067
196232
195352
195206
196365
193885
195325
197040
196268
195917
194922
196174
196158
196062
196550
194656
197350
194465
196091
195997
196174
195997
195155
196674
195779
195661
195345
196109
196305
196944
194688
194465
194501
193842
196069
194553
196328
194506
194560
195133
197230
194024
195037
195386
195037
195955
199489
195621
195834
196381
196270
196382
196982
196844
196189
194731
196254
194223
193608
194706
194972
196535
196057
196350
195280
193535
194506
193525
197038
197034
196189
193512
195164
196254
196776
195050
196062
197370
197962
196370
196982
195917
195332
196115
195321
194602
195494
197230
193320
197962
196781
194948
195248
196158
196560
196942
194441
197576
196062
195714
197082
198415
196236
197150
195353
195303
195448
196285
195220
197820
196466
197069
196062
196804
194441
197313
194262
195602
195510
196350
194875
195037
196158
195457
197082
195946
197198
194698
196107
194926
197266
195386
194361
194158
193901
195107
197165
193651
195997
194423
197150
194657
197977
197174
195490
195917
196062
196466
193934
196556
195006
193577
195398
194814
194537
194363
198287
196638
194845
195917
193577
197046
193712
195037
196107
193938
193182
196615
197517
196431
196711
194867
196424
196944
194876
194722
194899
197663
193789
195997
193481
196382
195486
197078
195622
195425
195992
194457
194361
195037
195229
196944
195590
196870
195386
195957
195917
193631
198158
195344
195386
197401
196839
195490
196115
195946
196658
196413
197092
196406
194963
195602
195398
196020
197092
195905
193577
195386
195425
196415
195248
196086
194912
194537
197013
196232
194464
198331
196190
198012
196370
196062
192671
197033
194729
197069
195997
194202
197786
194930
195513
196062
196278
196991
195924
195649
195779
194506
197815
195682
196423
195149
196427
196991
197503
194200
194506
197303
198058
194079
193808
195516
196062
194676
197980
193885
196470
193577
194296
195229
196381
195386
197864
196615
193439
195325
196879
198112
193754
194510
196900
196051
196140
194506
194995
195291
195229
197357
196109
196900
194995
197054
196606
195971
195904
195205
197321
195901
196643
195684
197069
193635
195210
195037
196109
193481
194985
193320
196533
195268
197974
196996
195917
196057
197031
193416
197348
193864
196877
197215
197132
194457
193673
196254
195959
195671
197864
195494
197407
195243
196931
197261
197674
193934
197305
195037
193577
197960
194561
196370
196140
194496
196062
195386
197017
198185
195133
195705
194368
197451
196942
195386
193481
199175
196942
196900
196844
197178
195348
196877
197474
198515
194995
198118
197138
194794
195957
196900
195778
195971
196643
195345
193673
194223
196093
195578
196374
195997
195310
195779
196158
196419
195924
194995
194724
196781
198354
197038
195997
193278
193481
194510
196158
195225
197178
194875
197926
196212
198840
195425
194722
194602
195452
193320
195482
196623
196804
193577
196167
194200
195779
195677
196598
194345
196850
195303
195594
197855
196999
195924
195537
198274
197797
194875
197594
194910
196804
195046
195310
195756
197421
195997
196109
196020
197857
193278
195755
197958
196370
195068
196942
194441
197082
194910
194464
196821
195425
195955
195622
196062
196959
196519
196431
196328
196317
197343
196013
197563
195133
197813
194506
194597
195441
195997
197430
197962
198978
197150
196931
195756
195133
197916
196013
198223
197098
196350
195325
194834
196937
196062
194207
197144
198277
196013
193938
196589
196062
196470
195924
197238
195037
194506
196307
195406
193747
196370
195747
196431
197625
194501
193140
194400
196602
195526
193439
195237
195756
195184
195997
196942
193481
193885
195482
196917
196423
195917
195490
195779
195755
194602
193647
194061
197004
196062
196044
193842
197038
198054
196376
197399
195686
194506
196318
197215
195087
198114
195977
196519
196350
196109
196694
196107
198244
196527
194457
195325
192909
196895
197298
196107
196668
196277
194738
197519
194345
192767
195901
197246
195917
195344
197390
195959
195924
196328
195386
196468
195756
195769
196658
197788
197229
196406
196232
198058
196062
193416
193535
196019
196863
196221
197134
197082
195187
196942
197407
195417
195578
196739
195796
194158
196254
197918
196972
197069
195037
194030
196781
194814
195067
196598
195387
198033
194436
196839
194921
197303
196942
196174
195140
196189
197877
195659
196213
196702
196423
195037
195756
195656
195700
195207
194062
195417
197460
196535
195755
197687
195852
195891
196316
197451
194779
198991
197091
195415
194602
194363
195260
195037
196573
194506
196062
193535
196676
197062
193040
195957
195779
197534
196877
197215
195065
197082
195321
193577
196258
194656
195742
195713
196254
193343
196350
193343
196227
196900
195229
197301
196942
194995
196162
196968
197495
193681
194207
195763
197152
195997
196781
193881
195901
199274
195248
195544
196254
196062
196125
196254
195386
194501
194345
194972
194606
196844
193586
196556
193639
195640
197605
195682
196879
196877
195133
193577
193704
196933
196643
195763
195917
195133
196696
197069
196317
196942
194399
195386
196358
197264
196366
195521
196174
196020
197330
197134
197922
193543
195531
193535
195133
196410
198250
196466
194464
196158
195247
196996
195133
194867
194738
195050
197057
195229
193673
195337
195037
196293
194922
197026
194319
197558
196942
195577
194972
195604
195725
195184
196350
193696
194368
195682
194399
196703
196916
195490
195590
196530
193631
196799
194457
198011
196062
195477
196213
197230
196698
195345
197255
195022
194899
195440
195252
197255
198214
196062
197033
194564
194613
194200
195734
195736
195530
194561
196062
194400
195225
195997
194613
195237
198199
196370
195494
196942
197567
196991
197142
194066
194802
196249
195901
195149
193374
198059
197142
197046
194457
193481
195597
195237
193455
195386
196551
197033
198179
195632
196423
195779
195037
198406
195133
195037
195924
197453
196472
196116
195482
195303
194506
195906
197178
192771
195087
196872
197453
196484
198002
194399
196158
193873
194511
193593
195618
196643
195268
194602
196020
196158
196933
196461
194914
198707
194319
197503
194392
195344
195068
197142
195957
195037
195037
193577
195059
195247
197627
196821
196702
195248
197305
194656
193873
195386
195133
196641
194875
194657
196245
197230
194327
194814
198022
196125
195287
193320
194062
195037
197953
194361
197038
194454
193934
195225
196556
197557
197091
194834
195133
196711
194972
196519
194876
197303
197458
195674
196254
196046
196942
194368
194631
196013
196477
197760
197069
196179
196422
197535
195059
194436
193278
195536
196326
196658
195540
195344
196020
197082
195149
196942
194814
194361
194794
196350
197217
197069
198145
196942
197399
195978
193416
194480
196358
196643
193796
195875
197282
196804
195983
196781
195578
195801
194738
197071
194867
197078
193481
195386
196942
194994
196796
197739
194457
198154
193343
194262
196711
196900
195172
193481
194506
193586
194779
195718
195946
195684
193735
196804
193735
194223
196598
193540
195917
195754
195037
194649
195421
197278
196013
196062
196374
194602
196254
193439
193577
196335
193842
194737
193182
194664
193682
194656
196837
194126
193577
195901
195684
196262
195801
194200
195037
196254
197724
195901
196900
194930
196093
198362
196212
193796
195229
196454
196376
197004
196877
194676
196942
194327
195924
196825
197378
196942
195494
195997
195892
194227
195388
196062
196190
194899
196776
194722
196013
195220
196236
195184
195207
197082
194876
194506
194820
195406
195535
193628
194327
194729
195310
193416
194465
197539
195472
198330
196519
195187
194457
195875
192844
196942
195133
196944
195086
195924
194751
195586
198275
195490
195758
196982
196278
198331
195997
195248
194468
195425
196158
195479
195578
194867
194602
196293
197265
195997
196062
196942
197215
196244
195133
197390
196454
195573
196213
195892
196658
194779
196158
195756
198562
196044
196944
195482
193535
195659
194368
194506
194753
196158
198320
195435
195756
195347
195344
197917
197724
195997
197306
194698
194963
194809
194794
197082
194334
196339
194972
196158
195325
197013
194867
194693
194995
194899
193651
198016
197824
197054
196477
196940
198355
195207
196615
195482
192909
196942
198054
197824
194115
196781
194345
196335
194043
194602
194345
195906
194633
196117
195398
195924
197069
195581
197134
195859
195345
195917
193320
196149
196062
193481
195229
195526
194361
197092
195350
196428
197082
194368
196158
195779
196982
194876
195490
195388
193681
197150
196205
196330
196350
196423
194115
196116
196132
195452
194972
195727
198024
196278
195345
195513
196158
193416
195339
194995
196062
193416
197160
193558
195225
194651
196062
197783
195183
194763
195037
195714
195957
195533
196560
196781
196942
197926
194963
197078
194465
197355
195924
193869
197801
195819
197230
194561
197724
196706
196821
197215
196148
196937
195490
194794
195901
193673
198135
195917
197922
197092
197586
196425
194826
196977
193800
195484
195997
197744
197056
196212
196158
195747
196262
196405
197134
196213
197071
196057
194200
195915
194506
193197
197517
198285
197305
196906
194857
197026
195406
196937
196457
195526
195854
194345
193850
194120
196119
198250
194200
195310
196418
196203
194392
195526
194464
195919
196350
195618
197370
194602
194506
194252
195091
195133
197046
195988
195539
195386
194277
196062
197230
194876
197630
195037
196270
196863
195448
196013
195881
196942
196330
193934
196052
196124
194511
194062
195344
196835
194553
194602
196804
195495
197134
193481
196549
195859
196272
196254
196350
195720
195398
195245
194392
194062
196013
194361
194030
194899
195417
195310
193481
195526
197033
196423
195225
197447
196158
196761
195924
194361
195716
195721
194634
199300
194464
195482
195997
194834
195448
194061
194840
193673
194794
196013
196020
196591
195913
197701
194972
196249
195481
194319
196696
197038
193439
197033
196062
197351
195938
195037
196153
194641
194553
197824
194506
193747
196062
194963
196230
194065
195187
196286
193754
198199
197077
196158
195462
194714
193773
195102
195381
197407
196062
196358
195037
196013
197778
196020
196057
194441
197218
194698
197082
197503
196158
194926
195037
198250
194875
196158
192771
195260
196410
196149
196286
196414
194553
195924
196158
196335
197165
197150
198331
194899
197357
194584
195425
195763
193481
194304
195133
195924
195955
195810
198033
196158
195022
194457
196254
193800
194972
195814
195859
193481
194602
193577
194200
194834
193197
194793
196109
198058
195229
196062
194200
194738
197215
195720
196510
197921
198163
195859
196781
195006
198061
195544
197974
195924
194281
194597
196116
195352
196973
194327
196631
193213
194345
194738
195037
196044
197701
195682
194963
195852
194501
196350
195804
197857
197269
194963
196405
194916
193416
196872
195917
195498
194441
195727
195187
194262
196942
196153
193681
196124
196623
197408
196358
197112
196254
194602
197270
195979
195586
196278
195924
193535
195059
196835
195099
195796
195578
196069
197248
195091
197164
195037
194361
195059
196062
196062
196057
193374
194738
194457
193481
195578
196751
196973
194693
196937
196062
195917
195310
196335
195091
195482
194971
196212
196029
196254
193631
193481
195037
194876
194584
195852
194004
197038
196044
197343
197137
194392
195490
196968
195329
194506
196062
197182
196937
193481
195510
195163
197873
196324
195046
195767
196116
193800
194597
197182
195658
197759
195334
196462
195245
195037
198955
195260
196743
196793
195037
196479
197373
197866
195629
195640
195526
194510
197962
195997
194281
197082
196739
196212
197390
196942
196623
194200
194876
195817
197174
194753
195448
195763
194431
193577
197129
196062
197808
195437
196804
196804
195260
196285
197017
195482
197274
195490
194207
195875
194698
198523
194730
195037
197038
195205
195779
195133
195890
195333
196205
198223
197134
194480
196350
196942
195535
195618
196221
199032
195481
196125
195183
195237
194506
198244
195236
195365
194441
200360
197137
194361
195133
195348
194862
197906
195037
197134
195763
195381
196158
195087
194465
194345
195578
194506
194423
195184
195618
195114
196519
198022
195386
194794
195578
194062
194368
195526
198499
195536
195229
195901
195325
195997
196062
194560
195229
195398
193577
193754
193673
196158
196989
193631
196792
193731
196937
195502
196020
194361
196062
195578
193965
194207
194995
195448
194506
193005
194602
195997
193673
195557
196835
197926
195859
197017
196257
193842
195310
198070
194972
196190
197269
196643
196942
194030
195365
194061
196942
195482
196062
195896
194968
193842
196109
193842
193343
195099
195037
194368
198089
194441
196598
193439
198054
195280
196020
196245
196519
196606
197012
194399
196647
194030
196062
194441
194506
196423
194062
194930
194222
194379
196115
195557
196804
197591
197078
196062
194511
197054
196140
196606
196519
194995
195142
195618
197786
195875
196942
195037
194561
193343
198415
196109
195229
197069
196926
196062
194223
192909
197178
196305
195248
196245
193439
196955
193481
196062
196132
193773
196739
195225
196900
196804
196254
196942
194030
195037
194698
195184
198891
195917
194958
196062
196418
194200
195388
196254
196158
196445
197134
192606
195586
196092
197082
195037
194876
196804
194473
196189
196254
195917
196406
196804
196615
197173
195133
196374
195386
198058
194465
195178
198199
197178
196254
194165
195718
196256
195553
195133
196262
196877
196821
196953
195763
194464
196109
192963
195303
196370
197178
196062
193320
196262
196527
194876
194501
195301
197282
196423
196036
196382
197092
196804
196158
197855
195388
195686
193577
196013
194602
196158
196062
194576
194602
195383
193887
195896
197277
197282
193481
194863
196205
195155
196772
196153
196431
196374
195248
194441
195682
196916
197174
196335
196062
196502
194506
193981
195948
197824
194361
195448
194441
193439
196678
195417
196937
194506
197398
195536
196245
194971
194403
195618
194899
193750
196062
195917
193197
196804
195037
197158
194921
195344
195917
194667
195947
198250
196062
197503
195843
196116
194500
195594
195068
195768
196262
195381
196057
196158
197334
195552
195629
197174
197681
195133
194506
197334
196470
196205
195280
194350
197917
194345
196422
194706
196942
194340
194779
195756
198054
193769
196702
195448
198018
198331
195917
195590
197966
195091
194834
193374
197077
197033
197134
195229
195461
193992
196702
196328
195942
195345
195399
193724
196901
196403
193577
194553
196120
196454
195329
197038
194361
196328
198882
194501
193673
197897
197082
196063
193654
193934
197274
194501
196140
199083
197841
194030
196174
195633
197210
194510
195578
193416
195017
197407
196253
195917
197230
194501
199394
196209
195917
196024
195299
196174
197744
196841
194698
195901
193769
197226
194158
194304
197062
196084
196996
194899
193712
196203
195763
197038
195747
195037
196750
196062
195779
197486
193628
196232
196062
197004
195859
195917
197038
196982
195526
195187
194185
193800
196020
196366
194303
195901
196942
195638
195578
197144
194972
194676
197797
194506
197311
196511
196062
195050
195329
196093
196221
195919
197357
196466
193777
193577
194457
195398
197768
196212
193309
196158
194042
194814
198067
196381
198465
195324
198991
193343
196477
194361
195810
195356
197230
197046
194361
193140
194867
196519
194818
194561
196877
195225
195971
196062
195887
196335
196837
196228
197407
193731
194465
196703
196694
193481
196606
198058
194457
194995
195674
192963
194361
196405
195654
196183
195513
194737
198994
194345
193416
196062
196212
197082
194698
195513
196109
197724
194941
196781
197370
196957
194641
194400
195386
196111
196254
197142
195037
193689
195390
196062
194506
195490
194688
196877
195386
196020
196057
196568
196423
195364
195395
193481
196763
194394
197215
195997
196804
196286
196310
197971
195875
195924
197336
194779
196982
195068
196328
194867
193689
196365
193512
196381
196062
196767
194899
196477
196395
196116
196370
195037
196364
194368
196335
197038
195437
195452
195017
193455
195417
198473
198332
195698
194929
194200
196109
197078
197033
197194
193320
196201
197092
197399
194465
197503
196578
195586
195037
197150
195887
193101
195399
194649
196545
194958
195191
196562
196262
195813
194820
194130
194899
194464
195406
196466
196415
198419
195172
194361
195386
195133
193481
196073
196190
194930
195059
195609
197230
195756
197100
197049
197038
197182
196213
195901
194963
194296
193747
196390
194030
198380
194506
196658
194814
194158
193320
196942
197230
196413
197443
194867
194441
195957
196410
195757
197443
197888
197906
196996
197759
194363
195924
196401
196140
196205
195345
197959
197495
196502
195917
197129
193888
196184
195901
195435
197529
194794
193616
194561
196921
193182
197958
197355
195133
194089
194665
197824
196674
196109
193535
193696
193481
195183
195037
195786
197427
197920
197511
194875
193681
195971
197270
195896
196189
197342
196158
197920
194506
197404
196088
197311
196908
195971
195997
196942
196153
195482
197857
194537
193769
194729
194534
196069
194457
197240
194656
195229
194345
194361
195973
194698
196711
197132
194899
196997
195586
193416
198058
197038
195352
197936
196062
194501
193481
195494
195997
194361
197399
196093
194392
198611
194399
194867
196053
196423
196942
197164
195580
196029
195008
195536
195901
194319
197663
198383
193934
195606
194368
195490
196345
194602
196335
197503
197355
196044
195875
193593
196262
197920
195490
196200
195310
197093
193101
193992
197357
196317
195955
193981
195536
194496
193673
195482
195225
194649
194399
197415
195617
197399
194361
195417
193616
195344
196792
197525
196335
196835
197820
195002
196107
195977
196741
195114
195238
198978
197952
195386
194867
197354
196013
194506
193535
196540
194304
196946
195536
195992
196996
195526
196140
195948
195325
195924
195796
196071
195443
196158
196937
196423
196309
197343
196514
195452
195926
197230
197819
194488
196254
194899
196340
197136
197049
196278
195041
194345
197576
196619
195339
194568
194653
196158
195682
196272
196942
197884
193929
195267
195248
195441
196153
195386
196374
197307
194304
195068
196942
197209
197134
193481
196062
196264
197958
195237
196739
197230
196423
195344
196093
194899
195142
195482
196232
195321
195441
196162
196189
194914
195586
196401
194534
196643
195498
195747
192867
193481
195133
196132
194345
197298
194649
194519
195536
194419
196062
196921
195997
195843
195660
193416
195682
194511
195997
197134
196370
196781
195819
195714
197038
195248
196781
194223
196479
195225
193481
194910
196029
195924
195598
194506
196556
196942
193481
196062
195617
198089
196696
197790
194698
196109
196062
197484
194361
196209
195852
194649
195441
197497
194368
194457
196390
197824
196158
195924
194779
195279
195067
196423
196169
197029
195594
197209
196254
196062
196062
195830
198223
193481
195398
195919
197038
196189
194696
194657
198016
195082
194714
197399
197038
195321
193577
196533
197893
197082
198193
195994
197129
193934
195698
193439
198323
193577
197759
196837
195172
197129
195756
197134
195490
195280
196982
198002
196942
196062
196942
193577
196597
196946
197334
195526
196555
194130
196781
195388
197958
197454
197038
195443
197303
194361
193616
196062
194506
197087
194511
196066
197294
195983
195640
196781
196381
197092
194867
197897
194722
196933
193320
197897
193512
195779
196643
197535
196071
194867
197178
196921
196374
192771
197077
196606
197399
196116
194361
197198
195386
193608
195618
195669
196053
195386
194121
195790
195654
197678
194361
195329
196157
195955
195924
195917
194772
197820
195901
194361
195329
195440
197038
195345
195997
195521
195490
194702
194207
195245
196062
196370
194368
196088
196921
196132
197822
193696
194899
197505
195622
193278
195598
195344
195091
195525
197078
198058
195705
197712
196679
195997
196996
198097
196062
196837
195348
195560
197134
195149
195682
197759
195386
197046
195037
196431
194465
196020
196942
195928
195448
196872
195670
197379
195229
196926
196942
196942
194899
194899
194789
195852
193213
195578
192771
196453
194394
195622
193416
194345
194568
195372
195482
196374
197004
197134
195310
195852
195237
197038
194899
196013
194441
194698
194954
198331
195767
195730
196013
192771
196877
196062
194963
195513
198882
197882
195887
197078
196286
197274
193769
195623
194942
197165
195875
195917
197962
196696
195743
197177
195649
196158
195917
194034
196197
195329
193938
194738
195225
197663
194488
194905
195917
196562
196431
195484
197897
195553
198860
192909
196937
195229
194368
197439
197343
196158
194506
197178
196132
196804
196062
197922
194779
197912
196877
196374
195287
197474
194656
197178
196158
198070
195875
196285
197370
196610
198058
194672
195245
194899
195618
196205
196203
195399
196973
195178
194864
195183
197443
194223
195406
195042
194254
195881
193005
195480
195714
195674
195287
196189
195440
197103
193535
194649
197311
196781
198271
196116
196013
196062
196350
193792
197962
194130
194423
196158
197439
197094
196423
194202
196158
197082
195924
192844
196254
198129
194649
196268
195756
195481
196116
193754
193934
195133
194602
194323
193577
197922
194490
194496
194737
194602
196254
197334
197038
195310
197897
198157
197092
193777
195329
197230
197663
195901
194368
197402
196658
195386
198752
195714
196053
193773
197196
194818
197077
196623
194062
195243
197038
197082
195452
196557
195482
195901
196307
193481
196189
195341
193992
195852
196373
194345
196550
194254
195417
193593
196520
196162
194864
197451
196900
197216
194972
198251
195917
197790
195037
196942
197303
193689
192767
196900
197038
196519
197290
196959
196804
196942
197198
195133
195889
197038
195640
194995
194875
196767
195618
194876
197038
197230
195924
194753
196093
195901
197862
193535
196781
196093
196035
199435
197134
197993
195439
194361
195133
195344
196921
195924
195586
193785
193481
195602
196900
195386
196607
194464
196203
194875
195901
194602
196073
194495
195184
195490
194656
196900
195576
197936
198281
196908
196711
197078
196285
197731
196942
196623
195963
195398
196116
194779
195763
196522
198158
194910
197716
195490
195114
196942
198511
196125
195344
195539
195756
196062
196973
195133
195417
193946
193934
197841
195386
195924
193439
193792
195536
194368
194464
196158
197962
194501
194809
195997
196349
197269
195477
194441
196942
195917
195050
196654
196245
193635
197390
197134
196921
195586
196087
196158
194166
195778
193320
194223
195875
196466
195441
194361
194969
195924
196937
194423
194867
194361
194618
196158
193535
195670
197739
196509
196799
193577
196519
194706
195245
196699
197274
193689
195381
196647
195406
194368
196562
195924
197134
197390
196035
195248
195618
195901
194506
196109
196763
197206
196772
194553
197334
195779
197625
197082
195794
196020
196682
194488
195133
194501
196937
197196
195345
196013
197054
196900
196930
193416
195917
193416
195992
193577
196067
197110
197631
193885
195941
196598
197113
196942
196092
195482
196254
195037
197399
194465
196254
193593
196828
199418
196254
197174
196942
198427
194319
195924
196153
193343
196877
198011
193586
195333
196683
195380
196956
196397
197134
196942
194363
194814
195659
197453
195091
196013
193850
194634
194423
194779
196942
197238
195924
195037
194664
193724
196332
195494
194345
195768
195133
193439
196940
195682
195155
198290
195482
195133
197303
192767
195448
194825
196781
197303
194698
198062
197311
196379
193481
194753
197434
193320
196799
198428
197002
194200
194706
193005
195260
196262
195755
196158
194876
197078
195896
196872
195494
196982
197033
194963
196278
196942
196244
196804
195948
197038
198647
196906
195852
195448
196158
196316
198555
197425
195948
196341
195037
196381
197841
195247
195924
195882
195037
195622
197274
194254
196062
196358
196519
197206
198002
193792
195521
195386
196888
196745
193800
196253
195146
196944
194560
196759
194698
195482
195971
196228
196293
198197
195763
195397
197261
197993
195983
195440
197394
197134
197303
197801
196844
196335
195386
196696
194553
193577
196702
195779
197390
198114
195386
198290
196013
197241
194361
196353
196013
194500
195344
196109
196426
195237
194729
195674
193535
195682
195172
196937
196999
194223
196694
196278
195901
194899
194506
194361
193647
195494
196293
196158
197134
197091
196605
196044
195225
193416
197962
195810
195164
193577
193481
197602
193481
197002
194794
195365
194706
197029
195924
192468
196485
195133
197238
197663
196466
196519
193577
194688
195452
197862
195799
197620
196835
196781
196426
197303
197134
197643
196556
194698
193704
195321
195843
196915
195671
195229
196647
197230
193631
195901
196365
196254
196167
197038
192940
197002
195997
196013
196806
196715
194722
196085
193320
195965
195896
196211
195321
196940
195917
195451
194611
195172
196062
195763
198181
196996
195149
196946
193182
196482
196829
196615
196062
195429
197230
197017
197078
196158
192909
198157
196798
198130
197857
193808
196821
196062
195091
198250
196245
196942
197926
197724
197857
195801
197550
195352
196335
197178
197038
194876
193543
196262
193885
196597
194495
194361
193681
194126
195578
195779
195586
193577
195344
195843
195485
196020
197911
194930
197303
197089
196254
197038
196933
196877
194223
196254
196158
194480
196401
196658
196158
195617
195629
195819
194963
196254
195490
196046
196851
196942
194501
195386
196399
195133
196942
196410
194834
196013
197176
198022
197082
195887
193577
197728
195498
197679
194876
196606
195133
195446
195682
195329
195919
195796
193929
195875
196109
196916
198113
194223
195553
195924
196093
195668
194223
195830
193673
196057
198289
194361
196566
196461
196024
196804
198074
197623
195763
195329
195329
195971
194592
199915
197134
194303
196328
196140
196223
195924
197937
197038
194863
195345
196370
197390
195875
197136
199666
192909
197082
195763
194553
194207
196564
195248
195618
195955
196158
195674
196158
194602
194361
194600
197303
195229
193535
195133
195477
196263
195859
194899
194506
196062
196897
196228
194361
195441
195248
198185
196942
195011
193673
196158
196062
194876
197534
194963
196254
197991
196454
196410
194438
195924
195207
195398
197351
194851
195440
195901
195386
198074
197926
196727
196174
197129
194693
196149
195248
197174
198054
195229
196140
197165
196109
200230
196877
194760
196511
196602
198185
196254
198058
196067
194399
195901
194465
196189
195026
195325
195381
194506
193796
195037
197134
196057
195577
193481
196888
194561
197407
196424
199040
195859
197370
193981
195482
194615
196406
195037
196877
194680
196401
194340
196615
195843
193586
194457
195242
195164
195184
196249
197174
197503
195183
195194
194753
196169
195743
196643
193673
196582
195037
198511
196658
195044
198775
193988
195026
193343
195037
197109
195901
194571
197539
196366
196062
197055
195997
196466
195590
194319
196781
195091
195425
195682
194868
195037
195133
195321
194941
196158
195875
194972
197868
195067
196781
194794
194506
194899
193934
197230
196053
195526
194672
196158
196057
196212
195997
193681
196502
195490
196401
195386
196942
194876
196942
197370
194995
195602
197082
195260
195887
197309
195897
197365
197664
194656
196158
195659
195183
196013
196340
197272
195955
197238
193769
194600
196158
195924
197631
196215
194553
195906
196519
194361
196053
197438
196654
197136
194867
196510
197014
194207
194030
196643
195494
194030
195091
194738
195046
197950
197142
198341
196062
194867
194361
194963
195344
195851
194698
195901
194345
195343
195814
196696
194030
195718
196696
195229
194899
197122
194884
197370
195385
195037
196942
195521
194789
196127
193843
194834
197788
194465
196431
194649
197244
193320
194876
194818
194501
194636
195747
196013
196370
198150
197958
194441
196982
195859
194600
196013
196062
197230
196781
197250
195581
195917
194555
197137
196776
195059
194361
196771
194569
197908
197077
194223
196959
193769
195437
195659
197038
194802
196158
195852
197370
196174
198323
197486
193754
196013
193577
195386
195810
196117
196286
196781
196109
193481
193977
195310
195133
197145
195114
196093
196189
196781
195917
195364
194649
195227
196427
194910
197993
198185
195446
196403
194706
196062
196742
195947
196181
196412
194794
196877
195133
194834
197038
195814
195779
196350
195843
195578
194281
194921
195225
196162
197134
197547
194972
197539
195236
195917
194698
194724
193850
196785
196944
196996
195037
199726
197261
195502
195375
194899
196190
192963
197547
193635
195082
194296
197018
194613
196634
196514
197110
198024
195852
194511
196891
195819
193842
195948
196821
196270
197407
197238
195310
196973
195252
195763
195037
195638
193416
195705
195930
197355
197862
194834
195924
197095
198135
197056
195997
194465
198323
196501
198323
196254
197182
197173
195164
194722
196511
196535
194834
196057
195924
198214
195997
198842
196562
194361
194995
193439
194553
197486
194303
197779
196566
195901
194753
193934
194441
196158
197178
194774
198122
196278
195187
196623
194930
196329
196062
194671
196153
193481
195674
196035
198019
196286
197443
196340
195490
195237
195345
197150
194753
195955
194972
194698
198097
195763
196020
194899
198978
194361
195674
195022
196933
196062
197189
196149
196158
195819
195997
196739
194597
194876
196254
194459
195580
195011
195386
195448
196466
194876
196284
195006
197598
197078
195779
195852
195248
195669
195881
196335
195037
195172
196877
195490
195155
194802
195747
194722
195917
195225
196431
196286
196158
194972
195992
195796
197397
197073
196278
194361
197209
196197
197451
194062
192671
194207
197862
194930
194772
195344
196477
193885
193769
194899
194496
196020
196148
194561
195901
195037
196964
195268
198016
196975
195997
195659
196653
194706
194676
195037
196431
196020
197069
194345
194680
196021
194368
195429
194602
195212
195133
196153
195398
198124
197334
195779
194506
194876
196804
196109
195323
196053
195751
195140
193416
195578
198235
195901
197038
196835
197078
194972
198568
198323
195971
195917
196013
197038
195622
197474
195347
196942
196478
196879
196877
193946
195364
196900
197365
196361
197125
197453
193551
196900
197862
195325
195441
196062
196942
195617
195586
196062
195901
194972
195917
197482
195321
197398
193885
195225
193681
198427
196703
194602
195026
193850
195398
196189
196044
194062
194602
196900
195133
197958
197311
194979
198107
195803
196906
194576
194511
193535
195381
195859
196733
193608
195344
195386
196643
196067
195365
197093
194779
193769
194368
196478
194875
198059
194423
197056
195548
195779
194794
196877
193535
198303
195225
197038
194345
196328
194972
197278
195149
194303
197855
194200
195779
197040
194776
198385
196057
195237
196389
193182
193892
196116
195526
195386
197824
197820
196613
196942
195659
196598
195514
195887
196908
194223
197037
193320
194030
194050
198287
195617
195329
196382
196278
196775
193892
196811
195726
197311
196314
197196
196566
197924
195992
198250
196942
195248
196509
197343
197303
196942
198002
195490
197261
196278
196623
195881
195677
196358
196088
197801
195164
194729
196053
196739
197911
197850
196804
193673
197586
194994
195344
194445
195017
195164
197100
194555
196944
195037
194441
194834
196623
197958
195852
196093
195229
196285
197334
194722
196944
197033
195344
198163
194319
195581
194555
195490
194423
195440
195037
194657
195067
196153
195779
196358
193938
193470
196423
193731
198235
195852
196335
193869
196209
194511
194501
197091
194597
196423
195091
194676
195638
195588
195502
198250
197069
195979
197993
197820
195398
194323
197230
196900
195786
196431
196148
197038
195482
194030
194789
196116
195851
195906
196470
196365
195924
196035
195917
195037
196781
197391
196062
195484
196566
196414
196158
196020
194680
194914
196422
195345
194972
198258
197269
195155
193988
195482
194649
196324
196109
194555
196020
195225
196414
193842
196520
195895
196900
196519
197311
194794
198034
198207
196423
198074
195229
198271
196461
195901
196643
197134
196382
196739
195924
195310
194899
195441
194995
195796
196761
194457
193820
198154
193681
199118
196158
197768
196089
195756
195155
194732
194465
194327
197215
198154
196370
194602
195381
194876
195971
195901
194857
196942
196699
195622
194480
193343
197134
198016
197937
195091
193929
195482
196228
194465
198016
194296
196405
196607
196431
197303
194634
195229
197387
198054
195578
197696
194320
194030
196062
194789
196358
194345
195682
193481
197134
196158
198327
195714
194511
196228
193631
197311
195037
196804
197958
196249
195037
194995
194876
193481
198194
194994
195398
197678
195779
196763
195386
196254
194345
196109
195814
195674
198327
196503
196335
195947
195917
195851
197134
195810
194560
196804
194651
195037
198098
197156
195006
194561
197056
197017
199175
196013
197469
197038
194868
197038
195718
197082
196053
193278
195417
195859
196602
196350
196230
194946
195482
196514
194769
196051
194436
195386
197805
196804
195901
194561
195026
195386
196278
195581
194553
194875
196109
195763
195917
194506
197365
194867
195229
196977
196795
195345
196107
193869
195133
198427
194930
195329
197563
195586
196830
195676
194457
196254
196305
195977
193512
194910
196562
196699
196109
195521
194634
197343
196982
195248
197495
194327
195957
197078
195997
196053
196423
193535
194506
194602
196062
194779
196205
195229
197165
194921
195498
196212
195521
194361
194501
193673
195882
194361
196396
195928
195763
198830
195010
198234
197959
196382
196278
193689
195155
197303
195008
198058
195050
194421
195957
196254
196873
195578
194698
195417
196926
196514
193470
194415
196149
194657
196062
195859
195618
193754
194515
196278
196253
194706
199914
195225
195924
196982
195429
197482
194834
194457
195485
197399
197767
193934
197974
193681
194345
195425
196727
194537
196562
195091
195220
195398
194323
196225
195352
196350
193843
197255
195779
195876
195343
198098
195268
195640
196410
194345
197407
198668
197294
197178
195388
197827
196370
197002
194296
197643
194602
194465
195955
193182
196345
196109
194681
195726
197054
195682
196520
195586
194162
197198
194653
195789
193577
196112
196485
197114
197140
197165
196615
195802
194464
194722
194030
195917
194722
196772
195924
196158
194698
197535
193938
197178
196020
197054
197370
194779
196942
195537
197824
193773
195287
196366
196470
197402
196075
198231
195859
194553
196075
194899
194421
195133
195037
195133
195586
196335
196158
194876
196374
196088
195957
196249
194368
194729
195339
195895
196835
197038
194749
198254
196908
194876
196148
195586
196615
197309
195852
195037
196556
195875
196062
195352
194761
194506
193743
196109
197539
195149
195068
194368
196423
195388
195490
195852
196305
195578
194368
196925
196942
194602
195229
194207
193470
196057
196683
192748
196307
197230
197439
197282
194602
195087
197210
193934
193934
196492
198380
194506
195164
196799
194753
196335
196519
193984
195195
195971
195948
198099
196057
197194
198112
195409
196326
194363
196093
195526
197112
193792
195315
193481
193628
195303
196890
195187
195133
195494
194030
194361
197755
198059
194260
197038
197134
195763
194506
196973
197038
195901
194506
196683
196213
196921
196309
195344
196374
196942
197445
195994
195924
198531
197503
196942
196423
194465
197230
194867
195799
197862
193320
196062
193892
194222
195333
195099
196316
196278
195997
197082
194207
193481
197993
195037
198354
196062
195037
196863
195325
196973
197209
195682
197269
196647
195917
195959
194753
196767
194501
196804
195229
194876
195381
196745
197134
194930
194995
198090
196071
194615
196158
194899
197661
196827
196424
198058
196804
196696
195119
193800
194649
194568
196254
194368
196262
196117
193577
195767
196518
196877
195747
195948
196706
196937
194702
195107
198866
195521
196942
193704
195149
194207
195178
196158
196942
194506
194561
196776
196254
196278
194840
196694
195172
195290
195448
197040
193481
196466
195602
196236
196506
193651
195133
195067
195918
195490
196942
197046
197137
197178
198779
195482
194298
196374
198645
197355
196462
196062
195779
197232
195476
195544
196535
196270
197177
194633
195037
197017
194464
195917
196942
197495
197495
196835
194222
195133
195386
199207
194465
195851
196982
196184
195924
197056
194963
197351
193881
198645
197098
194602
196428
197206
196124
196335
194345
196942
197178
197040
195814
195482
195037
194296
196877
195714
196610
198135
197864
193754
196730
195417
196053
197920
194200
195452
196638
195901
195682
195819
196431
194834
196423
195279
197134
196470
194657
194496
195225
196658
196350
196370
195779
196027
196190
197962
195924
195037
196776
195892
195917
196052
195609
194392
197134
196423
196370
194441
193938
196804
194680
194561
197225
195187
196262
196792
195756
196158
196350
197960
194972
196804
193934
193842
193577
196519
194436
196158
197082
195494
194995
196900
197002
193873
196236
196518
195184
197230
196244
197407
193343
195891
196350
194963
193320
194207
194615
198162
196397
195714
193808
195924
192940
194656
195714
197018
194327
195229
196562
195494
197305
196399
196254
196232
196190
194602
194876
195640
196696
196062
197651
196062
194361
196942
196158
194657
197178
196424
196739
198067
196254
197897
198149
195843
194166
195010
197038
194537
195037
192909
197824
193577
196053
195344
197974
195187
195325
197301
196454
193059
196350
193608
195037
195185
195245
196254
194501
196062
198277
195429
194488
194345
196982
196020
195589
194506
195957
195417
194335
195207
195763
195747
195977
196153
196550
196093
194296
194207
194995
196270
194025
195747
195149
195406
195133
196783
194910
196423
194692
194738
197261
195526
197194
194517
195236
197205
195544
196942
196821
199999
197134
195919
195983
195930
196158
197017
195452
195310
196804
195067
195386
194506
196158
196053
197900
195747
193320
196013
196711
199339
198312
195014
195863
197038
194242
196117
194698
195386
198022
194501
198371
194368
195344
194876
198592
194400
196212
195323
193869
195333
195997
195653
194441
197230
194592
193439
193481
196153
195808
195225
194698
196942
196930
195479
195014
196345
194875
196631
197303
195756
196158
197303
196053
196204
196785
193689
196326
197311
196804
194034
195674
195220
195779
196466
195638
195142
194358
195149
192909
196330
195948
196013
197619
195381
193486
197334
194745
196245
196262
195852
197951
194633
197033
196339
198194
196335
196631
195901
195385
198058
196725
195875
194560
193577
194465
197498
195977
196197
195536
196013
195484
196821
197282
196982
195325
196568
195482
195229
196982
196643
194794
195037
197056
194560
197134
194779
195669
196623
195133
195504
196811
198913
195796
195352
197984
196254
196020
195429
194457
196602
196519
197113
198089
194899
193343
196158
195482
197497
198310
195573
196013
197724
194561
197038
196470
194506
196057
195883
198592
194465
197142
196254
196197
196466
196877
194945
196942
196431
193981
196374
193689
195997
197082
196477
193343
196109
195225
194506
195059
195087
197503
196900
197215
195441
194768
196212
194457
194875
196124
194802
195502
197502
196044
196013
194862
195779
194506
194361
197269
197246
196265
195037
196466
195917
194656
196423
196001
196944
196457
198250
194258
196350
197129
195440
196615
196460
193842
195494
195924
194419
196192
195526
196336
195901
194223
197110
197272
196879
196423
195133
196147
195924
194441
196745
195750
197824
193885
196478
195917
193850
197547
197178
195756
194560
195590
194972
197382
196799
196781
195919
193512
196942
197303
195146
197801
193481
195012
195225
196891
194340
196358
195674
195758
196062
197230
195498
195350
197038
194964
195686
196109
197038
195341
195386
194862
198235
196837
196158
195341
194876
195924
195917
194814
195237
196020
195843
198155
194602
194899
194602
196209
194729
197165
197453
195037
196772
196900
195859
195957
194725
197445
197285
195957
196527
194166
195406
197801
194794
194506
196877
196916
195243
195325
197209
195229
195429
196801
196435
194200
196975
198192
195386
197530
197897
196066
195091
195698
195931
194967
196163
195184
193647
194899
195133
195755
195325
196431
199191
195440
195521
196335
194303
198158
193777
195229
196638
194706
194441
194867
194899
196502
196158
196062
193182
195901
195022
194200
197214
194656
193320
194501
196158
196278
196062
195901
196109
196350
195325
195037
196591
195988
197303
194876
195875
196973
196859
196374
193769
193558
195819
195537
195526
194441
195917
195398
196254
194794
192909
198746
198226
196066
196449
195068
194597
196660
197060
197036
196711
195388
195091
194576
195398
195207
194223
196263
195796
195533
194561
194597
195756
195460
196785
194158
195544
196286
196743
196254
195494
196606
195150
195526
196281
196254
198058
195659
195490
196781
195756
195659
195747
197724
194569
198250
196556
194924
196159
193481
194910
197438
192844
195917
194533
195386
196262
195988
197439
197174
196742
195742
195544
196779
196345
197082
195526
196921
192629
194867
194303
194361
197078
195901
194345
194649
197882
195267
196781
197444
195594
196052
196566
195851
195147
194501
194024
196900
197862
196711
194303
194607
194303
197724
196013
194602
195310
194876
198891
197311
196931
192844
195674
194464
197989
195617
196423
193850
198419
194698
195398
196818
196062
194899
196466
193577
193769
197240
195386
196942
195321
197747
195311
196607
195344
193724
195659
195333
194602
194319
195386
194222
196623
196358
196541
196485
195343
195482
199155
196189
196205
193727
196062
197146
193673
194657
197539
196558
196573
197924
195798
197926
196062
194814
195229
197136
193140
196423
197993
196254
195310
193481
196942
195248
197215
195248
196335
194465
192771
195617
194392
196844
195809
195344
196062
198632
196189
198223
195924
196062
195578
195590
196591
198121
195037
197958
196062
196781
196423
193712
193777
193577
197038
196777
197215
194876
196067
193481
196020
194656
193416
195482
196254
196293
194419
195686
196431
196942
195816
195142
193934
193918
194506
196261
196205
197643
196477
197770
194914
195756
196167
196804
195321
195997
194368
196062
194698
193850
195482
195037
195037
195247
197230
197004
196158
194223
194995
196062
197452
195406
196107
195398
197034
195794
194319
195537
197082
197311
195814
196937
195172
195578
194657
193769
196906
194296
193616
196345
195705
192671
197399
196013
196358
193197
195229
195133
195248
195345
195386
195133
194995
197696
195345
195526
197616
195852
194979
194303
196254
195971
197069
195352
196015
196991
195852
195472
194345
197274
195978
194722
194730
195479
197402
196406
196153
196062
195490
198097
196942
195859
198418
197129
195325
196937
196158
194517
194200
195325
194350
196942
197092
196917
195037
195682
195490
194200
196013
195017
196358
197038
194876
195441
196062
197150
194876
195924
196350
196169
193481
195618
195310
196973
194464
197539
196153
196013
195133
197173
195573
197387
197962
196703
195385
193343
193773
195763
194227
196370
195450
196361
194779
194361
197958
195225
196020
194753
196676
194649
197054
195578
196158
196118
197277
195971
195425
196370
198568
195901
196278
196538
196232
194930
194769
195743
196942
195050
196942
195037
194303
195726
196013
197663
195164
196781
195248
194457
197232
197082
194465
196877
194030
195149
195229
196158
197435
196153
194345
195779
196982
192909
195622
195779
197092
195133
196093
195730
196418
195195
195133
193850
195915
196109
196062
194537
194818
196921
194780
193727
194345
198978
195087
197038
196013
195796
195817
194814
196117
195482
196877
196718
195955
196062
194779
193789
196804
194506
197399
196285
195979
195924
197252
195184
194506
194361
195502
195087
195229
194506
196781
194537
195809
197160
198463
195229
194363
196116
197018
196062
197137
195756
194457
195924
196062
196090
194327
196079
196431
195536
195449
192748
195917
197724
196615
196249
196212
195696
196335
195800
195597
197134
195448
195718
197037
196197
195677
195997
194506
196350
193816
194560
198054
195573
197210
196013
196051
195578
198651
197150
196111
195674
195037
195133
194325
195743
195203
193616
195490
195133
195537
194457
195183
196610
197591
194399
197303
195562
195068
196350
195149
196158
194676
196431
194875
194457
196340
196538
195429
194972
194876
197038
197311
195526
198666
193934
196478
193689
196953
193577
198089
195002
197229
195461
196345
194995
197196
196212
194034
196109
193689
196221
194303
195705
195977
195875
195821
195859
195106
197082
196069
196739
193005
197173
196944
193988
196228
195037
194506
196678
195779
196062
195851
195325
197073
196877
193481
195674
196109
197156
196318
195268
193252
194641
194506
199516
196466
196119
194506
196158
196232
196084
195037
194971
196214
193773
196158
197539
197862
195763
197038
196372
195010
195651
194576
195477
195898
196254
196249
195417
197252
195334
194506
197799
196527
196109
195537
194042
196057
194649
196350
194325
194361
194142
193182
195757
194994
196382
196261
195133
196683
195011
197501
196062
196877
195345
196096
194441
194077
195763
195494
195755
193481
195883
197134
195755
197091
196158
194368
196901
196254
197274
193543
198842
195046
197002
196370
196900
196205
195356
194818
195133
194826
197049
197082
197370
195229
196921
196062
195146
193101
194875
195756
195997
197187
193182
197038
196461
194810
193789
198271
193577
195490
196615
195578
197405
198596
196779
196053
192940
197808
196519
196254
196213
195834
196900
196062
195513
196412
197230
196933
198545
196906
197038
197303
195441
195590
194227
195997
196942
196835
195594
194319
197958
197993
193673
194457
194633
194730
198244
196821
197038
193981
197036
194744
195924
196623
195482
196167
194649
197824
195248
194392
195917
193390
196350
196804
193439
195279
195779
195867
196189
196937
196361
196062
196350
192771
195229
196020
197365
194906
193543
196197
195133
193343
197643
196062
193577
196349
196825
194774
195792
195341
197038
194415
197962
193101
195441
194730
195997
194802
195229
195714
195037
194465
194926
194698
196109
196286
195526
194706
195917
196062
195386
197546
195953
198062
197038
194441
197893
194303
195659
194876
194910
194561
196335
196350
197165
196406
194207
198162
194457
196092
195345
194876
196069
196711
198258
195754
197178
195917
194972
196020
198310
193320
194794
193481
195625
197215
193320
194304
193631
193481
194202
195037
197255
196804
195917
197895
197054
196254
194473
194664
195310
192940
194875
195133
197417
196872
194875
194535
196190
195037
196062
197196
195779
195924
194949
194656
194899
193101
195851
193439
196804
197142
196160
192771
196477
196942
197189
195091
196381
196973
193929
195386
195441
195490
194501
196711
196092
195609
196158
196158
195477
192771
196982
192867
195917
195843
196781
196895
194345
194034
195440
194868
197443
198307
193681
194698
193842
194729
196739
195521
195582
197920
195682
197627
197402
196158
195386
196162
196615
195590
196140
196158
196174
195875
196900
196942
195799
194876
196013
194511
195763
194676
194633
194972
194688
196335
196431
194779
196478
195229
195924
194954
196462
196074
194361
195081
194296
193320
195283
197451
197495
195863
195917
194602
195917
196906
195164
193481
196841
195381
197355
194465
195685
196518
194634
195102
195654
196942
195901
195150
196153
194613
196228
194876
196205
196376
196062
195810
194495
197215
194200
196997
195756
197132
194899
196900
196906
196257
196804
197038
194649
195875
194465
195325
194464
194657
196615
197920
196350
194774
195901
197399
196556
197591
195231
196606
196431
197364
196345
194867
198366
197801
196109
193481
194963
195756
195091
196189
194602
195178
196942
196698
198024
193885
196423
195755
193869
193021
197215
196942
196917
194664
196519
196474
196454
196996
195329
193628
196341
197274
195441
196158
197598
197069
194584
197240
194506
196358
196170
194794
195859
195067
195947
195997
195852
194506
196598
195692
194368
198002
196184
193938
195544
195482
196335
193724
194506
194602
196742
195763
196637
195924
197591
194561
195588
195586
196093
194706
194698
194561
195037
193512
196278
195586
193439
195134
197082
195875
193977
195091
195345
194345
195763
193981
194592
196734
197038
195482
196263
195477
194441
197215
195536
195525
194995
196254
194158
196326
194971
195133
196268
196057
194834
196423
195441
196637
194506
196335
194995
197663
193577
194602
195917
195398
197591
196125
196128
195365
196067
196917
196158
194185
197113
195997
196372
195852
194368
195037
194561
194656
195225
197082
194628
196169
194995
194876
194457
196466
194222
196067
194361
196109
197261
197004
195917
197134
193343
197763
195901
197571
195332
194506
196230
196029
193343
195779
195586
195494
197134
196900
197797
197439
198411
193577
195590
197864
196350
196900
197311
193577
195133
194501
196109
195037
197073
195429
197348
195429
197214
194613
192975
194368
194602
196527
194062
198830
196739
197238
196550
196109
193673
196431
196821
197174
195352
195316
194797
195037
197038
195037
196179
197142
193647
197962
193278
198162
196140
197277
193512
196051
194722
194729
196013
195924
195037
195091
194361
196062
195618
198067
198154
197672
195502
195037
195054
195578
196335
196631
196270
195185
196053
193981
197040
195419
195674
194207
196254
196482
195779
195237
195068
195010
193320
196254
198074
194818
195091
196062
193789
195720
195430
198106
198375
195969
197625
197038
193731
192725
196694
195778
194899
196236
195191
196062
195977
196423
196158
194506
193673
195997
195498
194400
196901
194349
195417
195225
195037
193320
194506
197068
195917
195930
194506
196013
196044
193842
192909
195915
194506
196167
193481
195037
195875
195924
196179
196020
196566
196062
195763
194738
195248
194738
197958
193197
195011
198150
195901
197679
197052
194561
196062
194899
195924
193343
196318
195957
195183
194506
195901
196350
196502
195482
194826
195801
195958
196879
195950
196158
195164
195955
195950
196601
195490
196132
196212
197494
195896
196783
193842
199009
195755
194649
195875
197953
196272
196062
194910
196430
198106
197906
197040
194361
196205
197555
195917
196942
196803
196973
194641
196942
197884
195386
196145
196610
196931
194971
196116
196358
195345
194649
193481
195714
194634
195252
198150
195164
197226
193593
196538
193869
193873
195484
196179
195606
195763
197303
196013
196835
195332
194361
196772
196382
196158
194506
196157
194591
194793
196062
196158
193631
196837
197256
195229
195763
196158
196781
193639
194511
194649
195586
195067
195477
195919
195897
194802
193320
195796
196382
193481
194200
195917
194222
197082
197165
196036
196485
197627
195087
194910
197004
193320
196799
193789
195133
197926
195917
196404
196062
197311
195229
194066
196278
196916
196330
195917
194501
196280
193416
196942
196917
197334
194030
196696
194202
196350
195133
194899
196293
196020
196124
196984
195669
194506
195919
196109
197313
196437
195102
197303
196158
195333
195482
197382
194506
194560
198450
196643
193535
197038
196660
194845
195875
194077
193036
196423
197134
197699
196944
193673
194649
195386
195059
199361
194676
194755
195673
194506
195133
197182
195526
196982
196679
198647
195756
194345
197046
196300
196623
197535
197137
197792
195319
196207
195674
194506
196431
194556
195356
194560
195365
194361
194676
196877
195674
194062
196606
196942
194465
196158
195386
195478
196209
195508
195482
194876
199207
198323
194296
195344
192844
197351
197078
196116
197038
196510
194345
197958
197117
194633
196381
196062
197075
195955
194399
195875
195971
194995
197399
192963
196519
195417
195898
197255
194665
198025
194910
194115
193577
196062
194794
196423
195252
196364
195917
196158
195713
194641
195852
195875
195229
194812
194345
193577
195441
196062
196008
197707
193673
196423
197169
197731
196062
195671
195068
197082
196158
197542
195037
196285
197820
196227
195386
196158
198058
195935
194867
196982
196942
196223
195578
197311
195398
194676
195229
196148
192879
198515
198150
194457
195997
198012
195896
196062
196013
196658
196940
196942
194899
195425
198066
195482
196205
198415
195325
195997
196519
197002
197443
197136
195356
196036
196158
194340
195674
194876
194856
194602
197132
194368
192533
196906
195997
196062
196158
197134
197651
194602
196062
194876
197311
196658
196727
196606
194415
195924
196245
196772
195087
196917
193673
197049
193374
195037
196877
197958
198511
194602
194794
197134
196937
195924
196153
196370
196410
197125
192748
197246
198347
196158
195935
196558
196358
194698
196262
194749
196441
194368
196877
195350
196057
195817
195037
197134
196942
192909
196804
196466
195229
194158
196232
196254
193689
197303
198360
196623
192867
195091
196212
195091
195617
195586
194602
195448
196149
196249
193320
193512
197261
196213
197407
196212
195586
194772
195448
195622
195747
194680
196036
194972
196254
195747
196942
195577
196823
196067
196254
198024
195756
195586
196519
195891
196268
197100
195133
196502
193005
192748
197768
195548
195779
194130
194345
194415
196597
196933
195917
193577
195578
195037
196781
195229
195939
195542
195212
196381
197134
196044
197004
196051
196189
197862
195490
197113
196212
194698
196418
196514
197134
197283
195526
195924
195578
194628
196542
196062
196180
196021
194794
196527
193785
194441
196062
195494
196519
195924
195935
197399
197303
196623
194760
195301
195490
195172
194561
195229
194506
197862
197434
197206
197797
196057
194506
197082
195398
195924
196762
196254
196527
195901
196973
196520
196900
196638
197591
193885
194457
195955
195536
196350
195875
195767
195417
197233
195747
196062
196699
194200
194729
197862
195659
194560
193754
194876
194602
195172
197033
196615
196468
195763
195979
196062
198515
195763
196093
196415
194876
195987
197161
196370
195671
196116
197387
196158
193343
195443
195618
196062
195901
196505
196205
197069
196350
193673
196020
197274
195386
193754
195212
196761
195924
197073
196573
196750
195779
195801
194200
197034
197078
197238
198312
196912
196908
196461
195037
197498
197882
197215
194698
197255
196365
197142
195006
194062
195843
197173
198170
196097
192867
196787
198178
194495
195440
194963
196020
195352
195622
194969
196149
195172
196461
195582
194223
195578
194737
194415
196158
194665
196062
195037
197186
197098
197926
193929
196880
196245
197038
195490
194779
194698
196643
195536
196057
195948
196254
198170
198261
197002
197064
198277
196067
193374
196877
195037
197303
196167
197334
196153
195187
196775
194698
197046
196293
195345
195229
196067
197976
195388
193535
195685
193754
195087
195622
195417
197015
196425
193343
196973
194615
195482
195901
194506
196906
194876
197225
195621
196976
196174
196454
193535
195352
196299
196149
197672
197187
197238
194929
194223
198223
193792
195957
196562
195252
195881
195922
197078
196799
196454
195779
196982
197274
197142
196423
196051
196132
195345
195243
195011
194905
198910
197054
192748
196631
194709
198496
196779
196940
197672
193789
195586
197539
194142
196466
194802
195971
196798
196062
195606
195441
194875
194714
196394
195490
197582
197920
195726
195133
196013
194441
195386
193343
196431
196158
196541
195406
196062
196370
195726
195260
194692
195386
195763
193481
196262
196051
193481
196062
195026
196062
194941
196062
197134
195303
196418
196423
196799
195333
195398
196309
194537
194738
193439
193481
194496
194561
196787
194361
196900
197174
196125
192767
196062
195260
194200
196158
195133
196942
198162
195344
196837
194916
193481
196093
195778
196358
194930
196916
194676
196158
195618
195278
194457
196734
197215
193731
196877
195718
194066
196243
194867
195068
195044
195779
196204
196610
193416
196942
195965
196203
195901
198154
195924
199054
196423
199652
196510
197204
195470
194561
196942
197038
196249
197178
195917
196781
195386
193036
195095
197255
195763
193005
195578
195068
196015
195280
196519
195429
194722
193789
194238
193593
195482
194910
196349
194223
196205
196268
197038
194876
194876
194368
196265
196020
197962
196120
197862
194319
196973
195037
194506
195586
196013
195578
197152
197334
196703
196942
197038
194876
194818
196679
197651
194345
193769
196424
195133
195325
197082
197205
195578
195068
194473
195756
195705
197134
193769
195461
194464
197225
195344
197038
195537
194465
192706
196497
195229
195524
195924
194020
195659
195187
195037
198327
197357
193769
196350
194714
194361
195852
197523
195586
196996
195875
196062
196900
198900
196381
194876
193577
195099
196406
193934
195713
196933
196835
197398
196381
195325
195763
198515
196062
197958
195268
197511
194207
196254
194465
195779
194560
195756
195747
196643
195578
195386
197348
195901
195344
194737
195490
196872
195881
196149
196116
198118
194995
195586
194602
195325
195508
194738
196944
197824
195344
196921
195037
194441
195992
198193
197078
196942
197038
196249
195333
195229
194532
196328
193681
197926
196020
196062
197517
197342
195534
195344
195875
196254
196566
196180
196317
193490
194089
195779
197882
193616
196073
195386
196937
195875
196426
196423
195325
193577
195924
196158
195671
198171
196021
196335
197255
193278
197486
193896
196942
195618
194818
195352
195026
195229
193577
195310
194158
196071
196158
196381
194465
195325
197200
194465
197129
197919
196148
193754
196925
195586
197409
197038
197269
196158
195406
196877
195698
192863
195756
195386
194327
195133
195141
193768
195344
195360
197855
196551
198022
193481
195054
197443
197719
197142
193197
195133
197038
195578
195901
194464
194506
194600
193439
195578
194423
196384
196906
192610
195037
197038
195924
195779
196132
195386
197082
196308
194345
195140
195227
198289
194361
194910
196278
194602
197049
197390
194641
196286
193439
193320
193481
194730
196781
196730
198840
194506
196062
195059
196944
195225
195325
193639
197975
196699
195482
195091
195091
195957
196013
195843
194633
197926
195133
194030
196933
195406
194656
197134
195606
196921
195133
195227
196158
195939
198074
196933
195386
194202
198668
198306
196109
195417
195425
196263
195260
196254
194738
195917
198250
195658
195133
195155
196062
195718
197033
197226
195333
195901
197908
194814
194656
196982
194464
196688
196686
196643
195971
196109
196942
197701
196345
197082
197399
196125
196515
195726
195245
195325
195440
197173
197004
194929
195917
195756
195618
195037
195325
194814
196406
196942
196189
194537
194561
195766
195747
195901
195852
195838
196382
197073
197038
197892
194506
195578
196158
196285
195997
194189
194615
194899
194753
196230
193908
196349
196318
196278
193873
196189
196643
196679
195260
197255
196895
196062
194602
195316
196069
194392
196158
197960
197960
196518
196374
194984
194158
194834
197351
196410
195037
194972
195778
196350
196739
196280
195612
195901
196423
195516
195133
194506
195906
196570
196153
197502
196573
196977
194648
195500
195310
194871
195398
197196
195237
194899
197069
196375
198118
195229
196781
193512
195133
194722
197290
195533
196460
195917
197862
197230
194506
195386
194602
196982
194464
193938
197303
196109
196013
195203
194506
194972
195344
197962
195147
196335
196643
194345
197439
197136
196062
195659
197248
194794
195248
196423
196011
196848
197091
194257
197744
197635
196558
198112
197997
197046
196254
195851
196982
197336
193842
197718
196254
197857
197718
198002
197430
194618
197862
197325
194441
195896
195971
195763
197531
196158
196424
195352
196601
194368
196986
193696
195477
196131
196232
195187
194223
195458
194126
195087
195749
194656
196254
196839
197038
194223
196328
193988
195799
194506
196888
195743
194200
196013
195207
194972
193593
194296
197094
196036
193651
195388
195618
195755
196750
194568
197133
194345
194506
195248
196418
196254
195142
194680
197205
195763
194793
194602
196158
196335
195325
196395
194657
196062
196062
195344
197215
194971
196165
195957
194876
196197
195901
194633
196358
196190
195698
194233
197082
195566
198098
193789
194541
194653
195348
196474
194876
195344
194995
195325
197430
193343
196953
196942
196520
196900
196807
194738
197313
196879
196799
197962
194345
194506
195994
194561
197343
193481
194641
196643
196942
196158
194130
196931
196464
195917
195814
196804
197134
195184
194465
196982
195441
195486
195490
193785
198882
196982
197114
193470
195859
195887
194296
195917
198154
194361
197277
195329
193842
194972
196149
195283
194303
194368
196021
197386
194814
198074
194560
196368
195251
195287
192606
196278
195490
196013
195225
194303
196109
193512
195037
196293
196209
195037
194319
196598
197490
197178
195386
196158
194744
195917
195778
196761
195114
193577
197037
194506
196942
195428
196781
193820
196615
196440
195386
198225
195350
196900
195494
195917
197768
194356
195087
195406
196418
196739
196352
195299
197313
195247
194207
197038
194899
197355
196064
195386
193343
193796
196550
195482
195526
196044
196140
197087
197038
194576
196062
195310
195924
195440
194693
195876
197820
196564
195594
196781
194465
198098
198450
196341
195344
195114
196454
197724
194283
196562
196345
195618
196245
194876
197841
195037
197038
197134
196205
196117
195686
196763
195245
195482
195319
195924
195917
196345
196535
194698
196942
195087
194779
195588
196350
194519
194755
196067
197482
193796
196606
196937
196016
195068
195924
194876
197498
194464
195386
196877
197238
196781
195640
195590
196062
196062
196158
196937
194569
197002
194602
194779
196937
193885
195398
195037
196044
197150
195901
196382
193673
194368
194810
196062
194506
195229
196254
197343
195586
194714
196020
194464
194296
194673
196051
199251
196328
196821
197142
196053
197178
195773
195133
195268
194296
198074
194729
196942
193681
194441
196020
195887
195525
194361
196973
197460
196942
196370
195997
195133
195037
193696
195915
195091
198331
195526
196053
195441
196382
195133
196278
196460
195606
196093
194910
195044
196658
194876
195352
194130
195398
198341
196197
195756
195386
195325
194864
194611
195859
193735
198085
195248
194664
194506
198210
195494
197038
197134
197082
195345
195379
196149
196286
195977
197077
194834
197042
195686
196382
193021
197038
193481
194688
197038
197038
196739
196772
196541
193712
196278
196020
196190
196230
194361
195854
194680
195901
193213
196263
195917
194122
196968
194876
194441
196370
197092
193842
193635
194641
197033
194345
194779
196982
194464
196062
196519
196153
197036
195010
196781
196262
195229
197929
196562
197278
193754
195987
196358
194506
197078
195348
196008
195490
194602
193892
196697
197916
194794
195796
195398
194615
196466
194296
197277
195747
197114
193796
197038
193577
196153
194814
195779
195490
195195
193543
195913
192767
195381
194560
195763
196944
197042
197962
196219
195133
194657
194584
196361
196286
196900
196305
196029
197958
195184
196997
195490
197591
195743
194994
195067
196984
195068
196391
196792
197082
194972
194602
195037
195622
196902
197033
194634
194738
196062
195133
196020
196328
195875
197453
194922
196190
195397
198177
195212
193577
196804
197906
196900
196332
195692
195578
197082
196107
196370
196365
194465
196804
192963
194698
194555
195229
196872
194818
194464
193577
193481
195859
197274
195859
196280
195653
196062
196739
193696
196262
195779
196502
196123
193789
196276
193005
195237
194296
196541
194200
197134
196937
195419
194506
195303
194634
196158
195406
196149
196357
195997
193754
196423
194876
195924
196735
193842
195364
195720
195242
197399
194602
195341
194634
196158
195329
196335
196527
194506
195037
195948
193416
196418
195046
194345
195859
195586
196937
197120
196781
197139
198846
196190
197215
195364
196942
196189
195901
195917
196254
194592
196116
198209
196781
195779
197071
197443
195229
195245
195705
196466
198223
195816
195494
194698
194361
195321
197856
197230
194779
197210
195896
195248
197077
196350
195859
197390
195671
196942
195068
197390
198058
197215
195779
196942
196877
195325
195164
194457
195955
195957
195756
198054
196189
196335
195779
195451
195955
193673
194527
195501
194361
195133
195133
193842
195905
194077
196234
196109
196623
194319
196189
196280
195323
197453
195690
195440
194345
196071
196877
194121
193681
196987
195997
197046
196837
196364
197343
196335
195225
196148
193320
196093
196190
197399
195344
194794
195621
194722
195248
195977
195875
198181
197344
195971
197134
196412
197165
196643
197174
194738
195859
193769
196537
195924
193481
195526
195087
195742
198150
195917
194794
195594
194506
195149
197401
196462
195529
195703
198611
197882
194561
195364
195417
196877
196062
195659
195755
196052
195915
196877
197759
197038
193481
197659
196599
196527
194729
195325
196835
195988
195037
193934
195037
194798
194779
197478
194779
194327
196799
195345
194506
196158
195594
193021
195896
194077
194553
193673
197017
195321
196462
196837
195323
194698
196916
197303
194423
195917
194560
196942
193577
196566
193481
193704
194825
197088
196245
194361
194537
194415
195133
196020
199237
196230
195526
198334
193543
197928
197013
196020
194222
196454
195988
195037
196514
196158
196332
195037
197100
196254
195329
192863
195037
195756
196466
195834
197303
196013
195718
196158
194207
196062
194030
192802
196556
196062
195901
194602
195037
196205
193278
197038
195356
197068
198133
195457
197233
196158
196013
197583
193842
196057
198905
195037
196062
196598
195901
194327
196079
192909
194898
198193
193481
194865
196792
197703
195526
194361
198646
196062
197230
196062
195917
196519
196158
194995
195928
195195
196062
196029
196109
195114
196062
195852
194506
194488
193481
195721
194200
195129
196658
198150
196510
196341
197576
195548
194814
197962
194158
194519
197620
194361
195713
195801
195037
196454
195245
196384
195229
195484
196109
196212
196062
195187
195412
196020
194784
193481
193481
195482
195325
197303
195441
195758
196062
196917
195955
196149
193059
195172
196863
194399
195586
195705
195659
194510
194828
197132
195229
195510
197082
193182
195778
196254
196739
194345
195633
196370
197069
195485
197017
194506
196423
195495
193842
195231
194200
196318
194914
194995
196835
193938
196431
193577
196374
196236
194657
194930
196123
196062
196062
195917
198012
195201
195513
196062
194649
196116
197723
196900
195037
196781
197487
194922
194963
193320
193747
194680
194779
194030
193481
194501
195756
194415
194698
195321
195037
194845
196207
196389
194963
195714
195207
195355
195901
193789
194779
195586
196926
196370
196676
197731
194415
194867
195490
194223
196900
195321
194676
197788
194569
192909
194995
194553
196511
194869
196982
195997
193631
196093
195316
195037
200700
194207
195799
195521
196013
195381
198797
193577
194158
193608
195482
196519
196116
195917
195713
196804
197077
196345
194223
195242
196189
193439
195997
193481
194555
198370
194506
194732
195686
197311
194319
195917
197015
195482
194361
194358
193481
195875
196602
195537
196519
197659
193789
195896
195513
197495
196370
196020
194698
195526
195955
196209
197134
195161
196163
193689
195654
198524
195659
193800
196278
194706
197145
195481
194963
196158
196013
195997
196942
196996
194415
194457
196317
196942
196781
197178
197041
194602
196044
193182
194211
193934
194875
198423
195037
193724
196426
196509
196710
196254
197038
196804
195586
193416
196406
195756
196537
194729
196900
196942
194788
197129
196109
193673
197013
196520
196278
195633
195939
194457
195814
196207
196895
194465
197218
194115
194506
194876
196873
195965
196062
195924
194698
194738
193439
194722
192959
194568
195416
195461
194465
196973
197134
196942
196057
196739
196830
196282
197054
198093
193320
197136
196423
197399
194506
195997
196844
196519
193577
195798
196767
195010
196783
194729
196362
197073
193320
195420
197225
197355
196350
192844
196093
193635
194738
196278
197178
195225
197415
197926
195536
196212
195939
196178
196020
193236
194196
196381
197036
196057
196573
194680
195229
198012
195329
194698
194794
197539
194925
194618
195618
198559
196008
196522
197334
195819
194930
194722
197726
194930
194676
196781
194899
195329
195398
196900
195482
194457
196330
193343
195429
193631
195622
197884
196209
194496
195756
194501
194867
196925
196197
196190
196781
195586
197033
194636
196370
195333
194971
196562
195133
194200
196140
196942
194875
198022
196519
194899
194779
193278
195372
195756
196942
195381
197134
195344
195618
195448
193965
197864
195345
195187
197439
200095
197040
196422
196062
197174
194602
197173
194738
197038
195768
197008
196062
194501
194457
196109
195347
195852
194457
194602
195997
197142
194304
196892
194327
194729
197495
194441
194298
194034
195851
195345
197038
197082
194200
195594
194553
196265
196937
194954
192702
196244
196104
195756
195924
196466
195917
197078
196350
196093
198203
195640
196973
196071
196036
195796
195155
193535
196719
196431
194506
195997
198882
195779
194457
196254
196699
197305
196116
195225
194519
196158
196175
196973
193481
196090
194714
195843
196895
196158
195901
197374
199403
194602
194867
195586
195133
193182
196545
197038
195852
194783
193673
195352
195087
196798
195398
194995
196046
194921
196245
195537
197230
197038
195530
195924
196286
194794
196984
197082
195572
197455
196013
195490
196062
196062
194657
194602
196830
196212
195859
196162
195964
195183
194146
197255
195133
193842
195494
197768
197274
196116
195767
198428
195441
197607
195756
196254
196830
195671
195851
195360
196088
197397
196062
195537
196345
195446
196466
196013
194875
196350
195142
194361
195490
194084
196615
197136
196804
195992
195321
195245
195398
196350
196350
195444
194368
197454
197539
195281
195617
195924
193608
193988
197724
196267
195854
194368
196209
197041
194368
195356
197920
196901
197862
196502
194818
194779
199170
193934
196739
195924
194560
196013
195852
198419
196996
193374
196062
197305
195901
195758
194089
196466
197862
194602
197506
197017
194242
196270
193577
197724
195544
193869
193512
196968
197004
195924
196350
196158
194971
195877
197895
197570
196906
194656
197049
195082
197311
196706
193685
196996
195917
197242
194722
196942
196158
195406
197565
197301
193681
195526
197173
196190
194441
194457
194441
194506
194698
196933
195622
196036
195482
195102
195386
194030
195248
195513
195219
194400
197038
196658
196158
195971
194802
195321
196158
196996
196158
194488
196020
196062
195037
197303
197824
197862
195674
197082
195779
194602
195321
197230
196212
196062
195037
194327
193320
195997
195581
198062
195896
195621
196158
195618
195236
195484
197052
194506
195814
195456
198679
196281
195468
197013
196942
196527
194814
195386
194025
197971
193796
197134
194753
196366
195425
197864
196374
197215
195187
194714
196051
194553
195207
194506
192940
195229
195365
196798
197718
193842
196921
195356
197261
196783
197768
196739
195133
196519
196174
194916
196781
198527
196053
195352
195957
194217
196345
196140
196933
194465
195177
195617
194368
195814
197178
195482
197238
197399
195917
193792
196236
196117
197642
192909
197125
197270
195901
195798
193735
194506
193647
198024
196519
195133
195586
197046
196205
196335
195482
196776
196350
196020
196711
194464
197451
196841
196013
196116
196942
197285
195618
196432
193735
195904
196982
196230
196804
197897
193969
193320
196937
196513
194972
196775
194561
196057
198231
194794
197862
197266
194673
194506
197866
195386
194361
195526
194672
195133
198978
195635
196643
196053
195017
194400
197882
195852
195478
194441
196811
195133
197469
195494
195203
196996
196942
195482
197944
198171
195618
195534
195140
197951
196013
196109
194415
197082
195279
196062
195011
193481
197037
196799
195544
196370
198978
194511
196158
197962
195398
199058
195997
195178
195997
194753
197882
196466
193754
196602
198363
196921
195037
197934
196158
197038
195321
194602
195187
196877
194602
196221
194506
196345
195948
193873
196566
197616
193929
194738
195598
195037
196946
194876
196437
193535
198112
197862
197399
195931
198555
196940
196422
197365
195329
197150
196020
197755
195386
197142
196837
196541
196062
197724
196792
197038
194319
197407
197165
193616
197230
196262
193608
198254
198592
196020
197136
194464
196464
195248
193397
197303
197703
194693
195779
193938
194120
196711
194158
194457
195494
192671
195978
196519
197962
196245
196844
195482
196109
198098
197443
196776
195779
194563
196609
196781
194506
196527
195859
195852
195386
195140
194730
197378
193647
195901
195993
197187
195682
194345
193439
196942
196162
198523
195948
194016
196711
197486
196466
194561
193182
198857
193577
196062
196267
195494
196158
196057
198097
197038
194506
196062
194876
196053
196844
195969
194506
194802
194207
196795
196158
196821
195187
196844
197407
195819
196516
197274
196013
195398
194738
196942
197390
196036
193769
195673
197744
195924
195149
193320
193673
195794
194506
193577
194602
195482
195822
195046
195705
195671
194304
196116
195344
195917
194303
197113
194361
195059
194657
193789
196942
195011
193374
194553
196519
195934
194457
196207
196350
197200
197262
197937
196158
196111
195344
196631
196683
200183
195225
196410
197302
194368
193416
196117
195037
195406
197230
197993
196190
193439
197303
195513
194501
195067
195917
194488
196062
193901
194496
195661
197724
193789
195172
198150
194506
196335
195037
196942
193416
195901
193946
195446
195325
195225
196020
195352
196020
195091
194335
196044
196158
198015
194303
197232
196478
193747
194319
195542
195325
195494
198058
197578
195448
196781
196835
192748
195075
197305
194457
196262
193712
196942
196459
194501
197091
196236
196013
193197
194303
195087
194454
198163
197250
194361
197526
194464
193673
195356
194867
197443
195386
197303
194506
196062
195997
195310
195172
194506
195957
196062
196781
195924
197137
195531
196372
195398
198216
199090
195398
197047
197831
195588
194872
195942
197402
197311
193869
197407
197786
196189
196205
196527
194506
198373
195482
196374
195133
195586
196197
197038
192963
195344
197840
196350
195059
194794
194560
197046
195323
195779
195225
197004
197160
194077
196982
193551
196406
197303
196132
196071
195778
195939
196804
196232
196643
195997
194692
194227
195098
196084
194753
194671
195755
194062
195184
195067
196759
193512
195544
195386
194876
194971
197548
196783
196527
196545
195901
197303
197017
195037
198115
196370
195892
196942
197248
194779
194995
196372
195356
195133
195091
194602
196335
194457
195248
193439
194597
196205
193929
194501
196332
194158
195747
196270
196220
194834
196837
197434
194602
194345
195386
196615
196020
196057
197286
197282
195846
194496
193869
196153
192610
195482
194077
193800
195875
198022
196606
193481
193881
194560
193673
196124
197451
196328
195387
197701
196541
194899
196093
198744
194657
197040
196062
195184
195448
197635
196647
198054
197045
194501
194872
195917
194527
193789
194945
194577
195617
196093
195417
197134
194560
195448
195225
196900
194794
195726
194641
196062
195917
196350
196643
197855
195142
196062
196527
196606
197205
194361
195778
195521
194657
196649
195225
197576
195930
196645
197142
194825
195590
195917
194350
195939
195260
196696
195917
194867
196370
197663
196013
195402
195843
195674
194415
196997
199309
196821
194361
194899
195955
197290
193938
196550
195756
197204
194899
193842
193343
196188
196158
198817
193673
193628
198026
194553
195037
196454
195229
196020
193470
196835
199138
194358
196376
196230
196062
196057
196553
198322
197040
196895
197432
194779
195674
196062
194464
196197
195325
194876
195917
195381
195924
197994
196424
197088
193923
196062
193631
196803
194794
195482
195388
194506
194441
195917
196431
196519
192909
195901
197305
195917
198154
194506
195227
196093
197920
197576
196153
195091
196067
196739
197303
195440
195110
196062
196783
196062
195172
194457
193773
195845
194738
194519
196526
196197
197129
196372
197142
198524
195482
195207
194876
195472
193850
196013
198523
193631
198097
197786
196158
196008
195924
196942
196071
197770
196053
196062
197503
196971
195743
194921
198223
194698
194042
196062
196254
196188
195917
196370
195098
194914
194457
194898
193593
196424
195682
196519
196781
196116
195510
194506
193785
195901
197225
196286
195236
197920
196265
196345
196877
196844
194465
197897
195490
197200
196350
196158
196285
195552
196837
195521
193481
195164
194672
196877
194602
196942
196864
195068
194833
194030
194368
194261
192748
196107
195490
195386
195287
197252
194738
196518
195037
197056
195743
195726
194480
196358
194872
195659
195248
195398
195875
195558
195482
194875
193883
193842
196468
196423
198744
196062
195875
194602
198199
198611
196562
197399
195756
197455
193005
196683
194465
196013
193439
196197
195714
195917
195449
194722
197082
194972
193960
196236
194563
195310
196503
194200
195819
197539
197269
196900
194361
195917
196804
194560
197311
195037
195756
197086
195155
194560
196474
195428
195682
197038
194319
196149
195229
194423
195398
197230
196062
196124
196641
196996
195955
197142
196350
194602
195086
195659
195011
197311
193577
194602
196013
196470
195887
196364
197069
193992
194207
194706
197038
195983
195037
196268
193842
195260
195135
195705
195674
195674
196285
195037
195726
193577
196036
195325
196643
197857
196775
193343
196806
195590
193075
197134
197194
196212
194510
197724
195054
197336
194633
193673
195482
196906
195448
196209
196204
194464
194030
193481
196316
196658
196278
195971
196987
196236
197862
195356
194457
197591
196380
196069
193673
194361
195321
196205
194592
195955
195482
197962
196245
195618
196158
196358
196167
196973
196783
196942
197593
198076
194501
197864
196254
198363
195678
196109
197038
195696
197230
194714
195586
196117
196804
195343
196062
194995
194368
195779
193769
193712
193439
196013
196944
195917
197206
194918
195931
195398
193005
195386
194361
195352
196020
196062
195590
197696
196335
195924
196153
197672
194753
197453
198235
193777
196158
196245
195896
196062
194602
196804
196804
193059
194899
194834
196933
196254
195502
199962
195172
197082
193577
196326
196021
196623
197098
195220
195919
195386
195259
194436
195386
195194
197539
196183
196209
195875
192844
196062
194921
195107
195875
194657
193481
196445
195622
196158
195901
196328
196437
195533
194597
195225
193577
196461
197077
195037
194319
194979
195248
197962
197962
195484
196931
195386
195243
196982
198681
195919
195586
197190
194368
194930
196174
194464
195398
194840
197351
194207
196057
196982
194738
194698
196453
195333
196837
194488
195142
194898
195037
195091
195325
196062
196739
197038
195388
195278
195618
196607
197173
194457
195573
193777
196079
196062
196120
195494
196230
194304
194794
195182
195310
196933
195924
195758
197140
195383
195992
196423
195479
196406
195321
194698
196021
196821
194064
194649
193481
195482
195334
197069
196350
196254
197857
196857
194693
194779
195260
197270
197142
197348
194506
198162
194688
195498
197049
193673
196426
193481
198367
194361
197311
196062
196423
195252
196776
196363
197038
196062
197313
196062
194561
197274
198764
195955
194464
196262
196410
193842
195494
196254
194972
197630
194876
195779
196944
196804
195229
195248
197092
196734
195303
195747
197038
196230
195814
195773
196044
194392
196062
196739
196996
196109
194784
196474
194698
196419
197833
196868
196036
196381
195917
194602
197781
195161
196249
193934
193040
195747
196316
196350
197399
196390
192671
193416
196837
195345
194207
194738
193577
195997
196190
195387
194714
197017
194361
196734
196696
195676
196062
198882
194553
193439
196666
197178
195590
193551
193577
197683
194368
194876
196461
194584
194653
194207
195376
196750
197283
198419
196804
195590
194738
195971
198587
195959
197576
193101
194995
196783
196013
195325
196335
197082
194972
195133
194964
196423
197038
196643
194457
196908
193470
195924
195386
195325
193320
198419
197185
192867
196067
197920
194441
197759
196374
195440
195011
194930
196634
194561
194826
196415
194457
194200
193892
196870
195059
194899
195482
195008
194876
196900
196254
196466
196877
198211
197269
196013
194223
195037
195924
195184
196653
194780
194602
196921
196683
194602
195581
196942
198054
196084
195352
199014
195325
197862
197142
195676
197415
194325
194994
196254
195901
195859
195440
193769
196900
196623
195482
194615
196153
196167
197667
194698
199773
193182
195754
194834
193481
197136
196062
195386
193920
196062
193481
196249
195917
196350
194030
195931
192706
196877
196917
197038
194636
199249
195490
193651
195441
195887
196062
195037
193769
198489
195482
196599
194496
194876
196293
196062
195763
196020
196381
197866
196254
197230
197399
196228
196254
196350
196062
196792
197136
193850
196431
194602
198445
196942
194452
196262
195682
194480
195590
194995
194030
197493
193390
197178
194641
196197
195441
192771
198419
194876
196606
195187
195482
196197
196370
197826
197113
194698
195859
194899
196380
195779
197786
195875
194200
195260
195482
196872
195901
197098
193960
197092
196158
195187
193822
196779
194867
195485
196942
196615
196454
195612
195930
196982
196358
196051
195498
197238
199948
194473
195321
195344
196389
194296
195229
197110
194768
195441
196192
194441
195773
196236
196125
195107
196174
197958
195325
195548
197855
196062
193439
197593
193754
195381
194602
195979
198450
195997
194602
193182
194995
193481
196245
194779
195917
193883
194319
194794
195325
196158
193320
197134
194888
195754
196423
194222
193577
195714
196505
195006
196057
196087
196894
197134
194899
196996
196013
197418
196745
197357
195386
197215
195622
194361
194506
195502
194738
195352
197198
193543
196629
195736
195917
198185
196062
196781
195686
195682
196062
197486
195875
198098
197731
194568
195526
197153
195344
196804
194464
197922
196643
194506
194506
194223
194506
197971
196220
196124
194706
196270
193481
194867
195901
195928
196696
196942
194506
197329
195881
198882
196406
197165
194515
196062
196781
196223
193586
196053
196944
197306
196419
194867
195087
192748
195448
197726
196350
194849
194020
196013
197399
194898
196519
196262
195494
195586
193647
194361
196299
198154
198898
194613
196462
196423
197591
196572
194738
197113
196453
197178
196369
196330
197443
195037
196706
195843
195344
197082
195774
197189
195237
195924
195971
196423
197334
196830
197038
195037
196895
196236
195917
194657
196254
195859
195682
195755
197495
193704
195332
196158
195386
197210
194506
193704
198193
197958
197078
197178
198058
195037
196996
195586
193712
194464
193481
195854
194779
195316
194100
195924
193639
194875
195345
195966
193885
194826
195682
197451
197386
197893
197365
193577
194876
196460
195834
196117
197038
196020
194457
194473
196897
196431
195696
196093
197672
197078
195720
198098
193439
197820
197133
196254
198235
194158
196254
194363
194361
197920
195819
197971
194905
194749
197971
194358
196743
196020
197225
197495
194296
193439
196020
196109
195448
197165
197077
196900
195325
197303
197265
196699
196307
195344
194825
195440
196205
195452
194441
193673
194101
197399
196062
195924
196335
197196
192940
196900
194506
195948
197036
198706
197862
193439
196332
194641
193512
195763
194506
196062
197430
197082
196900
196872
196037
195229
195381
196942
196212
194634
193439
194560
195486
196062
196116
194597
195091
196190
197274
194875
195540
194995
197038
197298
194457
197164
196643
196207
195087
193416
194875
196109
195006
197152
194506
196220
193628
197071
194876
194553
196157
196900
196676
196107
197033
195992
198515
197302
196804
196921
196158
195207
194602
194899
197882
193101
197547
196015
194738
196158
194613
196062
196510
194722
196423
196042
196374
193754
196149
195490
197018
195141
194158
197399
195037
193481
194698
195526
196638
195950
194814
195913
194698
196835
195779
195087
195406
194584
195578
196340
196560
197663
194698
194876
197038
194906
195930
198162
194641
195875
196799
194561
194222
196381
196942
193796
196189
196013
196776
194971
195037
197586
194495
196294
194345
195631
196423
197503
194415
195631
196305
196227
194698
196159
193792
196029
196052
196185
196228
195225
195917
197443
195308
195184
194560
195924
196412
193278
193320
196505
196631
194613
196837
196350
195578
195183
195037
195164
195091
198093
194227
196921
194506
195573
194942
193934
195037
196739
194345
196973
194345
197524
196792
197370
195957
196799
197303
194602
195066
195187
196188
195087
195577
197334
197100
195859
196107
197132
196519
195633
197812
195386
197482
197306
197230
193831
196696
198511
196158
194560
196254
196804
195810
195586
196921
196158
196134
197178
194392
194200
194984
196804
195091
198596
194457
195248
196460
195087
194657
194537
195948
194930
194800
195164
195225
194457
194899
194561
194457
196551
194415
194457
194899
194439
196278
195252
197401
197165
192771
196519
196562
193850
196674
194030
195881
193896
197365
193777
195616
197178
193577
197443
197109
197373
196057
197884
195887
196942
197100
196190
195763
197033
195843
196381
194506
195482
197082
196350
195344
197046
194653
195779
195133
196405
196158
193481
193278
197082
196350
197399
196982
196382
195859
193343
197215
195133
193577
194834
196982
196804
195494
195671
196205
194698
196942
194964
195599
196262
193965
195917
193616
197916
196996
195133
196875
194158
195763
196959
196405
197365
195229
196162
195352
197283
194698
194653
197634
196942
196365
197082
195051
197215
197187
195747
196335
194657
196350
194698
196335
195341
196326
197210
196877
197034
196156
195533
195939
195901
197862
195163
195325
195586
196917
195622
197701
195425
193416
198539
194802
197486
196917
193938
196285
194995
198391
194706
196212
194995
195237
195838
194633
196423
195448
196270
196013
194464
196153
196062
195917
194506
197134
195490
200028
196116
193577
197303
195586
196209
195490
194760
195659
194457
196506
195756
197989
195983
192610
194995
195917
195339
195796
197792
196020
197033
197038
196109
193343
195227
197801
195901
196821
196205
195406
195959
196220
196124
196361
195248
196350
195537
195890
194506
195091
194258
193731
195133
194553
195385
195248
195345
195955
197350
194602
195386
196501
198427
197926
196211
194818
196696
196804
196406
196111
196013
196468
195510
197131
195924
195037
195533
195979
193754
194995
195448
196972
193731
196350
195482
193743
195578
196051
196942
194506
196598
198223
196804
196519
195674
195225
195805
196254
194729
195037
196942
197077
194532
194899
194618
197091
196349
195648
195917
194506
198744
194657
194506
196272
195352
195107
196245
194126
194361
194901
193320
194876
195816
194656
195268
195404
195482
196124
196907
196461
196562
195303
197958
198415
197953
197306
196083
193842
199074
195248
196900
194833
198170
196364
195329
195386
196921
196109
194876
194963
195026
195068
196519
194303
198730
197049
198067
194714
196158
193543
196236
195386
195329
196933
196940
196174
196149
196335
196804
194062
194423
196184
196767
194792
197390
194115
194972
195979
196643
196659
194217
194506
195917
195525
197112
195578
197503
197305
194490
195440
195992
194046
196326
198033
195325
195640
194908
194165
194510
196162
196158
193343
196877
195191
194553
194506
197178
197038
197455
196153
194867
196719
196205
197078
195133
194972
192771
193869
195323
194262
197040
196984
195482
195586
196158
195091
197302
194537
196286
196062
196973
196062
196230
193938
195810
197419
197407
196658
195280
195917
195513
198002
194553
197134
193535
195997
197230
196149
193481
196174
195037
197638
195901
193673
198154
197134
195901
195386
196502
195622
197134
195901
193278
194439
195917
194327
197040
196662
197008
193777
196148
194537
195037
195164
195448
194602
194875
195859
196775
197134
196942
193593
195484
195220
195406
196020
196743
194089
196445
194876
195901
196389
198882
195325
194130
195133
195682
195037
196174
194207
195325
197744
195606
195490
195852
197002
196366
194473
193631
194698
197038
193481
196801
195673
196125
194867
194368
195248
195852
196942
195037
195633
196345
196711
194943
194818
198242
195779
197274
196466
195388
197721
193754
196877
194602
193577
193481
195482
195260
196205
195482
193439
194441
197204
194613
194633
196550
196466
194818
196389
194597
194465
198110
196265
194457
195881
195386
194818
195140
193577
197893
196124
196702
197454
194794
195739
193593
195386
194722
195955
195037
194876
196335
193481
193938
197249
194465
192867
194810
195854
195225
196109
196647
194974
196804
195778
193934
196538
196158
194602
195983
195763
195901
195779
196262
196423
193934
194537
192771
198764
194465
197087
197334
195502
197215
196254
197517
194876
196442
194506
196399
194899
196804
194698
195658
197724
196153
196519
194368
196020
196570
197456
195888
196370
195334
197863
195260
194781
193343
195917
194421
196062
196158
193416
197134
197029
195091
197966
195187
196158
194560
195133
194876
195248
195037
195947
195875
194995
196426
194319
195133
196466
197625
196268
194732
195526
195763
197230
194941
197134
195325
196519
197303
196466
194618
195778
194602
195477
195345
196653
196638
196285
195618
194368
196092
196087
196502
194368
196363
196309
196082
197209
194368
193535
197980
194358
196725
197407
197503
195237
197873
195238
199435
193021
197246
197788
195280
196057
194825
195763
197303
196093
193470
195947
196020
197142
194340
196514
194319
196541
198214
197591
196212
195970
195006
193320
196844
195875
195901
196254
195747
197174
195482
193850
195901
197038
194319
193631
197311
194034
193850
195037
196062
194971
193481
195149
193885
194368
195325
198098
193101
197134
194618
194656
197038
195521
197038
197017
194698
196057
195379
193769
195513
195147
196401
194899
196370
196830
194963
194633
195460
196082
195917
197378
196189
194995
196268
195279
194345
195350
194826
196057
196317
195919
195686
196062
195901
194034
195633
197962
196977
196462
194779
197092
196900
198154
197768
195388
194657
196345
195763
193938
194030
197516
197091
197040
195625
196877
196431
197303
193320
194814
196423
195799
196020
195590
196350
194834
195609
193639
196212
195225
194698
198214
194653
195183
196900
194737
195763
197311
197922
193481
195557
196518
196171
194653
195852
193673
197707
194511
195006
196013
197037
195386
195068
195653
195622
195997
193182
197582
197911
196132
196687
195682
195406
198223
195887
194729
196342
193608
196013
196335
196190
196062
195901
196189
198058
193481
193681
195521
195673
196772
196184
194664
196350
194867
194602
194303
196519
197855
194930
193768
194464
195037
196906
194319
197824
196270
193182
193512
196739
196937
196197
197142
197701
194979
195924
196942
194722
195107
197928
196638
194814
195896
196088
195578
195618
195325
195011
197129
197724
195658
197399
196158
197797
195494
193850
197962
196446
196062
196711
196087
196020
195345
195299
195852
195248
196844
196310
197394
198307
194368
197086
197370
197038
196597
195133
193481
198281
194323
194421
196305
197194
193343
196171
196158
195924
195979
194061
195851
198090
197134
193481
195578
195037
197788
196973
194825
195609
195756
196158
194368
195930
193320
196982
199560
196254
196423
197178
196424
195191
196324
196942
198523
195133
194553
197173
195390
196035
195917
195752
194223
195544
196190
197165
195022
194464
196937
196299
195586
195553
192610
195957
193635
196350
197672
195653
196062
195417
197565
198354
197018
194296
196482
196335
197082
195037
195037
196254
193481
196062
197321
197916
195561
193535
197303
195633
194327
194774
194657
196783
197238
196341
196133
195814
194971
196205
196350
196519
197583
194698
196051
195851
195557
196643
195037
193673
196935
197303
196514
194602
195133
196020
196309
195901
195493
198154
196977
195755
196062
197651
196910
197178
194304
197354
198058
193673
195579
197173
194223
196423
195490
195843
196423
194207
196020
194918
197401
197142
194963
196390
196772
196232
195482
195536
194126
195852
197189
196228
193343
196462
196514
195484
197534
197038
195763
195983
197038
193850
197082
193681
195087
196496
198287
197038
195187
194441
196739
194457
194971
194227
196286
195268
197543
194506
196310
197790
196062
197294
194636
195917
195979
196062
195248
193374
198980
194899
196116
195345
194972
195901
196438
193320
194223
195440
197511
194419
197142
196236
195957
195602
195578
196837
196847
196781
195924
196183
194729
197274
194361
197864
195325
193934
194465
197958
195875
195386
193481
197255
193754
194738
196062
194730
197038
195843
195890
193535
196973
194930
195091
197268
195901
192510
196350
196286
195406
196556
195875
196510
196057
195635
193416
194899
197094
198113
194126
196062
194506
195755
194862
195387
196370
196942
196691
198287
198154
195133
196783
196739
194501
195037
197204
196706
195590
194457
194553
196904
196093
196683
195989
197343
197209
194084
193551
197303
197303
195050
194023
196944
193416
196285
197142
194602
194825
195997
196522
196293
197012
197270
197270
195801
196044
197013
194972
196937
196423
196153
195325
193712
196422
196345
198299
195586
194506
196111
196335
196921
194488
194930
194875
195917
196740
196942
196837
195310
196781
195461
196051
194914
194633
197129
194722
196254
196093
194399
196062
197958
195997
195229
195164
197038
196350
195586
197305
197054
196437
197797
196286
196029
194706
194760
195242
196461
195356
195091
197060
194345
195924
195225
193577
194115
196973
195490
195852
195386
197862
196062
196872
196245
197647
196562
196804
193673
197663
195843
195236
196519
197303
195321
196696
195133
197358
196189
193320
198258
197897
194602
198202
196877
198229
195398
197150
196020
193182
196035
193320
195530
194794
195778
197038
193673
195187
196020
194392
198058
196051
198231
195006
196775
196901
196877
195465
193842
196015
197962
197049
196781
195490
194464
196158
195417
195537
196472
196125
198371
197770
195883
195386
195325
197770
197962
196086
196158
196506
194701
197225
196942
193481
195796
196062
195490
195482
195279
196879
196658
194561
196410
193416
196249
195799
194698
195971
194633
195622
194576
194867
195542
197208
193182
194561
195779
194692
196057
195578
195901
194560
196478
194722
195948
195635
196278
197417
193769
197134
196132
196318
195490
195917
197958
197033
195068
196736
195525
196615
196426
196148
195875
195102
195859
196262
194465
196232
195991
196623
196158
196804
196973
195164
196221
194592
197495
196044
195352
197049
195484
195091
194296
195140
198162
196254
195189
195164
196245
196877
196781
195578
194884
197112
199082
196221
195875
194457
196245
195843
196013
197038
196973
197723
197451
195437
193374
196423
196286
196158
194899
195924
197381
196117
195686
194706
195229
196519
197759
195448
196266
195490
196423
196153
195140
196519
193577
196381
196535
195815
196739
196189
198236
195618
195352
194361
194254
196792
193842
197290
193934
197571
197178
197670
194464
195698
196345
194200
194696
195930
195810
195948
197174
193673
194867
196109
194737
195225
195241
197763
198097
197207
196606
196781
196879
195510
196942
194703
196350
196872
195778
197215
197190
195482
195087
196286
195917
194537
193470
196057
195482
195852
196573
194202
195133
194867
196781
196877
196091
195598
197663
196190
193577
194115
196117
194361
196526
195755
194825
194818
198158
196696
198218
198886
198118
193754
193320
195977
195321
195843
197667
195279
196111
195763
195356
196405
193673
195383
195321
196522
195448
196519
196389
196350
198058
195590
196272
197978
196996
195763
194158
195682
196578
194441
196573
196942
195727
195513
196445
195992
198022
197033
195341
195248
195339
198026
193796
196157
195875
197547
196158
195046
196606
194867
194867
194473
196374
193934
196982
196857
194649
198020
195067
194867
196062
193673
196937
195443
195852
196996
196158
195617
197882
193934
198098
194814
196153
197134
198054
194506
194994
195054
194653
195602
196482
195164
196062
195609
196258
193842
195482
195386
194676
195578
195106
194207
193673
196519
196200
197539
195763
196951
195513
195971
195037
197152
198944
194399
195490
196826
195252
193577
197303
196461
195659
196877
197002
194592
194506
194867
196335
195051
195490
195425
194802
197232
197370
195348
195037
195682
193512
196982
194972
197187
194464
194876
196972
194457
195924
194716
195779
195494
194789
197319
196278
196781
197004
193320
194227
194598
193481
196190
194818
194972
196937
195983
198419
196132
194061
196942
198904
196190
195622
194834
195901
195502
194223
195682
197337
195581
194262
195398
194779
196345
195150
194698
196335
193481
195446
193920
197709
194898
194361
195917
197759
196390
196053
195901
197630
194501
194441
194415
195971
194634
196698
197311
196308
196804
196643
197539
195352
195067
196406
196116
196674
195721
196158
196197
194921
196221
194207
196470
196107
194211
196942
196942
195037
194465
195325
193769
196745
193842
195187
195917
193343
195924
197453
193628
196942
196067
196372
196044
197198
197861
197230
193896
197230
196052
196062
195490
194555
197684
195490
195010
194749
194917
193455
194706
197196
195859
196423
196739
198463
196330
195495
196801
194115
195114
197110
196505
198487
195412
198098
196942
194457
197230
195901
196254
194465
195068
196278
195659
194945
195037
197082
196370
196169
196013
195482
195817
195183
196527
195863
193789
195997
195310
197270
194345
195622
197134
195494
195901
195686
197091
196057
196174
197399
198828
197095
195252
197092
194465
197134
195477
194876
196197
195843
194749
196982
195892
197208
196917
196942
197305
193343
196174
197980
198231
196372
195896
196365
194825
195747
195386
193681
193777
195859
195578
196205
194876
195207
195012
196350
198153
198202
194465
194922
197134
197759
194400
196174
196937
195171
197240
197134
197215
195852
196804
196062
195779
196016
194254
193850
197862
197082
197270
194876
196921
194303
196895
195087
196804
196900
197627
196527
195196
196776
198620
194875
196350
196153
193470
196286
195481
196374
194223
195341
196116
193934
195107
194501
195086
195398
196357
197215
196942
194794
196804
198354
195075
197672
195482
193689
195386
197270
195068
196190
195673
195578
195890
195779
197215
195612
195859
196550
196075
197038
194561
196158
197261
196610
196254
196153
195381
195386
197046
196519
197958
194553
195602
197306
197178
195386
196190
193616
194794
197187
195990
195779
196228
196795
196699
196245
194867
194457
194664
196900
195142
195037
197495
196158
194496
196541
194722
195957
196804
198290
197069
194323
196158
195037
196212
195440
193481
194506
196227
195843
196638
197374
196739
193704
196116
196309
193577
195229
194368
196739
196305
194753
197277
194602
194495
194361
194946
196140
196804
196888
194714
194653
196431
195386
196423
198258
193673
196779
198280
195763
194506
196341
195448
195333
195578
193789
196497
195531
197026
197812
196373
195917
196643
197259
196232
195526
198615
196158
196942
195859
195810
196933
194361
196015
194506
196510
194833
195386
194794
197134
195586
196804
196518
194345
194561
197194
196285
197396
194561
195210
196062
197230
196285
193481
193005
196781
196837
195386
194207
195638
197582
194207
194602
195344
194641
196317
196174
196837
196877
197173
196053
196784
195037
197862
198231
195386
195133
197311
195225
194200
196942
196254
197002
197232
197900
196470
195536
193842
195352
196344
196422
195586
198154
197261
196358
196249
196940
196772
195997
195635
197539
196245
196212
197635
194093
196968
196942
195026
197038
196013
195490
197174
195287
195924
196781
198061
195756
193789
196205
196696
193481
195308
195227
195386
195299
193577
195767
197567
197134
195017
195997
195997
196844
195557
193850
195756
197311
197230
196020
196506
195874
193673
194399
195633
196776
198996
194921
196158
194187
196254
194227
196204
197150
196418
197077
195386
197034
194457
196942
194368
194345
194200
196253
196477
196345
195779
195386
193673
197503
195617
197109
194488
195225
196602
195502
194937
196158
195133
199339
196293
197215
197688
195310
195859
196696
196415
194629
194441
195531
197343
195494
194876
194020
194618
196370
196066
195279
196062
195586
195671
195437
196254
195992
195026
197343
196615
195381
195248
194972
196212
197109
196285
193481
195494
195386
195831
195526
195448
195901
195714
197343
196742
195325
194922
196384
194738
196020
196562
194506
196900
197038
196021
195581
196643
196739
195325
196776
197100
194602
194641
194030
196606
195490
195398
195901
197724
195674
194834
196324
196062
194794
195252
195248
195917
196020
196857
197013
197962
195087
195892
196328
193965
195718
195798
194749
194577
198054
193278
195350
197390
196013
194158
195950
195429
196942
194834
194537
194856
195763
196071
193481
197096
196423
196285
195245
195494
194825
194633
192963
196158
194501
196223
200184
194779
197232
196158
196127
197357
195779
195482
194899
197178
194361
194602
195133
196955
197190
197183
197215
197215
197168
194577
195238
193789
196051
195133
194495
196900
195037
194676
193481
194506
196942
196942
196062
197547
197958
193481
196197
196088
197078
196318
196278
195356
194810
197040
193635
198049
198042
195301
195778
195133
196811
196973
194810
198527
196062
195482
196020
197621
194335
195155
197229
197255
194115
197013
195852
196034
197078
194899
194473
194634
196278
194834
197425
198042
196174
195557
197348
195917
195779
196835
194457
195485
193320
193320
196942
195037
197209
194876
194738
194602
198992
195617
197862
196877
196158
193320
197765
198250
198468
195640
196781
197038
194738
194876
196506
194465
196701
195490
195947
195713
196381
196917
196763
196107
195917
195961
195750
195901
196792
193992
193992
194488
195133
196937
194115
198154
196093
196069
193481
196454
194361
194868
195917
194506
194899
194709
198882
196254
197681
196107
198233
195537
196270
196900
197439
196180
197117
197399
196431
195490
197086
193777
195398
