40611
36037
31856
33025
31689
34041
38462
36064
40601
36144
41759
35286
38686
34433
32516
38070
45484
39519
34620
31690
38853
35027
34566
35935
39206
41503
36337
33105
40313
32665
35611
39793
34231
34273
36981
48296
34204
35027
35863
36552
36599
37727
34273
34349
38875
40822
37700
34896
36887
33105
34273
35024
37289
36409
38187
36768
32660
37090
35206
36139
34206
36133
34256
36831
33025
37026
34720
33897
35564
34649
38719
34390
34370
36261
34224
38900
35341
40444
42481
39609
33645
34417
32955
33105
36353
38747
34875
34982
33612
36233
34206
32921
35274
34144
36067
37835
34844
36603
39566
33892
34850
36231
32683
34200
32485
33897
36689
38434
44426
35574
36584
34224
32413
32683
36590
39176
32407
32611
37008
37919
40841
33079
34818
43046
34528
36121
36223
33972
36572
35091
36392
39633
35240
36855
38024
36615
39276
35202
34620
36209
36337
32485
34014
35091
35160
35809
36322
36823
34098
33645
33934
35898
33280
36561
39616
38123
34920
38643
35032
39322
38538
37581
39473
38420
42462
33699
40964
32889
39541
34642
32269
38523
34796
38554
32611
36754
36337
32413
36155
37632
38099
35995
42283
35493
36200
33243
39903
35587
38372
34764
33079
39649
36085
35032
47611
34072
34430
33375
41374
35366
36162
32827
35839
33699
35186
35487
34026
36546
35690
37658
35887
35832
32485
39579
33303
33177
34026
35647
36887
33866
41162
38668
36463
38123
33810
33624
40535
38423
33867
34875
33105
35995
33277
37109
34026
34026
35303
34005
39193
34002
38687
34074
36308
34598
35957
36237
36999
40484
41142
36619
37249
35839
39575
40132
35809
33699
39306
39326
36216
35549
33737
39183
35324
34232
33612
34646
38427
37385
34991
34566
39375
38390
34783
36863
36614
37658
37935
35395
34826
33303
44054
37878
36873
35853
34813
40858
35840
38190
37428
39243
39071
36465
38728
34797
39190
42547
34623
35043
40858
32485
36002
36493
38249
39090
35611
35730
34026
40051
42302
37404
37157
32691
40840
37166
37154
34404
32269
34470
41701
42039
34566
37669
39862
39199
37289
39475
37559
34893
34844
35652
32068
36235
34818
39644
36730
33867
38225
34821
37152
34206
34411
34224
33277
38818
35024
32485
32103
35948
34416
36263
35048
33798
37021
35438
35789
40240
35708
41600
35217
33825
40966
38664
42139
35236
34787
37481
33105
37856
33175
38344
35914
35123
34462
32269
34803
33810
36542
36828
36844
35433
39174
37091
36263
35995
35754
36305
34398
33205
36020
38152
36062
40237
33612
33015
37120
36230
34962
36388
38854
33927
39243
34026
35271
36726
33277
41730
35623
37600
36416
41390
34623
41521
35298
32691
36461
32889
35408
34600
36793
39941
33867
37014
35408
34224
41421
39667
38565
34649
43158
36551
37187
35550
33809
35611
35189
41265
39573
33644
34893
33645
34100
36589
34362
34826
40405
33946
40135
38561
40534
42952
42605
33305
34528
36771
37844
37042
33025
37464
36417
39837
33441
35701
36743
37168
35487
32683
36715
36892
39298
33810
38159
33688
34620
37907
35073
34844
37209
41195
37529
38493
38196
37328
34368
37367
42158
39402
33503
39876
35822
36819
33684
34209
40055
34988
40439
36715
35201
35073
34826
36986
34988
43494
34646
36215
34333
35960
35102
34026
37506
33483
35939
41847
36182
36209
32665
34894
38166
32284
39284
34574
35209
38313
38069
35643
36263
32695
39016
35363
34603
33771
36187
36887
33263
34479
35781
43375
33352
37791
38990
39682
37703
36010
36311
34844
37175
37856
33666
45979
37334
35783
35212
40937
39549
35468
40945
34252
36643
33374
33421
33303
38728
38853
40755
34876
35487
39033
34479
35979
34232
36464
33243
33352
35455
36844
39071
33317
38042
37034
32889
36343
39517
36908
35615
36242
42871
33277
35186
39835
37636
38242
34548
37456
36023
35408
35438
38076
32821
34065
33668
39716
35995
38321
37102
39569
34033
35924
36985
33867
36643
34962
36568
42663
33859
34194
34797
36200
35353
33105
33307
35644
41543
34281
34479
33684
36734
37961
36116
36690
33105
34982
37919
36132
34876
35638
35822
37456
38100
37996
34043
37058
37070
34273
37850
40019
39362
36931
35780
34082
33033
37655
37791
39789
33532
38189
34764
34224
40083
37779
34528
34867
48849
37434
32413
34547
36592
33867
34591
32094
38702
35283
34026
41506
37791
37335
34646
34962
34668
42225
39236
33859
39370
34368
38360
39199
36827
36354
34293
39448
37720
32683
35056
34850
37775
33303
32827
38369
40784
37113
33820
33810
34680
38606
43211
33217
34056
42838
31580
41087
40692
36738
35032
38186
35171
33217
39495
37535
34818
39535
40417
35315
41138
37196
37456
33303
34646
33771
34240
36069
35454
33506
37411
32485
36594
36701
32821
33699
42027
38022
33612
34889
35465
35688
36982
43881
35742
39054
42801
34344
36077
37253
32665
35408
36849
33972
33027
34281
36299
34746
35899
35038
38920
38082
34620
31937
38600
38022
35750
37429
37637
33946
38022
36205
33612
38946
36176
38506
36542
37363
33277
36362
38054
36136
33704
34646
33550
32921
34436
37428
38033
35841
34433
35120
37904
32516
41237
34528
35064
36089
40071
36219
38078
34794
33076
35876
34229
32407
37456
32448
34677
32485
32889
34031
35893
37523
36245
34201
32691
37397
33997
33573
35580
37439
36137
36607
32683
37597
34646
35637
39054
33105
35366
39029
44629
36493
38708
33733
40400
37455
35960
33583
40433
37121
35671
34920
34110
35550
38396
34404
38076
35671
40543
39164
36347
37975
35473
35717
36679
32683
36907
44446
35841
34041
34232
38112
38949
32485
34368
37305
33627
37682
34232
37808
37161
37297
32827
34430
32921
32318
37106
32516
34041
37171
36144
36380
34574
34164
36813
32827
33079
35366
35904
43865
32904
34419
34875
33897
34787
33326
33001
34206
37652
34620
35212
34826
38776
36362
35815
34026
35470
34709
35348
35229
35295
36187
33303
36096
38497
36107
37074
38073
33644
39943
33644
42920
38022
36129
34694
36749
39794
33483
35285
34084
44155
37505
35035
33532
34659
39424
35122
40498
37414
38623
39625
39387
38702
33803
38175
33400
39091
43145
38302
39675
35855
39398
37234
34566
36468
33473
38160
37675
33810
33550
41680
39366
34875
36674
34962
34232
33897
35047
33699
35979
36052
36981
39043
36682
36229
35822
36190
34649
34224
44919
34451
34821
38974
41828
31937
37618
33025
34829
38152
35203
35999
34026
41180
33946
39056
33612
38117
32827
34997
33441
35331
35186
37404
34566
38578
39257
34623
38493
36571
35438
36159
37644
34072
35454
34026
36461
40317
38917
37919
36893
32829
34206
35186
38260
34224
36350
32930
34158
40014
34746
34224
33718
33810
32889
37917
42139
37224
35047
35722
38150
36890
36275
33105
36831
36915
35122
35898
41967
40237
37428
36328
43158
34752
39951
39488
36112
31276
33285
38787
33136
35240
34224
38569
35582
41689
38724
34391
38348
34324
35935
38647
40243
39236
41238
35032
35440
37481
40869
34726
36417
36730
34336
32626
38636
33303
32863
34300
34964
39628
33217
35003
35433
37229
32665
35456
34224
40005
39252
38058
38493
35058
34370
36926
33025
37266
34566
34574
33708
33079
44594
34368
35464
32508
31442
32863
35587
35865
38940
39541
33079
36118
34962
34026
33198
40780
41131
34362
35995
37944
35879
40203
34454
33645
36354
36869
34152
39616
38323
39322
39245
32665
35407
38164
37775
34442
36373
35186
32683
33739
34818
33937
39320
34203
34430
35510
32318
39373
36643
39234
33612
35345
36462
34152
37572
34035
36129
36395
38819
38314
36884
36019
35974
34566
33136
40184
34844
32827
33277
35822
36015
33972
32691
32103
37505
33303
48059
33825
37001
33243
33025
35580
35716
40939
37278
42994
37793
34219
37467
33825
37385
38896
42261
34988
33994
36997
32665
33662
39477
34318
33619
41961
32284
39465
34548
40801
36404
34404
34416
34752
34696
39598
35865
34239
39854
40879
34867
33897
36434
36635
40897
37255
39666
37840
37974
32889
32071
35533
37777
34818
35965
36584
37312
34364
37908
38926
34215
36733
40842
39398
39830
32269
35379
38267
35924
34479
39376
34164
41888
42834
38728
36360
35625
35203
36718
33550
33977
33105
33684
34993
34391
35821
38058
32691
34646
34253
39205
37529
32071
37677
35797
36027
37878
36161
36417
41977
34646
33483
38637
32516
39669
40433
41093
34893
37456
35606
36316
34772
33550
38100
42319
34462
35500
37910
38847
38205
37984
35932
39639
32396
42216
39246
36830
42426
39273
34026
36137
44773
34704
38364
33421
36908
36877
40015
36672
38997
34821
34659
37154
37806
32683
33303
32623
35013
32234
32485
32863
37832
34985
38439
36615
35487
37368
38926
34649
36200
37238
37500
39199
37310
37255
37042
35948
38310
42781
37626
37764
41013
32485
34844
32310
36535
34962
38289
40871
42981
35024
34875
32938
36414
35048
34232
37662
38505
34844
33810
33775
33102
34471
40850
34368
34232
37237
34692
36764
37050
38794
34471
37385
34694
37043
32683
33421
33105
37011
34402
32071
34035
40479
34947
34102
33897
40659
38038
36183
33649
36680
38364
32683
37491
32827
31856
36609
36782
35114
40237
39862
38198
32803
37108
32667
36952
37459
33423
40409
36674
37510
33001
37099
33825
38781
34748
32889
36417
36419
34722
39862
37972
37518
34566
34404
39770
35208
36555
36069
32683
37953
37193
36302
34893
35001
35671
34256
33303
41105
35192
34080
38076
34144
34998
33079
37523
36573
37806
38005
37579
34368
38123
41516
34224
32665
36061
38347
36679
38350
35407
32732
33669
40668
32889
33946
41151
34850
33688
37439
35186
33079
35473
33441
35606
36170
35073
33750
38173
35036
33317
32508
38165
39720
32071
34798
40725
35790
40914
38022
39243
39397
35708
35229
34896
35366
37152
37133
39337
33927
37187
44069
36169
36229
36614
39671
35535
33954
40179
37106
37012
35243
33524
33079
35685
36614
35408
34542
36560
36359
31690
38512
35245
34816
36002
39315
35581
36427
37065
36599
34585
33612
35995
34922
37020
37249
35742
38854
39146
36835
36876
33243
36115
38885
33694
40201
37983
34566
34962
35841
38810
36509
44882
38440
34659
42476
36674
35532
33415
36638
36660
34876
45713
39592
33441
34988
35606
36459
33524
34620
41948
36210
35747
32683
36861
34298
35686
40372
42111
34404
37375
42753
44385
36223
34718
41381
35303
38158
38194
33619
34758
34026
32269
34609
32283
36113
33277
38362
35671
34844
33506
35092
33810
38498
36009
36937
38226
34224
44483
42917
39486
42828
34074
40181
37258
33303
34747
35501
39081
38076
40114
37779
34454
32732
39008
40835
33231
34920
35438
33079
37404
36384
34982
32485
32895
35302
35005
34920
34646
35520
36801
34894
40279
36727
35671
35514
38520
33025
40019
34043
34818
34206
33595
38133
40474
38157
45080
39209
35532
32587
36784
34818
35625
33629
34224
33670
43551
34844
39043
35218
37619
34224
35408
36939
35433
38971
36164
33105
34117
37258
36155
40020
40376
36020
34615
41170
39467
37283
37369
34164
37115
37979
44932
32821
33105
33303
36482
34623
34368
34474
36149
35611
36609
41048
35321
36310
33105
33892
35426
32827
33825
36263
37075
40441
40234
31690
32899
37115
39527
34200
37187
39306
38997
36205
32889
39106
37438
36555
39403
44466
33079
36213
33825
37554
42541
36857
41285
32683
34846
37637
36044
33285
34362
35578
34407
40223
36304
35325
35995
34592
34566
36481
37673
34300
32269
33303
34436
39001
35701
34609
43775
33277
39397
37626
38497
37385
36464
32863
35170
35434
41789
34224
38093
37916
37635
34574
40143
39520
38656
35091
41750
34404
41775
34643
37325
41031
35303
38728
39070
35887
37313
34404
34479
36235
35775
40390
34314
40345
36009
35073
39520
33079
35068
34620
34603
41077
40605
34224
33105
38732
36609
34430
37565
36263
38420
34370
39649
37115
35887
34152
37320
37840
35205
35255
35720
38728
34838
40149
37894
32691
37571
36144
36567
36095
36810
32008
37266
38232
32485
34594
38758
34281
36592
35839
35218
38561
38412
41271
34844
35212
42733
33303
38554
37456
37774
35165
33891
35433
44322
32490
35065
35720
40387
37059
32683
36311
38671
34349
37746
32691
36221
34566
37677
33583
32665
38838
36267
35687
36569
34273
34646
33027
36482
38648
34418
36263
36751
42188
31690
38280
36437
34615
32396
39591
39043
33303
31612
38853
38949
35420
32611
33136
43133
41731
33231
37690
33303
34164
33001
38664
42234
37472
37121
35822
35593
41237
33810
35642
38164
38740
35186
37510
38975
35348
33303
36633
33421
36857
34189
39751
36069
40075
32209
34385
38148
33612
36728
34821
37908
36619
34646
32827
41440
39772
40345
35579
32485
37041
33352
38745
33050
35495
40164
34189
33105
34829
36242
38483
33810
34479
35822
35625
34419
38022
32485
38022
39328
36394
40506
34916
33231
33027
35812
39244
32683
34511
38196
33668
39301
33506
33524
42067
39106
35140
34528
35438
35841
37757
34407
38063
36551
39073
34651
36049
35168
37367
36607
35353
34642
37445
34491
34206
37782
35091
37232
35065
37376
34344
33025
35957
40367
41273
32456
34144
34368
38152
32284
35064
39393
34555
41452
39322
39878
37933
35240
39284
36605
38676
36711
35038
33645
35576
36342
35381
38226
34848
35711
40324
35366
34844
35822
36332
41234
34829
38439
39742
33668
36002
35162
34620
39692
37523
37655
36020
38693
39297
36777
34951
40782
34893
33452
40052
33506
34666
34102
37061
34889
33326
37350
42850
37390
34026
38603
36558
34583
34256
39703
36053
31896
38602
36337
35212
34666
33946
35024
34821
37107
43234
39519
36356
37626
37697
39447
34855
35186
47258
44078
39358
40755
33243
37428
35667
32283
36493
32691
36305
34893
34026
39493
37869
35064
40888
36205
33810
42201
37855
39874
38926
36337
37128
37979
37212
40911
36020
37608
35433
34411
34224
34453
34646
38313
34988
37565
35240
33483
36002
37513
33352
36061
38512
35858
37358
35611
34390
37204
35212
34281
37829
34368
33352
34126
40089
34990
37295
33076
35449
34952
33027
39185
34772
33699
32821
38296
33285
37827
33775
36159
34962
39469
38320
39592
38625
44865
36067
38994
37187
44491
41479
33483
34864
33868
38295
34300
36288
38889
35839
36403
36700
36062
38637
41047
33105
42405
37526
39648
36484
36509
35915
34614
32912
38602
34916
42385
32804
35797
39767
40537
38696
39695
38776
34043
36580
37996
34308
35362
35366
38309
32821
36801
34281
38897
37011
35797
35437
34102
34923
35024
41093
32269
33105
32516
35822
31474
34281
39599
34920
33493
35658
40483
36052
36140
32456
32310
37999
41202
32310
36719
34232
40042
33105
41934
36207
34772
36435
38282
39710
38514
37229
35261
35977
35749
34858
35822
36183
40040
41043
37798
33410
37878
35137
37606
37178
39758
37324
34855
35938
35438
35470
37527
38076
36027
39311
34404
34300
40711
34232
35658
38858
35438
36638
39783
37634
36518
36625
33867
32318
32490
32665
33483
39172
41073
34818
35640
36522
38983
36864
34373
33053
37778
36591
35249
36501
32071
38256
37611
35808
34708
41453
40939
38781
36052
38775
33231
38490
32485
39100
36354
35819
39243
37952
38022
34620
33619
33440
33524
35028
36179
42779
38594
39070
35546
37237
34875
34598
33326
33231
36231
41074
36304
35245
32930
38377
38433
40119
40372
35186
36843
36587
38293
34026
38528
37170
38358
36679
41725
45102
35456
36517
40124
45406
38926
38295
35870
34870
34875
37869
39549
35235
37258
41077
37781
43854
37255
40238
39030
33810
33859
35047
34855
36416
40420
34659
32143
38274
38640
32212
33303
37152
35480
40165
35611
34232
39193
38197
37188
33991
36337
36229
36957
39710
35408
38017
39350
43974
32071
33397
37869
35306
36316
38052
33837
34826
36701
34623
32436
39509
39388
37189
34391
36085
38727
37509
34114
33645
41057
35002
38321
43606
34867
41960
34988
38371
36103
36733
37650
32827
33105
34894
39252
38745
35302
34368
39425
33447
33612
33079
36052
40335
42167
32238
37325
37481
34726
35160
36443
38926
40601
37632
36023
34566
36003
35839
35554
40045
39156
34982
33219
35350
38022
37223
39219
34726
40246
36085
39270
34479
36908
40923
34818
35090
40246
35229
34081
35439
35829
35074
35495
40697
40588
39195
32683
39620
33963
43513
38112
32683
33303
39900
35300
37375
34273
37910
34026
36344
43362
37816
34908
36692
35381
37823
37524
32485
38087
33025
35010
35641
36773
37229
37566
39489
36834
36096
33649
35416
39066
38854
38314
38769
33897
35192
32817
35366
36727
40289
34009
39822
38579
33105
35457
35986
36435
36988
36337
39116
34148
33159
33573
32310
42717
32912
34347
32071
36529
33946
39199
39235
37428
37195
33270
38187
34988
34256
35437
36435
40091
33550
35756
36523
38112
37637
38231
38059
33277
33027
35449
34102
35667
35441
45831
34232
33704
37043
36010
41242
39585
38114
34308
33415
33810
32071
38667
40840
40098
40044
35337
36813
34080
38137
34733
37532
36445
38859
33688
36672
38505
37255
37381
37675
38740
36133
36479
34783
34796
38295
38076
36391
34566
32723
31828
36728
33136
33699
36249
34651
38237
35167
35546
38625
34026
34224
36999
36614
34333
35433
37104
39953
39628
40256
33050
38311
31655
33079
33441
34920
39456
33421
34298
35457
35451
36492
32485
37115
39749
43058
33007
32683
36134
33946
37011
32827
33001
35294
41412
35776
34722
32691
35606
32485
38828
34617
37293
37096
38853
34256
40681
36861
34126
34232
34110
33375
33842
37461
40499
37096
32665
35601
43583
34300
33461
35070
34826
35604
33473
34620
36176
38784
32071
34170
31276
34041
36627
33105
34622
32269
37492
35841
35697
34998
35717
39899
32683
39895
34846
34646
33105
34281
37385
37532
32284
38486
36337
37935
37050
34144
32889
36423
37506
39520
34232
33437
35643
39160
38828
37099
36266
36002
35229
33977
37353
34082
38041
35645
31474
37008
35887
34026
37152
34847
37409
39495
35500
38901
36313
36261
33897
39891
36609
36898
32930
40648
35685
37325
39427
32628
39298
34620
35442
35262
34430
41987
39710
32691
36708
38859
34675
36603
36559
33068
40680
35053
37167
41063
37422
36692
36417
33897
36739
46311
34598
33837
35658
37547
34775
36842
34479
32269
34844
32732
33025
32665
36401
37519
35240
34232
41698
34919
32318
32516
38670
33684
34454
36388
38380
35210
34574
34920
39002
36546
36391
37924
38219
42752
37134
36341
37634
38087
32036
33627
36535
37510
36535
35195
34362
34784
39991
37407
36945
42026
32269
32269
35048
33580
34026
35896
35209
38943
39515
34072
36461
33411
34327
33490
32889
40499
35470
33810
36394
36144
41557
39941
36139
36861
32904
38362
33110
35797
33761
34646
35662
35821
33151
41251
36304
36599
35208
34232
37321
36529
36815
33303
35909
34362
36107
35576
37362
34102
41150
36265
35374
34826
33997
37884
38375
40418
37373
36951
40497
37915
34528
34787
33550
34055
42435
36007
40934
37805
36417
35416
36354
33231
35753
38165
35422
35780
32889
40960
34982
39450
38252
37434
34169
38895
35485
33079
36546
36115
34046
41920
38917
33897
39145
37796
37488
35185
37259
40937
31442
40535
35475
38975
33483
36782
43824
40308
34394
36856
38458
38909
31870
38824
38141
37626
37675
40654
35995
37932
34206
35486
40992
38098
34875
35073
35487
34144
34204
38952
35235
38613
33994
43405
39625
39446
36370
41657
38945
39842
37690
33303
36481
37428
35734
36267
40734
37979
34098
32827
39444
40035
38188
34430
37538
33136
38827
36649
34603
40013
42746
32269
33963
34651
36136
37772
33217
37455
34964
33079
39118
39331
41276
35790
41308
34224
37350
34720
43025
32695
32071
38355
37909
39671
34411
32683
33599
41678
41481
34256
38321
40403
38466
37626
35121
34098
38025
37255
36234
37979
32269
36190
35415
37123
35238
37484
37329
35027
34189
33441
39165
36526
40308
33506
34404
35477
35389
34920
34479
32732
39328
33280
32683
34100
34404
39775
37779
34844
39782
36203
37731
34479
37384
35622
35487
37568
36250
34273
33645
40864
36689
39750
42152
35092
35094
42585
33823
34982
32071
37287
38577
34224
38501
39961
34696
33867
35346
38853
34399
37061
36084
38911
33892
33079
35841
36027
36558
40575
39846
44684
34818
36797
34646
32269
35390
37675
33699
32827
32863
38778
36931
33105
34829
37113
38926
37843
36246
37746
37950
37129
35776
38897
37950
36844
33074
33463
44920
40541
35593
36415
35742
40039
33972
36067
32611
34649
36928
39290
35994
38108
35285
39252
45069
37176
35615
35415
32611
36706
40705
39403
36242
37781
36589
37139
33822
36810
35214
36803
37662
37448
35582
38674
39093
39200
37884
34041
35493
36210
36203
37152
34817
42970
39975
35744
33771
40419
34445
32665
36504
41609
37501
36137
34487
36156
36768
38834
40019
41243
33105
36497
38281
36095
35923
38921
35714
37703
37312
36784
39595
37626
37581
34368
33892
36158
32143
40035
35797
35897
35269
35611
34844
36781
34092
40292
35465
33612
32849
37826
37129
34474
35717
38512
35731
34646
36559
40685
36773
34618
36810
35595
35535
33105
35717
37100
35914
34281
34784
34126
36133
38835
34169
34649
38038
35186
35408
34818
39437
36603
36088
38039
32485
34574
35535
36257
39881
37492
35671
36689
34461
40389
37843
38022
38694
33007
34479
34844
36015
36728
35243
40599
35467
40243
40115
35094
36223
40487
35543
35346
36753
34649
36435
41295
34875
35058
38581
39173
35422
37952
38348
34755
33382
40922
36295
33810
34479
38499
37428
34945
34531
33675
35841
39828
39035
40568
41275
33825
43833
37008
36183
34623
32665
36256
39498
35090
33280
36164
38131
39536
34826
33326
37968
40671
34875
41203
32827
32691
38464
33263
39362
34826
34999
35626
37095
36580
36250
32485
34574
37975
35887
34988
37957
33666
37675
35681
39101
41998
37155
32032
35601
35985
36423
35457
34920
34991
36112
40243
35810
36907
34956
37026
34479
36003
38296
35257
36386
40659
34659
34433
37155
34620
34856
35960
34461
38170
36781
38926
33001
40188
46458
35412
34696
37098
42098
35859
37347
35337
33946
36226
38192
31856
37658
39054
38503
34430
36085
31442
34566
36095
34844
38087
34026
39106
41116
38865
38005
34240
36497
41479
36416
34065
35717
32209
36183
35958
35546
35730
33285
36362
36359
36862
38252
36200
36283
32054
36509
38903
34470
38259
32071
33867
36508
33550
38125
33079
34300
36532
39996
43399
36337
35582
38385
37032
33277
37269
39910
34982
33369
41722
33506
34333
32485
36707
37178
36427
34566
33619
33105
39676
39917
34620
38656
35805
36863
34026
39460
37581
35799
36615
33441
39268
34144
32683
36359
34764
37385
34876
41704
36056
36755
34694
41562
36458
40609
33550
35822
38355
35466
37158
34219
36461
33303
34212
35822
38866
37686
38098
36957
35063
34026
32732
33550
39770
36434
36967
35822
32485
33897
40067
32904
37605
35294
38300
32683
36815
39586
36690
39257
36462
34568
35685
34784
36229
37757
33797
35073
39267
33033
33447
39095
36784
34411
33105
33447
39381
33810
33136
36416
32889
41137
36554
36311
35762
39444
40384
34496
35486
35535
40067
34875
40609
36663
34433
41279
38561
33699
36599
33490
40699
36190
37385
33948
37850
37203
34726
36263
39442
33490
36642
35670
36856
37979
36614
36226
39075
34962
33644
34224
35240
39274
33441
37313
31827
37373
34026
34126
34956
38699
33136
39975
32786
37193
37510
39388
41133
34454
38456
34081
37563
33897
37658
36812
37008
43417
41698
38022
35352
36583
39460
38886
41522
35391
37237
35899
35667
35408
34433
36931
36917
36754
36926
35933
35097
35514
34764
34152
33750
33638
37770
43048
33767
35415
38632
34521
34300
39257
37654
36655
37906
38635
35186
38498
34638
38728
35269
34772
37032
38506
40809
35673
40343
38133
34026
36571
37618
34239
34806
38820
35073
42078
37113
34404
33851
35671
38161
36035
32821
44975
34117
35668
39119
34445
36190
37807
34002
35668
33649
32827
47104
34479
34799
33483
33859
34219
41663
33810
36396
38380
35470
32071
33441
36053
37040
35005
36020
36250
43002
33033
36036
35160
33277
38314
36682
38975
35229
38314
36680
32930
41641
35064
36957
38344
41630
34224
40109
37548
37565
34844
35473
32485
36388
32938
38194
38216
37167
36234
35708
33462
33796
40355
36102
36417
34430
35171
38929
37348
34368
36155
34548
37950
35720
45226
38748
36620
34875
33627
35285
37716
34921
38875
34960
37027
37108
36823
42752
31887
37417
33550
42329
36328
38779
35383
35643
38583
36175
37654
36719
36799
38098
36648
35825
34210
41166
34041
38093
33704
39694
38764
34416
33042
35625
36051
39163
38804
43594
37208
36555
37798
35027
35514
37765
35412
39859
33423
32930
39055
39348
36486
33645
38399
38039
33181
32071
34152
39575
32829
38350
35667
41256
35036
33621
35302
33079
36223
33001
37350
38589
35492
35744
41654
38439
40885
36563
41332
34577
36069
36618
40645
35680
37270
37856
34893
37538
35027
37696
36960
33577
35053
36646
36384
34126
35822
34479
34430
39473
35240
38728
34876
38335
42912
32485
38093
39683
35178
34404
37662
38084
38875
35240
37557
38435
34890
34844
36305
35186
40133
40462
36843
36679
32683
38289
36930
41728
36324
37828
39729
33825
35376
39541
41501
35200
42513
33523
34620
34620
36338
34065
38369
33644
39339
39598
37129
37781
32732
36256
42354
39647
35366
38518
36422
35433
34701
33810
33946
35821
33231
34294
40085
33415
37686
33810
43716
35269
39862
34026
34430
38358
38699
35760
38884
40890
38581
34646
42158
33285
33535
35438
40829
37614
32889
39827
38028
36805
39254
41275
35346
40020
34543
35417
33285
34539
34826
32482
35074
44466
32071
42950
39851
38183
34528
34956
34419
41356
34232
33105
44141
36203
34623
36200
34005
34300
39425
38764
38426
43580
36676
35186
33980
35091
43272
34566
34035
34170
47634
37326
39614
42993
38512
40242
39339
35395
42601
38242
41319
32889
36803
36313
34844
35601
36139
37878
35269
38751
38299
36873
39449
35441
33447
36427
39986
32863
40481
37384
40293
35003
36951
35217
43141
33079
37710
32648
36689
35032
33645
35898
35318
39473
36493
32683
37869
34362
32691
34964
39141
40746
37428
34049
36773
35165
38480
32683
38808
35501
35785
32665
36107
40252
37325
35720
32863
34571
36990
40188
35641
32863
34764
40373
37774
37846
36579
36696
32310
34574
37986
36190
34170
35753
36274
40671
34399
42233
34471
36843
36551
41400
34737
36408
38897
32269
39355
41151
37748
32863
33647
34547
33994
35772
37594
41260
32485
34566
32691
40922
36466
37846
33567
33798
33704
34599
39051
34588
36463
32310
35141
36530
39398
33001
36529
40206
34893
36337
35829
34026
38945
35245
37212
35468
39970
41843
32821
38151
35858
41576
34193
39251
32804
35073
33303
35240
40154
31896
34256
35915
36229
36781
35159
38137
33303
41952
38282
33033
35797
37792
42022
36803
37727
35979
39343
39353
37637
34479
34224
34164
39201
33303
40730
38171
34920
33810
36974
34677
33464
41945
34988
38853
38599
36497
43523
34201
35820
33483
38305
36503
34057
35141
34618
37608
34867
38108
36810
33303
36186
35167
36551
34416
33105
42085
38864
36388
36844
35047
33272
34081
36022
39065
42976
36417
36416
39987
36680
34399
35102
37249
43325
35408
35408
36002
38508
33303
36331
37727
37968
37715
36113
37294
35711
41291
37873
33025
37423
34229
39474
38389
33779
37781
33483
38781
43331
34453
36396
39541
38314
37061
38855
35610
34620
32619
36553
35935
40279
34548
33105
40463
36085
33105
40302
36155
35034
35272
32683
33645
38045
34232
40485
34362
33796
32821
35186
38543
36804
34327
33994
38030
35974
35974
34896
33074
41654
38502
39299
36931
33352
33825
34646
36391
34784
35186
34026
36598
38943
35841
35091
40499
37511
36779
34454
35786
36801
34620
33415
40143
38099
39065
39905
33072
37178
40464
35160
35839
34642
34479
34072
37161
39558
32071
36435
34596
33462
41295
44481
32912
42416
37865
35455
38854
36391
35415
37626
38748
43735
34844
36779
41039
35186
32683
32516
33994
36069
33506
37560
37233
35366
37626
34649
37337
37324
33704
40883
34026
42663
41137
35065
34982
33007
32413
40541
32611
33461
36773
37230
39951
38804
35979
34784
33621
39580
37461
36599
34454
42601
37979
35615
33352
32485
35160
42430
32516
35510
37096
38727
40915
34170
37234
34768
32683
37375
34821
35011
41185
35005
33550
35073
35160
36403
36551
40419
35235
33483
35240
33277
39809
35389
34193
38710
36509
33447
36956
33277
35050
37258
37727
34617
38033
33668
35073
34696
34370
32485
35295
35500
36971
33627
39139
37797
34571
44243
35564
36615
32279
35262
33666
35091
36085
36337
36655
38785
35647
33612
38371
33153
40810
35368
34349
36575
39117
37478
38497
41135
37711
36107
35271
36354
34430
32269
36013
41115
35688
35366
33573
34241
32683
36649
37236
38385
33810
42181
34566
34981
35438
35734
44423
32889
34720
38166
33506
38256
34646
37731
33105
33441
40481
33368
34074
38258
34026
43964
34796
35685
36009
35300
37494
37752
33079
31618
39100
40592
38719
38323
35940
32008
33699
34065
34126
39140
37566
36190
34411
38958
39393
33991
34430
40780
36907
35609
33272
39045
34206
37072
35141
34818
33897
38853
34167
32889
34201
32889
34206
34235
34080
34164
34614
35235
39937
36497
34962
33303
34646
32683
34566
34566
33303
32485
34288
38505
38287
34215
35650
35630
39967
36465
37014
34232
36594
38640
38623
33867
40618
35236
34273
36933
35796
37906
35070
34555
36112
33231
39369
35643
36033
34678
39404
39299
38718
36701
33177
36615
36461
41228
34026
39670
42188
34026
37289
37193
36367
35849
32817
35047
38556
40721
32683
38548
36368
34479
34920
33810
40553
37178
35240
33810
36209
36312
33837
36847
38553
34224
37572
37486
39735
42780
34860
41855
34701
33704
33307
40844
32034
35765
35201
36828
36535
34893
39064
34461
40019
37225
36207
38290
43286
40407
38891
35613
40242
35902
36761
36584
35599
35510
44016
35495
37488
41898
34947
37353
34074
39691
34281
34416
36594
35285
35390
39018
35473
38117
37569
35294
33105
32531
42186
37057
42116
37572
36646
35305
35983
42791
35316
34956
36998
31828
33079
32538
38697
36362
37818
34746
33612
36476
38192
34651
35812
35140
37312
33231
34370
33231
32485
37883
36013
35235
37715
33612
35047
36237
35546
35887
34080
33859
34362
38227
41320
39648
36831
37167
36095
36417
34566
35457
40674
35167
36594
38599
36112
32904
34419
42570
33645
39934
35140
37334
35065
33797
35897
33205
33994
34848
35068
34722
37187
40841
35869
33848
33415
39578
37376
33619
35300
32071
33352
36922
34982
35576
33972
35685
38083
35217
34281
35780
33105
34231
36061
36782
34692
42724
37904
32665
39603
35711
34623
33444
32626
36237
37793
32824
39520
33948
39130
37686
33285
34403
37565
34867
34677
40896
40469
35091
34399
35073
36752
36896
37781
37187
35484
39317
38471
35024
38641
37428
39934
43005
36877
35415
31690
35853
36484
37350
38702
38087
33064
34708
39909
41395
37480
34407
33280
39717
40484
35516
37218
35024
35840
35091
36118
35960
34620
36392
36250
36936
35091
37080
40033
37935
34100
34416
36282
41039
38228
32485
34818
34964
34847
34821
32870
32071
36981
36337
34206
36056
39294
36164
32683
37014
44354
36985
34172
33550
36971
41003
38344
43742
33824
35671
34023
34826
35162
35337
39057
33810
32071
37979
37331
32683
34479
33105
33033
36245
34224
37011
35024
36062
34797
32485
33231
42449
38358
32821
41744
34300
32623
35437
37810
32643
35490
35797
35829
36648
35409
37227
32318
36234
41958
37959
37464
35717
34542
38173
33033
33483
39827
32310
32683
37793
40067
35528
33645
38764
36121
33699
37304
34404
35543
34270
37614
34512
37385
37751
39393
33753
33699
37204
38381
38440
35245
38406
44242
39862
36995
37868
37878
37772
36053
34224
33352
38079
38562
34844
37008
37072
37298
33906
38705
33303
36164
37705
36636
39214
35401
40635
39512
37614
37510
37045
36711
38687
34430
32516
36605
34991
33105
34100
32683
33612
36260
32516
34818
36631
37523
34453
36488
42862
37770
37258
33074
38724
39623
35217
36313
37770
36589
34988
35839
33277
32691
39603
34844
33079
34677
36609
38448
37144
33991
35366
37040
33612
34362
32732
35549
37764
38485
39202
37710
36129
37281
35167
36677
34620
41233
41029
43343
39344
33892
35168
33897
38922
34479
35294
35797
35780
33490
35218
32623
33848
34209
36554
35839
36816
33704
37411
38889
36911
35780
34646
33307
34368
32071
37385
33447
37866
32269
39014
32665
34722
37767
33704
37294
40897
39016
39561
36235
38975
36242
34224
35964
36813
34065
34474
33423
34430
37359
36737
35389
33578
39772
34772
40910
36773
33524
36311
36052
39109
37255
37058
34796
40772
36957
34102
36385
32071
39412
34065
36156
34368
32665
33421
37229
36311
34821
34784
33397
35438
33612
35514
35985
39695
38227
33483
36542
35543
34845
36133
45472
36738
32485
33352
39322
35321
32623
39537
38904
41336
36256
37658
34893
40173
39681
35260
41898
35303
35092
33079
37626
34298
38845
34081
38926
39326
38276
34442
33303
35415
35217
34092
32456
39451
34152
36313
36392
33079
33867
39320
35093
39158
36088
32269
33506
33859
34206
33595
39653
39724
33645
36053
35297
35858
33110
37365
36558
41220
43696
38972
35933
34026
33506
34659
38847
43864
36386
35285
31442
35513
33303
36183
38488
38904
37438
35418
37959
35493
36289
37730
37385
36235
33859
33797
38942
36646
37979
36777
37980
37029
32284
34411
39353
41137
35245
36507
33025
36457
40885
40948
35436
37167
40961
37806
39247
34772
35909
37204
35782
36010
40178
38265
33231
34281
41164
41159
35983
33105
37746
32206
32485
38125
37040
35985
33925
44173
36926
34818
35027
34206
38040
36436
34072
41213
39734
40217
37306
34630
39683
34566
34542
34722
35626
38488
33892
35383
34615
37548
34057
34206
33612
36083
33027
33954
34920
33079
37684
36200
38853
35286
39851
33105
41285
39070
38999
35100
33369
33550
33810
37437
35781
32209
39708
36846
31937
35531
33619
40998
38728
38926
46278
34622
34487
40319
33810
37949
37456
38526
32683
38802
33303
35747
34082
33645
39113
39495
33612
36235
41061
36048
35995
36823
37595
36836
33243
37212
39328
39000
35887
38521
40369
40119
34867
32425
32691
37456
38310
37849
37137
34224
32889
34683
33421
32456
34224
34479
32691
35065
33965
38573
33243
32071
36672
36409
32683
38038
36509
35015
33352
36782
38099
35898
42099
34370
37664
34614
33797
40197
34722
41254
34577
36274
36971
34784
35014
34646
34126
34816
41932
37600
36753
35779
35606
34368
36417
35211
34368
35849
36958
38651
36829
35417
35053
32485
32485
34844
36249
40264
32803
33524
34430
33994
37728
42857
40603
36584
35822
40416
39842
39391
33810
35500
43549
34074
34988
40966
36311
33240
37618
34646
40671
40444
39799
35641
32683
33303
35473
36936
33277
37187
33688
36824
37040
37906
34216
35032
34747
40027
37096
35622
34200
35123
36401
39322
32485
34531
36614
36752
39440
34020
36937
37892
36653
34618
37626
37955
40617
34288
39085
32938
35896
40994
37384
39326
43646
35438
37727
37014
35003
35887
33447
45781
32485
35036
34503
34224
32071
34875
33352
35191
38241
33810
32310
33072
36629
32665
32683
37950
35856
36620
34224
36615
36207
36236
35243
33550
36784
39478
39173
37770
37197
39311
41804
36257
36237
35887
39486
36058
33699
34370
37657
40697
33303
41654
38763
34826
36020
33782
39447
38297
34623
36020
35393
36635
32930
34026
38899
32691
37729
32485
35091
40293
37240
34479
33842
36234
35613
36952
37527
33704
40283
33437
35923
42007
39812
38268
36540
32310
35140
39132
36877
35815
41344
35823
35762
36164
35671
36205
35168
34026
35170
41918
37196
37152
34620
36052
37969
34861
32827
35208
39549
36011
35797
35245
35053
39000
41837
33612
34014
33105
35606
34746
35940
41593
36052
34232
45249
35027
36435
35235
35935
34368
34164
34620
36689
36963
32858
34620
37626
41797
33946
36503
35177
38197
40235
38009
41291
34982
39331
34818
33105
35516
36817
39045
33779
34993
39749
33859
35643
40009
33421
36395
32516
36373
35749
38314
36709
37164
38222
35240
35262
33859
40287
36614
32683
43296
34710
38892
34169
35939
37661
36146
36301
37132
40666
32972
42747
34577
36823
35655
37747
41411
37397
37394
40062
33837
35516
36910
39903
34893
35829
33859
39183
33306
40591
37626
37608
34642
37428
41391
38019
36334
33810
37362
36597
43636
36362
33810
39651
32557
37682
35356
32930
35160
37212
34164
37544
33670
36600
36025
39368
34184
35841
35418
33825
37597
33524
32683
40907
37806
35032
34099
40231
37113
40633
42035
32732
33810
35269
35019
34349
34360
35245
37115
34479
42283
40989
32209
32625
33976
37547
33486
35776
36707
34471
37662
37806
34273
33897
33951
39561
37313
34754
39424
34281
41371
35405
40502
33205
39062
33411
34416
32485
39491
37878
31092
38903
36583
39173
34698
37187
38297
36759
34430
33065
33611
37709
36926
36133
36263
34829
34592
34407
37209
38293
41132
35245
36627
38434
37106
32821
34098
33660
32269
35959
38979
35744
34035
34923
34620
36580
42576
35320
35416
35759
33946
32623
36910
34758
34419
33566
32485
37475
35126
35473
38142
37385
37407
33876
38891
33837
34238
38149
44920
39938
34646
38795
37968
33750
37258
33105
41458
35866
33493
38903
37428
37884
34844
35663
40443
34890
37187
37379
42498
32269
34471
36299
39214
36754
34847
38754
39328
35433
31997
35454
33415
40237
33859
34232
32817
32198
39322
36022
35681
35841
37979
35960
36027
36789
40248
36718
32691
36857
39257
32530
32753
37919
36614
40592
35162
40282
33079
36144
33219
35005
33490
35628
36417
38930
34850
35741
39666
35829
36467
33946
36986
36002
36798
38297
32821
34254
34557
35438
37787
34049
35064
38728
40582
36512
32938
36777
36966
35203
32071
37364
34651
33612
40786
38563
36584
34620
33136
36313
37995
34847
36107
35441
40040
36416
36406
33307
34918
33699
36390
35655
32930
37296
38648
36968
37690
37187
33897
36262
33825
43903
37229
35946
35898
32238
42325
34964
37512
32075
38784
33105
38645
35002
39119
35184
34818
34850
37532
35853
37193
37278
36061
36086
34265
40587
31869
36509
39586
34046
39514
38876
39029
33181
39918
44320
41203
37174
32485
36095
32485
37556
34026
34818
34479
32516
34072
36085
34813
40736
41105
34818
35168
32611
39226
38762
44620
35870
36392
35168
34643
35539
35585
36998
37801
33447
37459
38297
34847
37193
34026
34847
34102
36337
33577
35262
36337
39716
35058
35603
35123
35839
45172
35417
39317
40943
37932
39155
37880
35532
33303
34405
43107
37487
39179
40724
38638
34404
37577
32611
41186
43486
32930
35151
37385
36898
35865
34646
34447
38538
34282
41920
38305
34844
38947
37115
33243
39724
38973
38295
34218
35997
33524
35010
36088
35479
37378
37791
32827
36844
37822
36464
37422
37695
35019
36269
32930
31640
36752
33599
40804
38975
35271
33810
34057
35122
39981
38766
34709
34646
33937
46368
35092
34566
35470
33859
34302
35001
35985
38998
38323
41750
33897
34144
37792
38070
38314
39933
32827
33645
40986
36362
35090
36497
37210
36417
37854
36395
34848
38706
34206
34256
32870
34571
35168
34324
38927
40657
33897
32652
31690
35002
36158
34224
34060
36646
34438
34875
34642
34454
33612
33478
36132
39739
33243
37637
32665
38247
33897
39310
34281
37761
38926
37434
36773
33033
38190
36615
36956
34026
34844
34229
39016
41607
35899
37413
39863
35245
35044
33627
39520
37368
37686
33001
37080
40215
35216
34333
39561
34722
39757
37011
37129
36096
42283
36663
37278
32310
37974
42042
44149
33352
43028
36579
36193
37900
37560
35073
36650
34232
38146
34224
36615
35915
32269
34026
37325
40329
40031
39101
37439
36020
36391
34065
34224
35839
36884
34850
34224
38046
34651
34787
36969
43272
34649
34043
32269
36158
39246
32269
38947
35501
34026
36862
37846
34861
35644
35378
36355
34404
33699
36969
35887
40950
37365
34968
34404
37329
35470
34239
41510
35438
36269
35230
39197
32821
36577
33645
36419
38634
40200
33079
34844
37597
37731
39592
34026
35018
34876
40341
35643
38434
35165
40683
37526
37428
42554
35027
39155
41248
35240
37523
34099
37930
40331
37538
43530
34696
34405
37597
34224
35024
36164
33230
32827
32665
42020
36928
32623
36719
35671
36846
35005
37593
38643
34224
36957
35822
32485
34470
34095
36589
35516
35238
34875
37337
35408
34026
34368
34746
32485
34574
35641
41828
38297
36682
36094
32889
37497
34043
38190
34985
37707
36810
38231
32301
39106
33079
37632
36709
34479
33277
39359
34055
36229
40864
33612
36266
33704
35162
41192
36614
35246
38759
36343
40927
34370
42835
36778
38003
34370
42419
35717
33704
34102
40444
34617
41275
37258
34126
40660
34252
35915
36880
34419
35438
35211
33231
36904
39429
32829
38015
40733
34642
35711
37765
34982
33612
36266
39288
34414
40864
36342
36551
41255
37129
35366
38512
34818
41861
39951
36200
34026
34722
36852
36396
32753
39398
32071
34288
33595
37146
37045
35584
36200
43182
36908
41186
35995
34796
38074
37213
35186
41679
36324
34571
41680
39398
35997
33810
33653
33277
33536
32683
39619
36903
32930
41050
35953
36025
34818
34430
36261
35597
39127
32623
36155
34256
36223
40243
35605
42595
36577
36701
35024
37011
37534
37911
32683
39397
35100
38231
38512
36831
33243
35238
38869
39441
37781
40541
33285
35797
37542
32691
35197
35123
33810
36020
41441
34206
32485
38477
37812
32413
33645
40037
38512
35024
39996
34338
33277
38654
32318
34758
33668
38053
44471
34224
39590
38725
37031
34659
35509
39832
32817
32858
38058
36551
37376
33948
31982
35799
44719
37133
36690
39937
38142
38264
36522
38801
39155
37954
41744
39216
36027
38512
40313
33954
39520
33867
35979
34982
41688
34663
42401
40563
34722
34844
43722
34465
34324
36144
40590
37968
34844
34893
37986
38904
36956
33550
39778
35611
37389
32683
37325
39397
41528
39854
38970
33750
34232
38542
34920
34818
34566
37050
34404
34592
37530
38850
39826
36337
36679
36922
37529
32691
35240
40894
37014
38634
32711
36626
33825
37658
39401
34453
37212
32691
37565
38543
38956
34649
36893
35776
33796
36257
37252
43936
33644
40831
36375
37686
38004
39155
37385
40786
34962
36773
38656
34282
35438
34554
38442
38151
34065
36479
38007
36411
33231
36183
32516
36067
37770
34224
33810
33266
32407
39595
39671
39549
35013
36537
37798
35108
35366
40864
39189
33490
37566
37417
40230
32611
35671
33520
34616
33105
40827
36982
39561
34847
35578
36643
35744
36207
36169
33948
39592
40047
36337
41910
33842
37559
40020
37129
32032
34988
36020
34164
35717
33851
36457
40847
34344
34677
33181
34391
35514
36287
36164
32071
36872
32683
40489
40067
34026
34430
36732
39291
32485
36615
42001
35621
36555
37694
32863
33704
41316
36149
38926
35750
40266
37551
39217
36423
35957
36067
36823
38876
38425
38472
39322
35010
35151
32732
37098
40461
35288
35140
34454
43601
34789
34224
35201
36370
36850
36020
32683
33105
33303
33866
35106
34496
33303
35191
36225
35366
38526
35426
42622
33303
34438
36973
33159
32683
37218
34646
38076
42140
39477
36985
36205
37968
36667
34164
34300
37716
38618
34138
39832
33750
36379
34219
37637
39102
41320
36311
41432
40617
34265
40317
34203
36773
39625
32448
36481
33572
37528
34826
34026
39713
36013
35759
37129
33079
32485
33704
35798
35416
44597
34603
37641
34471
39424
37095
41851
38463
35417
39648
35243
32732
38674
39391
38526
33303
36844
38847
37572
36002
45406
35470
32485
34430
37593
41580
33771
37851
35027
35717
35395
35822
46129
40660
34224
36459
41006
36887
36614
38958
38006
42973
34256
36728
35056
41246
38739
34784
37888
37212
39757
36997
37434
39046
37409
36110
36461
33946
36435
40892
32850
34405
37424
34623
38613
37979
35178
41964
34138
38051
40611
32269
35366
38058
36680
34818
33523
36767
42874
36102
37036
33326
31640
33279
36285
40444
36614
33810
36013
37834
34620
35074
38866
36805
34875
34790
31690
35671
39225
32310
33486
38467
36679
38946
37954
31870
38237
39506
36445
35338
34646
42384
34893
35345
41127
36449
34281
39495
35608
33486
38926
37133
36462
35606
38022
31690
41517
37025
34646
36823
34041
40869
34818
36552
37279
36010
34240
33612
33382
32448
37069
34404
39797
39556
32732
32531
37834
37204
38306
32889
38022
34144
41490
44057
33946
39528
34302
39398
39317
34818
32279
38562
37501
39193
34826
37873
39520
36029
33352
33612
34224
38079
39155
33859
36860
38901
34641
36459
37296
34368
34746
36573
34278
35863
34164
37630
34293
35853
35689
38965
40135
38362
40795
39860
41858
40797
36862
37700
35863
32691
34014
43696
34646
37510
42665
37748
34988
39142
39524
32485
37572
36978
33303
36867
41967
37226
33662
34623
35170
37662
37960
33797
36646
36779
35829
33315
40045
39261
36594
36062
33303
37626
40593
36809
34206
33941
34566
34433
34368
36535
31276
34614
39666
36145
35305
32238
39937
31865
34818
34896
37579
39051
40881
36891
38739
36275
43049
35288
35303
32485
36193
32557
35001
34164
34542
33991
36509
42624
36706
33828
39687
34554
37786
36727
37686
33074
33730
41257
37279
39895
37493
38191
37385
34548
35799
41482
39111
34026
38274
37626
33954
41257
33506
34300
38190
33796
35968
44387
35909
37806
34710
37979
39146
38490
33994
35389
34312
34399
35853
38148
41368
34479
38226
37620
32683
43513
35470
37072
35079
35074
34487
37530
36267
39486
36053
33447
33352
35074
39945
34164
43865
37162
35959
32691
33612
35625
33159
34224
37620
33445
35240
36500
38526
32889
36655
36554
37031
42554
34041
43675
36892
37385
32071
38543
36898
34041
39757
37402
39199
39688
36782
39045
34531
42777
44824
33688
34906
36525
36715
38472
39870
34583
37278
35808
36535
35576
34370
34592
33423
36271
37576
32821
36523
45566
42604
36605
34784
33753
36457
37085
33991
36368
39275
33277
36351
37326
33810
36776
33550
37702
39205
36314
37212
33734
36158
37212
42634
36092
41885
35897
38725
38640
35761
39250
34680
33243
37261
36061
40842
39509
31888
36672
37488
35091
32821
34746
34902
35643
36690
36169
32485
33595
37128
36949
34454
39161
33243
37649
32269
42942
38040
37260
34566
39054
35734
38226
35014
36776
39184
37372
33079
36643
36971
36990
34065
35567
37850
34065
33610
37828
33612
32858
41960
34065
37548
38561
36579
35121
38201
32008
42513
32407
32732
32889
38747
32485
42264
36218
39351
38323
39199
41720
33462
35527
34368
37806
37492
34273
38926
35441
34867
40671
37356
36727
37051
37983
35672
35822
33867
37407
39236
35003
33851
37109
32821
33612
34701
35272
38028
34362
32269
38330
36245
36671
33437
34566
35643
36664
35366
33447
37877
34454
34454
34281
33510
37129
34620
33810
39986
34144
33612
32665
34368
31690
36003
41803
32485
34566
35520
34803
35598
35026
35806
38647
35185
34419
35303
37881
36748
38019
37040
32611
35671
39173
36417
36343
37470
35750
34893
40184
41968
33447
35717
34281
34893
33277
35785
40410
35010
33285
38054
40443
34821
35043
37716
36931
37533
36437
35415
35836
35877
34760
35642
38573
33485
34296
39002
37320
35408
33619
34643
42977
36209
35091
32396
37469
35068
43300
42727
36926
38710
33447
33892
35031
39382
37662
38524
33105
33550
35820
35186
34784
39330
38418
38029
35346
33612
39664
36857
37530
34125
34468
33688
33687
42892
37803
40831
34479
38294
35656
35780
34394
37482
38472
33330
34232
34399
35870
36738
37188
32909
37497
35995
40088
37115
37488
33105
34651
32516
38802
36002
39903
34218
35271
33110
43243
36867
34659
36674
33352
34256
37807
41093
40134
34982
35249
34256
34867
40927
40050
35839
37179
34256
32611
34598
34169
35601
34920
33897
37475
35643
36002
33994
33483
39293
39694
36336
42302
37905
35643
34850
34847
39119
32912
35409
33437
37926
34999
35167
36589
35995
38022
39300
33580
37746
36437
36078
34152
33612
36843
34454
33612
36911
37731
40358
33954
34566
40090
37030
34224
39917
36738
36129
33042
35409
38314
38501
36941
33506
39859
37632
33946
34224
40840
32485
31506
34193
35408
34568
37367
32318
34026
36249
32873
36265
32683
34496
41883
35776
38719
35514
34026
35782
41195
35989
32827
34368
32683
34026
38866
37775
38656
35606
35500
40742
33243
32071
39945
34081
36923
38360
33429
40662
34298
34784
32071
35357
33810
32588
35829
32407
33825
32269
36396
39235
34659
33277
37119
34224
34368
36142
35841
33694
34918
37933
41165
32485
37010
37813
32588
36337
41243
34844
32912
38079
39173
32827
37725
35592
36759
36240
42338
37243
32117
33397
33352
37187
39130
38463
34832
35747
36103
32938
32485
39473
40213
34273
36861
37331
36508
36823
33025
34695
33948
35073
32925
34566
35211
35880
31690
39060
36089
37062
36497
35092
37178
35499
37608
35509
32485
40293
40087
39887
35608
37705
36597
41406
36002
40465
35464
38417
35887
37232
36031
35438
34772
32849
37032
34065
35685
38115
34796
35959
33671
40132
33105
42473
35528
39599
37602
39695
33326
34726
36314
34844
42793
43504
42255
33486
40547
34102
32516
32691
35667
40362
31523
36605
35168
39645
35685
32889
34620
35761
32665
34505
35433
36664
32683
33105
33369
35576
38914
35581
35899
39733
31870
34224
34167
32075
34784
34002
35822
33015
34344
33897
47165
36679
36516
36069
36215
37476
32691
37015
38562
33447
37914
41014
37781
32863
33277
35321
34568
36338
35337
32623
39391
33246
40380
36908
36095
34818
34232
38226
40076
41712
36647
37688
33550
33303
38703
32071
35160
39837
36069
33490
37134
33486
34547
35781
41093
34250
39028
37758
40784
38314
32683
37523
37296
38854
39648
36254
39322
37619
32930
40179
36191
32456
37880
36985
37974
35809
35288
36362
36099
32683
36643
32835
41262
35858
37956
33437
36149
32827
39389
36886
42319
41211
36096
35821
34566
46269
36674
32611
35995
35622
35002
33771
33382
36183
34100
34872
34542
34566
35473
35502
31276
41991
36823
36971
36437
33892
37456
37450
41028
34288
43261
35717
39977
34454
35455
36311
32269
33277
33303
40345
33231
41379
35501
38502
32490
36857
36706
34772
38605
37541
37979
38873
34430
40611
40718
36067
34844
36085
40611
32269
33699
36265
37565
33421
42762
32284
37167
37933
34368
38958
33724
33684
40453
41828
34026
41458
38058
37670
38191
38044
34622
37513
35809
44902
39056
33612
34461
34894
35920
35541
39045
34850
40885
40394
41655
34813
35440
34065
39243
33532
36517
35643
34453
35167
33810
38537
32269
38414
35473
38512
35366
36096
38050
31690
39465
35456
33136
39520
32691
34568
44310
37968
40659
32284
37905
34598
37852
34454
39729
34641
36260
41164
34300
33079
45506
41838
32284
38866
36799
34566
36951
39172
42554
32557
34642
36461
38868
36263
35168
38873
38548
33217
35027
34031
42212
37049
39564
35053
37848
39391
36559
33612
40203
38268
41214
38054
38926
34566
34430
35516
35938
36380
38725
35010
37979
36312
35366
35500
34288
39347
45372
35756
40761
38153
35238
39561
34411
32863
34232
40875
40860
39842
39320
38937
35535
35091
37493
34867
35303
34696
34479
35979
38369
38297
36844
36393
37518
39598
36028
36123
34706
36689
36183
38187
36801
39231
35657
42609
41088
32817
31828
36709
35383
41676
36178
43196
33704
33897
40655
38773
34646
36589
34041
35513
38802
33730
36416
33851
33231
36615
38427
38314
35789
39908
33369
36646
37968
36114
38278
37702
34598
32485
38862
37550
32648
36748
36839
40350
41451
38719
38794
33397
41058
36568
42479
34206
34454
36302
36235
34988
37158
38006
38884
37456
33842
36974
34568
40115
34893
33105
39017
39064
37977
38746
37781
38937
35068
36803
42410
38647
34419
34574
34170
35597
36337
36952
34298
33027
46102
32623
34430
40660
33621
34954
35467
39000
36094
38243
35076
34224
34775
33015
36476
40650
35658
35378
43219
37237
37589
42579
37042
39298
35091
38027
36447
33825
35269
35530
36267
39609
41356
36020
36486
36414
36195
41831
39585
37329
36402
34430
35809
32683
41171
40384
39335
39677
37211
36799
37787
34001
39020
33972
37968
35668
38696
39677
36804
36811
35829
35209
37459
32863
35946
34784
34545
37810
36609
34847
34224
35514
32683
37998
35957
35407
37547
37744
33524
37532
36044
38694
33280
46092
33007
35545
39838
33796
33810
36936
35824
38719
36009
32269
35834
41501
37711
35948
34988
38076
34795
34239
40187
33303
37456
38028
34821
34144
33277
36362
38452
37764
34232
34471
41443
32889
33810
37505
33577
37439
35473
33662
36854
37014
35207
40313
41666
35898
34349
43123
33645
35027
39263
32269
43748
39549
35660
36158
32863
33231
34419
34041
35957
41330
34430
38565
33001
33619
32683
37152
36982
36238
35170
33027
32071
33645
34920
40712
34574
33662
34922
35091
39101
46319
43814
39473
38793
33699
36748
33072
38280
38838
46092
34300
36948
34547
41252
35119
32485
37565
43118
34985
33645
41597
38295
32310
36242
33033
33076
38013
39664
33105
34256
34126
34102
34324
36701
35278
41558
40163
36134
37456
37031
35760
33325
31241
37108
36427
35207
33810
37594
33079
40939
34254
34152
34232
35027
37011
41815
33942
36461
40040
38323
33478
34026
37193
40063
35685
37554
37074
38405
40035
40588
32623
34224
35841
38369
34617
34471
37238
32938
32983
35073
36057
33753
35591
34794
36200
33810
34772
33645
33946
34095
35965
35909
34065
35995
33941
38942
35563
34362
37879
35167
36358
42248
34419
35470
31276
36107
38301
34349
35708
33243
38692
36085
37090
33867
38739
39268
36133
32938
38934
35611
38126
33352
33027
36170
34002
33136
34445
37291
34623
34193
37042
33767
35553
34462
36956
34758
33490
34224
36529
39092
34370
36686
36643
39679
34826
33660
33285
33549
34618
40409
35858
33549
32889
33382
39366
39011
42182
33136
33801
36672
36359
36971
34224
35546
35438
36752
33612
34646
38640
39549
34846
33001
37881
35149
38670
36337
41917
36847
36052
40059
33704
35606
36200
32611
40494
35217
35611
35643
37756
41951
40242
38387
34844
41563
41293
39600
33243
36898
39082
33897
35027
39750
35948
40662
32741
35711
37952
34299
36133
38220
32889
34224
34588
40727
33699
41639
40499
35335
34566
37703
34969
40060
34678
35644
35269
37328
34615
34826
37303
34918
33550
32100
37684
36416
34818
32310
41260
38022
37237
34081
35492
34826
36928
34148
38507
35596
35186
36383
36402
39756
34894
38158
33303
37011
41679
38445
35366
39045
38426
39628
35230
37164
36229
34620
36719
35260
36555
33897
35438
35625
40499
32870
35438
43577
35780
37302
37795
34240
38288
36682
36223
36484
38675
37764
37381
36009
34906
37352
38449
34281
38853
37233
34860
36257
37873
34436
43325
36861
35711
34483
34756
41747
34646
39560
32188
37546
32889
40394
34568
33074
32269
40108
35957
42498
36706
38670
37986
35647
39146
37885
34646
33771
35148
34566
34821
34102
33851
37055
41538
42750
38547
34445
41598
36139
35737
39441
32626
36384
35626
33486
39398
34391
37728
36067
34026
42441
33897
34479
38740
35685
36164
36223
37963
38979
34349
39575
37665
32284
33352
35378
35780
35596
37865
37163
33027
43439
33105
33079
35475
38401
35259
37005
34167
39376
42956
44271
35822
36754
34348
35027
41517
33079
32827
42099
33733
38292
32485
41813
35160
36002
35797
36069
33397
37356
33750
38853
37106
39607
38306
34646
40531
38506
36260
39900
33897
37805
38751
39793
33694
34235
35513
34640
34259
37632
34201
36968
37421
35841
38701
37212
35861
33550
34209
41891
36542
34768
37697
32103
32071
39410
33892
34219
39389
33105
40203
38473
34336
35655
33446
36592
39540
33612
34102
36568
35780
33824
44916
33352
35185
34056
34649
35321
33948
36709
39837
34844
36162
34203
39255
32930
37014
32516
33303
33810
37806
35717
37632
34764
43326
39693
38150
42150
43276
40498
35024
34098
38767
36052
33670
34273
41498
35438
38988
37383
32143
34662
38314
40139
34281
33415
32269
34471
40909
32054
42591
36667
33699
33231
36685
33231
34818
35978
36136
34732
33303
36707
39606
34844
32485
41424
36422
36706
37212
40674
34098
33079
46571
35599
33001
34646
37656
35467
38323
34646
36871
34694
34224
36086
36843
34566
33815
34649
36332
38482
32732
33750
35872
37456
40648
34353
32904
37781
37438
35192
35845
34760
40885
42054
41407
32485
32269
40479
35995
34370
37971
33699
33972
34256
40244
34362
41237
35663
35003
39251
34486
40929
33441
34969
34847
38802
36517
38358
34479
36843
33068
36190
36777
38728
37932
37883
40697
38835
35473
34362
37091
37548
41284
41458
35849
35101
42238
36229
36396
31887
34212
39393
33612
34568
34224
39064
42250
37428
34470
34206
34529
36332
34850
38299
32071
34224
37840
35776
35408
33303
38841
34867
42085
39705
37428
38894
33704
41362
46875
35024
35887
33658
34659
42170
35795
38201
37608
34065
36584
37782
36242
34962
39284
38926
37000
33136
36115
35855
33490
35024
37856
35516
39205
36752
34074
47167
37405
38076
43573
38493
32071
34206
40011
35467
38523
40588
35655
40804
37728
36604
37527
34368
36896
35983
34874
35005
35856
36954
36085
35217
39057
34577
36758
38776
37404
35582
35424
35797
31856
38434
36506
34026
32827
37021
36388
38125
33927
37456
35606
34479
35940
37632
37385
32683
36265
34433
35826
35271
35782
37986
32732
43297
40858
36589
42877
42267
33105
36260
38147
33662
36619
37608
40879
34574
32025
34219
34102
36607
35880
33810
35897
43622
34206
36764
32889
36295
34026
39858
34821
38295
34844
34026
32817
34496
35958
36225
33105
37551
37608
37204
38439
35168
38321
33851
37283
34256
39471
35200
36207
35529
40549
38318
34568
38734
37332
36235
36343
34065
43192
34542
38226
41365
34026
35231
34773
37356
39059
37422
35606
32821
37312
34913
34893
32485
38499
38323
36158
37533
35218
36265
36800
39373
34775
35269
38616
33827
35839
38926
37258
35829
35091
35887
43577
36892
36821
43949
32269
39038
35915
33688
36643
40444
34781
37340
39815
35240
37894
35865
34701
35208
38926
32938
33825
34365
37212
32683
33825
34743
35366
33797
32827
36324
34813
42216
37458
35974
35002
37365
32691
31690
35693
41546
41090
36069
40500
39054
41365
40181
34758
38732
33303
36509
32863
35714
37428
34821
34850
34002
39393
37559
36749
35065
34224
39445
34430
35764
33483
31896
37932
40130
42040
39815
32930
34418
36102
34614
38393
37361
44615
36207
37648
38732
37083
35652
34164
37314
38231
36891
33151
34566
36416
36417
38105
34659
35191
32413
33645
36275
37732
34430
37053
34701
31856
36733
40685
40426
37505
38708
35086
36044
35366
37935
34370
35877
38406
34200
36217
38499
35369
33645
32516
38937
39130
39720
34838
35905
35543
39377
38037
32669
34677
35579
34041
37481
35074
39233
33443
37598
34445
37848
35606
35438
38555
37171
34232
35487
35407
33415
38773
32821
35797
34787
36614
39793
33303
37856
38674
39231
34471
36085
36105
36124
34164
36388
36463
33922
33483
40172
33205
36013
35106
33859
38051
34232
39142
36535
39241
34876
34858
35102
37229
37709
32485
31580
36155
33796
37880
38753
35582
37573
34281
41888
39250
35258
35272
38005
32863
37381
36802
38945
36941
33694
38804
37057
34796
35416
35032
43497
32516
38404
32485
41963
36998
37946
34360
33079
34956
38731
37055
38314
33277
33303
33231
38540
38529
43555
35010
37838
41321
34041
36200
33105
39645
34170
37238
39421
35814
37470
32284
34035
33447
33997
35024
36653
40491
36435
38643
37342
32732
39697
33423
34404
37791
39648
36176
37788
32557
35813
41407
37716
37209
35865
35822
44588
33810
33523
40979
36523
35235
33243
35295
38029
32485
32485
43989
33972
34566
35024
34479
33666
38231
33277
36861
36077
36085
37356
34503
38719
35797
34454
40850
41141
34430
37979
34414
35160
39478
33303
39460
32683
36613
37435
38578
38054
35032
33243
35952
36430
39840
35486
36020
36487
39549
36089
33612
34893
35203
35165
38104
34893
38152
36738
40483
43578
33303
36817
33972
37907
33303
32071
39106
34224
35717
34471
33231
39362
33733
33535
41859
33946
32732
39859
36267
35168
36054
35027
38647
40497
36229
36159
35822
36954
37371
36139
32821
39231
39337
35979
33619
35271
35993
34444
32071
36300
34620
38920
38413
34844
39100
38498
43753
37258
41365
39520
37772
37083
33277
37753
34224
34683
38816
36804
40634
34224
34528
33357
35058
34675
41416
34102
37791
35717
34224
36584
36200
34646
38278
34821
37446
34615
37024
32071
39051
37654
44240
38395
40357
40680
37040
36374
35160
37258
32071
40808
34479
35478
35229
33001
35077
36784
39243
38873
35880
36757
33842
39350
38164
38295
38853
36764
33810
35931
37240
43652
31640
34839
32318
38853
37955
35073
32485
34646
37593
34368
35344
33277
34486
43152
38484
36324
39095
37985
35797
33532
35658
34368
37032
35986
36936
38723
41458
34445
39702
38393
40308
33810
37792
37746
34416
34981
35717
37787
37051
43178
37451
35501
38116
39592
36843
38044
34872
36325
38623
36492
34542
37218
38410
35091
37163
41236
32485
33254
31870
39712
37495
44040
37404
34855
32485
32232
39357
35790
35036
36273
33810
37423
41150
39986
37269
40165
34479
35810
37793
39716
37042
36977
32665
38686
38752
42140
34995
36296
36328
41090
40155
32071
33105
32310
41184
35177
40345
40121
36028
38080
37494
32921
32912
37519
38299
36755
33074
36411
36715
38358
38926
34646
33486
37701
34072
34815
33972
35711
43182
35090
33025
35582
36589
33285
35900
35217
39889
35417
36584
36449
41472
33825
37000
33550
34430
33303
37385
34523
38217
33217
35923
37947
39322
32396
34620
32732
37764
36020
34646
35286
35668
39045
38143
35024
39106
38296
36801
34206
40721
38843
33549
38597
40725
33429
37426
42232
39671
39887
36144
32485
35964
41025
33803
38388
39246
32071
39875
37770
37161
33277
35456
36607
37367
39596
36749
39367
38948
34548
37978
36689
36463
35218
36459
35473
35073
35064
39221
38395
32683
32821
38667
40944
35111
33277
35890
34256
33848
39653
39096
38058
34956
40987
35509
38890
36237
31896
33105
37530
40499
36027
39317
32665
36627
36882
36144
39425
34368
37979
40713
40589
34288
39073
32485
32665
37831
38028
34850
38957
40309
34349
33708
36437
35240
35513
36674
37421
32456
34224
41456
38382
34566
36627
38694
40050
38745
37944
33549
37872
32269
37105
37895
38354
35300
33612
36200
38764
35073
31690
42032
35737
36438
35909
40537
34454
35438
38937
34603
34620
42331
37061
35668
33739
34842
38899
36394
38481
35395
35091
41050
37529
32889
33159
33437
38184
36027
35887
32557
34722
34649
34026
32660
35580
41262
34026
40903
38751
37213
35576
36607
37961
34300
32665
37626
40336
32269
36223
34232
35378
34100
40415
35381
33619
35240
38280
33804
40067
35047
34454
32032
34005
35655
33897
39219
34722
34026
34224
36523
36416
32912
37394
42579
40323
40935
37770
38060
35861
35796
33848
34722
36757
37774
36263
43055
33352
33645
38530
35748
38257
42606
35995
37464
31689
34876
35788
34646
34102
38125
38022
33851
37535
37554
39786
33382
35383
35684
35956
35983
34617
34240
34232
36405
34026
39523
38992
40355
38020
40338
42597
32413
39947
38539
36820
35337
37505
33612
34588
34102
34404
35679
33946
35896
34988
35316
34430
37770
35606
35186
33739
37437
35473
37124
34148
33867
38045
33524
36037
36777
37278
37255
31896
32413
35186
37787
40770
33506
35473
35304
37979
31888
33550
43025
34772
37306
37055
36844
32904
35960
36255
39644
38600
38269
32485
38015
34391
35685
38236
36439
37149
42546
36971
34818
39945
32310
35096
33447
37324
36050
36118
37198
33627
39473
34826
36896
35337
38926
36257
39986
38328
35542
42026
35532
38310
37178
37178
39558
41429
33621
34818
33699
32143
36568
33934
42398
36814
34982
35240
34893
33110
34026
37312
40238
41687
33461
35192
37320
34238
41286
40039
33825
38159
43897
34281
35815
35997
33287
35641
34988
36121
36085
36915
32938
34646
32938
35487
36923
33627
37045
34404
41169
39431
36421
35974
32485
38243
37145
35245
35887
33750
33462
35791
40982
37356
39373
39018
32284
34920
34588
33105
37207
35817
41841
40085
34471
36704
36020
38449
37634
34988
38728
39284
38887
41551
37746
34528
34114
39960
35438
34844
33954
34889
34870
40362
35303
35948
44355
34560
37846
46018
34236
32485
33303
42105
32485
39119
32889
39520
36110
40460
39231
38958
38350
36803
39119
34583
33580
35995
35316
34999
36311
36715
33159
32665
39749
34826
37958
33704
35985
36614
36438
31869
39706
37523
34324
41077
37335
33810
39495
33181
38009
34893
38779
41013
41411
36486
36887
34614
32683
38875
36784
32269
43537
38769
36452
35171
40885
36027
37376
33550
37529
33025
35390
33441
41448
34471
37053
33025
40115
36457
34368
41295
35841
35915
34256
34362
34404
40901
38401
38725
35074
37446
35821
33506
39591
35965
34415
37405
36001
36754
35720
42069
38318
34026
40729
31865
35636
36633
36311
35320
36614
36437
33217
41141
38022
33452
36095
42240
35378
34920
34296
36256
33105
32683
31439
35229
41135
33851
34893
37936
34922
39398
33859
34235
34373
36759
40297
34728
33785
37439
35366
36594
34620
31640
36205
34528
37084
37608
32623
35366
37884
39322
36182
34471
34962
38728
38846
39664
31937
36187
32611
33079
35415
37458
36481
39767
36785
37211
41528
36461
36052
33397
41875
34722
34232
35386
36302
33053
39739
35235
34273
35407
32094
35024
33675
36592
37421
41575
34623
38180
37427
38028
33429
32032
45666
38557
37459
34026
34370
33506
33954
36852
34114
35513
36779
35788
38728
35592
35013
45181
32938
34347
36982
36250
37576
37198
34224
34696
33231
38920
36002
31276
34908
34235
42248
37258
33303
35717
35822
33105
37484
36667
41611
33105
33959
36047
43518
33105
38211
42382
35091
32732
36332
38583
40263
35408
34982
39039
32829
37229
34620
32485
33612
36145
32665
37677
36931
34445
42755
35933
37084
37120
36250
35822
41542
37350
40425
35839
35761
32683
37572
39837
36385
37626
36998
33532
39172
34065
37926
34041
37031
37334
34477
35027
44144
34074
36385
38322
42111
32071
33739
33277
33025
40249
34887
34224
34821
34875
34574
37699
35334
39432
37954
38521
36646
34300
34189
34548
36288
37735
33524
34870
35438
36707
39375
33627
33483
35985
34265
32683
34615
35915
36629
37730
36359
38427
40095
38570
32665
33645
38038
41251
36823
35995
35905
34436
36256
36985
37450
37312
34646
39306
31690
35001
39108
37986
35208
34430
33072
34592
34918
35288
38069
33874
40299
37058
33506
36364
33429
35563
36867
33441
37313
34264
38220
33753
34065
35855
35490
36589
37929
33621
37152
34336
34988
37593
34985
35623
38979
41189
37340
32071
36020
32676
40119
34887
34920
39569
35897
38425
38187
32683
37091
35747
38538
35024
32413
41286
34189
41418
35643
34860
36324
41812
38512
33824
35799
32732
37658
33319
32877
34065
37385
33550
32817
34996
33033
43321
34547
32269
34548
34430
34993
33437
35168
37519
32938
36912
35546
33946
38291
35262
38364
37932
39611
33352
34224
38926
34893
37209
39986
40807
35685
37878
37957
31896
34368
36997
34407
36551
39330
36966
33954
38410
37082
33822
36396
37305
34193
36240
40700
34172
41893
42078
34273
38515
33483
38452
35851
35186
37529
33854
34300
35715
33352
40725
37028
40444
36036
34964
39740
33025
34471
35015
33519
37645
34224
35407
34296
35606
35960
38512
35121
40139
36362
35168
39997
38647
40384
39599
34920
38895
35043
39141
36129
33277
40565
36723
33704
33688
34206
32930
34988
36540
33272
39515
37554
31523
36730
33848
31690
36798
35407
35910
36174
32955
34962
34468
33025
40543
34218
35122
36615
33619
33519
34623
34988
35810
36585
35672
34314
34844
45381
34002
34646
34531
42311
34606
38063
37014
33231
35160
38069
40309
34566
37008
34026
33072
40317
39123
32611
35378
36417
41851
39767
35514
32691
37014
31870
38829
36250
33025
37740
37565
36342
36023
36820
40035
34566
37964
35179
37031
34043
35171
37057
36388
38953
39520
34554
38655
34568
34794
33810
38305
33079
34479
35140
33619
36452
35741
36466
44169
32889
36823
32071
36234
35043
32889
39574
32930
33205
40639
36324
34894
31496
36857
37751
33272
35456
41211
37529
34249
32683
40992
36085
35686
33750
35433
34844
35501
36332
33478
34281
34591
35672
31856
36189
34442
32665
34232
34982
35582
34675
35832
42903
33079
32485
38319
34333
32485
42172
34170
36417
35887
34646
38739
38220
35940
39328
40725
36603
36403
39126
33105
32683
40606
40314
41763
36728
38945
33452
33352
36399
34232
36158
34102
35959
33810
35235
35516
34614
37033
37593
32516
37278
38624
41414
41478
35623
32485
34644
39720
37705
35171
39337
33079
36186
33243
33064
34845
38280
35865
35986
37350
43191
36715
34353
42619
35856
35899
34649
34139
35300
32310
38725
40896
33897
37305
35822
35091
41875
35436
33441
39815
41684
33796
43873
34026
33001
35974
36843
46798
43267
34324
36957
40894
35964
34362
34574
34114
35915
35688
37608
40342
33859
35643
35762
36584
35716
36020
32036
32269
37801
35689
35652
37919
37736
38853
32269
36682
35905
42016
34988
34646
37601
32732
36751
32413
35822
37593
35681
32683
40704
33483
39892
43982
41481
37488
41047
39333
37626
38495
33074
31870
36709
33262
38131
34195
35487
39241
41917
37356
33791
34844
38797
40922
39298
40475
40158
40633
38452
35641
33867
34678
35612
42158
35822
35652
41931
36010
32071
32485
39087
33303
33595
33280
35421
35186
35047
32683
36377
34918
36740
33684
41968
38854
34722
36027
33612
34368
34925
37041
36075
39624
35229
34144
33105
39850
37686
39412
35962
31690
34955
39668
33611
41026
37185
38926
33825
38752
40810
37657
38771
33573
39720
39281
34496
38060
36190
39636
34224
34273
38557
37770
32284
37385
34841
42814
34649
32683
39887
35760
37001
32683
39036
41003
40299
43185
32485
34368
39783
33464
37700
32269
43047
32732
32665
31896
34649
40151
37597
39925
42679
36638
33645
35948
36964
35374
33810
34623
37006
38476
34370
35841
36915
37628
33303
36299
37212
39985
33718
41209
34092
34368
37187
39106
35797
33965
32889
36787
36207
39022
34273
34708
34430
34110
33079
37563
35957
34046
32485
36784
34649
40269
32318
40543
33486
34430
38750
35181
38950
36299
34542
34574
35776
34623
35473
37798
32832
33277
35417
33851
36263
32930
39610
37325
37164
33550
36216
35501
33753
39391
39793
38804
38369
37136
34232
34454
37227
35887
36308
34353
36067
36325
34486
33645
38295
39661
44475
35389
32269
46555
36411
43619
39186
36614
34993
32284
34219
38249
39603
38949
39497
38104
33025
34164
33626
34772
36234
37481
33946
36438
40449
36282
39473
48647
39695
38249
34893
37417
36594
35537
38523
35168
38588
36384
42966
36305
32683
33946
34577
37466
37238
32827
37979
35717
32576
36481
36164
34846
35833
43005
35396
33645
36020
32691
38521
36379
39246
37603
35473
33025
39793
36679
37911
40847
35279
32665
41277
37662
36229
37260
34784
35780
36787
40955
36731
33954
34708
34566
36787
37566
36614
34399
39294
34362
34224
39918
34920
31896
42382
32938
42548
38972
35931
32485
42203
32870
33897
35513
33550
36383
39889
36629
36696
39895
36025
34314
36249
40103
34545
33277
34454
33825
35834
36635
33897
37039
40173
34797
38380
33285
35283
35679
33285
39252
41066
33645
35245
35160
35527
36828
39833
34844
35060
41082
40391
37187
36020
38795
38455
44247
33612
35535
43141
36953
35855
34035
34344
38950
42140
40094
43844
39252
32889
35877
34860
38941
38795
41682
37305
36979
34126
37437
36169
37565
35829
35121
35822
33033
33303
37187
36669
35490
34795
31994
36631
38678
37376
33737
34041
34281
35232
33619
34580
37973
36265
33105
40197
35441
32407
35671
34430
33303
32691
35606
36535
41776
35073
38926
39959
35390
35797
40317
35011
39381
34026
42585
36134
39095
36112
37434
34035
37961
35839
33352
36980
39585
34288
36027
32889
34754
36263
49248
37011
36589
33074
36865
41323
32485
34026
36492
32683
34622
35433
36094
35995
36701
35714
33352
35717
34167
39051
38844
39567
36997
32732
31689
39886
36579
38062
38738
34454
37781
37697
39096
34224
39497
38076
40016
35963
34486
35271
32889
31937
37572
37336
37648
34646
34098
33867
33704
34752
33946
34818
38740
33231
35236
34694
38755
35492
33980
34065
35611
36758
34784
38512
37246
36724
34646
38821
34031
32817
34057
39467
34065
39895
35415
37195
35235
34479
36391
37675
36967
33025
34920
35510
39513
35784
39895
36088
39441
34617
36784
36679
32269
35440
33079
39037
35015
36804
33612
36402
39805
40580
39322
35829
36828
39172
38369
39671
36155
32413
35697
40252
37153
37519
37690
33619
32691
34264
35717
35091
37739
35865
35951
35366
36144
33217
36710
37488
34430
43116
33550
38949
33483
34920
35535
36305
37115
31888
34844
35407
36409
35598
34232
36079
33600
35074
39629
31276
38775
38502
36948
33925
34026
36417
36267
36072
35576
38532
35245
36391
34613
38932
33478
34456
35047
34566
33595
33810
39561
41597
39664
35823
36053
37878
38653
40111
35073
35306
36862
38910
36459
39695
39991
32889
39382
37634
44098
37027
39552
35378
40934
35689
34646
37727
32665
38323
38636
36719
34479
35581
38728
34370
31994
37884
36529
35582
42028
35887
36020
43802
34084
37792
32665
36403
34368
40119
36738
32485
35891
35389
36084
37423
37434
37979
36710
38314
36278
36420
34701
38476
34164
36509
34224
34863
37626
33867
39941
36107
35489
34841
35776
35027
34370
32310
41107
43119
37880
36647
34507
33619
34894
36667
36396
39937
35272
36555
41822
40923
35093
35088
42404
38104
33447
33619
34479
33619
36053
37211
32485
39837
35390
38568
36810
34816
34368
33550
39427
33842
34962
32413
35209
39320
34235
37574
34390
32071
36956
34368
38785
33699
37409
33694
36957
40726
38036
35914
35606
34796
32071
39531
36020
34922
35861
33699
36615
38743
34453
40135
35501
41407
36635
32732
34057
34844
38333
36253
35309
32485
34758
38318
40423
38892
36095
32310
43518
37006
34328
35643
33483
36335
35688
36337
34867
35655
37935
35874
34890
42492
43781
34677
34224
34971
36129
41874
35962
35389
37628
32413
39714
38322
36844
34634
38125
32310
37589
34646
35341
36650
36997
37781
33202
36337
36733
38033
36253
33490
34860
33837
37456
37996
34844
36784
42210
34596
32485
38760
38231
33074
34958
39664
32422
40336
34471
43271
36214
36720
33025
36803
34623
37455
36025
40470
35047
33506
36263
36037
34542
35894
37806
39425
37630
38753
36971
34416
37409
33645
39754
38124
33105
36085
34390
34982
43833
35240
35062
36971
38920
33991
34982
39725
35438
35122
43367
33946
36290
34813
38184
35346
34232
35265
35932
34701
33645
34574
35655
33797
35073
39569
36395
35122
39387
42868
38173
42230
36245
34256
37332
41090
41504
33025
34169
35839
36245
36862
32485
35815
38188
38256
36784
35510
36337
36220
36237
39713
33063
39589
37350
32269
35668
34368
33110
37082
36200
37914
35863
37438
37156
34026
34152
46984
38793
37707
35985
32071
35931
43134
44248
37547
39144
35186
40028
36509
37011
42158
34920
36067
36926
35561
36241
35413
36434
37402
36263
34646
41164
32648
36162
38302
32889
32930
36313
36520
36773
43968
36190
36863
38084
37434
38212
39424
38187
34772
34691
36359
34888
36481
33595
42295
36787
33619
36706
36290
32485
33946
40841
38778
35073
34456
34461
43035
36535
35048
36594
32310
35791
40245
39235
33506
33105
35162
37372
36615
33105
33842
37392
38892
39002
34224
41038
32889
34795
34873
35582
37106
31276
35074
40650
39205
42401
33804
35302
35841
37212
34445
35923
38238
33810
39241
38877
37976
37819
35581
36607
36461
32623
41166
39713
33285
32732
34430
39926
38825
34988
40685
38003
38377
34620
34867
33272
35887
36209
39044
37826
40755
31896
33612
34479
34170
36230
35487
37254
39901
36892
32904
32071
33694
33079
39393
37187
33254
32538
36701
33991
35038
32378
40592
34692
38937
38623
34113
37353
39595
42563
33627
35662
31690
35788
37690
37518
34803
33750
32310
34797
33867
39202
35288
32683
34126
39490
35697
32407
33246
40260
33079
31690
41048
36420
41021
32889
39595
41411
33854
38674
40662
35422
36980
33486
33837
35065
35269
40036
41458
35362
39269
45506
37259
33177
37011
34430
34531
36461
34829
39876
38558
39940
35345
39305
40204
32821
35449
33303
34553
35701
32863
33230
34344
37376
35887
39243
36813
35815
36382
39150
32904
38401
38703
42603
34224
42210
33612
34102
34875
37028
38051
35438
34956
34370
44458
39622
38658
36005
36237
32485
42433
36020
36967
32683
34962
32683
40637
33469
34811
35898
33771
37175
35835
37578
35572
42206
36558
34844
36773
34026
35576
36481
36605
35038
33694
40179
31690
39552
34620
38406
33688
40196
36957
32683
35185
36183
39653
33386
32485
35874
36020
36493
30647
35776
33243
32691
35337
38578
34617
42724
37636
36609
37705
33469
34126
41784
35186
43752
34547
36144
34726
34918
48580
38058
31896
44650
35887
40333
38571
32863
37869
32912
35024
40775
40563
34568
36856
34300
45311
35750
36163
34818
35148
37256
35395
38903
36263
33277
36337
38810
35209
40633
34370
34865
36880
34170
34718
35240
36784
37565
40841
36112
35235
40468
33699
34876
40760
34496
36931
32034
37363
38224
32821
34098
32912
33411
36910
34232
33867
34877
33859
38443
37199
39511
36036
36887
35230
44224
35667
34920
39465
36971
36955
37540
36754
34098
38306
38498
40236
44475
34486
34758
39891
38925
37632
38314
36873
34209
37506
32485
32904
36207
35797
34876
39644
35888
36362
38947
35748
32691
31896
31276
35260
38252
34826
36263
39693
36314
37518
37294
34264
32732
39353
39900
35438
36898
35948
35806
38958
36370
46149
36497
40592
35262
35598
39643
35036
35513
38038
34962
37928
32863
39000
37787
36337
33280
34943
32955
35686
38645
33897
37504
34696
38368
33857
38573
34890
32485
37404
34568
35750
39621
37745
32732
34232
33441
35005
33506
38975
38829
36069
34167
33965
32269
35408
33612
34218
47231
33421
33303
37198
35438
39033
34683
34232
38174
34646
38467
37781
43397
36362
34844
41877
41357
42450
33303
34044
36040
32485
33897
33352
38396
36488
36708
38749
34281
34324
41930
42650
33001
35890
34821
34726
38600
35630
39322
37302
35809
39359
38670
37334
35024
38802
38472
35470
33411
35815
33447
39002
41452
39649
35139
39127
34152
37011
38886
34418
36937
39434
34232
37998
35887
35528
32485
39889
35750
36591
32269
33699
37443
36204
36519
37673
42158
36813
36144
38022
35091
37227
35374
36956
38433
38022
34964
39051
37821
40498
34057
32904
36981
35438
33369
36314
38399
35923
36411
36052
43731
34706
35032
34035
40616
37332
36005
34692
39119
39051
38711
33483
35685
38092
34872
34080
37884
35073
35408
40343
36812
38846
37986
35024
41166
37602
32889
34790
33303
35338
37812
34421
35797
37975
41098
35837
32691
31690
37129
38561
32891
34801
34454
38005
33033
35408
36664
35780
36644
41885
34583
36437
33025
41931
38433
35209
31856
35036
31640
32284
36839
42234
34002
35685
33866
33303
35366
33285
34894
35010
35050
35415
41965
35440
36771
42078
36931
34548
37356
33859
33352
36529
35887
33277
35741
43545
36718
36403
34876
38022
38334
35032
33627
35500
34026
37011
42340
35240
35470
33645
34982
33867
39837
33493
34826
38076
33524
39343
37510
35346
37608
34818
35159
35960
35935
34892
35658
36492
35822
38896
40338
34600
33272
34796
39021
35831
33972
38079
37822
35374
33285
41699
40598
34273
34394
34236
39369
35031
43524
38693
35652
37637
36616
33963
49928
34278
34591
35613
39197
38413
36178
35216
37258
35010
37505
35457
34596
39252
35202
35076
41265
39732
41671
35514
32683
34273
33352
32068
34920
33892
36288
35019
32269
32623
39173
36517
36939
38351
32889
35010
34074
34368
32683
37642
41132
34224
40222
41481
32623
39984
39243
32623
36773
36633
35470
38678
39750
35543
36132
35597
34368
39563
40237
36332
35032
34654
38894
33277
36609
33629
37123
32623
35074
39527
35887
33231
37632
34370
39055
39473
34848
37509
36589
34659
38977
36344
33303
36535
36858
38873
37597
40116
40318
32732
32665
44067
32683
39720
38791
40093
33972
34666
35091
35791
41438
37115
37504
38396
33550
33478
41242
33025
43042
43737
33303
35294
36393
36311
34818
40844
35765
34224
36643
35673
42375
38975
38191
37050
33809
33644
32516
37001
35487
33277
34404
42240
40929
32711
34235
43902
39678
36263
31997
33277
39443
38501
32198
33820
39847
40964
33645
38656
41528
38967
38728
37212
34758
35433
35473
35550
36237
32269
35269
37554
37996
36844
32873
42958
35667
34074
35958
37787
33303
38350
34419
34144
36857
37654
40103
36982
36175
34298
38366
32863
34646
38942
37608
33319
37259
36250
36758
34164
34893
32912
33699
35841
34405
33897
34430
35737
33776
33447
36229
41153
36181
43325
38123
38017
34861
34219
34430
34818
34074
34026
36724
32209
33797
36267
41960
39108
38467
38945
37746
33447
34224
36754
33619
36887
33668
40203
36020
34314
34471
35032
39075
38050
34599
37637
36782
35417
35643
34821
33897
35024
35957
39658
33423
32485
37021
38406
35408
36603
37581
36250
37845
40483
40666
33478
33027
35433
34152
35961
36919
33892
43148
33859
35592
35229
34152
39477
37350
33550
36656
41200
34074
36190
35832
35606
34787
37096
34844
36204
37866
35167
33946
39947
40698
35797
33447
38414
36391
33757
35168
34685
37042
35203
39095
35567
39306
39568
39447
39279
40042
35643
37529
37224
34347
39425
39929
34696
40746
38908
34620
36845
35923
35638
42026
34479
39515
36727
35073
39843
36411
36493
34704
35065
36115
36798
39649
35148
34893
33699
39435
34993
34210
32821
35574
33478
36770
34659
34535
33972
39937
35074
33550
33991
38577
36614
33771
35417
35809
35438
35074
38702
37025
35625
35776
34542
42266
38236
39648
32071
32283
35671
32485
38835
37716
40901
37727
35449
34646
38697
37632
33277
36139
34394
39305
43855
34454
32209
37684
32485
37476
38449
41064
33303
33205
36107
37716
37440
35716
38130
36476
32938
36733
33243
34696
34144
38791
34691
35470
38892
38478
37852
38326
34758
35797
38126
37258
40133
38263
34720
37958
32485
34867
39111
34617
38625
34622
32863
38776
37324
35432
35797
40132
32485
34023
34499
36535
39837
34620
37849
33684
32485
38706
39286
41917
35887
35073
38212
34474
40214
35321
32863
34988
41784
32508
37489
35216
34273
42255
38611
36028
34012
34232
37218
32665
36414
35065
32485
39812
38076
34539
34299
33205
36615
32691
35667
34098
37494
44670
34470
34649
36558
39419
37113
36057
34743
34542
37658
34906
32485
36263
36864
39913
32628
34847
33694
36009
32683
35121
35717
35094
32485
33079
40243
34696
35288
32611
32516
34405
35822
34659
41211
34471
38844
35841
34405
37109
36417
39268
35262
40661
35010
37504
35711
35780
38192
36773
42212
35331
34362
34224
37209
35476
36062
36134
37973
40345
35873
36328
36415
39928
40368
34718
33105
34908
33867
36482
35814
34224
34784
36235
35864
36337
35475
37626
37174
36438
40824
34416
34224
39447
33352
35073
32863
35048
32413
34844
33868
38184
37115
40333
34893
35530
42475
38271
35202
34542
35697
34368
36540
37820
32683
35577
35776
34718
39943
40123
36930
37021
35123
40115
36249
37932
33580
41628
32904
40543
37439
46448
43380
38160
36416
36575
34726
38908
32485
35711
38640
33803
34206
38252
36573
35829
38999
42808
38816
34617
35229
34642
39444
34167
36416
36156
40369
41631
33105
39826
37638
35186
40597
36052
35000
45557
37782
44722
37994
35963
36676
41795
42509
33992
35073
35606
32683
37111
36358
34919
39715
32863
37188
40197
36461
33937
34566
36200
36071
33303
41212
35155
34126
33243
37554
37555
39397
35240
36409
36717
39653
34324
36200
40030
33550
40906
36085
35438
34715
33079
38738
33315
32691
33490
36730
35014
40184
36303
43481
40632
33927
39699
37565
34908
35151
38854
35779
35914
38001
34956
35863
38051
33217
32485
37787
31994
35140
45013
35750
33428
33851
36190
37325
36085
36069
35887
32683
36956
32683
34617
40039
41830
33580
35074
33753
33825
36411
38675
39550
38520
35433
34471
34444
36689
36115
34609
40697
35915
35217
36853
36379
34683
37593
34280
40666
31982
32691
37434
37816
37040
41319
32485
35835
33074
36085
39842
38152
35260
35675
32269
36425
33619
34620
36759
39306
41730
36896
32691
42760
33658
36240
34399
40355
34640
40633
37334
32863
33105
35611
36604
36124
34677
37878
36250
32516
35673
38317
34471
37488
31856
36309
35887
41233
32955
44171
38997
38017
34555
37979
35744
35186
35473
37205
37026
34394
38194
33303
34845
34993
36250
45326
34281
33550
35005
37860
34818
35014
38550
37438
34772
32284
34956
40308
35720
35751
37823
38728
37034
33352
35232
33770
34988
33952
39373
39909
34908
32413
33699
40218
37385
34454
35514
34129
37396
31276
36811
35587
39422
40482
36638
37664
36438
38029
37356
37261
34405
33612
40902
34144
38390
34988
34462
35168
43811
38134
34471
42185
34201
34373
38084
33837
39749
33486
36535
34920
32310
38112
34462
38933
37554
36067
32071
35822
33506
32904
39172
41187
33730
37351
35335
34746
42245
36121
37711
34092
39243
39051
36427
34620
33072
35013
37456
36966
38259
36011
40434
36129
32448
38989
39790
38302
37188
38220
40005
34969
37637
34390
33669
35338
32485
35262
36299
34646
38776
40361
36207
34445
32889
33033
37123
35654
33159
35140
36727
40426
39981
34844
44298
32485
36244
35463
35960
36865
36221
33411
39385
32983
38044
37818
33285
34300
33997
38652
40542
30894
34256
35212
39693
35642
32008
37861
34794
35024
34646
37878
36674
35217
35829
34596
35467
38256
38523
32753
34784
36311
34609
37187
45207
41830
33750
32626
32611
40089
34224
34057
36861
32829
36844
34566
38997
32626
35948
36005
39843
36649
34419
37609
35235
36493
37050
37428
33837
35960
37770
34035
36864
34646
36893
33645
35638
34026
34874
40234
34720
36232
35643
35269
35074
39135
39292
38028
38081
36594
34370
38314
34138
35794
36664
39815
37602
31640
34574
36200
36706
39089
35160
38903
39028
35232
33352
35643
34344
37926
35408
33483
35316
36555
33317
39064
34013
35689
33867
34746
37212
41244
34623
38901
33315
37656
40784
35470
38866
37212
37106
34445
32683
34454
40314
33810
37912
36235
37361
34170
35073
32310
37313
34875
36784
36107
41703
34772
41946
35209
39003
34894
38434
35960
38531
35501
35092
36579
35822
38841
32827
39337
37356
34098
38686
36461
37187
38147
33303
39447
38079
36614
39710
33079
37007
40510
40795
35625
36288
35027
40272
34646
33724
32485
36952
41310
38434
39234
36107
33421
33105
38102
37212
35679
39970
35416
37464
35686
38105
39372
39305
35058
33897
34574
35807
39793
36385
35748
33948
33105
34896
36205
35091
34875
34256
33105
32826
32889
37452
33272
38846
35686
39837
42387
33595
36158
33954
41101
36706
34232
33954
35946
34206
37925
37861
36478
32269
36589
33415
34566
38404
34722
36417
42197
34482
41543
34545
37356
33079
45590
38318
37551
38155
36416
35190
35369
35647
37722
37305
34298
34726
35218
31856
37137
37779
35167
37055
37843
35887
37122
33025
38198
33033
35944
35714
36337
39115
37021
36643
42028
35671
41243
35409
38274
33954
39520
37133
36560
34300
36362
35626
34685
34988
36523
39761
35685
35615
35240
33277
33303
35599
38087
36344
35789
36411
39292
35851
34102
38581
36020
37831
35856
41394
34547
35829
35073
36573
41115
33441
34273
35126
32889
40072
39373
37665
43354
34256
32657
36568
35582
37779
43693
33897
35003
36002
37626
33074
32238
35178
35064
39100
35433
36605
36614
36020
34454
35378
34324
39195
35408
39504
34324
34815
33105
34893
35820
43139
36085
35909
32683
35090
34646
36396
36164
38581
38241
41176
34057
40915
34715
34642
33079
34614
34548
38875
35160
33033
32821
34152
35058
37207
42075
36706
34129
40851
36232
33659
41039
33074
36390
40910
36915
36388
45964
33524
33326
32143
36190
37126
37974
37673
39252
37000
34826
35584
35091
36931
39452
34818
36118
34164
39146
37302
33612
35915
44237
43735
36824
38472
34876
34471
37324
35415
32284
34169
37798
35160
35643
36203
37400
36263
33303
37807
41053
37477
33079
35778
38427
34144
36843
38882
33352
32485
32611
42178
34646
34969
34764
32032
34430
44807
38198
34479
39156
40088
39671
40956
32071
37727
34433
36337
38050
36438
35606
37781
37006
38979
39704
34057
34362
36164
32508
38308
37042
35005
35189
41275
38819
37451
39422
38975
35240
36007
36784
32485
33704
34650
38300
32691
36427
34416
34281
40733
39097
33897
37565
36020
41454
33369
37218
33946
41189
41411
35890
33579
33573
38175
38984
39751
32660
36305
35024
38202
37227
37083
43585
34875
39768
38637
35240
37993
35438
33421
37948
35088
32485
36357
31856
35762
41886
32938
32889
32450
35734
39985
35014
34821
40345
32071
38875
36787
37694
39045
42509
36580
36362
33694
32071
38123
40040
37654
34436
44396
37925
34273
35027
32665
37577
32318
37761
36512
36078
35366
38613
34193
34404
35701
39470
35711
43096
33824
34708
37034
34850
36096
34506
34726
39230
36615
32269
33079
34002
34052
32516
44231
33535
35642
36956
40824
32827
34434
44322
47406
40751
34232
38802
36573
39281
38046
34620
34818
34922
37546
41410
42611
34722
43891
38410
38625
42025
35211
32691
36727
37979
36145
38402
35928
44172
35711
45090
34433
33825
33652
37057
33810
35438
37519
38372
35214
36618
33612
33319
36210
35385
36140
36782
36020
38940
34240
36471
32117
37367
37367
36674
37312
41622
35935
34055
38737
37258
34531
34818
39156
43928
37174
34144
41309
36984
39984
38513
39268
32557
35795
34548
34649
37434
34026
36263
33704
34390
44065
38083
31276
40959
36801
38319
33645
38992
37852
34574
35473
38123
34815
34391
32269
39707
33025
33231
34726
37328
36170
37432
37057
35851
38410
36535
37249
36859
34411
39376
42158
37774
33079
35058
42928
37556
37509
35958
36997
33050
35887
34618
36020
43929
39517
34430
39247
40179
36353
36493
36386
33068
33303
34224
36529
40483
35823
33303
33699
38044
37900
36392
43350
33445
35909
34405
37171
37133
33859
38683
34618
33859
39520
38645
34241
36809
34988
35670
40338
33076
34430
34920
37423
35855
33922
34005
37529
38183
34421
37055
34193
33105
34026
32732
37636
37994
33136
32904
33483
37423
33851
41204
38140
32678
37815
33231
33619
31856
40971
34206
37058
35924
33810
34273
41443
35791
37875
34620
33277
32683
32234
35948
36362
38876
35688
38908
35779
35438
34241
35582
33303
41245
36118
33876
37662
32485
41281
34659
37191
35360
34962
33079
36478
37149
37385
36657
37954
42410
41810
37637
32683
39541
36353
40649
37162
37770
35638
37278
40831
39051
38562
35551
33105
34646
37129
36957
35321
36503
33810
37325
39387
39110
43387
33847
33694
37946
42356
33612
35834
41384
34542
35300
35975
37764
32732
34855
37337
40831
36237
34026
34847
33837
35095
37193
34712
35074
36205
35625
35074
35091
34700
39793
34232
35685
38022
33837
38157
39397
38133
34256
42964
36358
33837
39720
33025
34454
32732
38406
36931
32413
32485
32683
36089
34571
33937
34888
38868
38463
34126
36044
39744
32889
38050
40246
35685
37367
33246
44794
34902
35790
35438
39967
38000
35616
39866
37042
36391
40666
31523
40956
35017
35027
38122
40640
41204
35855
33867
42316
41465
32990
37393
34470
32861
34863
34224
39495
33989
39095
42367
35995
33079
37143
34680
37872
35366
38248
38220
37202
35240
37636
36033
38405
34454
37411
36025
35459
40439
38635
39606
33001
33064
34098
36156
33105
38603
33506
35074
33645
33851
37528
32485
32516
35822
34324
37505
34855
35330
33285
35805
35663
39747
34623
36302
36709
34503
41192
37878
41001
38661
37437
33110
38521
36642
34471
35339
33730
40190
34102
39179
34850
34236
34649
35608
33612
39127
33303
37474
32732
35809
37102
34772
32829
38853
34224
36302
33611
39705
37438
34964
34288
37187
34232
39030
35865
38105
35887
37489
36957
38909
37392
36836
42078
34566
40040
37302
34835
34817
36599
37361
32683
38920
34405
36573
39480
36305
40257
39322
36726
35546
37109
39750
36542
35606
36564
35668
36344
38297
32683
34126
35133
35874
35437
34821
36305
37685
38320
37555
36200
39855
36836
36512
36027
37812
33550
42266
36476
37686
40070
35123
37840
41778
37008
32863
36338
38091
37816
36459
35316
35679
39318
34850
35625
35432
39217
38520
37637
35438
44817
36887
36394
34962
33627
35663
36819
44026
43577
35849
35269
35487
34232
42282
38640
35948
34620
32930
45460
42170
36820
36052
36603
33851
33946
33105
34847
36952
39268
37084
33699
38318
34026
33079
33977
42678
32269
37565
33231
35995
37935
35240
38121
36332
36234
33867
36115
33397
35123
34454
38288
35750
35977
35047
37504
40343
36573
34850
35374
35005
32904
39977
42194
32683
35415
36931
36416
35408
35512
36312
37199
36551
37439
34512
35415
35487
35073
37637
34035
37074
39231
35581
41082
34806
32821
33447
38029
41411
34646
36209
34485
39391
37727
33136
37040
37186
36710
33810
36337
34496
36383
32683
35715
38184
37709
37447
33972
37056
33151
38162
38512
37385
42430
37748
36416
35849
34295
33277
44224
37727
37152
35510
32071
31896
36229
32626
35915
39397
37903
34362
35074
35652
38060
32318
38802
39038
43731
38452
34720
34797
34920
33303
37840
37367
33303
35212
37590
36969
32413
35546
39655
40289
34818
32407
36401
35717
39131
33303
37362
33612
33151
43764
33001
35742
37146
37212
35048
32485
36296
33352
33303
34988
36025
32683
40911
33790
37404
41312
39061
36053
38526
36606
41915
43928
37510
32456
36501
36085
38530
37196
38298
40013
36134
32071
39865
37878
37138
32669
32683
41928
35672
35985
34232
33246
35340
38591
36190
33624
35473
41403
44553
35806
33699
35238
36558
33897
33369
37434
39734
34324
39017
35245
32827
43982
34144
37952
36905
44138
34144
32620
34232
33837
36798
38739
38926
33797
35031
37021
38327
35606
39231
35821
33303
37371
35779
34813
34844
34471
35586
34232
35720
38891
38982
34170
35032
34620
34796
34922
32516
37962
38643
34772
39918
36578
33699
34615
36890
35711
34102
36383
39639
37746
37962
33704
35889
40493
34256
37760
38967
36391
33272
32725
38220
43873
34347
38706
34281
37036
40486
34152
40944
36986
33231
36555
37438
45190
37496
40124
35822
33612
37104
34170
38234
38451
38542
36337
39837
41745
38854
42180
32938
33110
37703
33352
32450
35841
34453
41347
32485
40240
36250
35643
34784
35369
36794
35741
34893
34956
36175
42910
36743
33105
36864
35024
48001
35855
36960
43874
39661
37042
33248
40880
33934
39432
33303
37155
38501
37949
33483
36027
34081
36706
43773
35236
35240
42404
37204
44325
38184
34238
34026
37568
34144
37187
37746
37218
38980
34512
39290
37856
36680
38150
37104
37488
36937
36758
37707
34461
37469
41954
36518
35923
36229
32230
33263
41324
32450
33948
35350
33550
32827
40636
37832
38305
40317
38325
33277
40192
36253
34894
36066
43552
35789
37367
37204
36758
35801
38843
37039
40016
38569
38813
37648
33423
33415
38000
42203
35654
36603
44198
41093
38728
38268
41192
35832
41004
41630
35126
33599
35622
34224
39322
36023
35303
40858
35186
40092
40258
41900
36615
35823
38530
36195
33859
36510
33810
34760
37385
36159
33876
32904
34236
35438
38449
35437
33277
34144
41115
37593
32071
38804
34967
40264
37526
33524
35517
36174
36907
33441
37781
39837
35887
39704
37434
34941
32683
35567
36546
38875
34026
35162
37791
38039
38152
35613
40904
33447
36685
41260
39541
33079
38396
35621
40291
33797
34506
32485
37193
35381
38299
35542
37313
34080
34772
34084
37441
36663
34835
34615
34256
38529
34758
36803
38606
37296
35261
37193
32889
41128
39862
40203
36401
33243
34826
37757
50507
34483
43790
35439
36971
35532
35887
34643
33231
39646
34206
33441
35609
36020
36615
36085
40065
34770
38722
34542
35186
39151
34349
37396
35003
33750
36844
38323
36773
36907
35611
35989
33076
41544
37196
33105
41034
35680
38187
34826
39268
36898
35623
40036
34620
35760
39848
38591
34574
35064
33825
38247
35091
36388
36375
39967
38642
35985
33303
37926
33025
35909
35235
39029
34616
35073
40297
37781
38707
38188
35561
35736
37901
35286
36634
35772
31689
36417
37397
34026
40660
40666
37778
35702
36980
37240
34955
34057
36664
38448
36391
41400
34920
38275
38158
41243
38220
40891
32269
33796
37169
34818
36096
37312
38757
34208
37878
34123
36237
33948
35896
32938
37626
33948
38299
36534
37848
38071
39257
34588
33550
40324
36878
39971
34701
38199
33303
37444
36967
35611
39070
44098
34788
32318
36369
34422
33699
33025
42762
39306
33025
39868
35685
34709
35438
36589
34224
39317
32889
37509
34646
34566
38809
43753
35805
34102
38975
37058
38325
33319
34614
37167
33892
37727
33483
39300
35827
38973
33444
35240
33524
39648
34224
35074
34844
40052
36773
35756
32691
34847
36679
33079
37504
36354
37819
35501
34479
35316
43555
33025
33074
36529
37283
35484
37164
38029
36020
33704
35408
33153
36104
36569
35555
36810
36800
35366
38070
37129
37529
35317
34982
35438
33645
39854
35047
33238
39793
39552
35918
33954
39375
34031
38152
36263
35664
39854
38737
37178
35519
32683
34479
32660
38792
34201
34646
34224
38485
34430
37727
38775
32269
37986
33954
38444
36337
35073
39978
37523
39006
33645
36827
38026
36020
33532
37518
34870
35148
32665
36233
32071
40031
38107
36207
36870
36250
32827
33619
35074
35065
34002
35685
34152
37805
35563
35670
35654
36982
36354
35596
36844
36433
35869
33624
34281
35013
37565
34368
34447
34057
34026
34430
40565
41345
35001
37523
37370
36153
39520
36818
34566
33699
40736
31414
33105
35122
34072
38943
34696
35168
34314
35790
34453
34273
36311
32665
34803
35345
36481
36552
36864
40952
33462
39718
35717
33303
38506
35186
39876
36085
35655
34696
33627
40627
35207
41932
38114
39353
35032
35240
39892
37954
42822
37770
35408
35960
37654
35464
33277
36095
36784
34846
37614
43151
38729
37258
32835
33033
34620
39975
37875
38082
36161
34566
33437
34794
35667
38093
35685
38033
32413
32691
32863
38051
34649
33673
37887
38208
41839
35416
35559
36052
34982
34772
41187
33033
39482
39985
35121
35441
39045
36758
40801
34399
37488
40310
37401
39560
36020
34043
34144
40125
37776
37261
37529
36778
37439
37434
36782
34618
34672
37706
41583
40812
33231
35407
33750
41698
40812
32238
38498
36948
36236
36615
35805
33704
44732
40746
35744
33688
33972
35592
34470
37045
34486
40742
37852
33382
33445
35839
36229
36445
34893
36827
35074
31784
38125
42158
38314
35415
38580
35688
40397
36417
32485
36459
33110
33573
36730
35389
35670
38148
35240
37900
32863
41572
38942
34152
35841
33868
37806
38926
43121
44143
36449
34430
37433
38398
35302
35014
36377
32032
37134
38184
34126
34620
37681
35673
36266
38696
35608
39195
41382
41600
35240
39389
39720
37524
31442
38854
32530
34993
36144
35841
36092
36155
33303
33666
34680
38891
36338
33105
35776
42190
34232
38137
34256
33105
36133
36391
34646
37196
36752
37778
32683
34603
32485
35248
37041
42163
33447
35667
35309
36020
42525
32479
32863
37770
39201
38254
34368
38518
38866
40416
41469
37509
38274
34894
37907
36949
34847
34126
35789
36158
33303
36096
37208
33825
35587
36728
36589
33599
40507
36062
33577
38669
40444
36532
33954
33105
32071
45060
39293
37229
35504
31236
35053
33612
34193
37949
34676
34193
37764
38038
33414
35190
40074
39452
38123
34152
34543
33285
36145
38937
33246
39362
34152
41225
37316
35303
33421
37269
35238
38042
36020
33810
40987
37848
37179
34152
34666
34784
35624
32269
34969
34209
34844
35599
36232
32485
36375
38523
34005
37100
36633
35606
36183
37990
38347
37459
33866
40773
38908
34249
36200
33867
34844
38254
38103
39643
46891
32863
38874
38102
37593
33243
35407
35040
37576
35240
36121
35600
35092
38375
31828
39921
35666
37775
41351
38407
36107
38314
39691
35672
34206
34224
34844
38618
43473
35582
36784
36519
32912
37731
33837
40825
35261
34195
33326
38404
44425
34617
34986
42630
37435
31690
37907
36200
35350
34528
34001
36313
37924
35467
32683
32691
37426
35630
39317
32269
40419
38150
39931
35797
36362
35252
34430
37057
33935
41126
33675
33382
36784
33524
40205
37055
36906
35201
44108
34962
39081
37187
32938
31689
35671
33441
41546
36957
37402
36416
35094
35957
43074
34224
41288
33397
35140
34368
42277
37802
36561
32683
37209
36754
33231
42495
34282
34826
36671
32054
38706
34167
33699
40762
39957
39344
33205
35887
35636
33837
40493
33715
34666
34140
31721
37664
33612
38561
36144
35047
32863
32683
43706
32683
36086
32691
38058
32889
37884
34772
37340
33352
44648
36396
34568
40672
41927
35476
38448
41387
33948
33573
37258
36260
39319
36295
33007
34224
40499
36164
33699
42140
40092
37090
35960
32485
32269
38881
35185
38498
34918
35114
33859
38672
34847
39322
35162
35105
39100
40914
33277
44171
38810
38173
36803
35229
38506
35514
41871
36669
36003
35683
35162
35457
35894
41806
40417
37214
34002
35014
36799
35178
38573
39567
35717
34696
35690
35122
33730
33897
45840
35031
34240
37130
33612
39680
39931
31442
39654
33352
34324
34893
34232
36517
34224
39195
39520
34026
34065
36679
32485
34281
33411
42376
35876
39943
35815
41937
36530
35487
33007
34470
34278
43573
44252
36095
38287
33303
33303
41506
41452
35504
37702
40493
33176
43896
38871
40342
37944
42973
39618
32683
42276
33411
36657
38118
40729
37199
36509
36121
34144
34614
33231
34474
34844
35823
33352
39716
43078
34620
34554
40135
40505
35759
39562
34620
33243
38402
37559
37961
32516
34454
37526
35621
34101
33599
34620
36990
33986
36625
38220
35014
36971
32938
37367
36708
34433
35855
35582
36464
40414
33619
38001
35501
31580
35614
34026
34190
35024
41283
34574
39759
34594
37727
42948
40243
38840
37944
37178
42618
37996
34368
36728
38220
36622
34069
37397
36392
33578
33352
38117
34005
32485
36727
38159
36375
35415
36667
39699
38876
34893
34238
36091
36293
34370
37501
35581
36388
35014
32683
37467
37637
33105
36031
39315
32660
33684
33621
37988
33810
34368
40767
35532
41608
39190
33181
37321
35535
37402
35229
35622
35841
35957
34623
38576
38724
34566
38917
34264
38843
36248
31896
37711
33524
33025
35671
39961
34620
36396
40370
32485
37073
36509
34847
36069
37187
40892
34080
39064
36411
33074
32623
41046
31442
37422
35759
34300
41288
32652
37280
35796
32683
37529
32955
34722
35123
34982
37873
38512
42148
35487
36982
33001
35487
32318
37851
40089
47856
34430
34189
35626
37626
34620
40466
34362
34002
32665
35160
35048
34991
34362
38243
39645
40734
38650
35693
32870
37170
36417
33876
36609
33699
37428
35835
32683
36236
39040
33287
34479
35186
35074
34747
36163
37439
36388
34152
37385
35546
34288
38728
39625
38670
35621
37563
35915
32269
39837
35606
37648
39818
35606
34818
35019
39337
31276
34026
41955
34419
35501
37655
42250
35091
36829
35985
32071
36362
33810
39446
36723
38387
36777
35272
35615
34256
35408
38926
34362
38145
41077
34352
37727
39617
34152
34298
38664
35863
35345
33897
34224
33421
34198
36077
38290
36661
36001
38134
39923
34098
32485
33303
34503
32485
33079
38344
41813
34454
40708
37593
34444
36387
34616
41527
35957
34787
34844
33105
34646
42547
34407
38892
35468
40067
33079
33447
35218
35535
41328
35820
40411
38565
36605
34224
37650
37979
41081
36497
33105
33303
35546
36439
40158
38543
36615
39419
40288
36374
38373
36857
35863
38740
40138
34916
35882
40318
35243
40996
31690
34152
35073
38042
37187
37658
35106
34847
40403
36971
37487
34642
33694
35917
38739
36529
33437
36107
39494
40409
36403
40944
34298
40489
32485
41059
38676
32413
34620
40494
39397
39987
37193
38918
36509
33277
36844
36137
37892
34300
32557
37703
37076
38548
36556
38450
37306
34855
31276
35437
38051
37770
39996
34453
34920
38042
34758
35032
39086
35056
37693
38534
37620
42054
36245
36044
38866
38797
37196
39553
35797
40339
37188
36020
34224
42522
37501
40866
37331
34074
37312
40037
34952
38155
36625
33825
34818
32269
35561
35995
34026
34758
34189
33787
46189
38158
33810
42140
42896
37614
37383
37593
34512
38269
35019
35337
35887
43435
32691
34461
34910
37905
32732
34041
35459
34677
36337
33072
36844
32036
35563
35822
33136
36701
37481
38249
40089
35992
39829
34696
34659
32711
35349
33136
37642
41389
36104
36263
37908
37979
34026
37385
32209
33277
36750
34026
35408
34318
34818
34209
37772
33277
35858
36288
40014
34110
36121
35535
36149
33804
37538
37404
38001
36467
34453
37510
39520
37593
34620
38973
36983
32407
34680
35690
37306
38998
40345
33483
31690
38993
33644
39422
32821
37258
34256
44143
33243
31690
40461
36164
33810
34333
32688
32889
35934
33421
37694
39021
35160
37805
38875
32691
34357
39199
34144
36295
33621
33277
40068
38102
40445
34065
39267
37618
34256
36086
37716
34641
32683
33428
36573
34766
35898
36443
36615
40745
34057
40144
34772
37376
36631
38504
34649
36416
32485
39059
32198
34844
39143
36481
32071
38460
41633
36648
34281
38104
36190
32889
37492
36776
36930
40944
38106
39710
34649
35663
34646
36597
41746
41039
37269
35685
37230
38273
34370
33423
38127
35027
36207
38090
33447
36665
39250
39322
34894
34098
34026
39835
45240
32683
34818
35303
37024
36237
38422
35211
40287
35734
37524
45460
37120
33699
37246
34065
36187
36036
33483
38889
33079
42735
37137
37934
36556
38667
35918
39888
40442
32318
35543
33277
34232
40237
34876
33042
38400
34844
39109
38314
39113
36461
39648
32654
33136
34969
36164
42213
40892
33437
40158
42014
39393
40758
33704
41053
39900
34035
38350
34206
34026
33105
35863
39545
37648
36067
33025
33007
36589
40293
34845
36190
39002
34571
39644
44860
34568
33899
37198
34966
33941
38656
34811
34920
34675
36182
35407
38747
37719
35760
43397
38396
38649
33105
36844
38434
34850
33343
37411
34219
35303
39698
36626
34273
35378
37806
33303
35946
34591
39257
32450
32071
36626
35376
35682
38475
36013
36010
35547
34419
33810
33007
33421
35797
34170
37614
34818
34324
35606
34816
34126
37209
37968
40039
36288
40246
36404
40155
40877
35128
34503
38159
34596
33842
33704
39573
43388
33897
37330
34772
39210
34784
44125
40787
37001
41093
37455
34747
40106
35274
36616
33277
34056
35378
32623
37602
35717
32732
35879
38779
36679
33303
36190
40265
35257
32071
36365
37950
32889
33303
40586
34818
34026
37626
38297
38505
31575
36368
37454
41790
33352
35240
32485
39315
37178
32665
35363
41060
35821
36009
39268
39673
39658
38920
35416
36728
37001
36002
38639
37382
33280
32485
35964
34144
34847
36199
35500
38762
34273
37037
38703
35283
40687
38011
38050
44754
38434
32691
37203
34444
36256
36084
33033
35643
33874
37727
40237
33992
34261
37890
35073
36229
35316
38480
34844
40859
37775
36716
39498
38728
36262
32626
34125
38345
38727
35923
35915
40555
35091
35914
36343
33490
36374
35172
34962
40634
34732
37397
33415
32691
37074
34224
32683
38364
32889
39072
40905
38669
34696
37187
36549
37910
34964
34876
33411
43316
38187
38600
37059
37011
37376
41594
35671
34174
38472
35288
41077
39173
37238
33079
36716
37632
36159
34692
35490
32626
40951
34620
36275
38496
36427
35592
38670
33892
42005
37569
38102
38920
39294
36749
35685
37727
36133
34203
35995
32396
38023
33068
33105
38759
39985
34818
41687
38957
35265
36848
34772
33876
34844
41590
36057
34344
37297
39881
34164
37565
34219
34818
40337
33025
37325
37152
35744
32036
34282
36102
42946
39002
43198
33837
38125
36462
40319
35211
34531
38971
38131
36096
36922
35823
39723
35887
36607
35790
38779
38148
38605
36975
38090
34084
33447
37740
37020
36715
35438
38779
35613
38226
34683
32683
37133
35117
35121
35257
34282
37731
38033
38561
35718
34543
39837
36801
42083
40709
38058
42340
33352
33248
38512
35212
38318
39423
35722
36111
33483
37840
32665
36459
40454
35097
35243
38728
36679
42030
32071
35366
38728
33704
37288
33820
33007
32485
34187
40912
38126
32821
40759
35809
35989
40400
34875
33941
34314
35438
34620
36020
33972
38926
35697
33025
39693
37367
33506
32683
33303
38104
35024
36010
35415
35915
36614
38974
33660
36235
34219
37008
34041
32863
34787
35050
35748
32691
35473
35685
38247
38893
35842
36738
37428
35241
32485
41617
33423
38632
32071
37775
35064
38380
33750
37828
36809
34694
35744
35671
34224
38063
36044
40027
31896
36391
35887
33015
38529
35863
34678
36040
39793
38664
35245
36651
34677
34278
37209
36411
37535
37620
38355
40410
34659
38406
33352
43900
36261
41687
39011
34615
35240
39981
36237
47835
37880
40045
34566
35157
31690
35124
34152
37187
37879
35978
32284
37926
33699
35543
34081
36937
34796
34818
36828
37728
35211
33627
34479
39883
33486
34407
40933
32413
33810
34659
33994
38351
38450
33897
38019
35950
33810
34566
39311
32683
38715
37529
39285
33796
36267
39317
36782
43005
37626
32829
34920
39234
38467
37212
35140
32174
34704
33486
33217
41018
38866
36809
32889
40839
33447
36332
33136
35165
32407
36149
40682
39113
34566
35822
34471
35240
33421
36898
34531
33694
36430
40961
33694
37501
38854
35717
33688
36846
36706
32817
34528
32691
37577
35043
34964
35685
36604
33493
37488
35363
42180
35744
34701
35316
38260
36223
39486
42597
39331
34892
37566
32803
39914
36573
38063
36250
33550
33946
37840
33079
33105
32930
35549
38251
37727
38121
39928
36401
35772
33493
35369
36362
36995
37728
33285
39552
34344
36605
36615
35606
39381
36020
36325
42558
35240
34025
34962
36510
34574
32889
34419
39027
34704
36475
32310
38006
34117
37330
40467
35492
36234
35405
38070
34962
39292
34123
38159
35019
33072
37196
35473
33105
35262
35225
34599
33946
47982
36931
36637
33699
35730
37423
35699
38825
41181
37524
33750
33704
36592
36001
35581
33105
44409
36811
35964
39671
35686
33105
36423
35346
34300
40974
37781
38426
36714
35203
40569
32448
40543
41138
34471
38187
34722
31784
39163
33277
34373
34568
37529
35615
34732
37714
38005
35269
35074
35019
44631
37041
33198
35034
36263
41270
36069
39585
34999
39309
35997
36919
37456
37340
40758
35550
34479
35092
34057
36845
40605
39394
37761
41291
34060
34471
40089
33326
39550
37678
37041
46758
32036
37764
36282
33859
34847
36102
35822
34666
35467
37261
38512
40470
37979
36594
32485
39793
36614
35378
35120
39393
36181
35269
35638
36920
35513
38296
36898
37196
37306
34716
32711
33589
38455
36844
36085
33939
34353
38870
34592
34026
39519
34126
39039
39693
37845
32650
35141
35074
33825
36981
35389
32732
33828
38125
39152
34479
35235
36817
36072
34651
40273
35587
41330
32889
33859
34026
37597
35217
33699
41592
41756
34026
35160
39227
35390
34696
33897
32531
36728
39288
44769
34893
37096
37258
35065
36337
40582
33027
36535
34209
34373
43384
34620
39691
35896
37793
35335
36121
38380
34302
40922
35643
37884
32485
35671
34193
39298
35667
33079
35717
38314
33810
35812
36330
35790
37622
37968
39356
36048
37000
32485
31414
32912
35417
34206
34818
34224
37312
40598
34252
34273
37819
32832
38166
36584
43817
35455
38098
38575
33810
34543
37648
38696
36709
35898
33447
37397
33897
36482
34454
41291
35259
38572
32396
35655
43188
33937
33699
37167
44738
42043
33483
31640
41633
33946
36281
39195
35946
35742
40912
32827
32889
32318
41137
35842
37042
33991
36293
35316
36898
33079
37235
37379
36031
38070
34170
34844
33951
36033
39096
35065
33867
36288
36069
35321
31690
35186
36985
39799
34870
40861
35478
35091
35245
33231
39863
35229
34219
35438
36826
36680
33946
36075
32209
33248
33612
34893
40912
38591
35822
35065
37521
37152
35408
37360
39541
34649
35671
36957
38027
38503
35168
36781
35454
34758
36417
33946
38267
33277
38311
34324
32174
34969
35245
38936
35809
36951
39306
33599
34349
34566
32665
35822
33810
35122
34368
36190
34362
35667
36020
38005
41039
38369
38725
35490
36044
34815
34566
35269
32611
35092
36982
36552
43283
37889
41476
38440
35487
37266
37770
36362
34206
34461
38562
37146
40888
40666
37259
35097
39070
35352
35516
39070
34503
36535
34387
33934
37193
39298
33136
36913
33619
36249
34844
32071
34678
32310
35187
34373
37404
38060
36263
32209
36352
35366
34479
33303
33922
34314
40310
38476
42359
35902
39595
33892
35655
31896
35269
38079
34920
34404
35710
36975
33699
33105
37648
34239
36096
38401
40387
35106
37422
35693
34870
34620
36452
38838
34224
34224
35470
33645
36564
38505
35776
38117
36199
34698
39713
40246
34436
34479
38301
39289
34603
36164
39054
41340
32485
36857
38252
42222
37505
32310
36020
37152
37399
40168
39011
34164
35671
33181
38172
39900
36205
32071
34507
34991
35535
35688
35404
36370
40316
36204
32082
34543
34847
35799
35091
34144
39334
42700
42960
40807
36461
38759
33645
35228
35091
38112
37832
39558
35207
36634
37121
32904
36701
38042
37048
37356
34296
36388
36187
35514
38724
38256
32863
39696
39300
34256
34617
37634
33506
35058
34850
40059
35576
33810
37781
35032
41609
38274
33429
35487
34471
33666
37428
32413
34815
34331
31888
34844
44427
35091
32459
41276
34479
35797
31896
35957
33441
33303
32955
37292
34300
33937
34876
35073
35073
36388
34256
33946
32889
39020
33136
39666
32665
31276
37129
36602
33972
39628
32413
35389
34471
34026
34349
32054
39093
33231
40395
31856
39653
33205
39827
33612
36928
42391
39097
34680
35311
38033
38913
33694
33550
38838
34695
37935
37778
33644
47746
36955
34421
38462
35047
37428
35750
36036
35935
39622
34844
33326
35048
37875
39463
35065
37438
33851
36313
33948
35995
35047
34206
37201
32071
34224
41452
37635
34847
38076
33369
42022
34956
39099
41528
37761
35024
35535
34826
40864
33231
38827
35580
33994
34224
32827
35408
37933
32485
32691
34772
32032
36914
35366
39651
34896
38344
33033
40800
34052
38908
42077
39447
32665
37561
32921
33688
39243
36922
33136
31690
34479
36501
34649
35870
37709
33899
36803
35613
36573
38117
40148
42060
38523
35856
36223
40310
32054
42700
40038
31690
38895
38802
38577
35742
33243
34041
39173
35834
41946
35408
36162
37179
40823
35593
32485
37448
39063
36826
34046
33699
38951
36605
35240
39391
34646
36022
31937
33867
34956
38427
40674
39343
34203
34722
35592
35965
36551
34131
36551
38512
36267
36330
37362
33105
33506
35211
32691
32623
35091
33733
33820
32652
35242
36145
35785
32413
34838
35543
37187
37564
33670
34224
39497
33825
40031
35034
34943
38779
37350
36594
37428
39199
39742
37178
38217
34818
37608
40381
32448
34167
34620
34430
33627
32508
34471
35439
35218
34996
33068
36115
34894
33532
34170
38320
32396
39090
33645
34746
40141
32587
33841
34224
35024
33867
34620
40296
35668
34710
38497
37759
33946
41243
34368
35337
36362
34368
37637
37399
37256
42228
32732
36920
32269
32269
34894
41828
33429
37303
35044
35073
34224
39322
37373
32413
33848
36170
39046
40787
33217
32209
36718
32269
42116
33619
35074
33573
36753
39277
38732
34758
34300
32889
32665
35585
39268
40563
34620
39793
40282
41822
33532
37194
35470
33277
34617
38602
36127
37083
41176
42662
38117
39960
34281
32912
33892
38819
39767
34860
37757
43873
37011
35031
35238
34224
36614
40005
37446
40761
32269
34710
39548
34224
39173
35188
35809
35321
34528
34826
37015
33240
33303
35663
37529
40951
32485
33025
38112
33954
39761
38926
36238
36991
36401
36973
35652
35032
33740
35378
36799
35487
39954
34471
32209
39859
34812
42356
33231
37308
37352
35473
39173
34784
34362
34170
37187
40912
40660
36529
37911
32413
37429
33644
38705
39087
34876
33566
37498
37637
33550
36322
40607
38306
36573
42774
38723
35212
35433
38946
38338
36615
34438
38177
33415
33897
38220
37440
34818
36205
34212
36784
40264
33524
38895
35797
33483
37383
35027
37007
30845
37283
40046
42529
32623
36085
38693
35809
35707
33612
37261
35493
38089
36493
33441
35543
40890
39206
33506
35185
42800
32284
35519
36979
36259
38804
40228
36229
38326
38975
34224
36115
35988
41288
41463
37756
43571
40194
33753
37694
35501
35213
34772
38041
39173
35269
35822
35923
35441
35235
37932
39552
32413
44815
36435
35106
33810
32983
35415
33645
31523
35186
37717
34206
32557
37770
32683
32234
34273
38763
33285
33825
40498
33303
34249
38581
34224
34646
39183
34084
34842
35797
37776
37384
35714
37312
39243
39640
33303
36830
38588
34280
34224
35623
39054
33437
34273
42861
34430
35470
33573
39896
39077
39894
38156
35923
31276
39005
36893
34844
33612
33196
34430
34722
38366
33595
34164
34962
33948
38104
33797
35186
35671
37516
39886
40453
39097
36731
35106
33666
34110
33025
36293
34677
38968
33105
41625
33490
35717
42428
32485
37434
37321
32683
38724
41860
37106
34144
33612
34174
45904
36189
34848
34224
37120
35378
34855
33550
42990
38577
34368
40185
35535
32665
39108
34438
34893
37686
38804
33445
30845
34471
39305
34273
33447
32284
38548
39843
35625
37675
37014
35438
37045
35887
35810
36855
32407
33810
35168
35898
37561
40075
35248
31618
33810
36679
38958
33859
36704
35024
32829
36976
36072
46728
33326
39617
35487
36235
34232
43735
37753
34102
34026
37529
37188
36906
34417
35587
41088
31870
37525
38087
33946
36223
39934
35750
38450
32930
40541
34844
42399
35853
34967
38220
41396
33285
34468
32209
34542
34708
43229
35981
37509
38727
34646
34663
35955
34603
38275
35685
34844
35686
33629
35848
33231
36727
34102
34368
33243
34235
36052
39713
35065
34404
32071
34863
38489
37084
35305
37727
34479
33033
34704
35711
42294
37365
38006
39806
35715
36468
32863
32531
36114
40857
39936
36459
38164
32269
37523
37791
34956
38147
38124
41019
34424
37507
42203
39561
34617
37765
38387
37291
33231
35991
37385
43467
36971
34826
33365
33660
38473
36417
41501
34566
34126
33277
39790
38445
33486
37212
39520
31640
35300
34620
37564
38759
36782
34370
37608
37106
37456
34641
33105
33352
33810
36199
36299
38942
37675
31276
35413
34486
35985
34026
36852
33079
37378
38355
34894
34362
40223
39155
33668
45064
40541
37367
35809
32068
34861
35624
35765
42519
33243
33473
36803
36604
34784
32557
34685
38297
33277
35162
32873
37576
41848
39639
34404
34696
37593
33196
37382
36571
34870
41164
37602
33428
39658
34844
35576
36027
36316
38314
37963
36433
32626
38948
34843
36229
35940
37000
36810
39020
35650
39054
35995
35257
35038
33954
38956
32652
36696
35027
34796
38728
33105
48302
36539
39432
32982
47525
40975
33897
34920
33662
34041
35438
37973
39840
35957
36031
32623
38315
43523
39898
43753
34566
34140
41432
34057
40459
35339
34232
33079
39326
35960
34256
37757
35923
34300
35948
35352
44583
37595
36219
34850
38724
41343
36420
34338
38521
41023
42140
38269
36719
37490
38152
37677
40784
35685
37823
33075
35955
33810
36299
35243
32889
37169
33136
40428
35245
38198
33243
35337
36633
35438
37226
32821
32054
34860
36579
36423
34224
35960
37979
34726
33612
38071
41151
37504
34312
39040
33081
38098
35240
34486
34041
37764
37020
33110
37728
34694
36573
32485
39680
31896
36237
33490
36568
33810
37594
34722
41621
37083
37082
36309
36263
40438
42894
35457
40541
34224
32832
37096
40922
36020
34971
34844
39146
39097
39447
38133
35923
36054
35240
41744
38728
31870
37593
36641
40160
41630
39152
35985
33441
47478
37198
36324
32485
37384
33874
38450
35096
39184
35809
36112
36070
32863
34675
33994
33202
33277
34280
37367
36072
36267
33828
32485
36706
37336
38967
32863
37109
41250
33025
35643
35567
35073
36246
37131
36435
35914
36704
35445
37968
34132
36416
35577
37129
34170
35091
34850
34826
40923
37434
33523
37603
38656
41185
40680
40501
34844
35643
33770
37990
34920
35199
37891
39844
35073
37312
35890
37187
37421
36417
35717
39610
38009
34617
35415
37464
36463
34920
32691
36996
41046
32732
34858
32683
40252
34913
35240
36892
34948
33644
36647
37137
33231
36137
34772
37530
42679
39317
35670
34224
36003
40186
35260
39815
34252
40710
36784
36069
38753
39053
35780
40328
34506
36832
32665
36240
38830
35804
40797
38124
37936
36604
38456
35942
37250
35200
34855
32683
40703
34646
35841
40470
35671
35582
35964
34256
33550
32485
34281
33483
34314
34987
34057
35717
40761
37393
35232
34617
34399
35580
37806
36862
34893
37504
36844
33277
33159
38150
35877
42205
39219
35606
33994
33897
34232
37065
37883
34404
40697
32817
34041
38516
35696
37571
33352
37935
36357
37423
36730
39453
34545
34677
36332
32889
40934
36020
35546
38909
33411
36037
34962
35995
37895
38650
34128
34281
32821
33946
35797
36299
38912
38926
39021
34144
32863
34876
38366
34646
38925
34281
38051
35948
37595
40558
38269
35985
39315
39092
41869
32683
35091
31937
38076
34438
35487
34860
36561
37031
32683
36907
35935
36679
33645
33796
34206
35806
38478
38637
34722
34993
35582
32071
35754
35122
42551
36801
38073
33520
37636
35625
37278
39449
33105
35243
39130
40205
33550
33532
35667
32889
34430
35948
34385
35141
35415
34273
35684
37634
37082
34844
36886
37492
31856
34416
32071
32269
34598
33217
36484
35555
36970
34256
37448
34649
33874
32889
39735
36798
37250
33876
34224
35168
34988
35841
35240
40879
38190
40222
38937
34471
43083
36509
34696
38941
36305
34065
34206
33025
35197
41161
34646
34772
40634
36810
32209
36011
38715
42030
37581
43863
38463
38077
36232
42255
34789
34818
48149
35822
36773
35062
34691
35592
43299
35091
32938
36037
42448
41855
38608
37185
36671
36526
34884
33687
37701
36484
39116
33074
40525
33827
36391
34566
33462
32485
34471
35257
37494
33461
37731
35668
36129
35951
34571
35865
36709
37104
35657
36622
37828
37261
37187
35995
37626
34102
35091
39207
32269
32413
42164
35487
33506
34479
37459
39000
34256
35467
37473
33274
43389
35915
39490
36085
34368
37261
35426
37104
33447
39266
37492
33483
33231
31618
36296
40287
32665
36324
34347
41716
33876
36965
34956
33612
40243
36773
37890
34373
39705
34746
42255
35689
35165
33277
46058
33573
43822
34218
34419
35279
40922
34273
37799
39051
37748
39866
33874
34026
35179
38993
37519
45894
33946
41528
35305
37693
36200
38938
33033
37316
33033
33483
37873
34574
46256
33352
39586
36862
35438
40813
40159
39995
37124
40691
33796
35797
34041
37181
36062
34615
34026
34677
33810
36303
37258
34281
39106
39787
34847
37385
39673
36176
36439
42013
32803
34224
39302
36190
36417
36715
40928
36394
38512
40894
34368
32071
33694
33079
33897
40441
38926
32372
40020
34722
34270
34187
35211
39189
37385
34920
34296
36523
35417
34642
37453
36676
35432
34548
32691
38383
41731
36107
37380
36653
34772
36556
40483
38947
33303
37475
38467
35068
34906
32557
36526
35473
34273
43362
32665
39095
37058
35783
32660
37350
40345
33810
34065
33483
36572
32448
34696
39322
38778
35717
36388
34543
37187
41980
37134
37228
33897
36461
32036
34991
33550
39051
38859
37671
33699
34566
35262
34743
38005
35877
37322
34026
35882
37258
34797
35898
39483
33810
32209
32732
38923
33535
32421
40692
33704
34603
37258
37395
33645
39008
36454
33105
34404
34640
42315
33810
34865
39934
33837
33105
30894
35963
36911
40040
37096
35746
36556
34955
34614
35587
37746
35578
37031
38033
35062
32413
35121
38022
41440
32691
34224
35985
45558
33573
35064
43568
37816
36509
37014
37781
34844
36342
34920
39849
35985
34542
34642
32485
33079
42863
34170
41132
40005
34026
35514
37480
34818
35240
37728
38884
36376
36062
35312
34232
37765
43851
33954
36690
33326
37639
39465
35209
32923
37637
35576
35140
32683
36232
36896
37770
32873
35918
35884
34764
35048
38795
35374
41505
35417
35713
35440
31690
34206
34300
33033
36195
32803
37421
32238
33797
32054
36267
38124
37350
33007
43483
39687
41847
41872
39460
35759
35091
34300
45680
37852
37133
43069
36098
34102
35500
34005
41579
35781
34646
34479
38180
37204
36415
37510
32889
33599
33274
32611
37746
33181
36337
41320
34026
32485
34462
34164
33612
34577
33079
34368
37703
36685
34203
37943
35667
39869
37014
34039
41831
34876
41391
35543
34962
40499
37227
33897
39705
33074
35240
38640
34876
34993
34126
33483
42538
35708
34471
35091
35005
39159
37346
38650
33750
35623
36529
38215
43341
40869
39025
32683
36383
38889
33609
44037
35240
37571
34614
35094
39798
41991
32209
37732
42913
32889
36674
46668
36064
35995
40556
37448
34453
35492
33699
33994
35207
39592
36758
35074
36242
38328
32821
35229
37281
38723
33303
35311
34496
34764
34634
42663
34164
35994
34826
38869
34876
36337
32683
33033
38534
33621
33415
41399
33231
33473
33925
36260
44916
40552
33699
34758
35047
36107
35162
39619
32683
39254
34646
39586
33550
32821
37182
43841
34758
37250
40651
40959
34894
34002
34547
37873
43003
44020
38076
41788
39918
38640
39962
37187
36771
34232
36980
42158
32850
40199
35395
36331
36134
32863
33573
43343
34715
37655
34535
34615
38423
35240
35240
35246
37791
36337
41357
32732
36136
34646
35797
41831
35960
36990
40539
34164
34646
41050
38672
34844
34232
41869
36526
37744
38512
32516
35348
35641
33699
33105
36263
34542
39419
35323
38804
34254
39231
40508
35470
39000
37574
37006
39499
34206
34722
38527
36748
37183
34026
37703
35197
37685
43343
36904
39319
34152
33243
36689
36461
35366
37373
34620
41428
35821
36767
36715
43337
37193
35271
40541
37467
36015
42203
37889
34189
34002
33813
40676
34860
35245
47749
38642
32889
37636
35387
33612
32516
32032
37204
37565
34620
39520
37014
37569
38853
39184
38918
33303
38017
32485
40889
36958
36107
38922
34084
35417
35010
33277
33550
34368
39605
40439
35622
35407
36985
32697
34754
33303
35914
37234
36626
34164
48117
35720
35643
38477
35240
35946
36219
34370
35091
41432
33231
35186
33621
37057
33580
36338
37935
39799
34746
34618
39317
34370
43958
34043
36804
35599
35024
39070
32817
34741
44195
32284
32889
35997
34531
40464
35338
35513
35887
37187
36843
32889
34803
33285
36605
35915
46374
32732
36887
40059
32930
34875
35842
36719
33658
36828
40268
32054
34676
34659
40160
43075
33645
35606
35468
33859
33277
34545
33303
42947
37051
38473
33645
40585
36431
33231
34867
33612
39796
36931
34678
36971
35485
35095
34102
34082
38063
34479
40171
36985
37457
40593
33627
35711
37728
33105
39072
34821
35426
39469
33954
38493
35191
39596
35671
35468
36314
38950
35047
35324
37675
35948
32858
35516
44544
35058
39096
37781
37791
35915
34209
34026
40960
39409
37990
37518
35449
40298
32665
35685
38236
33612
34461
40791
35487
35797
39541
35717
35822
35002
37816
37439
34098
36392
34281
36263
32071
34547
35031
39152
35211
34232
38927
36362
36882
34966
36806
35719
36415
38956
34813
37062
37428
32827
34404
35655
37781
34920
35625
36435
38647
38300
35389
31474
36420
34224
35091
37380
37332
38347
37486
35302
39985
36048
36862
37850
37332
37703
33217
37505
38950
34818
33483
39350
36711
35964
36769
36773
41576
33699
39130
36931
39523
36393
47473
40769
35805
35652
33699
38352
32071
38011
34646
36190
43095
43990
34902
37484
35245
38314
34471
35344
35630
36535
33285
37544
36302
37409
37985
37529
48238
33937
34256
34256
36956
37608
39826
41102
42416
42876
41255
36369
35048
37637
32071
37690
36591
34273
38208
35160
37964
35671
36709
37451
41019
43052
34206
32269
40119
33415
34362
37120
33612
33079
36387
39029
36679
33580
36983
37226
38728
37178
33825
35097
34772
37803
37211
35094
36488
35047
39857
36417
35240
35073
33909
39947
34235
34844
36229
35269
37369
33074
38839
34206
37425
38044
35286
36803
37747
35408
39155
35024
35692
32691
34893
38705
38527
34239
38083
34055
33550
34847
34496
