7208
4371
4759
2432
5350
6252
3344
1943
3942
8005
1613
5772
4270
5695
4759
3932
5670
1613
8422
5685
2582
3840
4803
4885
7733
2432
4803
2280
4425
7147
6134
2430
4803
6912
8798
7594
4356
3293
5198
7014
6481
7355
5002
5681
5193
4803
1133
8422
3840
6175
3942
9258
5685
6211
5340
4294
2582
8441
9162
8761
3674
5695
5772
4752
4674
7525
7517
2963
8416
7147
6178
2871
7147
10766
5664
5787
5772
3824
6255
6725
5695
8005
3790
3932
6592
5899
2541
5664
1613
9233
5441
2912
5722
7151
4752
7014
5772
2919
5263
5787
3942
6211
1950
4294
2919
7208
5695
3942
5215
1943
7503
8345
3729
8908
2973
6134
6512
10286
2432
1613
5239
5764
5174
7346
7494
4161
11011
3443
4836
4752
7014
3477
5163
2760
1463
5695
5695
5772
2541
6280
5664
3674
8555
5239
6582
1133
3293
7996
3688
6725
2582
6512
6481
4774
8917
5664
3932
5772
3249
7033
7525
6725
5772
6175
2973
5664
4803
6134
2973
5667
5307
7409
7093
1613
5184
7180
3824
7103
1133
2973
5772
4262
7409
4759
4294
7586
5685
7516
2102
6340
7014
7014
4335
5695
5772
4262
3344
4185
3957
3942
7963
5695
4287
7635
6178
6490
2973
8431
5695
3773
7497
7522
3344
5899
5673
7409
4371
4491
4185
5307
3840
5772
2912
6211
2919
5899
3932
4872
3453
7423
5340
8403
6582
6592
2541
2973
5184
6001
5184
6512
3293
3957
8863
6495
5174
5772
7473
8368
5523
8235
3807
5163
4381
6211
4262
2102
3674
3453
5695
5184
3773
8441
3453
4262
8863
6505
6592
2760
2973
8005
4864
2102
4425
5242
5797
8846
5198
7014
4185
5198
5152
4742
7384
7748
5685
3855
5184
6255
6725
4381
2871
6178
5797
10194
3510
2280
5772
6592
5193
8468
4864
6538
6419
1463
4672
1133
7525
1613
5980
5664
3477
8095
7627
5283
7516
4294
5602
1613
5174
3855
4161
3932
2541
4803
3942
7014
7630
3453
5002
2871
4412
2973
3942
5667
6592
3790
1133
2432
3477
5307
5283
5654
3824
3456
6715
3855
7635
6484
5685
10316
8235
6725
6001
1133
7384
4422
8798
5593
6592
7813
5317
5899
5523
5702
10271
8008
7103
3807
1463
4742
3942
7045
8330
5637
4154
7147
7353
7192
8555
1463
6134
5482
6252
3510
3942
2432
2963
7147
6733
5685
3293
3688
4233
6001
3344
5695
2912
5673
6134
5637
7014
5797
5772
6147
6582
3443
1133
6582
4161
5286
6912
3443
4371
5766
4759
7396
2102
4885
8848
6835
5215
5695
2280
2973
5772
5239
7014
3293
7014
4803
9258
2963
5174
3688
3477
5766
2973
7892
2919
6495
3790
7471
3344
9362
7627
5317
2432
9938
5307
2430
7147
5673
5340
4885
5317
7954
3790
1613
3807
5317
3773
7151
8877
5772
6571
5174
8443
1133
5491
3453
6912
10686
7222
2102
1463
6592
7180
6167
6010
5184
2973
7147
4422
5317
5695
7594
3936
5283
6885
8933
3293
4161
3344
3840
8422
4287
6484
3855
7093
5286
7663
6117
3477
3344
8555
2912
8005
6340
1943
4641
2973
7033
3942
2432
2280
5163
5695
7895
1950
4752
6571
5673
2919
7093
10308
7418
3344
2280
5602
8033
2973
8397
1463
3773
3790
4327
7103
7033
5797
10184
2973
2541
5184
3790
3510
3477
6912
5283
4262
5193
9343
8924
5184
7103
8563
4161
5002
7516
2871
3957
7850
5184
2871
1613
4270
5082
3942
5163
3674
7473
4381
6835
4905
4270
5193
7075
4971
7542
8468
3942
9805
4154
5685
3344
8555
4665
4672
4803
2102
7975
5283
6538
5695
5202
5685
5198
3674
8087
3942
3942
5350
1943
6592
3855
7946
3674
6175
4701
5198
3840
2432
6610
6582
7147
6538
4422
2973
7014
5772
2963
5695
4233
6003
6931
3510
7975
4262
9258
4624
6512
1943
2102
7155
5184
6951
6032
6505
2541
7558
4422
7180
4161
6582
4742
8933
7023
3840
5685
2760
5174
3249
5664
4803
2973
5239
7033
4233
8555
5833
1133
5593
4185
8008
4381
6601
5082
6252
7946
7525
5184
7627
6419
6700
3293
1463
9416
5094
4872
7353
6481
5104
5695
2102
4194
5184
8441
4294
9662
8330
4803
2912
7180
7033
3293
9673
7033
5317
3344
6592
4425
3773
4742
5772
8863
2102
6912
8441
1133
8863
1463
4864
1133
6001
3942
2280
8422
5504
5695
5104
6912
3932
4381
5239
2973
3477
9268
4273
5283
3293
5504
5637
5523
4885
9162
6592
1133
8401
1950
4356
2919
5350
8087
5002
3855
3674
9495
2973
4674
7813
2973
5682
3674
5695
6001
4381
6601
5317
2973
4294
3855
3453
3807
7353
4491
4335
7423
7542
3942
4624
6712
2102
1943
3344
4803
6167
4803
2973
6255
5111
5082
2963
5002
4665
6015
4371
8863
3344
4287
3443
7525
1133
5685
4665
5184
4412
4161
6592
3932
7033
1463
1950
2973
5569
5184
3358
1463
8087
6252
4381
4381
6186
3344
5800
7155
7147
8422
3453
7525
4836
2541
6512
9339
10246
4774
7946
5317
3344
7550
2541
3932
7525
4273
8255
7525
4803
5664
2432
3453
3344
7023
6001
8933
5184
3932
3674
5286
3453
3477
6134
6340
7045
5797
2102
1950
5184
1943
4262
3932
4161
2973
7016
8863
5283
5637
2973
6484
6592
6010
3840
5350
8933
8422
3688
2102
3293
5286
3936
4185
3453
5184
3344
4262
6538
2102
3453
5664
4287
5800
2973
3293
2912
5593
6993
5593
3674
5202
5283
3790
5602
5695
9362
6134
4270
4154
6538
5283
4885
2919
5082
3790
6134
5664
5082
5350
7014
5263
1943
11115
5317
7033
4422
4701
5664
1133
3453
4491
5184
3824
6725
6015
5800
2582
2912
3790
5193
7033
7920
8324
6725
3249
2432
7093
2280
4624
3790
6931
5317
5980
2432
6592
4422
5664
2973
7033
2102
7494
6010
3688
2760
3942
7525
3674
6124
4356
2973
7497
2973
7542
4185
7525
2912
2973
5184
1950
1950
1133
5286
6167
5523
7964
6995
5523
4422
7014
6512
4752
2432
3855
4381
6167
5602
6484
4759
5184
5111
6167
2973
2432
1133
7409
7033
6614
8761
4270
5654
2432
4422
5673
5984
4273
5174
5174
2973
3855
5504
4803
1613
4491
2973
3358
2541
3443
3855
6481
2963
3477
4270
5772
9741
5482
5637
4759
3456
4185
1463
7418
6134
8235
5350
4701
2102
5193
1613
6592
7494
10545
5193
1133
5082
6405
2760
5569
7014
7525
4381
7513
5317
7103
1463
2963
9643
5184
5743
3729
5193
1463
5263
4161
6114
4759
8441
3293
1133
7850
6931
8933
5685
5002
8345
6226
1463
4491
8563
5215
8441
5184
6211
5317
10308
1463
4672
9371
5504
8863
6512
7494
6512
9343
3790
3807
7850
5317
2973
2973
9346
3477
2973
6001
10316
7525
6694
7014
3932
6964
1133
4752
8555
2973
2973
5350
6931
2973
7663
7103
4665
2102
3790
5174
3456
6715
6614
1950
5202
8908
3855
9824
7353
5350
2102
5184
5504
5772
8530
7014
5670
5667
5317
5833
3840
4381
7630
4701
4701
2280
5011
7423
9071
7033
5082
7494
2912
2432
9343
1463
3456
5263
6592
3790
4803
1463
8335
5002
4371
5593
2280
3942
7652
2102
5317
2973
6134
3453
6614
5198
8422
4294
7525
5797
2541
3790
4742
6134
6175
5263
4356
7033
4803
1133
5173
5637
5833
6252
5833
4803
7014
4381
5082
6175
6223
8555
2430
6951
4836
1133
6252
7103
5664
5664
6725
7033
5184
3477
3942
6114
3674
6592
8422
6481
5695
2912
6725
3293
3824
3855
7147
8333
4422
4657
4752
7033
7516
6165
1133
3942
5523
2102
5307
7103
1133
5637
7353
2919
7147
5082
4185
4672
5317
2541
2871
2871
1133
1613
2102
3807
5184
4185
2919
3453
3942
3358
3453
6715
2973
2973
3932
2760
3840
7513
4185
2871
4371
7180
7147
6280
6015
1463
5350
2582
7033
7835
1613
4381
2973
2432
7895
7151
8465
1463
6484
2541
6725
5504
7033
5286
6167
3453
2963
2919
3344
7033
2871
8431
2432
6924
6700
4270
5163
4262
3293
8235
3790
8863
7850
5317
2432
4641
3942
7835
4803
6592
4624
9861
4381
3293
6638
7627
5695
2973
1950
7409
3344
3453
5307
10175
1463
8422
2280
4665
8441
4864
2973
7513
5184
6481
4294
3932
5239
7103
3807
4161
2541
2430
5317
8813
3903
4672
5198
2432
3344
5174
6694
1463
5307
5104
2973
3932
6614
3477
1950
5184
3477
7014
8354
5193
4154
4752
5215
5082
6001
1133
7627
8555
7014
5307
4327
7586
5350
6405
3674
1133
2871
2912
5984
4752
2430
6592
5654
4803
4422
5174
3344
3399
8120
2973
2963
2102
5174
7033
6725
3942
6001
2963
7733
7525
5899
4491
4742
7513
4425
5286
3477
6592
4161
5198
3674
3688
7103
3942
5664
5593
5667
3932
6592
4185
8933
3477
2973
5317
5764
4422
3932
3729
4803
1463
6725
1950
7409
4624
4381
3249
2973
6694
7093
2432
6134
8441
3443
2973
5772
5350
6117
7525
4624
8254
7964
3477
4752
7023
5317
5504
7014
4270
2541
1613
3477
5695
8933
5184
2973
5184
2432
5184
5673
2963
5193
9662
4287
1950
3344
5673
4327
3807
1463
4154
1950
4803
1133
6001
1943
6601
4759
5523
6252
2430
5193
8555
5163
3674
6820
6211
1133
6178
6015
9873
6147
7103
5797
7423
5667
2912
5193
7525
7180
5772
8848
5215
2541
4624
5184
5350
5082
2541
6715
8530
7147
2280
3957
6015
4273
6481
3453
5263
3344
2973
4262
8863
10184
7558
1133
2102
4491
6211
7075
5174
6601
6015
4287
1463
8441
5673
7497
5593
3942
7103
3453
3510
4194
5283
2973
5743
4371
4270
2541
11169
6001
3510
7103
2102
4294
2280
5174
3477
7033
5766
6001
4701
3807
3729
3807
9848
3477
3358
7192
4412
7513
6725
5283
6001
5317
6223
8908
6592
7033
7635
6211
9873
5685
8848
1133
8363
4412
8908
5184
6512
5198
3510
4759
6712
2102
3942
4759
1463
1133
2102
2541
1463
5317
3840
3807
6993
2871
9258
2912
1613
3790
3293
10246
2102
3399
3790
4287
4759
4803
3773
5654
3453
8087
5215
3855
12024
4381
6114
6252
5800
5980
7353
5184
4161
2973
3932
2432
6955
4287
8933
2430
4381
6252
4759
8441
2432
7977
5984
8465
7606
6592
3674
7103
3936
5523
4287
2760
4356
5104
1463
2430
6134
5899
2963
6481
5667
7409
3674
9343
3688
3840
7513
3932
6175
7180
10075
5637
5787
7103
2541
7103
4672
5307
6405
5685
5695
2432
6706
2102
5772
7045
6226
3773
4381
4759
5350
2280
3840
3942
5504
3942
3477
3729
2541
3674
4803
2430
3942
2973
2432
3399
1463
5504
7014
3790
5504
5673
1463
8555
6175
4287
4262
8422
5104
1463
5664
4665
9645
8005
4422
5772
3477
5685
4774
4759
2582
4759
1463
5695
7147
3807
5184
8904
6003
6931
4262
4412
1463
7663
5111
4262
4752
5664
5317
8863
3510
4161
5695
5350
6582
5317
3477
6638
5239
5307
7023
4381
6582
6134
6186
6165
3903
6001
4381
5317
4759
4422
2871
6582
5523
8087
4287
4381
5899
7103
7503
6134
4154
5215
4381
4270
5193
6658
5695
5523
2973
6134
9495
6454
1133
9038
8213
2963
7014
6223
2973
3453
7033
10271
5307
3957
7023
7850
1133
3807
4803
7895
1943
7497
3807
5202
4335
9347
6638
10084
5239
5797
1463
5174
7586
5174
7045
10041
9416
5184
1463
2432
6582
5174
5899
4356
5307
3824
7975
4803
8422
3344
5787
5184
1950
2919
3674
4233
4701
5637
10545
7964
4194
5602
2432
4381
5504
8486
7014
5283
5797
4701
6001
4270
5833
5772
4701
7033
3688
6582
5664
3344
2973
3344
4262
4185
2541
2919
7954
4294
6592
5082
5215
4294
6993
1133
5174
5523
6001
4422
10658
2973
2963
6405
6001
1133
8665
7078
2102
7850
7147
6582
8005
5340
5504
7525
8087
2102
4294
8555
4185
3942
4759
6252
4185
5184
9224
1950
2582
3824
4803
5504
5491
7409
8441
7033
3249
2963
2541
3510
6725
4161
1950
1463
5184
6495
4287
7147
4412
5317
4624
6614
5174
4752
6117
6252
3942
8863
8465
5184
5772
7833
3855
10479
5743
2919
3824
5317
6255
2912
6063
5340
3510
6134
10555
1133
7023
6725
6592
5772
6080
7147
3453
5082
6001
8354
8441
6931
7409
4864
4624
7180
5184
1463
5523
1463
6700
3942
2432
8933
4287
4327
5340
2963
7517
4287
3942
3942
1463
7850
6912
7497
7033
1463
5673
7147
7409
2102
7542
2871
2973
4759
8555
8555
5283
6211
3674
5317
3510
1133
6538
8122
5239
4836
4701
8330
4154
5215
5350
5174
3942
9686
7033
5722
3344
1613
3942
6015
4185
3453
4803
7192
4381
2973
4752
5263
8330
2973
7033
4672
4294
5695
8008
6481
5317
7208
2541
7033
5593
4971
4161
5082
7850
4752
3344
7525
6592
6622
3942
6725
3510
2102
6134
5184
6167
5350
5307
6725
4294
4294
4412
2102
5002
3344
6592
10271
3932
7180
5504
1463
3477
3453
4185
5317
8008
3936
1943
3790
6252
4803
4381
6582
2582
7147
8905
7525
6001
5263
4262
4371
7503
4885
5082
4422
9803
5184
6211
5198
4262
2102
2280
3855
5152
6638
4273
5772
4270
5193
7045
8110
7147
7014
2871
9495
3344
7432
6964
6955
2582
8715
4701
5523
6003
5174
2432
3443
1463
7850
1133
5350
6252
3855
4194
3729
3477
3807
4273
3477
8863
6622
4383
7627
5764
1943
8330
6512
2760
4491
5163
5002
9135
6725
7702
5569
2871
1950
3344
4422
5317
3942
7513
5317
4665
6032
7093
5317
4752
7093
1950
4753
3790
4803
7045
4294
6481
5002
6481
5984
2919
3932
3399
4356
2973
5504
3957
4674
5104
2963
4971
2912
3249
6495
5899
2912
5307
2919
2432
3942
3674
5637
6010
4287
6211
1133
5263
3510
8330
3674
6134
8416
4672
7103
6134
2432
5111
5482
1943
5800
5504
6001
4803
3790
2973
2973
6134
2280
6666
1133
3790
6252
7023
4803
3824
8555
6481
4161
3773
7353
3344
2912
7023
6725
6444
4803
6175
7147
8761
5797
2541
8761
8434
4885
4672
7663
7850
2973
8488
5637
5317
6964
6010
2963
4672
7494
4381
5184
5283
2280
6622
8933
7014
2963
6405
6211
3477
7103
4233
5350
11558
5899
4641
5772
10271
3824
7525
4803
8397
7594
8567
5641
7630
5664
5504
6592
6820
7353
4674
7208
5772
3807
5307
1133
3773
5569
6725
4161
5242
3807
6592
6481
5215
5307
4335
4161
3790
6512
7180
5772
2871
6134
7126
2973
3293
1133
5174
7850
7045
3443
2973
6178
3840
6481
6032
3942
3358
7963
4335
7516
7833
1943
7954
1463
7180
3942
3855
5350
1950
3674
7014
7075
4262
6165
5695
5482
3957
4657
7014
7180
8856
2912
7103
5317
3344
7895
7627
3477
2432
8108
6601
6715
4425
5350
7384
6567
5011
5899
2973
6592
6147
5317
2102
6178
8005
3477
4412
6001
7103
2432
2973
12507
8856
2102
4672
5184
5198
1133
5198
5317
5772
8877
7850
6512
6567
7542
7103
3773
2582
7180
3477
4665
4641
3399
5193
6964
1943
4759
6001
3824
3510
6117
5307
9343
5670
4701
2963
8746
8033
7423
2430
4161
3477
5242
3510
3453
5685
3293
2919
3790
9495
5695
1950
9388
6419
2432
2582
5523
6001
1133
3773
7014
6916
3477
1463
3932
4803
8828
3344
4371
6601
5283
7627
6592
7033
3453
3510
1133
3344
5899
3674
7494
5082
11186
2973
5772
6175
3942
3942
3344
3790
6538
4905
2912
3344
1133
4491
12024
10745
3936
6725
6211
5899
2919
3674
5325
1463
5198
3477
1463
9295
1613
5593
4864
6015
7075
6538
6481
6001
8933
5184
4624
8798
6484
6592
9416
7147
7147
4335
7014
4381
5984
2432
4885
7423
2432
2432
6167
6582
3453
4185
1133
6211
6733
5667
3957
5574
4491
4752
6252
4759
3855
8172
2280
4194
3344
2432
8933
3932
4641
4759
6512
7180
7147
2432
2541
4270
8761
5082
4194
3824
3344
4287
5082
3344
4864
5670
5523
5193
10271
8033
5637
7850
7033
5317
2760
5667
7047
1463
2973
3477
6211
5184
2432
2280
7525
9501
5286
4161
5670
2912
12024
8087
7892
3443
4287
7503
5215
4154
1133
4759
5002
3773
2973
3453
2973
7785
5215
7078
6134
2871
4759
3807
8933
7093
5263
7103
7093
7192
7103
4425
6252
5667
7103
9776
1133
3293
8422
2973
6252
3790
3824
6694
6567
8235
6167
3932
3824
1133
4905
4270
6024
7033
7103
7014
5104
7964
2973
4381
6700
2973
1463
7014
3453
7147
6252
5569
4491
5350
7627
3674
6134
2430
5215
6725
6134
2973
8422
6001
4294
3807
6211
4803
3942
4872
8863
4759
7045
3443
7014
6512
7103
5653
4885
6015
5695
1133
4803
5787
5504
5643
4872
6015
2919
1950
3477
2919
8441
7494
5263
6650
5082
3456
3344
5702
3249
2432
7497
5317
4803
10084
7014
5667
7954
5283
5082
1463
3510
7850
2919
3840
5174
7594
2973
2871
5307
3932
1133
2280
7920
2963
6638
6252
5523
7180
5307
5163
1463
7180
5695
6725
5695
5317
3674
5695
7850
7180
3840
1463
2582
7208
6614
8746
5702
1133
4872
4161
3399
4161
4803
4287
3942
8465
8368
3790
4803
7353
4425
7147
8345
7516
3344
4327
3456
2963
7513
8761
3688
4371
7103
3688
3942
6725
2973
9343
3840
6571
7627
2973
6912
6015
6650
8465
4803
8486
4425
5193
4262
3674
5184
2102
5654
2912
2871
6211
5317
5174
7513
9226
3674
6165
6003
3293
5772
3293
4381
5198
8163
2280
3344
8441
7497
5184
6134
11256
3358
3453
3443
1613
7418
7103
3790
8877
7093
6614
4425
6592
4273
7180
8828
3477
4371
2102
3824
5198
7014
5215
7033
5184
6063
4185
1133
3477
3942
6032
4759
7147
5350
3942
6001
2102
3807
5695
7455
7016
7409
2430
7014
1613
5984
8863
3840
5772
4491
7525
8798
4752
1613
5654
7147
4327
2582
6512
5283
1943
5002
8924
3807
6124
8863
2963
9343
6211
7014
6015
5174
6617
5772
6582
4752
7033
6592
5637
5325
2973
9824
8441
3453
4371
5637
5800
1943
2102
3688
4294
4885
8933
4752
6931
7103
8330
6885
3477
5772
5082
4701
5184
2912
6512
6592
5695
4161
6134
4371
8416
6211
5653
5184
3674
2760
5193
4273
5685
5317
3824
6211
7147
3790
2280
5685
8465
2912
5193
4294
6032
9501
2973
5797
5307
6003
3249
8863
7014
4803
3453
3932
4294
2973
9295
5193
7180
4803
8933
4262
11492
5263
7525
4154
2432
3688
3807
1613
3790
3674
5317
4665
8863
5317
6460
10271
8933
6134
2541
3453
7033
4371
6725
8933
7045
2973
3942
3344
7432
7516
3249
3942
1613
3293
5593
8933
8684
6951
3688
1950
6725
5504
3942
6712
6186
8567
10754
3942
3510
5283
5569
5350
3790
4672
1133
8431
3443
6931
5239
5504
5641
8933
3855
2973
5695
5637
3903
3456
5593
3453
5202
5193
6003
2541
2102
3807
3674
7494
8008
10175
6725
7147
3932
2912
6835
8422
4194
8863
6175
2963
5702
3477
7675
4294
5899
2432
7409
4701
1133
5667
5695
5593
3942
7180
9776
3453
4885
3293
6481
7525
1950
5695
3456
2973
3932
1613
4872
3932
3932
5772
5350
9268
4701
5152
2102
7014
1133
3942
6592
1463
5772
3249
5317
5664
4335
2541
6700
6032
4803
7525
9038
1950
6955
6165
3674
2919
3824
6715
7222
5317
7103
3807
2280
5184
2973
5664
4294
6931
5317
6592
5670
3936
4665
7103
10658
6165
5283
6211
1463
6481
2432
6460
3399
2973
5174
4262
1463
5482
5263
4971
2102
6610
7586
1133
5441
7409
4154
4185
7033
5797
2280
2963
4327
3840
5504
3674
4742
5664
5174
4381
7396
6715
2973
4422
5317
3957
6226
7014
10154
5174
4752
2102
1133
1463
6175
4161
3293
3807
6134
8863
2973
8863
7748
6968
3453
3344
7558
5184
2102
3674
7494
3456
3293
2432
5263
4185
3942
3942
1133
6582
7550
9346
2541
2432
3453
4624
5350
6024
3688
3942
2102
4803
8397
6001
9805
5593
7045
3942
8555
4381
7920
5286
5174
9643
2973
9162
3840
5772
8413
5184
7627
6495
1950
7033
5317
4803
5202
9258
4161
1133
9673
2432
2973
1133
5523
1613
4371
5772
3674
4381
3293
3674
4371
5569
4381
7513
5263
5695
6495
1133
8335
6015
5695
8005
6512
8908
3344
6024
3249
6223
6211
8375
5504
7147
5317
7513
5215
3456
4294
5317
2973
5593
6175
3344
4381
6581
5664
5193
6592
6481
2280
5593
3453
6211
5286
3773
7513
7147
8465
2963
1133
5637
3477
10308
3456
4185
8120
6186
3453
5184
4803
4262
1133
6614
2102
8422
4491
3344
3358
5184
9176
2432
7920
3790
1613
5286
6725
5317
5163
6725
3249
2432
3456
3903
5602
3807
5340
4665
7103
3477
5670
5670
2973
2919
5325
3688
4803
1950
3443
4674
8025
3807
5637
3942
4154
8798
4422
7047
5602
6835
3453
2973
2919
7525
2963
2973
6186
9258
2919
8863
2432
5504
3855
3674
3344
3790
6614
7963
2432
3477
9824
3510
5772
5772
7075
4872
1463
4381
4381
7525
2963
5491
5523
8235
5202
2102
3773
5602
4412
7093
5787
5787
6725
7702
4803
3942
4624
3807
3477
4422
6165
6592
6001
3344
5593
6964
7409
4185
4185
5263
7014
2102
5637
8431
4422
1943
5772
4233
7033
7023
5504
4624
3344
8422
4194
3477
4294
3477
8441
8087
4422
3344
2102
10583
6114
7147
5772
3344
4803
6001
2102
4294
2912
3942
6032
4742
6134
4371
4803
7075
6340
4803
7630
2973
7192
6885
1463
3729
5787
6582
6001
3957
3824
7525
6592
5317
7748
5702
4803
5002
3293
4381
8431
3456
2919
3293
3477
7494
6134
1133
6211
7208
2280
7813
6211
2973
6223
7014
6032
7147
8488
4422
4287
5350
3942
4233
3510
6211
3932
5772
4864
6912
4803
3790
6001
4185
7057
4672
2102
6582
7435
2582
6715
4803
3344
6592
3807
6512
3932
3477
3510
5695
9162
4803
1133
3443
5317
5174
4371
5263
5772
3674
5787
2102
5984
2430
5695
6003
4665
5743
4381
3790
4641
4185
5695
3344
6582
6614
5695
5899
3344
4657
1463
5215
6571
6658
3957
6725
3344
3344
7033
3790
7208
4672
5340
2973
1133
8422
5082
7103
9347
5441
5184
3942
8441
6992
5504
7103
4803
7627
2432
2912
4864
5797
3942
6951
6912
5772
6167
9275
5307
2102
5685
7409
4672
3807
6733
7963
1133
3399
4262
5350
4803
7078
2432
5350
5664
6571
3344
2582
4185
5193
1950
2582
7103
6454
2102
3453
3443
8363
8863
2973
4335
9938
7975
4885
7850
4803
3932
2102
1133
4287
6571
5198
2582
6134
5984
2912
6512
1950
6512
4194
2973
1133
6512
4836
4185
6134
8933
6001
6614
2102
5174
5637
5104
2973
6340
4803
3456
7023
1133
1133
4287
9673
5283
9162
7014
4294
4864
7833
7103
3942
2102
4742
5002
4641
5695
8555
2102
3855
6567
2919
6015
5184
5174
3293
2430
5193
4803
2760
11211
7627
3942
5317
2582
9824
9646
4185
6134
3344
4759
6175
5193
3358
3855
5340
1950
8005
3674
6001
4381
6666
3942
5664
6582
7147
7850
2102
1950
5317
3249
7954
5504
5198
1133
4803
1463
8570
8555
1133
7946
8008
5772
4287
4273
3510
2973
5263
5797
5174
2973
7222
6481
5174
6571
5504
8863
7147
6405
7033
6592
4803
5340
1133
7892
5184
4803
5184
7748
6733
7494
5772
3674
7353
3942
6175
5664
6167
3477
5350
2871
3790
6015
5215
3293
4161
4759
4425
4154
5184
4491
7503
4154
4185
8563
3674
4161
5286
3674
6725
5263
2912
7018
4803
3344
4185
1133
7438
5685
3249
7180
3674
3293
2973
6951
4270
6481
2973
6255
8848
6252
5673
4752
3942
4161
2871
5637
2280
7353
4270
6247
3293
1133
6592
4185
2432
5184
5002
6024
2973
2280
2963
4356
7494
7147
6211
3510
2973
5184
1133
7045
4701
2280
1133
5317
6481
5593
6001
3344
5193
3477
5311
3477
4294
6725
6715
5317
10754
3344
6211
6211
3674
7078
4381
7920
8354
5772
7895
4294
3510
7409
3855
6252
5787
4491
2430
7525
3807
6001
7494
3674
10194
4161
8877
7503
5152
5317
3688
1133
3957
4161
6134
2919
4885
3344
3932
7977
3773
7045
9010
6625
2280
5637
5350
6481
2541
2973
8110
5593
7850
4327
3344
2973
3942
9416
9362
5833
6725
6481
6142
4885
5198
3807
5283
7147
8087
1463
6567
7180
2871
6592
6715
4742
5523
7663
3456
5263
7434
4641
4422
7180
5695
3344
9495
2973
4185
6175
8486
7850
7954
2280
1133
9258
9343
7014
6715
4381
6003
8401
6512
4194
5695
4885
4624
6175
2973
6134
5523
4262
6505
7525
9938
3840
7627
7920
4624
2541
3942
7503
5184
6280
2432
5082
6694
2973
3453
5184
4381
3932
8431
5797
6015
5317
7014
3790
2973
6167
1133
3932
1133
10246
8368
6617
3932
5673
7627
4759
9346
5193
5504
4803
3807
4752
6912
5673
5317
3942
5695
6032
5263
4624
3807
2432
3773
5673
5163
5772
2541
6725
4154
4752
5685
1133
3477
4759
2973
7093
3453
6001
6725
3344
3957
3443
4752
1950
5523
6992
5766
5184
5215
6725
5174
4759
5664
4422
3840
7045
1133
7748
3855
4641
4885
5569
4262
7850
6694
6165
8863
5174
6614
2973
2973
8335
8924
2973
4422
2973
8122
4327
7103
2102
5111
3855
3790
4701
2963
3477
5350
5766
6725
3477
4752
2432
5317
8933
2919
2432
3932
1950
5193
6010
6419
5764
3807
3942
3903
3932
7014
3293
5215
3824
6592
7014
3773
7033
3249
8908
6015
2973
7033
6543
7093
5174
4422
3344
6512
6617
1133
5082
5772
3477
2973
3453
6592
2973
7147
2912
3957
3344
3510
5350
3477
5184
4185
3249
5685
3942
6114
8933
6601
7033
5193
7977
7409
3855
5350
3932
6340
5173
4672
5772
3855
2973
6931
3674
6211
4885
8108
5772
6582
5695
9258
4425
7014
6912
5772
3855
2973
7014
7964
3510
6820
6582
7497
5286
6001
2582
5350
5899
5772
3344
5593
3773
5664
6211
5695
2102
2973
5311
4701
7423
7627
8933
3249
6165
5637
4657
3936
3477
2280
2541
5685
8863
3957
7033
3674
6992
2963
5317
6001
8863
6592
3932
7023
3840
4641
5685
5184
3510
2973
3790
8422
6247
3477
8403
5695
5283
2973
5317
6178
1463
1950
8468
7525
1943
8403
2963
3344
6495
3773
5523
4624
5899
4270
2973
3688
4273
4287
7920
5317
6134
7180
5667
3477
5317
3453
8863
2973
5184
5263
2541
6167
4262
5670
5787
7663
4803
4803
3344
5239
8422
1463
2280
7522
5800
8345
3932
6175
3453
2582
1133
5286
3477
3807
2973
2912
6733
1613
6211
5673
7497
5317
5797
5685
4872
2871
5523
5002
8333
5899
5664
5263
2871
7023
4233
3932
2973
3453
6658
2973
5695
5695
5695
3840
4154
4803
7423
4864
4185
5340
8465
4185
3824
2430
3510
7409
8235
6001
2919
5317
4194
5174
3358
4836
2963
3790
4657
3293
5198
1133
5797
3942
6175
5002
7517
5184
2963
5193
4803
1463
6571
4381
8422
5797
5667
3249
1133
6134
8665
3456
7208
7954
5174
4885
7497
2871
5215
6032
1133
5695
4759
7813
5317
3674
1943
3344
4672
3790
5350
5833
5695
5193
7503
3344
1133
6666
10194
4759
3932
5664
10286
5899
3453
2973
8567
6625
5198
8478
4885
7663
6592
5082
4803
3840
4383
5002
5350
7047
4657
2973
6010
7627
6178
2432
3477
1613
3840
4270
5743
3942
5772
2432
3942
5482
4803
8933
4803
4759
5193
6405
2582
6601
6165
5984
4803
6725
5317
3293
5695
4381
3510
10184
3855
3453
6223
2963
8005
6725
8798
7014
4753
6512
3688
3957
4154
2973
6581
5317
6252
6658
6592
3453
5800
8255
2963
8108
5695
7522
8933
3453
8555
4381
1613
7064
6134
6134
3293
2871
6658
7733
3344
2973
5797
5695
5637
6340
7396
4161
7586
4161
6725
10271
3942
5569
6567
7180
7513
6340
2919
6175
4412
5317
2280
2973
4885
6211
7147
7850
5174
7346
3840
5685
7147
7103
3249
1463
6134
3249
3936
4425
3344
3510
2541
5215
4672
3510
6003
7525
5283
4262
7494
2973
7513
3942
7497
1463
5504
5899
2973
6617
4759
6512
2280
12024
5569
7147
5317
4262
4885
2973
2541
3344
8422
10239
7409
3477
4803
5695
8478
1133
3790
6715
5198
9308
2973
6712
1943
5263
11907
9873
4803
3807
4624
1613
3688
3932
3840
7023
4422
3773
7542
6592
3477
1463
5184
5307
5685
5664
6134
2541
3293
8863
6340
7151
6912
2102
5286
5198
7353
10084
5673
5654
6211
6481
1133
3729
4759
5593
5163
5702
6405
4381
3477
4185
2919
3790
5184
2102
3688
5670
5307
9686
4665
7014
3729
5350
3344
5670
4752
7850
5174
4759
4752
1463
6727
4185
2963
7093
7895
7208
4185
7627
7525
3942
8746
4672
6134
5082
3942
6505
6252
5833
5307
7432
1463
7222
1613
5772
7353
3344
7033
3790
2912
6571
4759
3942
3344
6495
1133
8761
7093
5681
3855
3293
2280
3942
2541
8431
7014
7023
5184
5772
3249
5184
5504
3344
4161
2963
4335
1133
6211
1463
5653
6592
8905
2432
3807
5670
8422
4287
2432
6715
5685
5664
7033
6001
3807
6614
3942
2432
5317
5643
3688
2871
3932
6601
3344
4742
3807
9343
5523
4641
5283
4422
4803
6001
6650
2430
1133
4161
3344
7353
3824
6460
11492
5641
1950
5523
5695
2919
9275
7033
5523
6614
2973
5504
3249
9662
5772
3855
7494
7748
6167
3674
2102
5772
5011
7147
6912
5184
8530
7513
9343
3807
5772
5504
3344
4641
6117
5311
4233
5772
3903
4294
3453
5163
5352
8933
6001
2432
3453
5350
3456
5340
2432
9226
6993
5685
5350
4672
6512
2919
5833
5307
8933
5198
7014
3932
6715
3293
3453
1133
3344
5695
1463
3942
4803
8401
10175
7954
2963
3249
4803
1950
2541
7353
3688
6592
6601
3674
8335
5523
5772
6405
4270
5307
4422
5283
7045
4381
7014
5772
7558
3773
5350
4194
5637
3790
2432
6484
6117
5239
7222
2432
9339
5307
6032
3942
3936
7852
7180
2919
2963
5193
2280
2541
1133
4185
6010
6592
6601
5184
3932
6912
6032
4262
8422
1950
5184
3773
3453
8465
3293
8416
2871
5772
3477
5307
3344
4381
4864
5350
1463
5695
4803
4381
7475
4161
6147
4742
4381
1133
3942
4273
8434
6951
4161
2973
6592
6992
7014
8008
6134
4262
4701
1943
6001
5980
8235
5340
4262
4294
3453
1463
3456
4752
5695
6592
1463
7147
7023
5198
12024
3293
6964
2973
6592
6340
4864
7542
5352
5685
5184
5670
3855
6592
3293
4422
2973
5743
3942
5787
4422
7627
4270
8933
7418
2963
5702
6211
7517
7525
4752
10514
5184
3790
2912
7525
5523
2280
3453
2280
6114
5317
5350
5772
3932
3807
4262
5523
5664
3443
6405
3344
7147
8933
5667
5193
1463
3790
5504
10514
6186
1133
3942
3942
5002
2280
3443
6538
4971
5504
4262
5504
2973
2973
7033
3477
5184
5082
4864
6735
10194
4422
5685
5215
3510
4154
2963
4371
8441
2541
4287
7954
6010
4422
2963
6715
6700
1463
7023
6592
5184
2102
2973
5695
1943
4270
7097
6614
2963
5283
7513
3942
3456
3249
5664
6147
3344
4885
6581
2430
2432
5184
5193
4381
5184
8441
2432
2102
7513
3477
3344
4905
6252
1463
3293
5184
5899
5263
4885
3790
3790
9258
5695
4836
2973
3344
8761
1133
4154
6001
4422
2541
6211
7147
3688
6495
7093
4287
6010
7497
4803
1613
3932
4294
8925
3477
7075
7014
2963
7513
5174
8422
7353
2973
2919
4759
5695
6706
5602
5667
2973
4624
3942
4161
4185
9343
5152
3477
2432
3942
7147
7525
5350
5307
5695
2280
4161
8555
4885
2102
4262
2973
7033
8441
4491
1463
7147
7996
7033
7023
5685
6592
5667
2102
9343
7525
8761
6167
2582
6015
5504
7033
5593
3344
2973
6211
5702
11666
8368
6001
4803
1943
4657
5239
3674
3957
10308
2541
4657
6015
3773
4381
7093
7627
6340
2541
5797
8087
6080
4381
5787
6226
5152
4905
7954
2280
8254
3344
6003
1613
3932
2973
5664
7494
8401
3790
4161
4713
4752
5317
6592
2973
5504
4701
7409
5695
1613
4381
1613
4864
7996
3358
4422
6001
5664
7147
8437
8416
3932
3790
2871
3790
4381
10194
5317
4742
7064
5283
7525
7014
4270
3942
6484
9295
5637
5263
6410
2973
7497
7627
7558
6117
3932
7542
4425
5317
6725
5695
4262
8933
8555
8933
3855
1613
4836
4803
9803
5984
4872
2102
4624
7954
4624
5283
3729
6617
2432
10754
4803
1613
6114
7384
2973
8354
1133
3453
1463
4327
5637
6444
2973
3942
4624
8933
5523
3790
3855
5695
4294
3399
5184
6582
4371
1950
1943
4262
6725
7180
7180
2963
5283
3674
5350
7147
4701
5174
4154
5695
4803
5350
6001
4701
1133
5695
5772
5797
2582
4185
5504
5491
8008
4371
6015
4161
3942
2963
8465
4674
5198
7525
5002
6211
6481
3674
1133
3942
2582
4371
5317
5664
4154
6252
7494
7222
4273
6032
4624
5685
2963
7103
3249
8422
5664
7525
6015
3932
2760
4294
7222
5173
3477
6444
7516
1943
5082
6010
5002
3477
8163
3790
4491
2912
3855
7147
3358
3790
9741
2280
7346
5797
5685
9346
1950
5350
5800
4381
2102
7455
8441
8422
3790
3942
7850
6015
2541
2102
2432
3942
8863
9258
7093
5152
1950
5263
6252
1133
8163
1463
3344
2963
3773
4836
6124
5695
5340
3688
1463
6592
3807
4803
3249
3807
6003
3855
6167
5242
6134
6252
2973
5664
2102
9416
5673
5317
4412
2871
7920
3293
5523
2280
4327
5899
6735
5286
3443
5002
4759
5833
3840
7409
5011
7418
4154
4803
8235
6592
5797
4356
3957
2102
3293
3807
3674
7014
2102
4905
10479
4270
7147
4491
5350
5772
7093
7525
5215
2102
7409
5184
3293
4759
3456
4742
7057
4422
7147
7409
6725
6594
5352
1943
5637
3674
6134
3293
3824
1133
2541
5263
5695
5800
3477
3942
1613
7525
3855
4774
5242
6617
4273
5184
8397
3855
5491
3453
7494
7353
7525
7895
5664
3790
5797
1463
6001
7023
4624
3453
4491
5504
5317
1943
5317
2973
3477
5317
5283
3790
8761
6142
5673
3344
7409
5193
4161
6912
5667
5184
7813
3855
6410
1943
3729
2963
9778
7033
5504
5685
6512
6592
1133
8441
6134
4885
4752
2102
2963
5350
2582
1463
4665
7180
4624
5695
7920
1133
2871
4273
5523
3942
3942
4381
7014
2871
6001
5317
4270
1943
1613
3773
3443
7147
3932
4422
1133
3942
3773
6512
7147
2102
8110
3790
5743
5184
8633
1133
2973
3942
3358
4624
6340
5174
6167
3936
3344
6001
4836
8375
6211
6601
4752
5307
2432
7023
7033
7014
2430
5317
7180
4752
1133
3790
6405
5193
7014
5797
5239
7423
5695
6211
4185
6512
1133
5198
7014
5317
4759
1133
2582
5350
4294
7542
6592
7103
8904
5772
5283
9699
5654
7078
5317
6165
2973
1133
7892
4759
4759
3443
6614
3293
6167
5772
4674
4422
5593
4294
5654
4422
4194
7513
2871
2973
3453
4803
6733
3932
8441
8441
3840
10184
7045
3456
2973
3674
8422
9643
3840
4262
3477
3293
5664
6715
7014
1463
3344
3855
4701
8087
6481
4262
7047
2963
1133
4287
3855
9171
7748
2919
5184
6490
4701
6512
5667
6167
4154
5198
2102
1463
8555
10271
5184
5980
5184
6951
5317
7423
5350
7047
4803
5307
5523
5984
5350
5523
8856
2432
6167
4759
2871
6582
10271
5184
2102
6582
3293
7409
1950
1943
6134
4371
3824
5797
2102
2973
5173
5350
4905
1133
1133
3293
6610
1463
3957
1613
5695
5984
4672
5350
3807
5637
6001
7494
8095
4657
5325
9224
2963
7208
5307
4422
4422
5173
6592
6134
7503
5082
7525
5670
4491
3344
6117
1950
4641
5772
4803
8025
7409
5198
6614
2973
9873
6252
3344
5670
7023
6186
7833
3477
4154
9258
7147
1950
6700
7850
4270
2973
1950
3477
5350
3510
10084
7920
6001
5695
7075
2432
5193
4491
3510
3957
5772
3344
4270
2973
3942
3942
3790
2280
6916
7423
1463
6571
5602
7078
2973
3790
6410
3932
7627
3957
1463
7151
6592
4752
5984
7353
5202
5637
2973
9258
5654
2963
5350
4491
6490
2430
2973
3453
4194
3344
5184
6024
7963
6003
5695
4185
5695
6015
2432
6912
6010
7014
3477
6175
4422
5743
2280
1950
7409
2973
1943
5504
7353
6419
1463
5350
3453
5307
6931
7516
3957
4803
2102
7014
6134
4270
7023
6964
8863
7147
5317
4971
7418
2973
3477
1463
5685
3840
5833
7151
4371
8441
3932
3510
5350
4641
4381
3840
6715
3344
5174
7180
8422
4971
6594
5082
3293
4872
8235
2432
4262
4491
3358
5685
7513
1943
5184
2973
9938
6495
4335
7517
6165
8441
3674
5772
8441
7895
4742
8422
2973
6340
2871
4412
6931
7103
8904
7975
7147
5569
3790
7977
4803
5670
2963
6725
4381
5664
4371
6725
7045
2973
4803
8422
1943
3957
5523
8345
7014
11529
9615
5743
4270
5695
5772
2102
4161
8555
1943
10246
6211
7517
7180
6167
2760
5772
2912
10271
6495
5772
7180
1943
5797
3510
6080
4803
3453
5184
3855
5198
8530
4381
6252
2919
5286
4262
4327
4154
2973
6638
5637
6252
7033
2280
2919
6594
4233
5104
5984
5523
2582
3688
5504
5743
6481
4422
7045
3688
4262
5702
5193
7353
8465
4491
5184
2102
3293
5002
5670
3477
2973
7045
5317
7103
7353
3957
2973
7586
4422
4381
5184
5317
8924
4273
2912
3824
6582
8330
10194
10246
5695
5184
2582
3790
2541
4425
5184
3790
6481
4294
6481
6617
3942
6167
2432
2973
4294
7033
1943
8441
2973
1463
3344
4287
4759
9362
7586
11011
2871
5307
4752
8486
3358
8933
7494
4273
1133
4412
7586
8486
2582
7494
4161
6226
2973
3932
5664
9495
5800
2973
4491
5772
2871
10154
3942
5980
4287
5350
7180
2871
6481
5772
8397
6666
2973
2973
6733
1943
2973
2582
3807
4412
3358
4422
7630
3824
1943
2963
5800
4422
6211
3674
1613
5899
6410
7147
6835
5215
6211
1133
2963
4294
5695
5011
7409
5184
4491
6512
5685
3293
3942
6650
6733
7513
7033
5504
4701
4270
7033
4422
6063
4759
3453
3773
7147
5702
5772
4270
5263
6255
3840
5283
4185
5772
2432
5104
5317
10316
7033
1463
6481
3249
5184
5011
5193
5667
5184
4154
3674
2541
8945
4759
3807
7023
7103
7103
5104
3840
1613
3824
3807
4803
2432
2280
5174
8863
7432
6581
6614
7016
3840
5239
2582
6614
3807
7975
6955
8330
6512
8397
2280
7423
3399
3399
7023
5193
3249
7014
2963
5002
5104
3840
2102
3510
2432
9226
2973
5307
3790
5695
7353
5695
5263
1613
6167
8087
3249
4759
5184
6211
6481
7093
1463
3807
8255
6512
5317
4742
4759
7014
6725
4412
6992
4641
5152
2973
4674
6340
2541
6694
10286
7151
5637
6725
7033
8254
3855
3942
2963
2432
4752
6211
2973
1613
4905
3674
8863
2432
3807
1133
1950
8863
8465
8478
5184
5242
7014
6024
5664
2963
8025
6512
2871
4161
5184
8422
7630
5242
4759
4759
2871
3957
5350
7180
1463
7147
4185
2973
5664
1133
3957
2280
3477
5215
3932
6725
4287
4412
6001
1613
3942
2102
7542
6592
8933
6419
2973
2963
7850
7033
5695
5317
4803
3942
3477
8441
2871
2973
2432
5198
5685
5215
8798
7850
3358
8563
8330
3399
5772
3510
5772
6134
4701
2280
4701
3399
8397
5152
4491
2973
7014
2582
9501
4327
5523
2871
10154
2919
2871
6080
7946
5174
6931
4273
10271
7404
3932
5286
1463
5637
5667
6592
7975
5325
8863
8896
8087
2963
3510
8008
2973
5317
6340
5772
4287
5317
7785
2102
2973
5984
3840
5685
3903
1133
5504
3358
5094
1133
2430
4803
3510
1950
5193
2760
5772
6481
5317
5772
4491
4752
7103
5350
7078
2919
7103
3293
8345
3293
7147
5593
8792
7418
2102
1133
5667
3477
7920
5523
4381
4161
3942
5797
2541
6032
5082
2102
6567
5082
4262
6614
2912
1950
7180
7195
2102
7033
4803
4194
4864
5800
4803
1950
3293
4665
3249
3942
5317
3456
4422
6512
6134
7180
9071
9416
10194
4185
4381
3790
5984
3855
7409
5263
7033
2973
1133
2973
2760
7954
4752
3790
1943
5504
3824
5307
4701
5350
4381
3942
4161
7353
7023
8877
2280
7075
7126
6512
2432
3942
6211
1133
5772
5184
6968
2973
4971
7147
4161
2973
4294
2973
5637
10271
6835
6175
4425
5307
4154
2102
7103
8005
2432
3807
8431
2973
10175
8431
4491
7497
5695
7192
5670
3344
10175
3807
5695
4803
4154
7147
5283
3674
2102
2973
7014
6715
4161
3674
5350
6340
5239
7702
5664
2102
5193
4864
5184
6512
4803
5317
5215
5764
3807
5350
3674
3453
5307
1463
6124
6650
3358
3358
7180
6178
3855
6512
2912
8486
4774
5307
3855
6481
4624
2912
6700
4885
3344
4270
5184
5002
6481
5695
6167
3477
5283
5286
3453
4356
5593
7409
2912
7103
5695
5911
3932
5681
5283
7033
6725
1943
3942
3903
2432
6134
6601
3510
5673
6512
6592
8431
5602
8478
1950
6512
8005
7023
3358
7850
5593
6211
4742
3293
7023
7208
1133
7147
2432
5184
8422
3932
2919
5184
6001
8437
7964
2963
4624
4759
6134
5593
6481
3344
6340
3688
7033
7014
6211
9301
6614
3942
3807
4885
7014
6444
4905
8363
2541
1943
5350
7996
7075
3477
6512
7663
7525
3344
7833
7946
3729
6617
5787
5307
4161
4491
8005
3824
5174
5764
9343
1613
3773
3674
6614
7147
5340
5317
1133
9826
5317
2541
1133
7513
2973
7418
7045
3344
4262
5184
6592
2280
4803
5654
4624
7418
6001
2430
7997
6175
6725
5523
4674
8345
6001
3942
2973
2973
6725
3942
5673
6484
4381
4742
7033
7103
2973
3790
8368
4412
2963
1463
5350
2973
5184
2102
7513
7473
5317
4381
3790
6410
6134
5198
2102
3249
1463
5787
6625
4161
3510
6003
1133
3807
4491
7014
5317
3942
3942
6211
4327
5685
5772
2102
4412
5184
6211
4154
2871
4657
5174
5504
2541
8441
8792
6490
4491
6024
5198
3942
2871
5695
5283
5787
7155
4672
6725
4161
5184
5797
5283
2973
1463
1463
7963
2280
3358
5184
5198
5350
5317
6186
4803
4759
3344
5722
4381
3942
2973
2973
5664
7147
7045
4491
4885
5082
7023
3942
7409
4335
6727
3807
5082
8422
4335
5184
3344
6117
2760
1133
5193
5504
6001
2430
4262
7964
3453
9605
7525
6114
8863
1950
6175
8422
5184
8877
5340
4185
9337
7033
3855
4371
6912
3790
7542
3453
1613
5198
8933
5772
7964
5317
4154
3942
5702
3840
7525
5602
3942
6444
3932
8863
6912
5184
3249
3477
5198
6340
1133
2280
5317
4422
6167
4905
6165
3477
8441
5184
5685
6725
5797
4752
5523
5163
4327
10316
4491
4412
6481
5283
5637
6955
5082
13332
4641
6582
2963
6617
7023
3932
3477
5673
6001
6252
2871
5163
6001
5198
5695
7525
8330
3344
7014
2973
4381
4262
4381
5787
3453
1463
4759
6134
2280
8555
2919
4803
10184
7014
2973
3942
5317
3942
6700
7147
4491
4657
7014
7180
7627
6567
6175
7423
4491
10564
5743
5174
7663
4185
2432
7023
5002
7550
5352
6512
6538
4624
3729
3293
3855
4803
2430
5800
7702
3942
7147
8110
5215
3942
2963
3344
5184
7045
6592
1463
1950
8761
10286
6178
5899
4161
1463
6211
5833
1133
5184
5350
4491
5673
3477
7423
2973
11694
4752
3942
4154
7023
4194
2912
6405
4356
8422
3477
5174
3855
2871
6003
5441
2432
7180
7353
7586
7833
6134
5695
2432
4381
3674
6614
7093
5670
6124
3807
5984
5350
4422
4803
3674
6614
4491
6725
4233
8163
4864
2973
3674
5685
2102
6495
7516
3932
6490
6178
7497
5307
7014
5685
7147
4356
1950
1133
2760
5350
7155
6410
7627
7093
2430
8863
1133
7733
6592
5695
8403
8555
1943
2973
5184
4412
8863
3453
6916
6490
3942
2102
4657
3443
2582
4803
4412
4185
5673
6733
2871
3824
7093
6610
8856
4657
3807
2973
2102
4412
4624
1950
6003
6001
9643
5111
7195
4294
1133
3942
4885
3790
6167
3840
3942
7850
6001
5654
7423
5984
3790
7503
2912
5670
5637
7542
5602
4273
3510
5654
3674
4262
2541
5637
5184
5283
3344
5174
1613
4371
3453
4381
6211
5350
1950
5193
4294
5215
3674
6444
5174
3510
4262
7147
6712
3344
3344
4194
5664
3477
4803
2973
5317
2280
5082
2963
2973
5174
9171
3957
7033
5787
3855
7045
3477
3344
8422
6735
5173
5198
3840
1613
1133
2919
4327
6405
5193
10316
7503
7702
7093
8478
8856
5350
7151
3477
5184
8441
3824
7023
5202
5702
8431
3453
3399
6117
3443
1133
8235
2102
8005
3942
5317
4803
3855
2919
7014
3344
5283
6512
4194
2430
2973
2280
2973
1950
4194
5198
4422
5198
1943
5198
5664
5772
5653
4803
6015
1613
2919
5184
5002
2102
2102
8422
7850
5695
5695
4803
2963
4381
4491
2973
2102
4752
9275
7627
7353
7996
6490
3688
3790
7023
3344
3477
4657
6715
6592
3453
7033
2973
9728
4381
5695
4759
4422
3477
9778
2430
6725
2973
2973
6614
4161
3840
4657
3344
8567
2973
8005
2919
3942
4672
7850
3688
3674
3674
5833
5198
3790
5193
5350
7850
7494
6601
6481
2973
4491
3790
2973
6924
1463
8008
11011
8416
2973
5163
4412
5215
7525
7147
5984
5174
3855
2973
7946
5569
7833
5350
8773
6931
1133
4641
5350
5637
6610
5899
6134
7155
5685
5174
6405
6931
8555
1943
1463
6001
7748
3688
5263
2973
3790
9071
2973
4371
1133
1463
4674
5681
7023
2871
1463
8555
5215
4665
4161
7097
7525
3510
6010
6571
4327
2432
7702
5685
5772
2963
2973
3807
3957
5695
6601
8108
3840
1943
3773
5350
6592
4422
6512
3674
7542
7147
6280
5239
7409
7208
5317
5772
3855
6916
4752
7222
3453
6592
5664
1133
3807
3510
1463
5797
3477
8933
3399
5286
5283
6134
5317
4803
6592
6175
5184
1613
10716
8443
4872
2582
6582
1463
5787
1133
5685
3293
4759
4672
2280
3957
5772
9873
3773
7045
2102
8563
7078
5193
4161
3443
5325
5670
5350
2973
2919
6715
5340
4885
2912
8863
8368
6638
4803
8235
5184
5350
2102
5593
5482
5184
4161
7513
5772
4701
3790
6592
6001
8877
2432
3477
5685
3942
5667
6495
2919
4422
7103
3790
1950
8025
2973
6820
4161
7525
2432
5193
4425
3477
4701
2280
5184
7586
3453
7033
1950
7353
1943
1133
5152
5317
2102
2973
10308
6247
3453
3957
3674
2430
1133
5184
1943
4161
3443
3957
8397
2430
5307
5772
5193
6001
3477
10271
2973
1943
1133
6003
3932
5317
3344
6080
5198
4752
4803
4270
1463
2871
8422
3456
6405
5702
7525
6712
5082
3824
5685
2871
4356
6495
7525
3674
4674
6134
5307
1463
5317
1950
3807
8422
2102
4381
6712
3344
4422
2582
7550
6340
6725
5702
4262
5317
3855
4327
6725
3443
6951
6405
3942
3855
9824
4803
4185
5317
6512
7525
4872
3293
6010
5772
6481
6601
8368
6134
2973
2432
2430
5797
10308
3790
1133
6001
5317
3249
2871
1950
7513
3932
7627
3807
6134
5286
2973
6134
7627
3674
7016
6114
6167
8746
6592
5184
5174
7147
5350
5664
5002
5082
2582
6614
3932
5174
8254
5523
4287
5311
5764
8333
5317
2541
4294
4422
1463
6820
3344
4624
10686
5184
5504
5317
7954
1943
6211
9258
6001
5082
2432
5082
4624
1463
2280
6165
8333
4381
2973
3344
6505
6175
1613
3729
6165
5350
4381
1133
5184
2432
5833
5317
4381
5685
3443
2541
1943
4971
5193
6015
6820
4233
5772
1950
3456
2432
4381
1133
7895
4294
6658
4422
5317
3453
6992
5504
2919
6538
7432
7014
2973
4381
4713
10479
1133
3453
6931
3293
6015
3824
6167
7409
3790
2432
4422
3932
6538
2582
4759
7033
3790
6592
7126
7033
3855
2102
6167
3855
4752
6134
4803
5184
5654
3840
5593
8254
6512
2973
1133
1463
5307
7525
7147
6582
3453
7103
3344
2919
1133
5002
3824
2973
9805
5772
5184
4381
6712
4759
5184
7014
4194
6001
7977
3477
10316
5637
5283
4803
2973
5797
1943
7147
2541
2973
5174
5695
2432
5772
6024
5772
3790
4665
6592
6912
6512
6712
1133
4381
7525
6601
7033
6625
5239
6211
6001
4803
10686
7525
4742
4287
3674
5695
5184
7147
5695
7513
6252
4624
7494
2973
5317
6581
6912
5317
4262
4270
3855
1613
4161
6247
8863
1133
4371
7045
5283
4803
7016
2102
2973
7850
1133
7103
7513
3932
4381
6820
3477
8761
4803
3344
5174
9343
7014
4803
5685
6175
4491
3344
7033
5184
5311
5184
6001
5350
4422
7103
7023
4742
1463
5673
5350
3674
4381
2760
11256
5984
4759
3456
2582
4161
5184
3903
3453
2541
5654
1133
2582
6010
3249
8567
7047
2432
4803
3942
6931
7542
5797
4752
4803
4335
2541
10286
5772
4752
2432
7180
5152
2973
4803
7396
2963
3456
5695
5685
4412
5743
6211
4294
4425
3443
5523
7396
6931
2973
5174
11124
6658
3477
7033
3807
5307
7045
11504
5184
4287
7023
4425
1463
5350
1950
4262
4885
5104
7663
4262
8896
4803
4624
7409
6211
4665
5193
3477
4864
4381
1950
4752
4491
5637
1613
7494
6223
3790
7353
1133
6505
7525
7014
5695
6340
5899
5215
7423
2973
10984
4161
6252
7525
6712
3957
6592
1950
3855
2919
6247
6512
7525
5523
6592
3790
5637
5184
5174
1463
5670
5104
4742
4381
5772
3249
5670
3249
1613
6725
5800
7586
6504
5664
5184
1133
3807
4185
3344
3358
5702
1133
5702
1463
3840
4425
6247
5307
4752
8354
4803
7409
9141
8397
10271
2973
2280
5002
5685
7850
4864
1133
4803
2973
8530
5307
5198
4327
6247
5193
4270
3674
3688
2430
6577
5695
3942
3932
3942
4161
5797
3443
5350
5504
7014
3344
3932
5695
1133
6015
8422
3477
3510
8603
4803
8008
7627
5340
3477
9346
2912
6010
6252
4774
4752
6490
3790
3942
6211
4185
5317
5283
5002
5174
1950
6968
4803
6995
6165
2102
3453
1943
3344
10754
8924
4381
5772
7494
3790
2912
3453
8345
2871
6444
5673
4885
7147
2280
7033
7586
3453
5695
6003
4294
3824
4262
4381
1463
8333
2582
7384
6444
1950
9495
3456
8684
2432
3293
2432
5664
3453
2541
5899
5664
8846
2432
2963
5184
5317
5340
5011
7093
5593
2582
2541
2963
7542
5184
8431
3249
5670
4885
3510
2973
4294
5198
3453
2963
3932
3674
2973
6538
5743
3443
5184
4270
6167
5198
4759
3790
6512
5317
4161
7409
5593
4422
1133
3942
2102
5184
7208
6001
3477
5984
5350
5002
6582
5805
3942
10271
2432
8863
7033
5523
2912
5307
2541
5593
3344
2973
7630
2973
4287
1133
5637
9803
4185
2973
4885
6725
4752
4422
3344
3957
5772
5184
2973
6211
8441
7195
3344
4803
2973
5772
3456
5695
5317
5664
8863
7396
3942
3399
2912
5286
5504
2919
8422
2102
2963
3807
4624
3510
6444
5286
7180
2432
5667
2919
5174
5664
7920
4885
3942
5174
6658
5350
3477
4752
3840
5772
7151
2582
8630
7147
2432
1463
6003
3674
3688
2973
3510
4774
5082
2432
5805
3790
2541
4154
3840
3942
3443
6252
6912
7093
4674
2973
3840
4803
9303
3477
5743
8746
6211
7033
5082
7322
2280
7014
2430
6592
8761
6601
3688
2541
4412
4752
9295
2871
5569
7542
2102
7014
6481
8431
2102
4412
4425
4885
5198
5011
5664
2919
3674
7503
5350
2973
3942
4371
8416
9416
7103
2102
6512
5193
5307
3840
7954
1950
2973
4161
3344
4491
3932
5317
6484
3510
4381
5637
3344
9643
7627
4803
5504
5317
4885
3942
3249
4759
3824
5263
4371
4803
4759
1463
5082
2280
5482
7833
2963
3456
6505
5307
7033
2973
5673
5317
5239
1950
5184
4294
5317
4422
9873
4161
5602
5184
5695
3293
2102
6912
4381
3855
2973
2432
5787
4422
5772
1133
6001
4185
5569
5685
5593
4752
7014
4641
5664
6175
1943
4491
4885
5317
5215
4422
4185
7946
3942
3249
7078
3807
6226
6968
5695
7635
6001
3477
4641
3293
5184
5340
7033
7513
5174
3510
4161
4759
4624
4641
3855
5307
6134
6581
5772
5664
4294
3790
3824
4905
2430
3443
7517
5317
1463
7353
7126
5198
4713
5184
5263
3443
4752
3790
4381
6252
5317
8761
4803
3942
3807
3344
5350
5317
3932
4273
7513
5482
2432
6211
4161
2973
7525
2963
5193
4381
6658
6080
7147
5523
5504
4759
4864
7627
8441
3344
5797
7033
5202
8555
5800
6001
3249
3249
3957
5772
2102
10246
7423
3688
6592
4759
2963
8345
2541
6134
3293
6175
5504
5695
5317
2963
8422
3840
1133
1463
3932
7023
4624
6581
5184
8441
5263
5174
5654
4371
4287
3790
4154
7016
5523
4294
5340
5340
3399
3456
1133
5593
2541
5772
4753
6134
2280
2582
8863
5772
4803
5504
4422
6484
2973
6625
4836
7093
3443
7833
5307
5670
3773
3824
4262
4864
4803
7103
4624
5504
5152
5772
7850
7353
2919
2912
2963
5082
5695
3344
7045
4803
6484
3453
7033
3344
4161
4641
3942
6024
7105
3453
6512
8555
2102
3453
6592
7525
7014
4759
3293
4381
6134
8863
5198
5637
2963
8330
6252
5772
2280
7147
2102
4672
3293
2973
3824
8684
4270
5695
3790
6951
8422
7985
3932
2973
6592
1463
4752
7964
4412
8734
1133
1613
2871
4185
6725
3790
5198
3790
5239
6885
6916
1943
3344
7954
7418
9176
2541
2973
4185
5673
4803
4412
4803
7525
6410
4381
5702
1950
5193
6280
2973
6175
6024
7525
2102
5283
3293
4672
5637
8005
1943
2973
5184
2102
5797
5772
7103
6247
8908
6134
6167
2973
10271
6567
4759
5184
4624
3942
8863
4803
4759
2541
5593
4752
2432
6495
6255
8905
5670
7014
10271
7513
3477
6582
3477
7151
2541
5673
6001
2973
4665
5673
3477
6444
3399
3932
8933
8416
6410
6715
2919
2973
6968
4371
6582
5242
5193
6147
3344
1463
6592
7014
3344
7954
5184
6340
2432
8863
10194
3249
5198
5695
2430
6405
8555
1950
5325
3674
3453
6211
2760
5352
5111
1133
3293
5011
5283
8333
7014
7147
5317
4422
6015
4381
8478
4381
5082
2102
4672
5286
4154
2919
7023
1943
3807
4624
5184
3855
4294
7852
5350
3477
3807
7093
1463
3790
6001
6124
2432
7353
7103
7954
3942
6592
7014
6001
3932
1463
9162
4273
7833
5104
5174
4422
6134
3824
8961
7542
7033
4759
3453
2102
5743
3344
5325
4803
6512
4294
5082
3453
7517
3790
5743
6032
3942
3855
7920
3942
5184
5184
7353
6955
5307
3942
5685
9346
5184
6001
3942
2102
4672
2973
2871
5184
7180
4905
4262
6001
4641
3807
3824
1950
3293
8441
5184
6964
5772
7516
3674
5184
2432
7222
3790
6715
6582
4262
5743
5593
5283
6700
6992
9501
4701
5602
4803
2963
8422
4491
7033
2102
3293
3942
4905
4381
7033
4262
7594
4742
3293
4759
3790
3674
5184
3477
7147
9343
4864
6003
5184
5317
5504
6003
7409
5664
5664
5350
6592
3855
5350
3477
8254
2582
5317
2973
8324
5772
7023
7180
5787
5317
2963
2963
6175
4624
4356
7014
5307
2919
4752
3936
6571
8441
4371
3807
4803
6117
3453
7014
4624
7850
5772
6666
6003
6226
5263
7151
2871
2919
8763
3477
4185
6490
3824
6484
1463
3688
2963
1463
6010
5307
4665
8863
5174
4701
2919
4885
2432
4161
6700
8005
6571
8555
5193
5685
6727
3477
5317
6512
4371
8330
5350
7850
4262
1133
4701
3790
5198
4752
3942
4803
5593
7663
4161
3932
2432
9233
4713
6694
8468
5899
5504
6001
8087
8330
5239
6715
7627
4885
4287
3453
2973
7384
3344
4672
7033
3453
5198
4774
4759
4624
3855
3293
8330
5340
1950
8441
8333
4161
5702
4356
6481
6010
2432
5800
4624
6715
4759
3344
5286
6481
6592
6964
8345
6614
4672
2432
4624
5263
4672
6015
7014
5695
5350
5317
2919
6582
3942
5569
5002
5504
5695
6592
5685
6001
1950
4759
2102
7850
5695
5350
1463
2432
4381
6010
3932
5664
4356
5215
3807
3293
4742
5307
3293
5653
3855
6582
9343
6117
4185
5263
3932
4742
5307
3674
3957
3790
4803
3957
6340
4885
4624
5797
2102
7494
6142
3932
2973
4803
5193
4425
5805
4759
3957
2432
3942
4381
4381
8345
2919
3293
6178
1943
3674
3957
6147
7471
4759
7850
4665
7014
6124
3957
5184
4381
8478
4803
8555
5283
5317
2973
5800
5637
4701
3790
5184
5899
2973
5193
5523
3477
2963
5641
1950
5193
1613
7075
8005
5673
5350
2963
2973
5202
4270
3510
2871
4154
5317
6001
2871
3456
5593
5239
5504
7180
7852
7954
2973
3903
2963
4287
3942
4836
9010
7093
5593
7033
3824
3293
5695
5654
4752
6694
4491
3674
5193
5664
3942
7033
5317
6481
9805
6592
3942
2973
2102
6405
2280
1133
5193
5340
6725
5504
6001
6032
4425
5504
8087
1943
5215
10194
2871
5184
5307
1133
6015
5695
7494
8863
6211
3855
3293
3443
3344
3674
3790
5340
4885
6614
8746
9873
3773
8330
7103
3293
7023
10154
3688
5104
2963
5637
9233
2871
3453
1133
1613
3957
5984
4294
2919
5215
2919
5283
9938
5670
10194
2912
5174
6715
6512
9848
2541
4752
5317
4803
4273
6650
2973
2760
4759
4185
4381
8567
3674
6175
3293
5504
3344
4371
5184
5239
4412
5307
5184
2871
3510
3942
3807
5643
6614
7147
5504
8087
5593
3674
5283
6405
4327
4803
8087
5239
5695
5340
5263
4422
5350
2973
6694
2541
4381
3344
6340
5482
8863
1943
4194
1613
7409
5184
3453
10308
4161
5685
5082
6820
6117
7494
5797
7542
5787
4701
7409
10271
6001
8120
2102
8441
5184
6211
3790
4672
5184
6252
3293
3344
7675
6592
7147
2871
7954
5797
6582
5239
4381
3510
2973
2973
3344
5797
5193
4674
5184
6001
3456
5193
7850
2973
3942
2432
2963
4194
4759
5653
8630
4154
1463
2871
9258
3293
5239
2871
4774
7586
2432
3855
1613
6912
5772
4425
6601
5685
5184
5184
1463
5317
4872
3688
2280
4262
5307
4759
2973
4803
3344
3942
3807
5797
7103
4381
4665
5654
6725
2919
5743
5787
5193
4154
2963
7542
6725
4194
2280
5772
10246
5193
6614
4161
4674
2973
5523
5504
5283
3942
2973
5682
4262
5685
5772
6992
7517
6211
8422
5307
2973
2432
6252
6622
8924
6916
5311
4803
5899
2102
3942
3453
6211
3855
3249
3790
3344
5350
7396
4422
5984
2432
10641
2280
1950
8345
1463
5317
5317
8863
1463
5482
4425
5695
5325
3344
8333
5637
2541
7525
5193
4752
4759
5307
1950
4161
5184
4672
5317
5569
7353
3942
5002
7103
3344
1463
5215
9938
4803
6010
7975
4422
3674
8555
3840
5772
2760
4752
7180
5664
5184
7033
4803
3674
6134
6995
1133
5681
7033
7418
2541
2102
7513
5317
3344
8441
1463
3790
5695
3942
6405
4270
5286
3674
5664
7322
3932
9010
5317
6080
7525
9805
3932
4803
5523
3790
5695
7180
3932
3456
2973
4262
7996
7542
7014
8761
6484
5283
8025
5523
3855
5637
9038
1463
6010
2973
5569
4425
5174
8431
5743
2871
4425
5504
4491
3344
5317
6912
5283
7353
6916
5664
4356
7097
3790
6571
8416
5772
5215
4803
3453
5184
5263
5984
2541
8925
7471
2973
7384
5082
3477
5283
3942
8863
7180
3293
9343
3674
2973
5654
1133
3855
4774
5082
3942
5772
6211
4422
2760
3840
5984
6211
1133
5504
7963
4672
7014
3790
2541
3790
6015
3840
5800
5800
1943
4803
4161
7627
8422
8005
6712
5317
5702
4752
5263
8734
5654
4759
5664
3824
1613
2963
2541
5504
8863
1613
4161
3674
4491
8431
5202
5215
8422
6211
4381
4371
4752
7850
5695
6211
1133
1133
2973
7813
4491
7155
5193
5082
4752
3453
2432
1463
6992
7033
4657
7850
3674
1133
3942
5654
5764
5184
3957
4422
2102
3249
5350
1133
3942
6211
4803
1943
5899
6175
2432
6178
6001
7423
5283
8846
4701
5593
2280
7418
8330
7014
3510
5504
5193
2541
6725
5283
2973
5173
3855
7586
5702
7985
5307
5702
4491
3932
8684
2102
4270
5787
4381
4422
4381
7525
6001
8933
2973
4381
4672
5602
5184
4759
2963
5317
1463
5184
6167
5695
4422
1613
4381
5317
4335
5743
4381
7014
4803
8555
6712
4885
4161
6117
7423
2280
9343
2973
7513
6512
5695
5350
5307
6167
2871
6340
5184
2871
4161
5340
5184
3840
4294
5215
5317
7833
5984
10686
5307
6223
3674
6405
5263
4803
8332
3443
6581
2280
7542
5899
5193
5340
3790
4674
9233
4657
3443
1133
5184
6134
6481
8110
6700
6594
4327
4872
7503
4356
3942
2432
2541
8555
1950
2963
3942
4742
11492
5504
3942
5202
1133
8761
7627
7558
3456
5800
7513
3807
7513
6010
4294
5317
2760
3824
4233
4885
5184
3790
3942
7494
1950
4270
7586
7147
5317
4657
5523
5673
7180
7023
9803
2871
5664
1133
4672
5184
4701
4161
3932
4262
2541
3855
6725
1463
3293
6226
6725
8555
10271
8087
2973
7033
5772
2102
1613
4641
2973
4425
2432
2973
3942
6178
5082
5002
4381
6340
3358
8441
9038
3932
8908
6512
9343
5664
4491
5695
3942
3344
1133
6725
6024
6252
7014
3293
6167
4185
4381
1463
7195
4335
6167
4383
2102
7033
6712
5766
3674
9233
4885
8422
6725
4161
3293
3510
5695
6167
6001
6167
1133
6134
5637
5667
6010
6340
1950
4381
6725
5654
6444
8441
1133
8933
10754
3674
6001
3510
4759
8570
5184
1463
3249
5193
6410
7522
6835
4412
6481
8422
7014
4154
3942
2912
6114
7864
3688
2973
4161
7075
5743
7525
4356
3824
4194
7147
8422
1133
6582
2973
2432
2582
3674
3855
3824
4154
1950
7105
4194
1613
5184
7180
8087
4752
7023
4759
4752
2973
7033
2973
7047
8005
4759
4803
5174
7513
6820
8555
7513
5340
2871
3807
3936
5283
7103
3688
7103
10271
1133
7850
2963
5797
5163
3344
5082
7305
7180
4185
4759
1950
4294
2760
6582
5307
7033
5350
2541
5667
2973
5504
3932
9346
5797
6592
9175
1463
10316
7542
4371
1613
4154
4381
5317
1133
3807
5242
7093
4759
1133
4185
3674
7147
4752
6512
4262
7103
5695
5654
4262
4803
5184
4270
7023
9646
8330
3399
4185
3936
7033
3773
5317
8422
7045
7147
4371
4803
5184
2963
1943
6255
10356
9233
7180
6625
8087
1463
6175
3249
3453
1133
5685
8087
5984
8422
4803
4381
9803
3932
2541
9805
4624
4294
6512
1613
6571
7033
5215
5681
9803
2973
6405
6419
5184
4803
6010
4185
5602
6340
2919
6167
4262
3674
4885
2973
7920
8441
7630
5641
9141
1133
5695
5504
4864
5307
5283
7014
5593
5184
5685
4422
3293
1463
5637
5772
3453
4803
8555
4294
6252
6134
5654
6592
2973
5307
8087
7147
7513
8863
6601
6614
2432
5239
4672
3344
4774
6032
5082
5673
4752
6725
4381
5772
3807
4425
7353
7630
7850
3510
3293
7093
6175
5184
6964
1463
6968
12024
3674
6175
6211
5504
1133
1133
7103
3443
8235
9176
6001
4803
4624
2280
6931
3824
4624
5193
6252
6211
4294
3510
2963
1943
7494
5637
6700
6725
5695
4803
5184
4335
4742
4759
5504
3344
6601
3477
6178
5317
5695
5198
3824
5670
5263
1463
6134
6010
6178
7627
2760
3344
2432
5664
5317
4381
5242
4885
1133
4491
3358
5504
6003
3942
6538
3824
11558
3855
10286
7494
2541
2430
3688
5350
5695
7409
3477
3790
6495
6080
3453
5307
5215
5317
3453
5695
4381
6658
5317
3453
2102
5766
7542
2912
1133
5184
5800
7513
5104
3344
9343
6601
6175
3807
2963
4371
4356
3824
8761
10116
3840
3453
6512
6134
3453
5695
5193
8422
2973
5184
4422
5523
6134
5104
3790
5685
8555
4713
5685
7525
3942
2919
5184
6405
3855
5002
3807
7954
4381
3477
2973
5283
3456
6504
5263
6223
4803
5743
7023
6001
3957
5504
7014
7093
4641
5350
8761
3510
3344
7473
8734
2760
5654
7147
1613
6252
4803
4624
5193
2963
9258
8401
3344
4752
8422
2973
1133
8005
3773
5174
5504
9803
5833
4161
6715
5317
6001
5283
5340
2973
2963
4885
1950
4803
2973
1133
5286
3840
5193
5643
5184
2973
5184
5283
5286
5980
6252
4759
5340
8863
7852
3942
7494
4294
6931
2912
6114
6444
3824
4491
6912
5504
5198
8397
1133
4701
9275
8465
3807
2760
3456
3790
6955
7388
3510
3957
3942
4864
8555
4262
3824
3942
7522
2582
4294
3510
9873
6211
1613
5111
3344
6592
6650
6951
6003
3942
3453
1943
5504
2102
2430
7180
1950
5184
5307
6175
8441
7542
2760
3510
4294
2973
7103
2102
4294
7920
4422
1950
4674
6211
7850
3344
4701
4803
2871
5317
2973
7033
4381
6001
2973
3807
7147
6015
3957
3807
2973
8715
3790
1133
4774
5833
2430
5340
6211
6032
8443
4381
3399
5664
2541
7033
8761
4185
6001
7093
3729
2919
6134
1463
7033
4335
5350
3824
5184
3957
5695
4185
7418
4803
3358
1950
6211
2973
6117
9416
5184
1133
10984
3249
4803
3855
7494
6592
2432
5772
2973
5772
7702
1463
1133
3293
2973
1950
5695
4422
5653
6178
4273
6444
3942
3807
4422
2280
1943
2973
6211
7014
6592
6490
7964
1133
3293
3807
3790
5685
2973
5664
2963
5643
3249
3293
5670
5350
3942
8530
7516
2871
6015
7103
4161
1133
1133
7014
4803
2973
7103
4491
5569
4885
5523
7147
8761
6340
3344
2973
5307
4885
3773
2432
6211
5350
6001
3942
1463
7494
3932
2973
5184
6951
6114
6454
1950
4422
5350
7513
6820
1133
7033
6614
1133
7513
3293
5637
5664
7147
5350
4759
5307
5695
7920
4335
4381
2973
6080
1463
8933
3293
7147
6614
7996
4774
3790
3942
5664
6134
6912
1943
5654
9343
3477
7208
4270
5174
6405
1463
5899
5317
8908
1950
6134
8431
5317
4381
4262
2432
5664
5317
3344
3674
2760
7525
6001
3453
5184
2102
7497
7180
2541
4803
5239
6931
4752
6015
4287
4665
5685
6247
7833
5184
4381
3674
7033
5800
7014
4327
5174
3855
5311
3453
3957
5569
6481
9495
6712
3399
3942
8005
3456
5685
3443
3443
3344
3790
7353
3790
7103
5523
8486
5574
4672
5174
5317
4287
3942
3674
3855
7014
3453
6001
9295
2102
5184
2963
5082
5317
3443
4381
3824
5317
5654
3674
6912
5317
6725
5317
2973
5695
1133
8422
4294
3344
5772
3942
5317
5283
4381
1133
7513
5504
3773
4422
2973
7977
1133
1133
8863
8746
1613
7014
6538
2432
2541
5307
4381
7103
2541
1943
8925
8863
5772
8877
6003
2432
3942
8335
5654
6512
4803
3477
2541
5523
5215
1133
4270
8863
8904
4885
6512
5772
2963
2541
2280
5695
7147
4287
6001
5082
7418
7494
1463
6134
4412
6931
3824
5772
3674
7895
1463
6495
6134
5772
5317
6725
6117
4371
2919
5283
4422
5682
6592
10516
3358
6167
3932
3790
6484
4742
5350
4194
5350
3344
3855
3942
2280
5695
7920
3942
2871
4154
4327
4287
3456
4701
4803
6481
7634
5805
8863
3773
6912
6614
4270
4194
5637
5685
5184
2919
3344
2871
3807
3453
4161
2973
7103
8684
2973
2973
8848
4356
7423
6567
2432
4154
4381
2973
10271
4154
3855
8120
6592
5772
1950
1943
8431
7542
4759
2973
3293
4422
7014
7435
4803
7833
6700
4491
6835
4422
6820
4161
8863
5317
2973
3790
8254
3293
5504
8005
2963
4335
9662
2919
7525
4262
6912
3443
8431
6134
7014
2963
1463
4803
8422
8397
7954
3344
1133
7522
9258
4294
8555
1943
4356
6951
5797
3855
6582
2973
3477
2963
8863
5772
1133
8422
1950
6617
7833
2919
7525
4270
5523
4262
7850
3443
5654
3790
3840
4641
2973
5673
4885
5743
1133
5198
7014
8330
4185
5242
1133
7192
3477
5174
6223
5317
2963
4294
9258
5504
5193
2919
4270
7353
7550
1463
1463
3358
2919
5504
5637
5082
7594
5174
2973
2963
3249
5307
5673
6142
4381
4381
7047
6614
5664
4371
7409
2973
4371
2432
2973
4624
4422
6032
5667
4287
5215
3790
3453
6658
8567
10283
4803
7147
5664
2102
7503
9258
4262
4885
6001
5082
5307
5173
8005
3824
7550
1950
7963
5340
3443
2430
7033
7513
8961
7355
3293
3344
5263
3293
5184
8120
7594
6134
6592
5350
6010
3855
2430
3855
4161
5667
4381
5637
5317
4335
4624
6512
1463
1463
8555
5350
3674
5340
7014
7627
7014
6495
6512
6340
6252
5317
8431
3293
5350
3344
4422
3510
5173
5685
4803
8555
8441
5184
9347
7542
6252
3824
4641
6280
4371
2963
3942
1613
6167
5523
3443
8422
5593
4381
4381
9258
5082
4422
4864
3399
7014
4371
4412
2973
2760
3453
4185
5340
1133
5307
4161
5002
3790
4381
3249
5523
6658
5797
6001
7475
6134
6015
7033
5184
1943
6592
3293
7850
6820
2963
5002
7093
3358
3840
5198
5317
6080
5637
5637
2280
6725
6617
7494
1950
1133
4803
2582
3344
5702
2102
4270
5002
8933
7525
7103
6594
3932
3903
6592
4185
5263
4864
4327
2102
3790
5667
6134
5805
6252
3344
2963
6725
5523
4335
3674
3674
5695
3688
5184
8416
4674
3942
4803
1133
3942
7353
5002
1133
5307
3942
5695
7423
5215
4154
6725
6725
6481
2432
4752
5286
5772
2541
5174
5702
5283
5184
7180
7513
5184
5242
7627
3942
6582
6992
5984
4422
5317
2912
4885
5681
4624
1463
6715
3453
7103
4161
7663
5174
2102
7627
7516
6912
6992
4185
7147
2430
2973
6165
8025
1950
7192
2541
5184
7513
4803
5685
3674
1133
6512
4161
4803
2541
3674
4701
2973
7064
4752
8665
7147
6484
5215
2919
7627
6912
8761
3443
4803
4194
2102
3358
3855
2963
1613
8856
4425
3773
5664
3903
2973
3456
5340
5569
2973
7920
3957
7033
6694
2919
4185
7850
5772
4161
5695
4262
6725
7438
8863
5504
2102
4752
6340
2963
2973
6280
5002
3510
5772
2432
4803
5670
5286
3453
1950
5152
8345
3453
5805
4381
3477
2432
4422
5695
3674
2871
4270
3453
4327
1133
4422
1463
5637
5174
5350
3674
3358
5569
4624
7014
8933
3855
6211
3729
4803
7105
6003
5174
7594
5317
2963
6167
8422
2432
5593
7946
6725
4273
1950
7627
3903
5504
3293
4381
5984
4752
1133
5350
5184
5772
11011
4657
1463
5504
5667
8368
9748
7525
5215
3855
6955
3942
8120
2582
4624
8665
4381
4803
7075
3674
2963
5184
5198
8087
6211
5317
3249
9805
1943
7014
6481
5184
6912
6175
7014
2973
2541
9233
3510
8120
6010
4185
7850
5307
7525
3942
3249
4742
3790
2963
1463
5242
7850
5772
7033
4294
3790
3855
4425
5350
4491
5002
4836
3855
5772
5787
4491
5184
4665
6010
2973
5670
3932
8441
5317
3773
1613
8345
6592
2963
8397
4381
4371
2432
3453
8443
5695
5325
4759
5239
4759
9826
3807
6211
6712
6601
6512
7353
6211
3855
7045
4381
6175
2963
11396
6481
2919
13407
5772
2963
9295
3453
7864
5283
4674
3443
2919
2963
6134
4752
3855
7525
4233
5263
5082
5523
2432
7014
2541
9162
4803
5263
3855
5800
2973
1613
7748
5593
10184
7147
4759
4665
4803
7423
5174
5317
3674
2280
8567
4803
3456
10271
6410
5184
3674
5242
4381
5193
5797
5523
3249
9343
4759
4759
2102
3807
10745
9343
4294
8288
4294
5184
1133
2963
7850
7494
5317
7517
6080
4657
4742
5283
2973
7558
4381
7920
5184
6015
5491
4752
6167
5681
2541
6010
3344
4270
4905
2963
1133
1613
9343
5805
8330
4381
5184
7409
7525
8354
5307
4381
3344
4381
1463
5685
4672
6725
8945
4803
4262
4624
3855
5667
2912
4371
8025
5702
7920
6992
5797
3344
3477
7494
5263
7103
7208
3903
5325
7016
4624
4885
4759
4381
6543
5184
7542
6211
4905
5198
5350
7503
5317
5670
6167
2973
4356
3932
3399
5317
2430
6252
6484
2432
3453
4491
5350
5664
3456
5242
5523
9643
4262
5637
2973
2760
2280
7147
3942
5174
3807
2432
4154
10308
8422
1613
6032
3477
5242
7494
6001
4287
3344
3477
1463
4273
2973
5215
7920
4356
6134
7147
6015
5695
6567
6650
4161
8441
3443
6582
3807
5263
5772
3942
5340
2973
1133
4759
9175
1950
6167
6484
5184
3510
6032
4674
2432
5695
6134
1463
5239
5283
6820
9408
6167
6582
3344
2541
3790
4752
6582
1463
2973
4803
5523
6592
6167
6727
4294
8555
7033
4491
5174
5504
6512
5350
3477
5002
2963
5685
5504
3942
3942
6912
5352
10271
6725
5800
7147
3807
6001
4803
3510
4803
7180
4971
4381
5082
3807
1133
6735
4774
3932
6912
5184
5899
8555
4161
1463
4161
7733
2973
5637
2541
5695
8846
4803
6134
3942
1950
5569
6175
8863
2973
2963
3293
4270
5664
8863
1613
5772
5198
8575
2432
3807
5263
4294
5317
1463
6617
6175
3773
4371
6444
7014
10754
4803
3344
5664
5695
5193
3855
5286
4273
4161
3477
7180
4872
5011
5695
2280
2871
7635
5317
7103
8555
6117
2432
4194
3942
5523
4759
6638
5152
5664
1463
5504
8468
4270
1463
6134
7964
4335
5667
8422
6592
2973
6725
5637
2280
3807
4752
7093
6924
7014
5163
7850
4657
8324
4759
8441
5283
8403
5797
1463
5667
6124
1943
7033
6502
5239
2102
4161
5242
7813
5215
4327
4672
4161
5504
4753
6614
3358
1950
4752
7525
6134
2102
2280
3477
6582
3510
4381
3790
5283
3824
5325
4233
7103
5772
4262
6725
4185
3855
6175
5317
9416
5340
5695
6512
5184
4422
3510
3855
5307
4422
6968
11694
5695
4154
6080
5198
3358
6001
5664
8120
8798
2919
3855
4185
2760
4491
2280
6512
3510
5317
5239
8431
5984
3790
5772
7097
4262
6015
4872
7513
7964
5641
6178
4287
3674
3807
1133
3674
4624
7977
7558
1950
5504
5184
11577
2973
5163
2973
4381
5637
1463
6001
5184
1613
5654
3453
4885
5350
2963
3453
7093
5667
5695
5002
1133
7895
6340
5743
6024
6032
5664
7920
7418
8933
7033
8235
8863
3688
4672
5685
7078
6015
2582
4774
3942
3807
5667
2871
3477
5641
2912
7513
4885
6993
3807
1950
6410
4803
4885
3932
4624
4262
4381
7147
7016
1950
4665
7964
3807
4287
3942
3824
8863
7627
2963
8933
1463
4491
4491
6614
8431
5283
6080
4371
3855
6715
2973
3729
5695
7180
6340
5772
5504
3344
3790
8235
6134
6211
7494
2102
4371
3855
7652
3510
3358
8468
3477
4381
6622
5239
4742
4185
1950
4185
2973
5772
3729
3358
7663
4491
5766
5654
6512
4803
3773
7103
4624
1463
6280
6167
3674
2973
7494
5787
8235
6512
8422
8603
5664
2432
4270
7954
7513
8863
5184
6712
5104
3840
1943
6715
7180
1463
7996
7920
6512
6252
2432
7023
9803
8330
5667
5283
2541
3477
4803
4774
3453
5504
2432
6001
4287
4161
3344
2973
4262
9741
7014
6614
5637
5899
1463
4371
2871
7147
4657
4422
2541
6001
5523
3443
6481
3957
4759
7525
5350
1133
5695
4425
4752
8933
8447
6010
2432
5184
7180
2430
2541
6715
8422
8422
2973
6001
5350
3674
6715
4803
4154
8846
5286
3932
6252
8434
6885
3674
2973
2912
7147
9741
1463
3477
5766
3249
2280
4381
5641
7409
9343
5569
4294
3840
3674
5800
5283
4759
1133
1133
5764
4356
5695
4885
1943
2963
5504
5766
1950
7033
5569
8441
3807
4701
4371
7045
4752
3773
8555
6666
4803
6024
4672
7014
6340
4185
6601
4185
4665
7494
1133
3477
5664
2973
4381
5695
7014
7103
5317
1133
6725
4294
3932
4327
8441
3453
4294
6003
8087
5569
6134
3932
7014
5317
3824
3443
3344
2760
6080
2102
6001
3249
5317
7497
5787
3790
4674
7045
5695
9416
6252
7513
3344
4759
5833
5317
6504
2963
5263
7513
5215
5772
6992
4185
3932
5772
6592
3824
2963
5082
3674
8437
2973
1133
5198
4803
2973
4185
2963
6835
4185
4294
6175
5695
3344
5523
4381
4371
3688
3293
6010
3773
6592
3249
6178
8856
6592
6001
6010
3453
2919
10271
7494
6003
2102
7748
5350
7525
4381
9551
3790
7014
5667
5743
3790
5569
6015
4381
4154
3443
5523
3510
6582
2973
1133
7180
8908
6995
3942
1613
4752
2973
4803
7033
4381
8863
6010
6567
3942
2280
5184
7093
4971
2102
4335
8555
5685
2973
6114
2973
4294
7525
5670
5695
3942
3344
4194
3840
4422
4161
9803
3344
5002
5011
5317
3840
3942
2973
10791
9135
4753
6725
1950
4270
2973
3344
6995
5317
5082
3510
6001
5286
1133
6512
4672
3674
5286
7075
3942
5664
4381
6080
2963
5174
1943
5174
6167
2430
7045
1463
5797
7047
6405
5174
4381
3399
7513
3932
3293
4672
6715
3453
3477
5653
4752
7497
4422
5984
6167
7418
1463
6992
3942
3344
7963
3674
10194
2541
8933
4262
3510
5654
4971
5184
4803
7023
10194
4294
3477
5317
2973
5317
8530
5984
6715
7525
1613
1133
4294
2102
4287
5685
6490
3674
7852
1463
4381
5702
2102
5984
8908
4774
4381
6715
2871
5283
2280
8715
10194
5695
3344
8828
4624
4154
7151
6010
7014
1133
3477
1463
1463
7409
7542
8555
1463
1133
5593
1613
6481
7014
2430
5350
2871
2280
7355
5670
1463
8563
5772
3790
5667
5637
5317
6694
5664
4803
5215
8567
6252
7423
3790
3293
9805
7384
2102
6167
2973
5797
5082
2973
5800
4641
4742
12024
3807
2973
5984
1463
7558
3249
3957
2541
3932
7208
2102
5350
7630
7014
5664
5307
2963
2432
4335
3824
7033
3903
4381
3790
4381
2963
6001
2919
5743
6992
9010
4752
6252
3773
1463
7920
2582
3344
2973
5283
7550
5800
2582
3453
5695
5695
4864
5695
3674
3344
4759
7346
5350
5797
5002
9673
8345
6582
4381
2432
7103
7147
1463
6032
5184
1613
5184
7920
6167
4161
5523
3674
4759
6538
6211
4803
7180
5602
5685
5340
4701
3840
2871
7892
5352
3942
4803
4381
4356
6617
3477
8863
3932
4836
8863
6175
4381
5184
6410
9495
4422
6481
5239
6968
4759
6484
9362
2102
8441
5772
5184
4185
7103
6581
5984
3358
8555
7542
7147
3510
3293
6504
6715
3674
7014
5352
6820
9662
4294
8005
6024
5504
5350
6481
7093
6165
4803
2871
7627
5239
8441
6725
3807
4971
4161
2432
2963
6001
2963
3293
2280
4752
4381
1133
4371
7033
4803
3453
3942
6175
2432
1463
5772
3344
7409
4161
8293
5350
2432
3293
2973
5350
4383
3942
3807
8863
6725
1463
4803
1613
3807
6592
5482
8933
3790
7093
6211
5743
5184
3358
8555
4803
8434
4371
3249
3293
1463
4742
7473
7014
2973
3840
2432
5523
7103
6003
5654
6252
4491
7078
5523
3942
3942
6211
7503
2432
7147
3249
6567
2973
1613
6142
3840
3790
2280
2973
5984
7353
4262
4803
5441
5637
6001
7045
7180
5184
2582
4262
7525
3453
7933
5263
3824
5667
7033
1463
3840
2919
5593
5184
5695
5664
9224
5673
2973
8431
5307
6601
7023
2432
7033
1613
3453
8422
5504
4161
5766
2430
7503
8933
5239
5317
5174
9343
7192
3456
7147
8761
2973
2432
7014
6592
7850
6175
7850
5593
5317
3293
4294
6280
5002
7423
3477
3443
3293
2102
5664
5984
5340
7892
3942
5772
9673
2973
5239
7920
4270
7627
6614
3942
6226
6186
5772
6885
2919
8555
4371
3840
3840
5695
2963
2432
3249
7525
5184
5198
4335
5239
6178
5350
8798
8441
3249
5198
8005
4270
5239
5667
9258
5637
3344
4803
2102
5899
3358
7920
9615
5350
2919
6658
5317
6995
7409
6592
1950
4262
5307
4161
7045
3443
3957
7014
5283
2102
6512
7033
5283
6117
4381
5772
4294
3293
4185
3249
4665
7033
6481
4803
5673
10356
3903
6484
3942
4233
3477
6134
5350
1463
3453
6010
5569
5174
7513
5664
3790
4803
2280
4752
2973
7748
7093
1463
4491
1463
8746
3688
9343
3358
5307
7180
7222
8345
6444
3932
5011
5002
4491
1463
8330
10271
2102
7155
3942
2430
7525
5184
1133
6003
5317
5772
7517
4803
4641
7014
4425
5184
3344
5695
3942
5317
8363
3840
6512
7147
1463
5772
4270
3942
2102
8761
6454
2973
3855
2541
4262
3957
5317
5523
5772
3840
3807
7151
8555
8110
5317
7513
5764
7033
3344
6592
3790
6481
5685
3674
6592
7920
3790
5184
5667
4294
1463
4371
7014
7075
2973
7014
4262
9495
3344
8665
4154
6167
4885
2973
2760
5695
5317
5350
2871
3855
5239
5664
2973
4371
7151
3293
4185
7497
6134
5682
7920
7542
8441
3477
2102
4422
3942
1950
2432
5504
7850
6992
5286
7850
4753
3344
7497
5283
5184
3942
3453
5325
6167
6725
6080
3942
4154
4803
5653
5673
9938
6592
6725
4381
6715
5637
2541
8403
1133
7432
1133
3453
7920
7409
6931
1463
6134
7586
1463
4803
5667
3942
4742
8486
5184
6592
8431
1133
4803
5184
3790
7103
8354
7353
6117
4803
5764
7630
7033
4335
7513
7652
6512
7627
1943
4701
3807
8933
6601
1463
5772
3344
5317
4161
6134
4803
6015
7147
5637
5670
7864
8095
3674
3453
6134
2973
7586
5174
7525
3344
5797
5637
2432
1463
5637
1133
3293
6211
3942
5667
6178
7946
5184
4803
5772
5673
6512
4803
6481
4425
5163
4491
4672
3510
1943
4491
3477
1613
4759
2973
5743
5787
7147
5654
2973
7850
3293
5664
9416
1133
5082
6992
12024
3456
2912
4185
5283
4161
2973
8422
8293
3456
3942
4803
4294
6252
11115
7014
6175
5152
5193
3957
5504
5523
2963
5350
2102
7023
8905
4381
5350
4742
3293
2280
5317
4161
5685
2963
6211
7964
4262
4657
10271
6211
2541
6968
3855
4371
2582
6015
6134
8877
5504
8087
5184
8254
6252
3293
4294
5283
5307
5350
1133
4422
4422
2102
8863
2541
3358
2973
3957
6175
8933
1950
3399
3443
4194
6592
1133
7525
5350
6567
4803
7346
6134
8792
6495
4383
4371
5184
6010
4381
7180
1463
5317
3674
6725
7850
3456
3807
6614
3249
5695
1133
4803
5002
5523
3790
7014
3790
4371
1950
8863
4803
4161
3790
4381
7180
4270
10283
5797
4422
6712
3855
4752
5317
4885
5193
6001
5193
1133
3249
6625
5184
3293
6134
5504
4185
4294
6614
6592
5317
3477
2541
6931
6178
3936
6003
7627
4270
3855
6167
6280
4294
1613
4753
6134
4161
4803
7850
7517
5637
5184
2973
4185
6024
5702
3855
1463
5664
6175
5317
8108
4803
4327
2973
6178
5184
6340
4803
4885
7513
6725
8434
4422
1613
2582
5184
6725
8602
5569
8110
4491
5797
5163
4262
6582
6117
4381
5307
5184
3855
5307
6835
5569
6117
7155
1943
8761
5702
5198
5695
3729
7057
4759
6134
3510
6211
7033
5787
2912
5317
5184
6512
4672
3456
3942
5667
5772
5193
5654
5695
3344
4381
4371
6571
8563
2963
4885
4665
3855
5239
3453
8354
3674
1950
5685
4161
5797
5174
3932
2871
6592
4701
6601
5350
6592
6495
5283
6175
1463
2430
4759
7033
3344
4294
5664
6175
5184
3453
3293
7045
3344
3249
2541
2919
1133
5174
7409
3249
3942
6617
1463
5198
3344
2963
4381
6015
5504
5593
8368
2973
5695
5317
6995
3942
6727
3942
3477
3936
7155
8478
5307
3477
4161
5340
10271
6340
2871
3443
3855
5772
2973
3477
6490
6592
6512
1943
3344
7033
6916
9824
3443
3344
3840
5523
5104
3688
4185
4742
4262
3456
5637
1943
6992
7409
6481
7045
6134
6992
7748
7192
7586
6592
6117
5317
4371
1613
5184
3729
4803
3674
2432
1950
3510
4371
6504
5772
5215
3840
2912
7078
3344
6495
7346
4425
1463
5637
8345
4161
6211
4371
5317
3344
3942
4233
6255
6582
6912
5681
4752
3249
7033
8330
5184
7975
3942
4161
9162
6223
5637
3942
5899
3674
4885
3674
7864
3790
2973
7997
5984
8333
3688
4194
8933
5695
6725
4774
6617
4356
1463
1133
4262
5184
5184
4381
1950
5654
4803
6725
3456
5002
5202
2973
3344
6010
9233
5695
6223
4803
5283
2432
7494
8746
7033
4412
6134
4803
2102
8345
6167
4371
6460
4233
4161
3477
3674
5193
5352
2541
3453
4491
1463
3344
5317
4294
3453
5317
2871
7920
3790
4422
7208
7920
2963
3932
4753
2973
8413
3942
7322
5695
6186
1463
5772
4803
5184
6617
7103
3477
3453
5317
6444
8924
4759
3249
5283
5787
6117
6340
4422
5764
4774
7852
10283
6512
3344
2973
4803
8863
8933
4674
2582
6134
2963
2973
8110
4422
2963
5602
3443
4759
6134
5174
7542
8422
3932
5772
11211
3453
2973
5340
5637
6124
3807
5193
10562
6134
3942
6134
5307
2541
8863
3807
4701
5202
3932
4624
2871
4422
7525
8863
4885
4262
7423
5523
5695
6405
9347
7023
2432
2973
3840
5242
7418
9362
7014
1613
5800
2280
9826
7151
7423
5104
5082
5317
1943
2973
2432
7033
5670
5174
2973
6912
5011
5239
6010
1133
2432
5593
2963
5198
7093
2760
3840
4335
6178
7180
6178
6481
4270
4665
4194
12232
6223
3790
3807
7103
3344
7550
5193
4701
5317
3443
2973
6504
3399
6725
7850
7023
11115
4803
5184
5695
5504
5593
4803
3942
5317
5317
4381
3674
5002
7147
7033
5797
3790
3453
5664
1613
7023
5593
5350
1463
6211
7594
3249
3932
4672
8363
6001
10316
6001
8846
6592
3807
1613
7975
2919
6063
3773
6538
6592
3840
6725
6167
6733
7045
1950
2973
2432
2102
4657
1950
5104
2102
3344
9141
6255
6167
8441
5504
4491
7180
7151
8856
5184
5772
5664
8905
1463
4161
5307
2973
2973
9824
1943
4672
5664
3674
5899
1950
2973
2973
3936
2963
3790
4185
5198
3932
6924
10271
5787
1463
5787
7014
6835
4491
5569
2541
5695
2102
8863
2102
3293
4624
3674
5184
5523
3942
2973
5772
4665
8368
7813
5772
4422
8905
5317
7033
3942
5504
5350
5664
5215
5317
2582
1463
3477
7180
8863
5695
6080
2963
3824
5772
2871
11415
5193
5685
5184
3807
7850
4233
3344
5800
5317
6700
1950
3443
6582
4701
5350
6725
5263
5239
4161
1943
5239
3942
7627
7977
5523
3443
4294
5317
6211
4872
6147
2963
3510
6512
2963
6481
4294
9551
3293
3807
4371
5184
5593
7627
7014
3932
7418
3790
3453
7103
2102
2432
3790
1613
2973
5340
6178
7033
3773
7954
7018
6582
8846
3674
3358
5523
2760
2912
3674
9313
8422
8005
7033
3674
5193
5317
4425
8441
4262
6885
5695
3773
2973
2963
4294
8933
5743
3510
3807
6255
4194
7503
2973
7920
2541
5764
2973
5283
2919
3807
4759
3477
4327
4422
7103
6543
6024
7075
1613
3807
2973
9162
4701
8110
5082
6001
5637
4759
4327
4185
6001
5664
3824
4270
6024
10316
3942
4422
2102
8403
5593
6252
4294
5193
5695
3293
6993
5193
4803
5654
5702
3855
1943
9495
6247
5317
5504
2102
4803
3790
3358
4701
6178
6186
5340
8863
3453
4885
5772
2973
7833
2973
3942
4185
5184
7033
4803
5317
5242
2432
3824
7954
4672
5340
3674
7078
8008
2760
2582
7497
5602
3344
4803
1950
3942
3293
3688
3855
3344
5307
6592
6252
2973
9673
2912
5772
7850
5011
10166
3824
5695
3840
3344
4185
5184
8924
5193
5787
5215
7014
4371
6226
7522
8335
4624
7147
5174
7409
5307
4425
2541
1133
8848
8416
2102
8437
6995
5317
4185
6512
4185
8397
3840
4161
5317
3453
3807
4803
7920
5653
3840
8863
8863
6835
3453
7147
3510
2919
3942
2963
5664
3824
5685
3456
2541
5523
7045
6124
4185
2963
4371
7180
8863
2919
3674
10308
4294
3824
4759
3293
8856
6134
6820
5184
8108
4425
7542
6001
3344
7558
4759
6211
5593
6955
5350
7920
6134
6340
9645
1463
8478
3249
3293
7103
4381
3932
5685
5523
2912
4381
7630
8863
5198
5523
6733
4161
4641
5523
3674
4381
8863
5239
3453
5664
7494
6614
4270
1133
8443
5184
10754
8863
5184
7103
1463
5152
3249
7497
2973
5317
7033
4803
4185
5664
2582
3344
3824
5772
10726
6252
5198
3293
6167
5673
7517
6134
8465
5637
9226
2102
3855
3477
3942
5174
4270
2541
3293
7346
1133
7014
6134
3443
4885
5184
7103
4381
3957
4154
4971
3344
8933
2280
5184
4713
5193
5198
8924
6252
1613
5664
4624
2973
2973
5340
5239
3293
5184
8602
2963
1463
10084
5787
8434
4752
4624
7023
7630
4262
7918
4422
7525
4273
3674
2280
3477
7503
7748
7497
5283
2963
6410
9673
4161
8746
7103
7180
3358
5340
9176
4185
5695
7850
6211
3942
3840
4287
4335
7014
2963
7396
1133
6134
6885
5797
4803
6694
7045
7023
5504
4491
6582
2102
3729
3358
5350
6512
5504
3674
5797
4185
8431
4752
8441
2280
5082
1943
2871
9646
5350
7147
3855
4154
4803
4759
8555
4753
5654
8333
8416
7057
7494
4803
7018
4425
6835
8288
3249
2973
6134
6211
5340
2582
5094
6211
3824
2919
5325
6614
2963
3932
8324
4185
6700
7963
7093
3790
8008
7513
5787
5283
2963
1463
2973
9258
4836
6592
6003
5667
4885
2102
7023
4803
3807
7045
5695
5664
5317
5325
5593
3824
2871
7353
1463
8530
6186
4864
1133
5643
5772
3453
5317
7920
7418
9662
3942
9258
6134
7353
5184
5350
7494
6080
2432
8933
6912
4371
6211
7180
1133
9346
2973
7014
5184
5787
2963
6001
6582
5198
8933
8431
5317
4270
4262
5184
3790
8863
8846
3674
3957
7525
3249
9343
5002
2963
5664
6885
4803
7180
4270
7147
6444
2541
3729
8441
7494
5104
3773
3477
6592
6340
3790
3942
8422
7180
6712
7525
10641
7748
6015
4641
6460
4412
6481
5184
4665
7813
6912
8005
8863
3932
5307
5184
6167
4185
7014
7014
5317
7494
4287
2973
6955
2871
3249
1133
5198
5184
5184
5695
3807
5082
4422
1463
6481
7103
7180
2871
5340
5772
8441
7078
5667
6134
5695
3456
3674
7946
2973
2963
4161
5569
9662
3932
3453
4491
2973
6601
2582
3790
6592
1943
7606
3477
8441
5198
8087
5899
5193
7423
6010
7023
3932
3344
3942
4422
5184
5317
4803
3840
1950
1463
2102
3855
8422
8441
2963
7503
3790
4864
6015
5002
7355
4383
4335
5702
1133
2432
4262
2963
3807
6725
9135
4294
4381
2582
5702
4381
5174
5184
2973
5772
1613
2973
3249
1943
6617
7627
5163
4665
6001
3453
3477
7586
5350
5695
2963
4624
4672
3790
5283
6614
6725
7033
5685
6592
6167
5695
4262
5263
4422
2280
7627
6582
5350
4185
8665
1950
4154
6167
5198
4194
4742
1613
9362
7147
5504
6712
7409
7513
4381
3957
5283
6134
4624
6255
7147
9371
2871
5350
2963
5787
5317
5184
2973
4641
4665
3790
5523
2432
7014
3674
4885
7147
1133
7655
8863
4759
3807
4356
5643
5667
6410
4803
6481
4752
2432
5637
3840
6592
3790
7816
2973
6592
2973
1463
3688
6512
4161
2871
2102
8530
6255
7542
3729
6617
6582
5283
4885
8567
3249
4422
5184
7103
5772
1133
8863
4742
2919
7033
5174
8441
5787
5764
3477
1463
3932
3510
8908
4422
6592
4742
9643
2102
5152
3790
6715
1133
4742
5695
4713
8555
4185
6024
4971
5695
4864
5980
5263
5184
5193
2871
8008
3674
7494
7542
5263
3674
5198
3942
7525
5174
2432
5523
6715
5637
2760
5685
4233
5340
11186
7627
5670
1133
5184
8403
2963
3344
7147
5307
1943
2432
5593
10271
3674
6700
5184
1463
5307
5350
7016
3824
3453
8441
7014
7525
3729
4759
5673
2102
5002
4383
8570
3790
2102
5695
5523
4836
4425
8567
8005
4356
7093
7045
6001
5685
6912
7033
10194
4803
7305
11626
2432
3790
2430
6567
4161
5263
5772
6725
5772
4803
4803
3674
5350
6951
5184
7525
6134
6134
3477
5984
5174
6995
6512
3840
3688
4154
8863
3443
4641
7151
6912
4412
6080
5317
8555
5002
6134
3453
8008
8567
7475
8555
5667
7652
5184
4774
5984
4803
2973
3942
5637
4262
5350
1613
8530
4742
2973
3344
8761
2973
5800
7895
6582
6211
7542
6255
6444
3249
5184
5350
4491
7180
6912
8684
3456
4759
7542
5984
2973
5569
5664
4624
6003
2973
2963
4803
6577
4803
2973
8120
4371
5667
4672
8413
9162
6167
5317
7014
5695
4836
5317
4422
6003
4701
5173
6175
1133
5174
3344
4803
7014
6993
7833
5184
5673
5695
8422
10271
4270
7147
4356
3942
5772
3942
4665
4161
6410
2973
5772
2871
6992
4273
9175
4154
4335
1133
6592
2973
5242
6538
5787
4154
5307
2432
6080
4752
2973
6167
6592
1133
6592
2541
6134
3358
2280
6601
6015
2102
3510
5664
5504
6134
2432
3790
6015
5695
2973
6405
3510
4422
2973
5317
4381
4674
3773
4803
3510
4422
9938
8441
7180
3344
5184
3790
3855
5317
7014
8401
7920
7542
7353
4381
4641
1943
4885
3674
4657
2280
5174
3855
5184
5202
9845
5174
6001
3453
2919
6001
5772
6001
4287
3790
4422
7586
7023
4752
4270
2541
8924
4371
4624
5685
8555
6015
6186
6490
4194
5772
4294
7355
6592
8441
7748
4161
5695
6538
3942
3477
8863
7033
3453
5504
1463
6340
6495
5800
2102
7014
7014
5184
7892
3942
5184
5772
1133
3344
7513
4774
6410
6610
5198
6820
6912
5670
5350
4262
5569
7147
5193
5593
3477
5800
9861
9950
7033
6252
7151
2973
5673
2582
8761
5673
3477
5685
4491
7014
3824
5340
2963
1950
3824
9226
4885
7103
4154
12024
5317
4185
6715
7423
2432
5311
7033
7033
2973
6134
2541
5307
4154
5664
5685
6001
3942
3932
1950
2871
4759
5184
5504
4491
4381
3729
5772
4753
6178
5193
5797
4759
5685
8773
5643
3443
2919
1463
7014
5193
1613
7033
6280
5184
1943
6001
5286
5350
5667
3855
6252
4294
5239
7525
6175
1133
3942
4759
2973
5743
2919
4381
4422
4185
6340
3840
6010
1950
2760
7093
5772
3674
5654
1463
3344
5317
7180
2430
7850
5104
3344
4491
5984
7494
4262
8933
3453
1463
5654
4422
7423
5184
1943
3807
4185
5772
4803
2280
8008
6010
5772
5184
1133
6410
3855
1463
4422
6252
2973
3932
4803
7033
5193
1613
2541
6001
5184
8863
4672
7105
3807
3942
9495
4752
5695
10283
4491
5184
6186
3674
3936
3855
2973
7045
4161
6178
1133
4371
5569
3249
5193
2102
3293
3344
6134
3807
5350
5766
3942
5797
3942
4185
5174
5685
6223
2963
2102
9738
7594
4803
1613
6454
6252
7627
5523
2963
2963
5350
9010
7513
3293
6614
4381
5772
5667
6658
4803
3942
5350
6968
2973
4422
6735
10271
4270
1463
2919
4422
4262
4422
3790
4356
7409
2582
7525
7353
7014
6700
5163
5283
6725
1133
5317
5350
3790
5667
7542
7542
5350
5523
5764
4371
2973
2102
5695
4383
4759
6993
3942
6592
6410
4381
3344
6001
5685
4864
6625
5695
5184
6410
6167
10308
6015
8863
5800
3807
7606
1463
5569
8465
1613
5263
7305
11396
1133
7093
6001
3477
7151
5152
8005
3942
6592
5664
8422
6725
3344
5673
2973
4154
4803
6916
6410
6134
6484
5104
6134
6211
4194
5340
7525
3344
5641
1613
3399
5286
8863
6725
5702
7018
4971
3688
2102
5695
6024
2280
3399
3249
7920
6255
7396
1463
2973
5695
5352
3477
4381
8235
7418
4803
2432
6725
6712
4185
6003
6592
4381
7033
1613
1943
4262
4759
2102
3674
6538
4262
7497
5673
6032
2912
4624
1613
8478
8555
4381
2102
7014
8684
3807
5184
1613
7920
6614
3840
5772
8375
1133
3855
7432
6340
4752
11666
3453
5242
3453
1950
5152
2102
2919
7014
4422
7014
5215
7147
3453
5317
7409
4194
4774
10271
5184
3729
4371
6481
4701
7151
9162
1943
3293
8567
6638
6567
8933
3293
5702
6252
5772
5198
5797
1463
6010
3674
4262
8335
5766
4381
1943
3674
2973
6614
5984
5198
5673
3942
3942
4491
5174
8397
4803
5174
6032
5695
3477
3942
8441
4425
6003
4701
2973
4803
7525
3824
7180
7409
4864
7388
9655
5682
4194
4657
7033
5673
3932
2973
6175
3790
2102
8403
3249
4381
5283
7497
6614
8933
3453
5317
2102
5163
5317
3855
4752
7014
5317
3688
4412
5283
3942
6167
3674
4803
5317
2973
7409
6001
6614
1463
6725
4287
7180
2541
5011
8665
4803
1133
6601
7494
8792
6617
3942
7850
6582
5504
9038
3790
2102
6592
3510
8945
6167
2541
5174
6340
7014
3790
7920
7409
8863
2963
6571
6931
5764
4742
3790
1463
6490
4371
2973
3453
7014
3824
2432
6592
3957
8434
7147
2432
2541
5664
3807
2102
7103
2430
6567
6223
3344
5833
7384
4672
5685
4657
2102
3249
2102
9873
3790
5664
4381
2541
4803
2973
3942
3456
8856
5695
2102
7920
7147
3807
8434
4752
3840
2973
2912
2102
4803
1463
3477
5184
10126
5242
9233
4759
9662
3855
7353
6916
10583
5682
7192
9713
7850
1613
4864
5340
3477
2280
5286
5239
6592
7497
2541
6211
4422
5787
4752
7586
7516
4287
5504
4233
4287
7147
5174
5198
5193
5350
8468
1463
1943
5685
7423
9873
8761
2541
2432
6725
3807
5174
4327
2963
5772
8087
8422
7033
4371
3824
6567
3729
8416
3790
8008
9233
8254
8254
3790
7813
4742
4905
5593
5833
4356
3674
6186
3942
3399
7920
4752
7850
7103
9551
5695
2973
6617
1463
8863
2541
3729
5215
7014
2430
3729
5283
6175
5664
3807
3790
7023
5787
4422
6134
3249
1463
4327
7748
5667
2871
7033
1943
9346
6114
3249
4752
6001
5797
3807
2871
1950
2432
4262
5685
9387
5198
5797
6512
7525
3510
3344
6592
5002
6490
2973
2432
5163
2919
5685
5317
7180
3807
3855
2973
8441
6504
2102
5654
2541
7418
5833
6725
6715
6175
3807
6924
5637
3453
4752
7014
6134
5593
3674
2541
7103
7014
1950
3453
4885
4803
9343
3344
4185
5653
6080
3674
3443
9308
5317
7147
7525
3942
9258
1133
3477
6124
4327
4422
4381
3688
3942
7833
2912
3443
8441
4624
5325
8254
4422
5641
10308
6725
4273
4422
2973
4885
3293
2760
3453
8555
5286
2582
6211
4491
4262
3477
2432
5325
4759
5283
6727
6992
7014
7813
3932
3932
3510
1463
4381
1133
4154
6650
5184
3936
3249
6700
4752
2432
3344
3932
4273
2973
5797
5184
5664
3344
7525
5184
2432
1943
5772
5800
6617
5317
8330
6015
6992
6010
1463
5350
4905
5695
3344
4624
2280
2973
6658
3855
3674
6481
2973
5317
8715
5664
7964
3674
6015
3674
6577
4185
2919
6001
8345
2430
9824
6733
6733
5184
5800
5317
3807
3456
5317
3790
7423
5504
7627
5637
5198
7850
6167
3453
4803
7045
4624
7627
6993
4803
5286
3807
5772
6167
6725
4672
6211
7850
7033
4803
5569
7630
2541
6694
6504
3293
4381
5198
2430
6167
2973
8863
4381
4624
3790
7586
2963
5174
6512
5184
3807
7497
7997
7355
5772
5317
8416
6117
2871
7014
6211
10271
6444
2102
2973
5263
7014
3453
6592
7014
8431
2919
4262
4381
5504
5670
4624
2973
5184
3824
5664
5602
3674
3957
8488
3453
8005
6481
4422
2102
5184
6010
8005
4759
5317
4262
3773
4624
5163
3293
5685
10271
5787
7975
5984
2963
4422
3453
6567
1943
8933
5350
4701
7222
4836
5317
3453
2102
5263
4412
4262
7147
5899
1613
5239
1133
4742
7996
6995
3477
3456
5593
2102
7033
5184
8863
1133
5215
7033
5263
6211
3790
7455
3942
7977
5743
2871
5695
1943
2912
6252
1613
3942
2973
6571
3932
3453
3443
3456
5263
6001
7147
5569
5011
3443
6165
8416
2541
2963
2871
8397
6512
8863
4803
6733
4154
6142
7954
8296
4752
8095
6410
6001
3358
4327
3942
3942
3510
4971
3942
7494
2973
9339
2973
3344
3824
7147
3358
5772
3942
5198
6280
3807
4422
3477
1463
4294
1463
3344
7748
7494
7494
5899
5215
3674
5350
2973
6460
5317
6538
5263
4803
6614
7147
8254
5664
5695
2973
9010
5593
7147
3790
3942
5215
5695
1613
6280
5787
4657
5317
5695
3249
7850
7920
2102
5772
4803
5593
4641
4381
6255
6134
3477
1613
6001
5263
6444
4381
4641
3344
2430
2919
6617
6964
4491
12594
3674
3932
4491
3903
6001
3840
5984
4803
5764
7542
2102
4233
7018
5184
9343
11396
3807
4624
3942
4154
3344
3674
4665
5002
1463
6001
7503
6015
3674
4759
6280
5163
3824
6481
2582
3790
6134
4381
5239
5772
7409
3293
3456
3932
8924
4752
6992
2912
5307
3344
8863
2280
1950
8555
6622
5664
6601
6931
7014
2973
10271
8961
3510
6186
8397
5682
5340
6592
1133
3358
3453
3790
6725
8925
2919
7147
5673
4412
2582
7033
1463
1463
1950
6340
3293
6211
4154
3443
4270
5984
7850
6538
6340
1950
3249
2871
4701
3344
1133
2582
4641
10271
7033
2973
3674
3456
3790
6912
3840
5772
7195
2912
4885
3293
1463
4425
1943
7355
9803
6931
3936
8345
6252
8530
5082
5325
5198
3344
3790
6582
6010
6601
7014
6715
2871
6015
5325
2919
4154
1943
7014
5772
1463
5215
7423
9135
4803
4885
5523
1133
7147
7494
4381
5685
1133
3510
3344
6405
5523
4752
2963
7180
7525
4381
7627
6592
4624
6001
4759
4905
1463
9339
10239
7634
6134
2973
1463
2973
5899
4672
9416
3807
6003
2912
4701
8335
4161
7996
7147
5637
5504
4803
7180
5082
3942
8108
7180
5193
1463
5833
2432
5695
2432
2919
8431
5263
5350
6725
7093
6010
6733
5263
5317
5239
4422
5772
2973
5772
6725
2973
6592
3443
6032
5174
3510
3510
8486
8334
3453
5184
5215
3674
6114
5641
6931
4759
7147
3674
5350
6226
3344
3932
4371
5317
8441
6538
5772
7033
7222
1463
3824
7023
3824
3942
4752
3932
7180
1463
3477
4381
5307
4885
4294
2760
1943
5695
5239
2973
4273
7014
2963
1133
7418
5664
6725
6601
7542
4422
4383
5504
5695
6512
7423
5184
4287
2912
7525
5317
7033
5317
4803
4759
1133
2582
3790
4381
8422
6912
5984
3344
7033
3344
8293
6512
3790
5307
2973
6178
3840
3344
6592
5317
6247
4422
9643
7954
7525
6001
8555
6601
7627
6211
6725
5766
1463
5184
3942
5184
5772
5673
5317
3358
5797
4381
5198
4233
3510
7014
6001
5899
7525
5593
5286
4701
7850
1613
3344
7850
3510
5797
5215
6715
4270
4803
7014
7516
6211
6614
5215
3790
3957
3443
7516
5637
4803
6211
5569
5743
5242
3456
7432
4672
4657
7014
3344
5325
3443
3456
2541
7494
7033
3790
4759
5593
2973
3674
3674
5184
5504
3249
2973
1613
5350
8746
4381
4674
1133
3344
7977
2912
4371
6481
7147
6964
4624
4624
7147
4185
3840
1133
3453
4273
8486
2919
8422
5797
5643
6592
7423
3344
4672
3249
4491
3477
5325
3453
4194
3790
4759
5695
3674
7151
9803
2871
7409
5263
5695
2541
2973
6964
6725
4674
1133
2102
4803
3674
5193
2973
5082
6280
2102
4294
5667
2432
5283
4262
4491
6175
4412
5504
5283
3674
6001
4161
3903
3453
3807
4752
2102
8441
4287
5643
5317
4185
2973
7494
6481
6614
4270
3249
1133
10194
1463
7833
7850
7014
6582
5899
1950
7977
6592
4381
1463
1463
4154
4624
6601
5317
1950
8441
3674
1133
3729
7517
6003
2973
4624
3344
1463
6211
8555
2973
5193
6993
3674
2430
4287
7550
4154
1133
5198
3344
4294
2973
4752
6003
4803
6134
5317
5263
2871
3942
1950
6725
2102
2102
3453
3477
2102
5082
5702
1133
4885
1613
6484
1133
6592
10308
6134
2919
2760
3936
5670
3477
6733
5184
5184
4161
2541
4701
1613
5637
6601
1950
1943
5772
3840
2919
5695
4864
5002
5317
7180
6211
3477
5772
3942
8401
6912
3840
8555
6003
7542
4270
5198
5772
7353
5350
7180
6134
3453
3456
6951
8333
8431
5242
5193
6001
5286
3942
2541
3942
4185
4759
2280
5174
5504
5833
5772
6032
4185
5198
5082
5193
5797
1463
5174
4381
3790
3453
5504
4624
6481
3443
4154
6178
2871
4759
2973
6134
5602
6010
3855
1943
4262
5569
4381
4161
5082
5317
6955
5002
5184
6010
3942
6512
4185
4161
5797
8441
4327
5984
2582
3456
8235
4294
3344
5685
5011
3477
6955
5681
2541
4742
5695
4262
6001
9605
6252
4425
4422
8422
5350
7652
8431
1613
6481
5184
3942
2912
5104
5193
8555
7627
4624
3456
5307
2912
3932
3344
7023
1463
5899
3344
8924
5681
3344
3453
6592
6725
6024
5317
2280
3932
7494
6512
1463
7103
5350
6134
11011
5350
8235
7147
2280
2432
1463
8478
7180
3344
6410
5637
6117
5193
3824
6186
5082
4262
4759
7014
5569
3477
7180
4759
4412
4262
3293
5637
6512
6592
2912
4371
10583
4422
2973
8856
1950
7353
9258
2102
3293
2541
8333
4672
7748
8924
4422
5002
5772
2919
3293
6247
5523
2430
3293
1463
3932
5695
10166
2963
6444
5664
5202
3824
3957
5317
4262
2871
3453
4381
7850
3942
4270
6032
7103
6124
4273
2582
8555
5772
7525
1463
1950
3249
5681
4742
5215
6912
4335
5152
8345
5350
3443
5174
4803
2102
6032
1133
6538
5163
8813
8422
8431
6567
7014
6715
3824
3855
1463
2912
1463
8761
5673
5184
6712
6080
1463
6255
5637
5193
8441
3942
3477
2541
1943
6505
3840
3932
6512
4864
7353
1950
4774
8333
2102
1613
3932
2973
3942
5695
9388
5307
6001
7014
10271
6252
3344
5350
4412
6032
5664
6993
4774
5202
2280
2432
1463
2919
4425
7525
7525
7014
2919
3358
4759
5317
6001
7180
4287
7517
7503
6015
7033
3674
4759
6912
1133
2280
9071
4885
6211
4262
4803
3453
4287
5193
5667
3344
7850
8555
5653
2582
6912
5504
1133
6955
5504
3855
7946
1133
5523
2871
4742
3456
2432
5317
2912
3293
4335
4335
1463
5184
3807
4381
4885
5772
3790
6727
9343
2582
2432
6712
4356
4774
3855
6015
4425
10246
3344
4803
5695
8863
1463
4491
4803
4371
6995
5317
1943
5263
5340
7516
6582
2102
1463
5184
2102
7542
7494
1950
3293
5722
3477
2582
7494
9343
5899
6134
7014
11654
7014
7353
6484
4422
3942
4356
1133
5082
3942
2102
4425
4759
4412
7023
5643
6340
5685
2973
6080
8555
9343
6725
4294
7103
3942
7652
7023
7517
1463
3790
3855
8434
8422
4803
2912
2973
3824
7023
4381
3932
2432
5685
3477
8422
6114
7023
7103
8555
5664
5641
5350
5643
7494
4185
3456
5772
2919
7103
2973
4872
8863
4327
3942
2973
5239
3790
5695
3674
7473
8567
3510
6255
2973
2102
5193
2280
6951
7627
4624
7630
4161
7103
5340
7586
7985
5797
4270
4491
3456
7033
6601
6582
5772
2582
3344
4803
3932
6001
5174
8863
4383
2919
3344
2102
5441
8437
2280
5283
7045
1943
4161
6567
5263
7409
5695
6912
3293
5325
4425
3249
4287
2430
1133
3674
5283
5602
4185
4327
4194
2973
5317
4752
2973
7147
8856
6252
5637
6175
4381
1133
6581
4672
7147
5340
7208
7542
5797
5685
5263
5504
3344
7014
2919
10184
2963
8033
3942
2432
7180
6592
5797
4422
8431
8488
5695
2919
2432
6912
5654
5482
6003
4672
6167
5637
8684
6715
3957
6340
7033
6186
3344
4154
3477
3344
5653
4624
6592
4270
4803
3443
4161
4803
6001
5797
6001
5637
3855
2582
3942
6481
5772
6211
4287
5695
5184
2912
2432
5317
6725
2541
2582
5695
5184
6567
3855
3453
3957
7023
2102
5593
4803
5283
3688
5350
5104
4701
2582
4422
7093
4381
2102
3674
5569
2973
10077
2963
5702
5002
4381
2973
3807
3456
9343
6725
7494
4803
5111
6582
5984
6931
7423
6015
1950
7513
8422
5670
5307
2919
10754
6505
3399
7353
2871
7033
7155
7748
3942
2973
3790
5184
5797
3903
3942
10271
2919
8293
3942
7630
1133
3807
4154
8422
5174
2760
7517
4641
3510
2760
4971
5797
4759
9176
6255
7418
6001
5174
5317
6592
3942
3932
5350
2102
3903
3932
6715
7409
8333
5797
7494
5317
4185
4371
6481
2973
5664
4262
7033
7322
5307
2102
2582
4803
5695
5350
9343
1950
3942
3456
6024
6134
3957
4905
9175
1463
8863
6252
6715
6666
5082
6280
2102
5504
4371
4752
6117
3249
5163
2541
5184
4371
4701
2973
7151
5722
5198
4742
4701
3477
2280
8422
7355
4185
2919
4803
1943
8441
2912
4381
4327
5283
6725
6601
4701
6614
5198
5695
1133
5695
2912
6178
8008
4803
4371
3729
6032
7388
4803
2973
4752
5654
3249
6835
5184
4759
5184
3344
3942
3807
3942
3729
5637
3942
6252
1463
7494
4674
5317
5082
2430
6610
7147
8856
7409
2919
4381
5317
2973
6912
4185
6080
4381
1613
6134
7920
5772
8863
8863
2432
4262
2973
3510
6142
4752
3942
5673
4803
2973
5239
9495
7103
4294
2541
2973
6175
1463
6592
6165
7180
8933
4270
8330
5082
3443
6186
6410
2963
5184
7147
8334
5523
5317
5593
8110
6993
7494
2432
5805
3942
2963
7103
6117
3942
6481
3932
4641
3674
5764
9346
4371
2102
4885
5667
2432
6512
5239
5283
6964
7542
4885
3942
1943
6247
1943
4356
6592
8441
8110
4294
2430
3957
3249
5152
4371
3456
4624
6001
1463
2973
3453
2973
10271
4803
5695
4422
2280
4752
4803
6712
2973
5800
5702
5184
4185
4270
3477
5504
7542
3510
5772
4803
1463
7014
4774
7014
5800
6167
3957
4327
7494
6117
5193
8863
5317
1133
6614
4194
4759
6175
4742
3443
2973
4759
3510
3932
7432
5307
3358
3510
8961
4752
2963
5325
5654
5317
5263
5702
4287
3855
5184
5239
5695
6725
5283
4665
5174
7525
4194
5772
7014
3824
11211
8235
4335
4287
4262
2432
4185
3477
6340
3453
3456
6484
6614
6167
4154
1943
2432
5317
1950
5340
2973
5772
8441
6916
5695
6625
5174
1133
5695
4491
6015
2973
1613
6614
3249
5685
6175
7147
3249
3840
2582
2541
4657
5523
7103
6117
7503
4885
8908
6610
1943
7103
3936
5504
3477
2973
2973
3936
3790
1943
4356
3477
7033
2102
5317
3249
4759
3249
6614
6032
4752
2919
5805
5772
3344
7180
2973
8254
5523
6931
7494
3807
4381
5239
7103
4624
6505
6134
4803
9295
12024
4270
5523
5174
4701
7103
7014
5772
4759
6992
2102
3477
3773
4752
3932
6725
6001
3942
6658
7525
7023
5184
8567
6735
5504
6995
7014
8008
4422
7627
4381
4154
6964
6211
3773
7435
3932
2912
7305
3790
3942
7014
8933
6252
7494
3790
5772
2963
8863
5772
5654
2582
4327
7023
8813
1613
8422
1943
6567
1463
2102
3674
6003
7093
6175
3942
7045
5695
4752
8761
6010
3840
9162
2963
5193
2432
1950
4885
3477
5242
4803
4624
7494
7103
6694
2582
4624
2919
6015
5317
5325
4759
2432
1463
6495
6134
6735
5899
10271
2102
2541
3855
4381
5504
7997
3344
7813
4742
1613
3344
6255
6916
6931
3293
2963
6015
5899
6916
2432
5215
4185
4425
6405
2963
7103
5011
5685
5695
7497
5239
6211
6715
5152
4381
6211
3456
6134
10286
7014
5002
6993
5193
7494
4885
6712
5637
7516
7103
5317
5637
4270
2871
5263
4759
1463
5307
7513
2541
8005
3932
2541
5695
6247
6484
7033
5772
9470
8441
2973
8863
1950
2102
6010
3790
2582
3807
3942
6175
3790
1133
5317
5263
1133
3249
4624
1133
8798
3807
5184
6951
5184
2871
3790
2973
2919
1133
2919
3790
5239
7895
2871
4381
5637
6340
5184
7033
5695
3932
8933
4381
5317
5317
7033
10084
2871
7346
5215
6610
7423
5523
5174
7748
3932
3957
2102
3477
4161
5286
3840
4885
7353
7033
6733
4287
5307
7630
5695
7103
4356
6175
1463
7516
5504
7033
3477
1133
5695
4803
7627
7147
6601
2871
5239
3510
8441
4701
5685
5482
1133
5184
5350
5984
5198
5239
8431
4335
2432
3807
4270
3903
2102
7103
6165
5673
8933
9741
3932
4872
7525
6490
3477
1463
4752
3957
3249
7525
3932
5980
2280
6124
6405
6001
1950
7864
3456
4803
3840
4759
2973
6512
5184
4185
6700
4759
8416
7963
4491
3443
3510
2102
5193
4381
3773
2973
6964
2963
2102
7409
5352
1950
1463
7147
1950
6001
6117
6010
2973
7103
5011
4752
4759
1463
8863
6410
7850
2963
7014
5317
1133
7594
1463
1133
6995
7542
6024
2102
6010
5184
3790
4641
6178
6614
6001
6001
7852
1943
2102
1463
5184
4885
3453
4287
9362
8431
4194
7748
4803
5174
5317
8235
6505
4672
5111
6114
5772
3249
3674
5602
5350
2973
4371
7147
1133
5283
4412
3344
2280
7409
3293
9566
7103
5350
4371
4335
4262
2280
3477
7023
6134
7033
5350
7103
7384
10308
5011
8555
4759
5184
3358
2760
3344
3249
5670
5317
3840
5670
4381
4672
2102
5215
3942
3688
4381
5695
3807
1613
6175
6340
2912
5772
3453
5239
5654
3453
2973
2912
5984
6512
3293
2973
6592
6165
3855
4657
1133
2582
10356
6592
8330
4713
10641
6178
3674
5702
7353
3344
3293
5317
7409
5184
5174
7093
6567
5670
2919
3790
6211
2102
3293
7208
5702
2912
5695
2871
5111
5743
3773
2919
3674
4665
4759
6010
2432
5263
5184
6340
7850
8422
5984
7014
4803
3674
7353
3840
7180
4491
3932
8422
7522
4752
6010
5011
5011
2280
6567
2541
5695
3674
4491
6001
8763
5174
7494
4641
5670
3807
6252
2582
4624
4383
5242
6134
2102
6001
4185
5664
7542
8441
8863
3293
7833
7355
8025
6512
8863
4287
3510
7045
5569
5695
4672
1613
2963
2871
8563
4161
3790
2919
1950
2280
2871
6964
6211
6581
4381
6617
1613
2541
2963
3942
7542
3477
6211
3293
7586
5215
2973
5504
7103
8863
2432
2432
5984
7850
5184
7850
2582
4294
5350
7550
5283
5286
4161
4864
4412
6186
5984
2582
1950
4185
8555
5184
4803
6211
5317
4327
2919
7093
2912
5198
3293
5797
4381
3249
4335
5899
5569
7503
3903
7516
6001
2973
5307
5215
7920
10383
6592
8478
7014
3453
4381
8555
5263
2760
5670
9308
2919
5184
5670
3807
7733
5695
6211
4672
5263
8345
2919
5654
3674
7023
5350
5002
2973
5569
7147
6592
4491
3790
5104
2963
4885
2963
3942
4803
8363
6010
5184
8373
3344
7147
3824
4491
8441
3790
3824
4185
6340
4885
4674
2541
7180
5094
1463
2973
4327
6280
6252
6001
4803
7409
4294
3942
6592
5685
6211
2871
5184
6835
4381
5184
7850
4371
5984
5317
7954
9362
2871
6725
2919
3453
9162
7147
2432
5263
7954
6992
5805
5184
6015
4381
6226
7023
4154
3358
5184
5198
3790
4262
5184
7963
2582
3932
8933
6003
3674
4422
5317
7954
4294
3932
6512
2280
2280
4371
7353
3477
2871
7733
7455
4885
3773
5800
6211
6505
5104
3293
4803
5002
5695
8431
8005
4381
7103
3674
4905
5670
6003
2541
4872
6175
4327
3510
3936
6001
5695
1950
3293
2871
2760
8005
7627
7103
5766
4624
3456
8087
5325
8933
3942
4335
4422
2582
1463
6715
1463
5184
7208
6512
3293
7409
8422
4287
3399
5673
3942
4752
7103
6134
7525
5673
5984
2963
5569
7975
7513
8863
7014
4412
3855
3790
8933
5523
6601
5772
7147
3249
5695
5787
5202
8488
7627
4161
5637
3688
3293
7494
5350
3807
2871
8441
6538
6727
6134
1463
1613
2102
9010
3824
8330
1133
5198
5637
4381
5317
2541
2280
7503
5664
4672
8933
4885
3510
8856
5702
6117
7503
6484
3477
3942
7180
4381
6001
5263
3674
2280
11483
3293
3790
7208
6024
6512
5685
6080
3855
4381
1463
9162
7525
3344
3456
7525
3773
9673
10271
6592
1133
5307
1133
8025
4885
8761
6252
8441
7103
5800
2102
2973
5772
8630
7014
4381
2871
3840
8933
6134
7503
7503
4885
4381
2973
5695
6114
9362
7014
2760
7627
5695
5504
5685
8863
6582
8330
1133
7852
5685
4759
4803
5673
9233
4287
4270
4657
5198
9295
5685
2963
4803
5523
1463
4624
1133
4371
7954
5340
7180
2919
4154
7850
3674
4185
6495
4803
10246
7963
6625
9805
7977
6080
5695
8422
3674
4864
8434
5174
4885
3790
7014
4371
6134
6484
2973
3790
6582
4657
10754
6725
5695
2280
4194
2541
3790
3477
5766
7103
8863
4657
7147
4335
4294
1463
5184
3456
8087
1950
5685
5317
3249
3477
2919
8933
3674
7014
7180
9416
4262
4371
5325
5002
2912
3399
4270
3453
5184
7147
6167
6725
5695
4701
2919
8441
4803
1133
5184
3477
3932
3840
4759
3453
4273
4491
7147
5670
5104
1133
1943
7516
7635
5317
11248
3249
4803
5350
4381
6916
4759
5286
2973
4185
6186
2102
2280
5695
4624
6700
5787
6134
5082
6015
6725
7147
3790
6512
5317
7355
6592
2963
6134
7733
8422
3840
4381
6820
3674
8933
3453
5743
4701
2102
5504
5239
2280
7985
4335
9673
5654
3453
5695
4752
5772
5184
2871
1133
2963
7423
7733
7542
7748
5184
9346
5184
6147
4803
8856
7418
4803
7014
2102
5184
5800
8110
4624
6032
6582
3453
5311
4803
4803
5193
5350
1133
3293
3358
2973
6931
4262
7594
4971
3807
7850
3932
7147
3477
4803
7103
7180
7180
6247
5523
5797
4803
2432
4327
3942
5637
3456
4381
4759
2280
3824
9728
6252
9566
1133
4412
6032
7542
7033
6024
2973
6252
7542
3510
5593
7355
2582
5695
5184
6211
7353
3942
1950
3453
4381
5637
10726
5441
2973
5325
5198
2973
6715
6247
3477
4425
1133
4836
7920
9495
8684
5569
1133
1950
2432
2432
4885
2432
8555
2919
2973
5695
5350
5002
7147
4803
6165
4412
2963
3942
4294
6638
1133
4872
3510
5664
3443
5670
6001
1463
2430
5317
5637
1133
9258
6178
4383
5772
3477
5695
4624
3674
4759
5174
3344
4335
5184
4885
3957
6124
3942
1943
5797
6001
6725
2963
5286
3790
1463
2582
5307
9258
5307
2541
7850
3942
5263
7045
5664
5317
5664
3293
1133
3773
1943
5984
2963
7222
5215
3942
2919
3942
8441
3293
3790
7147
8933
2432
1133
5317
6340
3932
8441
4287
6211
6512
5111
2963
3510
5523
8422
5350
3932
5184
7033
5104
5569
6223
2432
7103
5772
7409
4971
5504
4381
5352
7147
2973
1463
5317
6080
7014
3903
6694
3855
3824
2973
6582
5899
5984
3942
7103
2541
4701
6167
3807
6567
8948
8441
6024
6725
8235
2102
4759
2280
8172
5743
4327
4672
6992
5317
5797
6594
5797
5664
6916
6512
7920
7147
7975
2102
4381
6134
6912
2973
7192
1133
5104
3942
5664
8330
5899
3790
4774
8684
4774
5772
4161
6912
6601
5193
5984
4335
2973
7627
1133
5184
5667
3807
1133
5602
5239
4624
3674
4742
6617
2102
5654
3358
6001
4759
9268
10271
2912
3790
5184
2912
7409
7147
6931
3344
2973
7920
4803
2102
6178
7023
2102
5283
4885
3344
5317
8008
5263
7850
4491
3477
5317
10194
8798
6165
1463
2280
5682
6114
6280
4154
7103
4381
1463
4287
7103
4803
7147
5184
6211
6481
3773
5681
2432
4194
5787
3293
3855
5350
5317
4624
4422
5198
2760
4665
4154
5082
5184
3942
7014
5504
1943
6725
11011
7147
3443
6032
3453
4624
6614
2973
6592
8422
6993
10383
5695
9643
3840
5163
6280
6252
5184
4864
1133
1133
6700
3344
5800
4161
10271
4412
5184
4371
5350
4262
1463
2973
5184
3453
3942
2973
3456
4381
3399
1133
4154
6931
7103
2582
7850
3358
7833
1133
1463
4371
2973
6931
4774
1133
4657
9308
3807
5317
4185
7033
8555
3249
5283
1133
4674
7014
3824
4885
3773
4412
5637
5772
3477
1463
5641
4422
4674
4233
5307
8375
6167
6147
2973
6223
8478
3942
7423
1950
8441
6211
3790
7103
5242
3293
5637
4657
8734
7093
5685
6134
5215
4803
1613
4672
3855
10754
2912
5682
3674
6003
4270
3957
5174
3358
7147
6147
5184
4194
7513
8437
5082
3344
5523
7813
6255
5263
8863
9673
11415
5317
4491
8863
7014
3932
7180
5104
2582
5242
1463
4335
7014
7033
5002
2102
8555
4742
8324
7522
5307
7222
4742
3674
8120
3510
6003
5643
8863
2973
3293
4665
3855
6993
2280
5772
6114
5082
4425
5184
4803
1950
5441
3453
6592
3453
5504
6252
2973
7516
5174
2102
6592
5673
9873
2102
7513
4759
4381
5350
5667
5002
3456
7558
2102
2871
2973
3293
8368
5523
8422
2919
5184
5350
4971
2102
7513
7963
5664
6592
3344
7014
6820
4491
7542
4383
7423
4803
5695
3249
7525
3293
7964
7627
5340
1463
5523
8478
7033
8441
4803
4491
8397
3674
1463
3477
6460
6912
7180
5641
5350
4774
2973
6175
6592
3510
5695
7155
1943
10084
10271
3358
1613
7892
7147
3942
2102
2973
5664
4381
6995
5325
7663
9741
5198
6255
6211
5011
3453
3790
5670
2430
7033
6835
8908
7033
5307
7147
5664
1463
5695
3443
4641
4262
6211
3824
4327
3942
7497
6211
7525
8486
3773
5695
7023
6601
7033
5325
4356
1950
7920
5695
3674
6405
6912
10791
4742
6167
5504
6694
6582
3807
1133
2973
8441
7180
5797
1133
5184
4641
5193
4624
6614
4752
2919
1133
4624
7103
2919
5163
7155
6134
6134
4803
3477
6340
4885
6592
3936
5800
7033
6733
7525
6211
6032
4161
2582
7180
8441
5350
7977
8254
3840
5317
6167
4356
2432
2432
7586
4759
4803
3293
6001
1463
6725
3399
5350
10077
2973
6512
4803
4624
8441
4885
6280
5350
3510
5643
5193
1133
2973
2102
7103
5340
5695
7627
5317
1133
3510
7023
6252
3729
5664
2973
4294
8008
6211
3344
10084
4759
6725
3807
3456
3824
5523
5082
4759
8422
5325
2973
5163
1133
6134
2102
9258
3688
3249
3807
8863
3942
4803
3932
4381
6481
7409
10641
4803
2102
2919
6912
4161
6134
7542
7525
