116957
113515
115204
112899
114664
114561
115204
115270
114664
115817
114117
115597
114664
114802
113154
114235
113307
115457
113269
114276
115418
115204
115555
112872
116091
114634
113016
113944
115842
114484
115539
114761
115771
113809
116417
114276
115204
112047
116408
114376
115684
114188
116457
113995
114235
113307
115315
115457
114376
115491
115457
116647
114094
115051
113556
114082
115304
114873
113592
114158
112587
114664
114488
114636
115792
115087
114593
115490
112685
114235
113301
114802
114914
113955
114484
114197
114664
113530
113565
114235
114484
113154
114484
114484
115852
114090
113307
115204
114917
114924
116024
113556
115409
114135
114772
113800
115397
113556
115231
115051
113154
115929
115779
113695
113949
115457
113307
114229
117141
115059
114614
113154
114773
114917
115282
114194
113695
113944
113948
113307
114235
114737
115779
115974
115160
113770
113560
113515
114310
114484
116025
115489
115279
114499
114484
115846
115415
114376
114276
113944
115307
112587
113515
112075
114408
115122
112075
113515
116140
114772
113556
113307
113695
115771
115086
115564
114449
116024
113515
116032
113515
113565
115158
114802
112840
113307
113556
114898
115304
115122
115310
115204
114873
114484
115937
115852
116092
112614
113225
113560
115869
114438
113768
114276
114910
113736
115204
113695
115030
114235
115867
115178
114951
115771
115390
114131
116150
115842
115234
114664
115204
115457
115779
114769
113768
114351
114374
112614
113307
116002
114235
115458
115353
114940
113556
115312
115452
112047
115204
113560
114082
114634
114914
114698
113442
115051
114843
115852
114488
115310
116282
114262
115565
115377
114235
114737
113591
114424
116105
115030
114737
113154
115306
114276
112840
116724
114488
112047
112840
113736
114235
114556
113736
114802
113515
114634
114127
115136
113334
114055
113692
115096
115358
114519
113334
114262
115051
113989
112622
113307
114276
114664
115239
113944
114484
114484
113695
113269
113944
114127
116723
116252
113768
114303
115771
114127
116382
113252
115051
115532
114276
112587
115022
113079
115678
116125
114384
114235
115059
114814
115279
115743
114683
113540
115605
116812
113307
113862
112047
114250
113407
115842
114484
114520
114276
112767
115484
114610
113020
114917
116056
114485
113874
113228
113948
113556
113995
115051
113162
113228
113405
114082
115057
113768
115427
114235
113225
114376
115457
113999
113944
113944
116252
113585
116133
112947
114837
113809
114276
113307
114664
114628
114561
116147
113560
116270
113918
115030
117141
114769
113827
114450
115779
114082
113583
113301
112875
113809
114664
113307
114131
114949
115457
114851
114949
113403
115689
116427
114262
114384
115213
114846
116455
114610
113811
112587
116332
115239
114851
113770
114235
114728
114488
116889
113142
115270
113695
114769
115365
114877
117522
114235
114698
116826
115719
112622
115562
115104
114769
113882
114235
113307
114337
114270
114090
113307
115279
115063
113692
114843
114643
114276
115968
113613
115339
113918
113016
114121
114343
115204
113948
114276
115779
113515
114235
112767
114276
113736
114810
114529
113404
116599
113695
117299
114123
114851
115842
114664
113592
112840
112587
114335
114276
113542
115204
112614
114235
113631
115279
112173
115272
116642
114489
115771
115204
112047
114887
114123
114235
113376
115887
116566
112587
114664
113972
113945
114664
112587
115489
113949
114975
114914
115236
114276
115562
115605
113682
113515
113695
115204
114276
116129
113556
113556
114131
113770
113016
115204
112687
114851
116857
115852
115051
113909
113228
116222
113581
115666
114664
115169
114949
114851
115013
114529
115499
115201
113695
113154
114802
113591
115290
114235
115742
116024
113556
112324
112587
112587
114873
115779
113556
114488
114556
114235
115457
116994
115492
113809
114276
115071
116662
113455
115390
114679
114090
114520
114131
114524
115842
115304
113944
115203
114737
116490
115168
116024
113682
114826
113982
113542
113736
114276
115071
114235
114431
115615
113016
114310
114582
114743
114123
113695
114384
114376
115095
114311
112975
114562
113202
114561
115286
116566
115204
116417
116032
113189
116024
113556
112587
114669
112947
114484
112614
115562
114843
113556
116099
114351
115612
113016
115457
114511
115204
114090
112767
112893
113515
115457
113800
114737
113530
113228
114802
115427
114169
116409
113560
114276
112767
114240
113944
112840
113432
115204
114235
114924
113809
113228
115484
113874
113654
115051
114197
116535
114276
114231
112587
114917
113154
114531
113307
114082
114276
114102
113515
113587
114194
113515
113556
115440
113307
114561
115411
113515
114050
115397
114482
114915
115427
115204
115599
115175
113736
114276
114918
112840
113016
113297
114285
114225
113515
113736
113803
113661
115051
113515
114484
114499
114917
113556
114235
114614
114235
114837
113556
112587
116670
114351
113515
114343
115521
115769
114376
115999
113989
113995
114384
115814
115277
114873
114276
115411
116025
116566
114082
113583
115340
115051
116819
114235
114737
113003
114235
113550
114529
112748
113909
115354
114197
115231
115165
115051
113315
114484
115690
114484
115204
115814
114843
115771
113228
114235
115282
114198
114529
114235
114082
114235
115204
115051
115204
114737
114484
115167
113736
114484
113635
113016
115022
116182
114335
115204
115096
113560
114382
113695
115565
114082
113550
113269
115846
114276
112836
113800
117116
115662
113800
114802
115671
114276
113736
114802
114484
115051
117065
116026
114924
114742
113695
112300
112767
115310
116032
114276
113556
113556
114458
115457
115163
116024
113613
116147
116322
113556
114123
116891
114225
116024
114235
115793
114547
112993
113736
114760
114490
114769
115233
114596
113307
113485
115484
114484
115063
114737
115668
112840
115330
115891
114235
113916
114376
112767
114235
114843
113307
115489
114851
115204
114235
113228
113591
114873
116414
114235
114481
113515
113583
116213
113894
115999
114082
113729
116552
115204
113228
115492
114021
113260
113228
115565
116983
114128
114679
113736
114484
113736
114664
115484
114147
115204
113016
114276
113909
113556
114664
115279
114769
114664
114276
115459
113736
113556
114917
113667
115336
114479
112587
114914
113515
113016
114843
114310
115231
114367
115019
114529
114561
115204
114131
114918
114561
115413
114664
113556
113944
115503
114843
116071
114235
113882
115204
115219
113307
115344
115162
114276
113542
114276
113944
115204
114343
113334
116409
116251
114090
113944
113809
114492
115057
113334
115030
113811
114276
114737
114720
115457
114276
114168
115204
116099
114351
116704
113694
115096
115458
114082
111355
113882
114175
114964
113827
114802
115104
113809
115771
113556
114276
114388
115377
115737
112975
114235
114127
116749
112587
116341
113809
113736
115712
114887
112047
116032
114488
115204
113533
113016
114843
114303
114802
115905
114669
114449
112587
113695
113944
113016
114728
114090
115779
113515
112047
114764
114202
112840
113142
114235
114792
114225
115879
113695
114201
114276
115219
115312
113944
114343
115418
115771
114343
114131
114484
115999
115999
113556
113809
113768
113841
115304
115353
115842
113874
112587
114484
114689
114484
112587
113613
113560
114303
114374
113902
113736
116256
114529
113736
114737
114664
112587
114197
115336
113279
113228
114515
115779
115607
113556
115201
116601
113217
114484
113307
113948
114343
116575
112927
113658
113592
115448
116637
114995
114384
114737
112767
115086
114384
113280
114529
116129
114664
114519
113154
114390
115279
114249
115033
114235
114361
115684
114529
115429
112872
113162
112840
114510
113550
113095
114743
114734
114669
111608
115905
113874
113016
115025
114197
113613
115484
115178
114484
114873
115771
115999
114303
113307
113269
116204
114235
113405
115516
114949
112587
112587
115204
116282
113162
115071
114276
114917
115771
114523
116610
115204
114303
114737
112767
114737
114123
114276
113591
113909
115051
112047
113736
113016
112587
114851
114664
115204
114449
114484
114529
113583
114843
113530
113729
114664
113307
115673
112840
114458
115231
114123
115711
112947
115157
115457
114484
114276
113695
114519
114488
114276
114917
114276
114737
115484
115459
113768
112975
115427
114529
114208
113768
112767
113556
113334
112047
115178
114917
115279
114276
115204
115098
115381
112975
114303
114917
115304
115096
114053
114376
115022
114949
112840
114530
115313
113307
115418
113269
112587
115459
115231
115638
115312
111068
112840
113556
114664
114564
115562
112614
114989
113530
114769
112975
116384
116032
114235
113948
113944
114802
114442
115204
113874
115231
114664
113770
116147
114949
114235
114484
113016
114769
114276
114484
113874
115171
112767
113556
114351
113729
114047
112587
115025
112587
115651
116140
113162
114376
113125
116137
113736
113556
114135
114519
114561
115204
114484
115302
115703
114636
113583
115204
114511
114488
114276
115712
114949
116056
114361
116282
115200
113225
113154
113556
113944
116032
113556
115020
115204
112767
114928
115096
110815
115427
114561
113154
114620
115381
115771
114519
114131
114484
114276
112767
113836
113260
114917
114873
115453
113162
113225
115096
112685
114964
113556
115842
113560
115204
114810
113695
112587
115003
114970
113874
114964
112047
114851
115073
114276
113944
115562
114429
113989
115204
115658
113654
115457
113736
112840
116417
114343
113793
114529
116712
114520
115389
113556
113515
112324
112587
113944
113307
113695
114090
114810
113003
113841
114484
115854
114276
112324
112767
114765
113542
114873
117015
113556
115063
113550
115418
113944
115059
113307
115532
115106
113307
114914
114235
114484
113515
114802
114843
113695
112047
113154
115242
114235
115204
114233
113307
116849
113944
116297
113052
113334
114737
116346
115626
113301
113793
113016
114530
113944
114529
116024
115312
114564
115745
114772
115071
113736
112650
114235
115055
116936
114210
113944
113382
115457
114235
114802
114595
113044
114664
115457
114664
113560
112047
114131
113307
112587
115087
114384
112840
114999
113307
116140
115626
115771
115771
114484
115489
114276
113874
114090
114764
113736
114843
113695
114664
113307
114117
114102
113943
112587
114664
115684
115589
114810
114936
113982
115051
113515
116024
115095
114738
113558
115160
114529
112622
114090
113729
114924
111784
115204
115815
114837
114235
113515
113515
112974
114914
112560
115276
113515
115457
115204
114513
116549
115059
114499
114235
116714
114664
114303
114374
115869
113989
114878
113334
113307
113542
114484
116032
115177
114484
115149
115771
113269
115138
115051
114367
114303
114262
115842
113736
114135
113342
112047
113515
114276
116064
115065
114837
113307
113550
114276
114450
114276
114664
116034
115842
116455
113307
114276
112767
113417
113695
115204
113307
117102
116535
114153
114664
115531
114488
113695
115779
115204
113768
113154
113515
114843
113768
114918
115684
114131
117142
113736
113016
113225
115806
113016
115051
113944
113918
114262
113665
113944
116026
113972
114998
115742
113003
115279
115312
114276
114825
116599
114851
113307
114810
114276
113785
113016
114664
115481
113556
115999
116149
114082
113020
115638
113989
116419
113587
113945
115204
113955
114484
113768
113095
113154
114484
114234
114311
115051
114127
115450
115128
116279
113515
113225
113556
113948
112975
115204
114490
114810
113020
115204
114488
113556
114655
114664
113439
112767
114851
114488
114484
113515
115055
115806
113995
114235
115204
113587
113556
114851
116282
113016
113639
114519
115096
115771
113875
114235
115200
113439
113918
114008
112075
114844
113307
114910
115484
113841
112614
115204
115279
112587
114882
115567
114954
115566
114784
113016
114520
114277
113154
113682
116599
113020
114914
114737
114843
116506
115204
113409
115051
115806
114235
114802
115735
114276
114511
115771
116566
115562
113944
115086
114276
113882
115380
113307
114303
115671
113768
113556
113583
113768
115304
114355
114235
114484
115377
115671
114563
112587
114488
113882
113307
113989
115204
116643
114484
114303
114531
114878
115330
115312
114590
114276
113874
114235
113973
114664
113874
114235
112767
115413
113550
114586
115304
114484
114979
115566
114229
113256
112622
115231
114276
114630
114610
114810
115689
113228
114484
113560
114262
114883
115136
115842
115051
115684
114783
113695
113515
116535
113874
115284
112767
114262
113944
113592
114519
116643
115771
116889
115313
111788
113515
115580
114276
116227
114918
112767
114918
115095
113768
114355
113811
114117
113662
114802
115231
113154
115562
113307
113515
115204
114488
115204
113948
114428
112587
114484
114276
115779
116346
113307
113635
113515
116926
115071
114737
116056
114102
114810
113874
115279
113595
115492
113591
112047
114235
115279
113515
114773
114090
114696
113269
113874
112713
113269
116419
115776
115219
115106
112047
112840
114276
113948
114127
113556
114715
114737
112614
116483
115204
114208
113016
115283
113030
114851
113874
112614
114804
114235
114235
114250
113682
113550
114488
114664
115204
115999
115779
115231
114484
115779
113415
112685
113307
115063
113989
115051
114374
114082
114930
113768
115051
114737
112840
115051
115020
114664
114235
114737
113162
115779
114484
115499
115375
115842
114276
113542
115167
115555
115304
114802
114235
113020
116566
112850
115481
114276
116024
115304
114375
115104
114595
115457
112426
114520
115128
113695
113307
115030
113944
114276
115330
115051
113052
114823
115347
115999
115201
114520
113736
114408
115310
114843
115606
114529
113162
114810
113736
115204
114802
113811
115771
115448
114843
114235
115204
116849
114447
116849
113342
115999
113619
117394
114488
112442
115051
114090
114198
114511
114964
114969
114175
114484
114547
113768
114628
117173
114737
114810
115842
114810
113583
114664
114883
114376
114343
113515
115108
115231
113944
114556
115377
115492
114520
115771
115999
113948
113162
114499
113432
114198
115204
114634
114131
114737
113729
114825
115996
115846
116281
114488
115051
114813
115842
114593
115022
117145
114270
113800
113334
113556
115489
115489
113407
114235
115771
113583
115484
115457
113695
114802
114698
116566
115630
114843
116251
114017
113162
116646
113225
115204
113515
112767
112587
113556
115566
116268
114276
113907
114773
114311
115231
113882
114276
114484
115725
114082
114335
115071
115204
112840
114220
114664
114128
115330
113999
115204
114082
111743
113515
113768
115427
114519
113792
114737
115771
114843
114361
115806
113269
114595
113916
115204
115771
113225
115646
113736
115459
114843
113515
115055
115090
114968
115204
114615
115279
113342
114276
113125
114276
115562
113307
114449
112587
113682
115712
114276
113989
113542
113550
114311
112332
116517
114390
115484
114873
115779
114262
115457
114761
116640
114131
115564
116672
113944
113556
114484
114235
115668
115087
115051
112767
113944
113695
113225
114082
117141
114737
115779
112975
115138
114664
114851
114851
113882
114311
113189
114276
115566
115562
114235
114333
113269
114194
114637
113583
115104
114529
115059
113154
114843
114335
113154
115712
113269
115204
112587
113587
115806
113225
114743
113736
115626
114131
116251
114604
115606
114197
112587
113016
112110
114758
112840
114276
114270
114276
113225
113641
114810
116208
115164
113020
115555
115662
114235
115457
114194
114303
115562
114384
114949
113695
115057
114664
116418
115418
114484
115448
113955
113020
114484
115175
115071
114235
114802
114375
114810
114852
114837
113695
115171
113307
113695
115178
114529
114817
115178
116259
114737
114529
114529
114484
114873
114769
114737
113809
114561
113560
113052
114235
114276
114887
115463
115051
113948
114878
115204
113874
114488
114844
112975
114677
113948
115087
114739
116417
113708
114235
115457
112047
115484
113800
115304
115204
114488
113944
113307
113736
112767
115638
114810
114851
114664
114123
113307
113307
114131
116122
113307
115377
116035
113260
114021
114235
113836
115204
113351
114082
114851
115063
114743
115204
115975
114276
115204
114276
114343
114914
113948
113260
115204
114582
113959
112047
113556
114458
115051
114270
116359
114790
112587
114810
114698
115055
115231
113556
115439
115921
114843
114511
115521
113016
113307
114311
113944
113556
114153
113228
113307
113944
114529
114131
115177
115375
114276
114484
114851
112975
113474
113225
113945
115204
113895
114351
115880
115144
114917
113513
112614
114123
112975
114878
114235
115852
116672
115531
113729
114276
113800
114664
113395
115489
115744
113556
114843
117225
112587
114235
116361
115204
116125
113342
114276
113556
116309
113949
113016
116627
114484
114127
114053
115086
116024
113944
115742
117204
113307
113556
115994
114235
113695
114484
114311
116326
115846
116454
114511
114235
114802
114235
117222
114235
112840
116105
113101
113003
114737
113592
115122
114442
113515
112587
115457
115219
114274
113515
115312
113307
114484
113016
113154
116490
114488
115217
113790
113515
112840
113016
116036
115921
114851
113016
112332
113695
113944
114488
114355
112840
114484
115239
113334
113307
113162
112587
113515
114406
113560
113515
113560
115063
114843
112047
114262
115030
114618
114924
115239
115330
112047
116024
114484
114374
112840
114229
115459
115457
114276
115671
113307
115204
115327
113882
115357
113515
113695
115852
113560
114406
114851
113269
113654
114235
113809
113016
113154
116056
113307
113269
115096
114917
114303
114810
115063
116346
114949
114665
113736
113556
111867
113542
115306
113560
113556
115440
115204
114664
115344
114900
116714
114664
115771
116127
115204
112975
114458
114883
113989
114735
115418
114276
113556
112300
115212
114511
113556
114596
113868
113591
115942
113944
113945
115961
115771
115059
115204
114810
113530
115514
113980
112767
115293
117978
113154
115136
113695
116574
114117
114851
114335
113695
114235
114737
114232
112587
114980
113515
112990
116346
114333
114511
115489
115777
115815
115204
114917
113556
115457
113556
114235
114250
114270
115204
112587
113874
113415
116484
113990
113515
113682
114402
113342
116251
113949
115879
113944
116346
114082
113916
114529
116890
115090
115304
114303
114276
113433
114679
116024
115122
113556
114843
113874
113550
116108
113880
114520
116647
115051
113736
114159
114851
114235
116777
113154
115128
115204
115312
113695
113948
112872
113882
113948
114846
112047
113016
114096
116890
114276
113695
115407
112850
115584
115987
114484
113016
114310
113515
113556
114441
113515
113269
113943
114123
115204
114664
113944
113583
115617
113768
114737
114769
113583
114843
113560
114991
116024
115779
113874
114484
113395
113944
115201
115689
114742
114304
112587
115779
114810
114851
114090
112891
115137
114484
114924
114276
114276
115852
112697
116409
114276
115304
116346
115852
113307
112047
115357
114376
114924
114262
116192
115842
114484
115201
112975
114131
116812
115030
112767
115427
116708
115418
115390
112587
113382
114276
115030
115771
113700
113307
115879
115484
113592
113016
115418
114810
115413
114737
113695
113982
116097
116574
114243
113478
113515
113882
114303
113515
114276
113809
114604
113154
115204
112842
113030
114376
116317
112207
113407
114769
114626
115457
112300
114764
114802
114664
114942
115846
114235
114235
116308
115134
115869
114883
115489
115402
114262
113944
114484
114949
112723
113307
113307
113944
113252
114484
113819
113835
113591
113809
112767
113819
116297
114416
114941
114511
114773
115457
114270
114488
115600
114721
114655
116574
114556
113729
113591
115591
115532
114082
113944
114090
114021
115742
113334
115684
112767
113515
113342
114914
115418
114469
116749
115204
115055
114873
113515
114664
112283
113809
113944
113515
115712
114488
113095
116024
113556
115204
116026
114664
113944
115852
114090
113307
113515
115427
115516
115294
115489
113508
114276
117352
113283
114235
117394
115071
113515
114998
114737
115057
115167
113918
114715
114484
114259
112840
116384
115846
115815
114235
113882
113948
112300
114276
115779
114810
114529
115204
113016
114529
113556
113225
114837
115231
115719
114917
115181
112587
113550
112047
112324
112047
113307
114737
118109
115204
113125
115204
114737
114968
115879
114991
115030
115204
114764
114310
114351
114664
113556
114276
114367
115806
113882
115204
114090
114128
112587
115204
114447
114229
114090
114488
114276
115051
114802
114343
115202
115122
114737
114488
113710
115204
114235
114664
114117
113768
113556
113668
116095
114484
114335
112587
115626
115562
116857
117181
115204
113556
113307
114082
115779
112075
116529
114123
113433
115583
112614
115030
114235
115709
115457
113901
112587
114737
113641
114167
114276
113944
113654
115330
113635
114511
115457
113613
114810
116170
114917
113768
116311
113154
113592
115204
113154
114376
112587
115457
114851
114484
113537
115087
115158
115585
113560
115858
116566
113665
114374
114615
113334
114488
113380
113154
114557
113874
113505
113515
115733
114127
112047
115427
115459
115059
113768
115204
115457
114484
116059
115458
114276
113324
113307
112614
114737
115976
114123
114235
115136
113729
114964
116446
113690
115033
114992
113982
113530
115457
114274
115527
112767
113854
115481
114561
114488
113836
114887
113768
113307
115239
114384
114484
115059
114235
114090
113016
115195
114637
114810
113665
115204
114604
114276
114276
114814
113556
113729
113016
113882
114229
115204
113948
115160
116667
114837
114235
115491
114276
116878
114664
116889
115030
115457
113685
114311
113841
117152
112587
117059
115999
114484
113334
113407
114235
112975
113935
115096
115075
113768
115999
113835
115030
112872
114664
115136
114790
115782
115842
113252
113556
115407
115489
114484
114484
113020
114474
113948
112975
114488
113695
114082
114484
115293
114664
112585
115854
114235
114276
114374
113768
113989
114235
114384
116273
115231
114511
115673
115999
114123
113016
114843
114276
113935
114276
115999
115204
112975
114515
114484
113944
115060
115639
115249
113613
114865
115630
114276
114335
115231
113944
115097
114235
114384
114720
114335
112614
116827
116627
116346
115484
113515
113510
114189
114664
116024
114159
113736
114449
114235
113560
113515
115842
114229
114303
115279
113896
114664
114276
114070
114276
113809
112300
115231
113307
115114
112047
114484
114235
115516
114843
115087
114802
113841
114698
113874
114484
116408
115071
115842
113225
113154
113841
113252
113020
114851
116693
113016
113016
116251
114225
115377
114070
113307
112614
114664
115817
115409
114335
113505
114424
115204
115771
114276
112872
114197
115842
112975
113127
113989
115239
112587
115565
114276
115771
115051
115591
116095
113882
114276
113556
113154
114235
114773
113982
115866
113515
115684
114561
112767
116182
115880
115055
116496
112872
113542
115096
115279
113682
114764
115607
116032
116849
116484
112047
113560
113560
115489
115030
114484
113307
113515
114556
113560
115779
113407
113809
114235
115377
112028
112587
114843
116827
114303
114235
114843
115555
116227
112587
115482
115779
114764
115891
114333
114878
114720
112587
113667
115059
113455
115489
115059
112975
114917
113768
113515
113736
115181
113154
112840
113382
113334
114102
114488
115779
115104
114810
114276
115204
114761
115968
114123
114529
113882
114657
114250
116176
114664
113556
113972
114270
114851
115171
113515
115484
114488
115024
114484
113736
113307
115531
113695
113729
114952
114484
115771
114096
115204
113874
115374
112047
116637
114153
114117
115204
113844
114484
114737
116495
115942
114135
116346
113334
112407
113907
115693
113016
113882
116026
112438
113768
112767
115204
113556
116276
113269
115022
115122
115962
114883
113556
115213
115217
116431
115794
114197
115771
115204
115492
116095
114355
114484
113016
115484
114235
113020
115204
112047
114000
112767
116259
114557
113020
115204
114001
114519
115788
113695
115562
113307
114276
116129
114159
112966
115231
116717
113556
114343
115014
113307
112587
113736
115059
113695
113382
115204
115101
114325
114333
115204
114883
115891
113944
113768
114270
114102
115745
114484
113556
114376
115204
114924
114484
114235
113770
113695
114764
116895
114519
113736
114843
115204
113944
115484
114235
113768
114244
114664
115071
114197
115051
115128
114964
112614
113432
114484
113631
114082
114127
113874
113542
113307
113513
113560
114276
114235
113162
115689
116795
116724
116032
113334
114596
114484
113583
114458
116239
115457
115098
115463
116105
114964
115071
114385
113016
115174
113515
115131
114082
115096
115219
115771
113515
113301
114531
114424
116064
115130
114406
114115
114235
117261
111788
115684
115051
113307
114484
115167
114949
115204
115122
116535
113736
115051
113556
114664
114485
115244
115312
116631
114488
114964
113695
114664
113515
113651
113016
115204
114664
114235
114082
113987
114883
115413
114488
113515
115339
113695
115626
114135
113811
113845
114851
113556
114843
114488
114335
115231
114917
112767
113260
114664
113407
114197
115126
113560
114082
115104
115555
112975
115217
114262
113307
113556
116984
114964
114311
112893
115204
115059
115096
115771
114488
114274
115204
114303
114743
115051
114235
116252
113613
112840
113811
113154
114843
113556
114123
113556
115055
114159
113154
112867
113948
115978
115810
115071
113944
114375
115317
113841
114408
116714
112767
114358
115051
116137
116213
116169
115122
114547
114235
114484
113307
114802
113935
113948
114276
113809
113513
115806
113736
115806
113515
113307
114895
112975
114737
115066
115377
115817
113695
113560
115354
113995
114746
116861
115051
115128
114276
113342
115492
115766
113944
114262
113016
115626
114447
114235
115204
115057
114127
115565
113874
112767
115418
115231
112614
114235
113515
114335
114553
116213
114823
114090
113228
115523
112660
112047
115204
115283
114728
116032
114235
114636
116566
115279
115354
114235
113228
114303
112587
114883
115457
114664
113016
114511
114262
115678
112767
115304
115201
115605
115204
114235
113560
114235
112577
115450
114561
114951
114802
113301
114817
114531
115559
115792
114802
115231
114804
115324
114633
115204
115994
115771
114563
113307
115177
114917
113269
115022
114021
116599
115583
114561
115457
114235
114333
114737
113342
113944
114153
113515
114197
114664
115516
114529
113016
114082
112767
115489
113668
114924
115457
114221
115055
113844
114090
114484
115204
116662
114802
114082
112975
114153
112504
113729
113874
114769
114851
114484
114737
114310
113515
112938
112328
116282
115481
114276
114096
114695
116309
114802
115022
113874
112840
113667
115051
114194
111743
114664
112767
115684
114531
111355
113052
112975
115095
114343
113101
113800
115626
112587
114967
113407
114197
113562
115204
114262
115051
112840
114135
114311
113515
112183
115450
115771
114135
113904
115562
113695
114843
115735
116137
115999
114276
115440
114175
114058
115051
114851
113127
112587
114917
114235
113515
116264
114202
115630
115231
114936
114235
114082
114117
115994
113515
112767
114484
116105
113587
114843
114484
112047
114522
113016
113515
115999
115051
114310
114769
114235
115204
113326
114511
114529
113511
114877
112587
114702
114082
114235
114739
115459
114438
114351
114843
114199
114593
115852
114968
113980
116147
113228
115938
113301
112504
114253
114739
115204
114634
113583
114276
114511
114877
115313
113874
114127
115771
116419
114123
114235
115539
112047
113515
116141
115204
115879
114375
114276
114462
112763
113768
113836
114561
113882
114235
113405
115684
116662
113768
114311
116984
114082
114484
113016
112587
114198
114810
115051
113875
115128
116682
114728
114851
115492
113515
114484
115203
113556
114123
115302
114740
117457
113736
114515
115605
115304
116535
114458
116147
115779
114102
113556
114276
114376
114131
113695
115457
113717
112767
114374
114231
114914
112587
113882
112328
114082
115846
116131
114522
114235
115354
112840
115388
114488
115531
114484
114484
114851
116346
112587
113556
114873
114402
116147
113307
116026
113560
112614
114843
113592
115071
115096
113556
114772
113809
114094
114802
113972
113154
113676
114550
113898
113836
114664
115204
115104
113583
114877
114235
114303
113768
114051
115463
115304
114235
114529
116599
113583
117110
116056
114953
114595
116024
114841
114235
114090
114664
113695
116128
114128
114734
114664
114664
115051
115279
116357
113592
114233
113611
114276
113768
114802
113982
115354
115204
114235
114917
114645
114127
114235
114325
116259
111922
115204
114484
113269
114851
115272
115087
114488
113809
115204
115701
114484
114671
113562
113925
113874
112975
112047
115457
114484
113809
115342
115999
114657
113592
114499
114737
114303
113945
114484
114737
114235
115779
115597
115204
114252
112840
112587
115937
115144
114622
112767
114235
116514
114914
114123
113800
115488
113909
115204
114849
115099
114520
114547
114769
115231
112587
115204
113016
112300
115178
115236
114484
115204
115274
114131
113515
114242
113515
114311
114283
116566
114188
113556
115564
113809
114664
114715
114917
114262
114235
115684
112722
115842
115516
112767
114802
112587
114235
115817
112840
114194
115450
114664
114769
114129
113016
114197
116674
115304
113154
112872
114917
113702
114484
114844
116788
114235
114276
114802
114561
114094
114887
113307
112867
114484
112458
114561
115063
114235
114131
116032
113515
114262
114484
115086
113695
114194
114657
114561
116125
112840
115589
114197
113505
113944
115684
116024
116930
114600
115122
114636
113415
116282
114664
113736
112047
113803
113556
111784
115336
114053
114914
114270
112587
115051
115771
116107
112872
114883
114090
112982
114082
112836
112872
112767
112102
113880
113154
116064
115059
114484
114135
114677
115457
113016
114484
113809
114522
111869
114484
113560
114235
116432
114715
114181
113874
114360
115204
116566
113560
113228
114664
114556
113515
113071
113515
114883
116002
113016
115248
113583
114802
113872
114416
114484
112622
114529
115418
113020
116252
113654
114458
114123
113944
113682
114863
114235
113841
113809
114204
115204
116137
114270
113305
116181
114484
113695
115779
114351
113515
114677
113307
114851
114679
113228
115481
113269
114851
116390
116202
112300
114563
114851
114843
115245
115842
115786
111743
113550
114520
114235
112463
113432
114843
114414
115312
115051
113944
114082
114802
114235
114484
114303
113542
115489
114276
114449
116024
114802
113844
112047
113809
113560
114159
113916
114333
114810
114561
113334
113841
114270
113955
112685
114664
112587
115313
114802
114167
115022
114208
115030
115030
113739
113944
113016
114197
116102
114262
115771
114276
113269
113770
116024
114276
116714
114484
114235
113648
113515
114127
114679
114235
115418
113585
114484
113016
113736
112840
114917
114720
114736
113944
114664
115639
113989
115058
114641
114115
115457
114276
114843
116785
115178
114883
114376
113052
113980
115231
114484
114670
114303
114887
113944
114529
115742
112840
113736
114773
115330
115231
115771
114088
113874
114235
114664
113980
113515
114664
112965
115769
113989
113556
114484
115711
112842
115418
116144
114255
112587
115202
114873
113695
113844
115204
113736
114197
112173
114951
113736
114131
114563
113354
114303
115204
116561
115592
115814
114529
115231
115204
114999
114519
114529
115968
114582
114484
113995
116896
114484
117502
115239
113841
114530
113591
114197
113989
113613
115779
114900
113980
113269
114598
115779
116317
115605
115051
114402
114490
113515
114123
114198
113556
115969
113695
113307
114671
115532
114276
115771
115071
114276
114135
115204
113768
114871
116095
114131
115051
114488
114582
114664
114664
114769
113809
114276
112587
114556
115051
115684
114949
113770
115022
113768
113894
113307
115096
115715
115459
114873
115104
114802
113280
114311
113583
114123
112536
115204
113556
114458
114843
115204
113841
114917
113800
113583
112300
114523
114374
115071
115846
115555
116419
113228
113736
114949
112587
114488
115515
114837
114529
113382
114235
113736
113874
114235
113154
114873
112536
114276
115879
114802
115051
112867
114664
113307
113841
112891
115842
113792
112975
113556
115817
113515
115204
115771
113556
113154
115490
115219
114311
113803
113821
113256
114376
114376
114351
115209
115457
113307
115204
114595
115055
114276
113342
114910
112587
113542
113515
115457
113515
111068
114531
113736
114499
114664
112767
113800
113695
116873
116024
113016
115999
115204
114604
115059
114529
115450
113020
115532
115626
114810
116024
114814
112463
113556
115684
113665
115771
114519
113955
115689
114077
114810
114311
114262
113768
115239
115597
114593
113909
115999
113016
114484
113654
114802
115481
115523
115304
115051
114311
113447
113844
114843
114385
114531
114484
116994
113307
115302
114664
114484
113200
115122
113768
115784
114303
114276
115204
114851
115051
114449
114235
112568
115204
115564
114235
114484
113768
115336
114953
113162
114556
113874
115059
114773
114235
114276
113515
114595
115559
114303
115771
115941
114123
113695
114303
114802
116346
115204
115531
113882
113809
114484
115204
113736
113154
114131
115231
113016
114843
113844
113809
114843
114090
115597
115842
113768
115204
113823
115607
116548
115171
112975
112975
113515
115055
114490
116346
115024
115204
114376
114051
115051
113407
113736
113542
116857
114917
114235
116137
114664
114484
115051
114917
115999
113052
114737
116322
116158
114153
112842
115051
114131
115779
115795
114917
113154
112587
113809
114235
113515
115144
114739
113800
113736
114964
115608
113841
113944
114285
113556
114276
114402
113695
116479
116722
113020
114090
115415
112975
114531
113162
114276
114276
112622
114235
114851
113768
112047
114090
114889
113874
115063
114064
114737
113556
115169
113736
114843
114484
116670
114311
113016
116517
113016
114249
114484
114688
115854
114843
114873
113016
115051
114914
114802
113989
115646
114936
115516
115693
114535
116647
115899
114484
114355
114737
114343
116122
115096
113016
114235
115063
115792
112300
113225
115128
114131
113916
114276
113583
112872
114053
114335
115468
114082
112975
114262
113307
114082
115377
113307
114604
115283
116024
114802
112585
114917
114769
114664
114303
115054
114235
114519
113944
114374
113736
114488
112587
115481
114914
113560
114262
113307
115177
113729
113944
114871
113556
114235
114737
115203
115779
113078
113556
114638
114914
113916
113554
112318
115684
112614
114846
113682
115771
113016
114484
115192
114007
114488
113556
115059
113841
114737
115459
113016
114802
114303
114564
115457
114402
113307
113020
114484
115459
114311
113162
116032
114090
114093
114276
114810
114276
113948
114484
113695
113515
114949
114388
114949
115201
113016
114131
115051
114664
113587
114449
113874
114529
116567
115304
115684
114235
113556
116026
115204
113809
113307
113016
114449
112069
113478
114153
114810
113307
114813
113949
116129
114737
115525
112842
115075
114235
115457
114333
116024
113583
114484
116252
115440
113550
115059
115204
113307
114883
114484
113307
113415
113119
113541
115489
114664
113515
114556
113682
113989
115204
115880
115779
114276
114276
112840
113627
113944
115562
115304
113432
114488
114783
115144
114655
116047
114562
114276
115383
114276
114737
114194
113154
114082
114303
114737
114235
113071
114529
113583
115330
115204
116026
116346
113909
115457
113515
115059
114514
114367
112975
115457
114135
113944
112587
112587
113866
113382
113307
115457
114883
113556
114813
114488
115204
115204
113894
114235
113016
113914
113980
113667
115336
114851
113405
115136
114262
115492
111453
116566
113695
116064
115440
113874
113556
114303
115869
115204
114843
112712
114276
114520
114484
114484
113827
115731
113468
113736
114276
114406
113815
114843
114597
114531
114411
114270
113515
113515
115719
113955
114664
113795
115626
115204
115204
114679
112047
114276
114021
114102
113667
115204
113583
114235
115771
114529
114276
113560
116100
114276
114914
114664
115098
114917
113556
117194
113334
112975
114796
115377
112685
113342
114276
113809
115564
115854
114439
115427
113307
112047
114885
115869
113809
114484
114949
114235
115097
114055
114981
114488
112614
114863
115726
113556
114843
114235
114883
115779
113307
115689
113307
115532
114335
113836
113515
114131
116134
113016
114655
115059
115911
114082
114814
114484
115492
112283
113556
114082
116574
113020
112587
114593
114235
113560
112975
114488
114276
115071
112587
113909
115745
115705
114800
114303
114250
114499
114890
115204
113695
113564
115771
114276
115671
114832
112587
114235
117560
112840
116064
115521
115231
113945
115204
113882
115459
115204
114123
115459
112300
115231
114375
113154
113736
114333
114484
114051
115418
115638
114311
114123
112975
114306
115630
114453
115204
112587
114235
113071
113587
115204
114737
113944
115030
116147
117342
115231
114843
114276
115532
116357
113556
112982
114276
114270
113260
114851
115381
114737
114235
114276
115231
115742
112975
113768
115239
114484
115771
115172
116346
113542
113225
115204
115771
113695
114810
116346
112840
115712
114851
115779
114964
113515
115999
116024
114367
114677
114499
113792
114488
113944
115055
114917
115304
114664
113556
114851
116056
115719
115481
113695
113560
114484
114484
113874
112975
112324
113768
114235
115122
114082
117007
114715
115510
115306
114843
116694
114499
113948
115457
113307
113882
115806
112975
115617
113556
115457
113307
115411
115304
115771
114668
113695
114926
113515
114022
112585
114082
113944
113556
114055
116024
113225
115489
114121
114276
114335
113307
114242
115626
114235
115771
115411
115204
115847
114737
113682
116170
113154
113874
116024
116147
115065
115489
114276
113405
114520
114408
114843
113269
115461
115869
113556
115457
113052
112047
116181
113269
114235
114235
113695
115850
116024
115204
114851
117465
114529
114918
115204
114167
112047
114276
114968
113560
114080
115440
114563
113556
115711
112767
114851
115457
115279
114484
114276
115779
114484
115605
113732
114276
115869
114235
114484
114333
113016
112047
115771
115055
114814
113307
115219
113874
114484
115336
114135
115892
115626
114886
114484
114361
115055
113635
113225
114671
113592
114276
114637
113542
114936
114520
112767
113768
112975
115779
114952
114270
116107
113570
115051
113695
114276
113307
114610
114262
116599
113016
114355
116765
115239
115168
115202
114484
115086
113560
114484
112283
114131
113736
113809
113682
112330
117497
115771
113613
113591
115430
114664
113252
113307
114482
113770
113334
113162
112587
113556
115779
113809
115204
115806
113307
114737
114030
117141
112075
115104
115279
115204
114844
116566
113736
115231
116727
113811
113020
112842
113228
116759
115185
116346
114529
113154
116172
113944
115090
114094
115312
114887
115204
113556
115438
112713
113307
115905
112300
114276
112767
113980
114490
114790
116490
113944
115684
115282
113154
115204
113768
114810
114802
113809
112840
114343
114248
114878
115324
114094
114235
114008
115204
113984
114351
114488
113515
115999
115999
115504
115136
113307
115330
113331
116139
112767
115779
114851
115059
112587
113944
113768
113556
116359
112975
113949
114370
113052
115344
115448
113989
113736
112047
114664
114374
113944
113560
113882
112614
113945
115481
114851
115162
115204
113592
112587
115771
114739
112047
112767
114488
115457
113515
114167
113162
115201
115231
113307
116322
113809
113515
114384
114082
112047
115771
115842
115063
112037
114090
113556
113232
115024
113809
114664
117225
113225
114737
114484
114484
114664
115846
114235
115193
114484
113948
114117
113768
115051
116251
115438
114810
115999
113874
114276
115279
112047
114843
114276
114385
114637
114406
113016
114123
115204
114669
113307
115701
116099
113556
113541
115204
114818
114531
113809
113407
114561
114941
112047
113307
114739
114194
114484
116382
115199
113252
113795
114664
114488
115059
113556
112047
114276
115457
115022
114843
113016
114262
114447
116341
113944
112622
114843
112047
113809
114259
114376
116479
114715
113380
114802
115771
112840
114449
113301
111635
113515
112587
113556
115025
114235
113768
115377
113556
113717
115457
112300
116455
114197
114664
114851
114276
114252
113695
113995
113989
114800
114276
114020
113809
116115
113685
114484
113162
114817
112403
114384
112495
113583
113874
114810
114384
114235
115481
112587
115104
114484
115312
115336
114162
113948
115779
114917
115375
115204
115852
114488
114135
114488
114664
115842
113334
114235
113560
113736
112047
113162
112858
114488
114708
113736
115771
115144
113342
113556
116749
113882
112975
114225
115051
114235
116026
113350
113641
112614
113989
114235
114335
113301
114276
113948
115583
115204
113874
114449
113800
114131
115324
113768
115357
112767
113405
114664
114785
114634
112047
114082
114596
115171
114769
114688
113945
114343
112975
117291
113736
115689
113710
114235
113020
114769
115204
112872
114090
114343
113948
113228
114702
114802
115391
115051
113736
113695
112300
115096
114235
114520
114333
112300
113874
116139
113560
113874
114123
113768
114484
114276
113768
114235
115279
114484
115922
114276
114370
114851
114843
114162
114917
113803
115630
114449
113874
114484
113635
113768
114922
115626
115059
113948
114257
115794
114484
115030
114663
115457
116024
114276
115129
115693
113560
115204
115432
114802
113736
113415
113920
114484
113515
114270
113695
114235
116147
114484
114698
113695
114406
114082
113154
113307
114484
115051
113269
113515
115202
113809
114529
115051
112938
113694
113972
114276
113695
114194
113641
114737
113916
111640
114270
114082
114197
113736
114873
113515
113515
114479
113560
114734
115030
113342
114235
114449
115330
113334
112587
112047
113307
115279
113515
113882
113944
114232
114408
112614
115071
115204
113809
115283
113515
114276
114123
115106
113562
115063
113252
114180
115684
113556
116133
114343
115457
115059
112047
113297
115771
115239
114123
112587
114664
115177
112975
114235
112858
113307
114737
115204
114561
114810
113736
116322
113736
114923
112975
114910
114657
115204
114664
115771
112975
115693
116680
113560
116282
113154
114094
115231
113702
115590
115071
113587
113334
114664
114276
114737
113162
112587
116675
114311
113415
113736
113821
114586
113658
114388
115204
114488
113542
114484
112975
113020
115204
114276
115771
115869
113515
113016
114262
113556
113736
114276
113809
113882
113995
114520
115312
112975
114276
113583
115457
115204
113948
114235
116213
112324
116631
114484
114529
113560
112047
114131
115149
114769
114529
114447
114123
113695
115852
114484
114484
114520
115962
115759
115457
114634
114082
113613
116866
113513
113866
113052
114949
113592
114276
113307
114873
116820
114276
115049
112975
114491
112767
114809
115136
115457
113228
115204
112463
114303
112767
115204
114484
116024
113768
113307
114384
114361
116670
114972
115638
114276
114515
113836
115409
114810
115562
116131
111390
114728
113560
114889
114764
114276
114088
113556
115719
115380
115204
115059
113695
112613
115204
114511
114276
115204
116284
113154
115562
115407
114276
114977
115219
113841
112173
113560
113945
115868
114664
115122
113269
114664
113439
114197
115328
115310
114810
113433
113016
115051
113949
116920
113407
113768
115204
114560
114802
115136
115297
113768
116032
113439
114484
113768
113819
113016
112767
112975
114737
115204
114276
113542
115779
112587
115087
115283
115204
115733
113944
114529
114698
114335
112047
114991
115999
113275
112047
113016
114511
112047
113736
112767
114964
116519
115051
114303
113016
114276
114262
113591
113591
113556
116026
113736
114886
115842
115051
113382
113307
114094
114737
112872
114235
115457
114949
114883
113515
114802
115051
114484
113016
113016
114917
114450
113515
116566
113944
114873
113736
115771
115051
113439
115204
116512
114461
113307
114248
114385
114564
115087
114131
113560
114285
114276
116127
113556
115771
115771
113980
114519
114484
115051
116419
114303
114843
113736
113768
115693
113016
114484
115489
114104
114270
113537
112966
112047
115457
115958
115122
114515
115375
113944
115879
115771
114484
113736
116099
115051
115771
115204
115457
116566
115457
114349
113228
113729
114561
115638
115684
113736
115004
115397
115484
117606
112283
113874
115418
112300
115842
115204
114900
114800
113252
114484
113228
113409
116032
115144
112332
115204
115806
115457
114452
115489
115231
114914
116127
115136
112179
116125
114843
114914
115427
112047
113868
114698
113595
113395
114276
114843
113695
115407
116714
113307
112300
114596
116259
114883
115122
115122
113269
114488
115055
114484
116139
112587
112614
114386
116107
115304
114529
114384
113882
114276
113583
114484
115178
114082
115059
114871
112840
116216
113515
116346
114458
115204
114702
113944
114276
113269
113154
115157
113811
115030
113052
116631
113556
114529
115771
113016
115202
113736
115427
114529
114914
113560
116034
116139
113948
115195
114270
113515
114276
116064
113228
113003
114367
115063
113663
114628
114867
114262
114529
116182
115966
113736
113809
113301
114949
114102
115810
112426
115059
115204
114235
112975
115204
114235
115051
114769
114512
115075
115178
115354
115204
113415
115742
113736
114523
115204
115204
112975
113695
114802
114235
112047
115489
115779
112587
114276
113307
116514
113821
115684
113736
114123
114235
114274
115330
115231
115149
116504
115204
112047
115771
115492
114556
114276
113334
113803
114814
114664
115122
116032
115440
115051
112587
116504
115030
114484
114511
113809
115204
113307
115427
115711
115937
114235
113809
114484
112324
115852
114484
113515
113570
115239
113829
114488
115828
115246
114777
114843
116024
115532
114529
112767
115489
113280
112893
116032
115030
115217
115020
114796
116309
114802
115204
115096
114503
113800
116346
113515
114242
115204
114449
112682
115566
113530
114064
116252
113307
113591
116566
115187
115059
113515
113944
114851
114303
115071
116769
114563
115051
115536
114270
114250
114520
114197
114511
112587
113944
114636
113228
114664
113307
115489
115051
114865
114429
113800
114910
114276
113665
114843
114802
114090
114235
114918
115071
114813
114235
114490
115457
115231
114303
113554
114376
113695
116309
115589
115880
115239
115144
113515
112975
116282
114270
114802
113768
113695
114873
114484
115095
115457
114563
114333
115457
114663
115302
112975
114657
114276
115638
116110
113736
115892
115771
116807
114664
115231
115055
115626
115144
113841
113916
115607
112360
114484
113948
114490
115937
114595
115452
114159
115204
114887
114053
115204
114702
115779
115231
114772
113016
113560
113989
114529
113565
113127
114235
115564
114817
114094
115306
114090
113154
113269
112047
115051
113635
114235
115457
114449
115892
115128
115312
114276
114484
114484
113944
114589
114529
112975
114090
115489
115136
114737
116032
114376
115204
113334
113542
116032
115030
115457
115096
112763
114055
114351
115815
115231
113841
114917
115204
114556
115211
114097
115395
116290
117362
113152
115771
113874
114102
114529
114484
114304
114197
113334
115059
113809
112047
114014
115136
114922
116110
115999
114992
115204
112767
113844
116129
114276
114402
115448
114664
115231
114123
114889
113307
114235
114769
114737
113874
112587
114303
114484
115555
114844
115771
115059
115063
115689
114490
114153
112037
114102
113174
113736
114851
114753
113613
115202
114529
114991
114802
114484
112047
114910
113515
113944
114482
113515
115771
115381
113874
113415
115771
113228
115204
115204
114449
115098
116032
114511
113556
115418
113668
114484
114520
113515
114721
113695
115879
116732
113695
116421
114303
114333
114835
113944
114511
116259
114375
113515
115104
113874
114235
114276
115889
116286
115239
114773
114843
113591
115459
116395
114669
115204
113944
116819
114739
113619
115126
115204
115071
113154
115779
113736
114914
112975
114547
114664
114276
113841
114235
115071
113144
113515
114276
114257
114276
115204
114488
116172
112840
114949
113768
112587
115842
113556
114303
114131
115318
113768
113944
114276
115279
114196
114873
115071
113989
115684
115428
113269
116581
113556
114531
116032
115059
114129
114262
113515
114198
112997
115051
113980
115249
116024
115063
115564
113841
112767
113959
112975
115684
112791
115457
116566
114484
115564
114438
114484
116662
113583
114335
114270
113695
113944
114561
115204
114484
115204
114802
114529
114123
114595
115457
112947
115454
115842
114900
114131
114784
114908
115905
113016
114458
114221
115429
114873
115626
114127
112685
115204
114235
113619
115458
114488
115397
113916
114484
117142
115626
113768
115302
115051
115231
115516
116714
117006
115055
114664
115122
114520
117769
113768
113515
114529
113556
114887
116107
114484
115639
115457
114539
115457
113587
113200
112975
114529
115763
116857
114728
114529
114484
114529
114441
114910
114488
112767
113809
113948
115489
115771
115489
115051
113944
114416
113111
115059
114519
114764
114131
115231
114664
116827
115402
115071
114561
114850
114802
115858
113515
116566
114922
113882
112975
112975
115065
113515
115231
115427
117424
113307
116409
114663
114804
112047
114656
114772
115786
115106
115204
114561
114737
114529
114235
113260
115086
113882
114131
113307
113557
116504
114276
114772
114303
115555
114276
115771
115025
115771
114235
114457
112872
114520
115204
112975
114769
115457
113488
115246
114311
114843
114914
113874
114070
114082
116064
116059
116252
115086
114484
115204
114276
115842
114664
113809
113736
113882
113515
113550
114933
114851
113260
115671
114123
115071
112587
115304
113844
113556
114361
116056
116163
115024
115055
114460
114343
114276
116361
114123
115204
113016
115074
115096
116346
113407
116024
112587
113225
115377
113800
114769
116056
114564
112767
114610
115999
112587
113695
113307
114924
115324
114303
115457
114484
115630
116566
115806
114873
114698
114556
113695
114529
112975
114131
116714
114311
113841
113592
116419
114951
114276
114664
114127
113827
113811
114233
114924
115457
114276
114547
114276
115438
112047
116147
114949
115806
114924
115484
112858
115457
112047
114484
115177
114221
114375
115939
117172
113432
115204
114677
113587
113948
113556
115999
113376
114064
113583
114197
112254
112975
115779
114276
114539
114672
114449
115489
117677
115204
114232
113307
114488
114877
114276
115059
113736
113944
114488
115486
115302
114488
113611
114664
115532
116430
114324
115915
113228
114303
115504
114843
113690
115336
112587
112842
114843
112840
114235
113809
113550
116599
116637
115381
114484
114131
112028
114376
115566
115217
115025
113944
113944
112867
113736
114235
114900
115283
113587
115204
115457
112047
115771
114333
113556
115846
114262
112767
114520
113342
114488
114082
114131
113225
115204
114484
115457
113376
114235
113307
115167
114562
113513
113334
113768
112587
114737
115491
114523
113874
114276
113844
112872
114082
114737
113515
114153
114021
113695
113125
114784
116182
116107
114090
114208
117312
114127
113989
115231
114235
114873
113736
115481
114529
115171
114511
113016
113736
115096
113307
115204
112840
114511
113989
115484
114664
116032
112767
114117
114887
115771
114438
114664
114484
113682
114769
113560
116409
114082
112587
115270
113695
114123
114235
113162
114235
113736
114082
113844
115842
113841
114810
112975
113972
114949
113695
114772
115157
113515
114276
115771
112587
115684
115030
114351
115204
114361
116026
115852
114270
116566
114235
114529
113980
113407
114102
115689
112587
113307
114871
114529
114802
113874
114968
114484
113307
113542
113763
116095
116970
114484
111068
114914
114217
115179
115375
115124
114815
113665
114928
113515
116213
115407
114784
112767
115330
113307
113560
113944
114810
113560
112587
114090
114840
112975
114843
111784
115917
114488
112975
115279
115071
115051
114488
114090
114852
114333
113595
114698
115771
114484
115304
115252
114837
113510
114900
114311
113695
114276
114488
113560
115484
116543
114484
114843
114374
113515
115059
114235
115130
114123
112975
112975
112872
113736
113562
114310
116158
115489
114917
115457
116213
113409
113874
114511
114250
113307
113695
115457
112587
115771
114102
113560
114519
112622
113016
113695
116662
114412
115543
114519
115122
114235
114484
114378
115313
114664
114484
113016
114484
115947
115312
116599
116032
113515
117142
114512
115204
112687
113949
113815
114262
114235
114769
113695
115597
112872
112075
114878
112587
114090
116056
114843
113944
114802
114664
114515
114526
114276
115786
115055
114408
113695
115489
116421
113736
114484
113269
115846
114843
115583
113736
114090
114090
114918
111390
115489
115897
113948
112975
115204
115030
115204
115087
114480
114810
113882
112975
114802
114235
114343
115312
113695
113554
115771
114951
114843
115168
112975
112767
113334
114636
114484
114276
114737
113016
114082
113016
114843
115304
113560
115055
113809
116346
114276
113052
115051
114582
115532
116026
114595
114087
112848
114949
114989
113307
114484
114511
114784
113768
115819
114351
116360
115389
113556
114739
114484
114090
113515
113560
114843
113342
113560
115051
114123
115999
113556
113556
115489
114097
115204
114917
115689
115489
114529
113262
114310
113874
113890
115204
111608
115854
114769
115279
116670
112614
114235
113016
114810
115459
114276
114484
114664
111922
112713
116863
116541
112504
115734
115030
114082
115204
114556
113016
114225
113989
114520
114235
115059
115978
114851
115209
115204
115605
114484
113836
114873
113016
114235
112324
114851
114664
116110
114276
114843
115489
115779
113809
115204
114511
114484
117260
114064
114807
113685
112767
113542
115204
113874
113560
114234
114484
114303
114802
115098
114022
113550
113809
113228
116131
114637
113560
113556
112767
115059
112587
116182
112840
115204
114843
114127
115771
114276
115562
114442
114484
114555
114873
114664
114227
114235
114772
115199
112990
113695
116670
112975
114484
114488
114310
115204
115539
114843
113944
114276
114529
113583
115493
114121
113916
115771
115086
113736
113334
115051
114802
114949
114311
113944
116566
113307
114679
114515
115339
114276
112875
114873
115204
114131
115136
115462
115559
113736
113556
115063
114879
114664
114529
115703
113972
114235
114924
114233
112047
114276
113989
114704
112872
114843
112767
114737
112587
114883
113288
115771
114595
113736
115204
114593
114090
114737
114123
115660
115605
113550
114917
114515
115279
114843
115051
114082
113307
114493
114325
114764
114408
114484
114250
114739
114664
116455
115955
115204
114374
114082
112568
114769
116024
114664
113515
114276
115239
114276
116056
114698
115854
113409
113560
115231
116131
113692
114235
115999
113515
114941
113154
113020
115059
112767
114914
114917
112283
113768
114802
115231
115179
116202
115022
114197
114376
114764
112767
114556
114728
115282
112642
113736
114582
113989
113775
114458
116417
114235
113924
112505
115999
114488
114519
115045
112895
114664
115457
114529
113545
114772
114303
114484
112713
114194
115051
114488
114556
115771
113768
113515
115999
113989
114127
114661
115745
114235
114311
113052
115283
113515
113809
114823
115779
113972
114458
114082
114090
114127
115231
113736
115204
113874
115203
114276
113515
114922
113651
114917
113442
113542
112767
116103
113334
114664
113944
115440
112283
113944
114081
113269
113560
114887
113342
116812
115239
115698
115806
115279
114561
114484
114335
116024
113260
115051
114511
114737
116417
113695
115307
114638
114802
114520
115771
116566
112767
113948
114197
115646
115055
113515
114664
112975
115485
116417
115771
117222
114664
113550
114664
115742
116105
115204
114664
113550
114343
113800
113882
115489
113619
114582
114510
113556
114153
113729
115057
113874
115204
113556
113307
112975
114488
113667
114021
114488
113874
113874
114851
114737
113768
114131
113768
112300
113307
116095
115742
116191
113944
113909
115771
115457
115591
116273
114529
115059
113334
114303
114229
114883
114484
112614
113225
115122
112975
114117
115004
113702
114563
115204
115149
113768
114235
115158
114208
115336
114720
114333
114664
114351
113935
116024
114351
115458
116024
113809
112587
114802
116015
115158
116599
114843
116682
112867
114948
113415
115806
115457
115204
115415
115459
113154
115742
115630
115671
113260
113515
114796
114991
114235
114235
114276
117102
116024
113955
114303
115742
114655
114561
114276
114627
113542
114561
116601
113768
115304
115377
115779
114484
115051
115489
114634
113842
114843
117677
113542
115290
115086
115489
113695
114276
115457
115059
114235
113016
114534
113944
113944
115179
114131
115491
114235
114802
115457
114515
114082
113800
114484
114951
113342
114270
112587
114484
114235
116251
112907
114096
116672
115663
115457
115249
114595
113560
114863
113695
114123
115022
112587
115771
114851
115999
113515
113513
115283
116514
115204
114790
113955
113016
115999
114123
114123
114235
115605
112587
113768
114529
114082
114813
112660
113667
115377
113382
115204
113982
114664
115605
115532
116024
115128
114402
113515
112842
112975
115457
114051
114127
112300
113003
114194
114262
113949
114311
112047
112075
112587
113736
114715
114131
114235
115921
114737
114664
114235
114873
115615
115204
115204
113836
115204
114127
113591
114484
115771
115786
114873
112300
114802
115057
115204
115638
113768
113944
115312
114488
114918
115304
114488
117233
113228
113736
114270
114447
115489
114053
114123
114153
114634
115899
115059
114702
115410
116346
113695
116849
114276
115531
113550
113583
112975
114698
113016
113926
116231
114802
113836
114561
115001
115742
114235
112713
114235
114484
114488
113001
114810
116517
112587
115059
115204
113768
114914
114720
114936
116309
114061
113795
113556
114123
114117
112872
112047
112975
116024
115051
114964
112975
114851
113989
113667
115539
115779
115204
113935
114229
113841
116024
115071
115231
113515
115167
114484
113640
114928
115766
114275
115646
115869
112947
114739
114843
112767
114333
114561
115771
115457
112767
113228
114235
115324
115204
114511
114310
113556
114082
114769
113874
113736
114333
114664
115999
114715
113729
116024
114123
115204
113945
113307
114519
114406
112047
113515
113407
115231
113550
114070
116427
114948
116024
113710
114376
115071
115025
115779
116409
112840
114235
114276
114973
115431
114064
113307
115671
115253
115771
112990
116927
114277
114303
113792
113307
115427
113307
116564
115071
114657
113972
114416
113334
114343
116095
117424
114484
115313
114262
113795
114873
115203
115055
114593
115204
115485
115407
113127
114235
115771
115071
114664
112587
113591
114951
115457
113228
113556
114720
114484
114737
114914
115059
112047
114835
112324
113052
114851
115336
115357
114424
113736
113809
115204
113845
113583
113515
115489
114276
115602
114045
113334
115724
114802
115204
113948
115779
114090
114664
113391
112975
115231
115204
115304
115891
112614
115204
114883
112587
115204
114484
113989
115999
114970
114303
115771
115086
114737
114529
113836
114523
115204
115999
117141
111743
115354
114775
115324
113324
116066
114235
115128
115071
113844
114484
113515
113768
114303
115330
113948
116566
115312
114090
114851
115302
112047
113882
113809
114588
114661
114367
113591
114131
113515
115591
114877
113307
113154
114484
114917
113332
113307
115313
114922
112587
114335
115204
113154
114664
115459
114449
113228
113334
114135
114883
115204
113855
114197
116790
114924
113515
112975
112975
112767
116346
114235
115168
113556
113875
114235
115815
113269
114235
114449
113912
115448
114664
112840
112897
113162
111895
114873
113297
115059
115457
113515
115098
113695
114153
114384
114374
114262
113729
115059
112811
115204
115771
115307
114072
112324
114082
113874
114802
113695
116714
116137
114515
115779
113515
114511
114153
114677
114737
114851
115626
117389
114300
114914
113560
115693
115768
115711
114715
112463
114303
116001
114484
114664
114123
115339
114235
114276
114343
113736
113841
113989
115605
114411
115779
113542
115055
115489
113695
115381
115279
114851
114951
114335
115457
117625
114917
113269
113307
114511
115016
114511
116147
113556
115204
114235
114235
115204
115204
114664
113154
115204
113515
113260
113280
113876
114424
113793
115204
114878
114561
113556
113736
112975
114367
113556
114343
112332
114968
115204
113989
114531
115051
114082
114529
113695
114810
114402
115204
113515
114737
114664
112587
114917
114595
114131
115087
113729
116566
115204
114484
115565
113944
114235
114484
114843
114484
113016
113654
115917
115304
115004
115999
114848
114233
116024
115051
117237
114921
113556
113736
112150
113768
114194
114761
115204
113591
116714
115178
113556
114484
113016
112767
114153
114131
114529
114802
116264
115407
114964
112075
115647
115567
115014
113307
115294
113515
115204
115484
115204
115565
115564
114511
114276
113736
114918
114484
112685
113695
114276
115177
115937
113695
115087
112767
112075
114835
113874
114337
113948
113874
114235
114593
113562
114051
115059
116259
114276
114335
114520
114802
113995
115684
113736
114634
113269
116359
114484
115786
115503
114511
113827
114276
112713
113809
116631
113736
115313
114764
111996
114127
114376
116619
113592
113583
112328
113307
115324
114926
114484
113736
116105
112047
115780
113556
115418
112614
115999
114493
115071
115239
115771
115489
115381
114999
112712
115204
113583
114484
113016
115096
115566
113882
114657
114484
116900
114918
115204
114442
114484
116141
114275
113591
115059
114917
116785
113016
114773
114198
115457
114484
114250
114826
115712
112840
114843
114898
114159
115158
113307
112047
114918
113944
115071
115093
113307
114197
113841
116131
112867
115922
115771
115204
115231
116771
113583
113515
114522
114235
114235
113560
113016
114810
113550
116346
113882
114737
114127
115302
113016
114877
113334
114235
112947
114229
116421
115459
114547
116382
113736
113736
113560
114343
115777
115059
115459
114376
114664
115746
114090
114597
115457
115051
114438
115126
114917
112975
113550
114235
115771
113685
115204
113944
115059
114802
115204
113556
114664
116359
114121
114846
114197
115771
115484
115806
113695
115521
113052
112047
114519
112840
115562
115638
114737
115591
112587
115254
114411
113768
114773
111922
113695
114664
112840
114664
114090
114669
112975
114276
115239
113307
113795
114843
114595
114484
114687
113695
116421
112047
113101
114484
115982
114243
115051
112614
115204
114343
114737
113556
115440
114664
115000
114561
113876
114739
115879
114235
112300
114761
115842
116346
113252
116252
114664
113967
115204
115167
115051
112975
114229
115204
114664
116346
114484
114030
112891
113944
114376
113768
113556
115012
114169
114082
114276
115421
114276
113307
115051
114520
114664
114090
115854
113307
115204
114123
115492
113650
115059
114484
115899
112587
114917
112587
115204
114197
115313
114194
116819
113839
113944
113556
114235
115087
113874
115051
115771
114274
115204
115377
115715
113407
115204
113592
115615
115689
114957
114968
113800
113874
116346
112921
114235
114942
114198
112587
115204
115025
114240
114235
113515
116045
114810
114310
114335
114270
114901
113125
113515
113809
114276
115852
115407
114949
114488
113256
115771
113554
114917
113959
115204
115204
113682
114235
114488
112975
115779
113592
112300
114117
115769
114664
113515
114276
113736
113269
112767
115536
117389
113611
118143
114488
115589
115774
114080
114529
115043
114889
115204
114664
116287
114800
114484
115457
115204
115122
115122
116566
115779
114276
114529
114021
115022
115771
114520
112587
113269
114208
115531
113515
114547
116279
115489
114303
113989
114053
115821
115457
116694
117110
115204
115204
113729
114385
113874
114761
113959
115440
115771
112692
114664
114488
115491
114720
113695
112767
114484
113944
116566
116857
113162
113768
112975
114917
113591
114910
114488
114737
114276
115419
115204
112975
115178
113307
115411
113809
112767
113809
114335
113815
113768
114335
113154
114131
115464
114270
114924
114769
113736
115583
115016
116346
114519
112047
112442
115684
115324
113800
114484
115177
113944
114131
115492
113301
114529
114117
115051
114851
113841
114235
114235
115304
115457
114053
112587
113515
114082
115231
112872
113515
114235
112975
115144
116024
113968
113016
114523
116002
113515
115537
114484
113729
115489
113989
115779
114664
113228
115838
114867
114737
114484
115806
115481
113269
112767
114992
115055
113556
113351
115607
114664
113515
114484
114449
114529
115562
113583
115302
113591
113478
115302
114235
116282
114374
111743
113972
113179
114276
112767
114802
115315
115969
115096
113874
115742
112587
115879
113515
116346
115059
114082
113515
113874
115051
114276
112622
112840
114664
113945
114851
114796
114127
113515
116064
113162
114484
116169
115204
116099
114310
114664
115771
114949
115097
111784
114128
113995
114376
114917
114484
115128
114020
113307
116063
114276
113560
113307
117219
114851
114021
114131
113307
115489
116535
114863
115071
114796
113515
114524
113700
114664
115779
114531
113654
114367
114276
116081
114484
112767
115304
113020
114844
114470
114664
114873
113342
114274
114561
113874
114123
116045
113587
114351
116574
113736
113948
114604
115204
114677
114843
113874
115584
114638
114123
117544
114614
112975
113809
114715
114713
114873
114810
114123
115051
115204
115994
114235
114082
116472
114488
113768
114276
113154
115126
115842
114825
115771
117209
113874
114088
114810
115204
113874
114235
115779
114563
114737
114529
114439
115000
115097
114484
114276
112975
116746
112614
114488
115204
115712
114664
114276
114824
116797
114484
116322
113736
115239
114737
114021
115489
114561
112403
114235
114270
115562
112622
115128
113016
114249
114257
113530
115705
115771
113415
114276
112938
117750
114276
113583
116999
116251
114664
115418
113874
112300
113874
112047
114333
114273
115481
113307
113882
115201
115204
114337
115204
113307
113415
114957
114484
112767
112767
113530
116599
115128
115128
115059
116566
114511
115641
112587
113307
114664
114416
116122
114797
114276
115489
116000
116129
115126
115324
113154
115842
115130
113916
113736
114208
114271
112840
115231
115639
113556
114851
112872
116930
115340
115051
114698
115204
116591
114618
114917
115771
115254
115204
112587
116239
114991
113556
114488
115771
115122
115779
114899
114936
112587
113439
115457
113995
114529
116934
114063
113542
114484
115204
115022
114131
114131
115771
114484
114276
114814
114588
114123
114802
114262
114406
113154
113841
115745
114917
116769
115204
113736
116575
114355
114764
114561
114235
114664
112975
113809
115771
113269
115204
113948
112891
115457
114449
114335
114276
112587
112355
114235
114490
114802
113225
114488
114235
111743
114123
114664
114235
115204
114194
114208
114488
114235
114773
112587
115597
115854
115204
114127
114973
113989
115842
115231
115826
116392
114235
117102
114959
114335
113560
115313
114276
113882
113550
114664
114406
114970
112975
115204
113334
115204
114529
115025
114123
115204
114276
114843
115204
112975
113307
114917
114634
114262
113256
114843
114715
113556
113225
112767
113252
113334
114556
115742
113627
114737
113948
114235
113560
113736
114561
114235
115688
115427
115575
114123
114484
114235
113836
115742
116201
113307
116384
113556
116930
112975
117237
115204
114484
113556
115697
114715
116346
114488
113515
112614
115771
115796
115626
115074
114235
116768
114885
114262
114664
116147
112840
113269
114123
113556
114561
115071
115204
112840
113562
114488
113515
115922
115122
114519
113515
116346
113592
113307
115030
113556
113695
114483
116142
114276
114843
115204
112836
115203
114235
112587
113154
113768
113329
114824
114918
113736
112975
115136
112767
115852
115304
114769
113016
113800
114843
114197
115518
114892
114664
114375
115204
116137
113944
116056
113948
113016
112875
113407
114276
113736
114235
113809
114802
113882
115059
113556
114235
115869
116849
112842
115243
114131
113016
115204
115771
114737
113515
113585
112047
115771
114080
114769
114270
116714
114843
115204
115489
114276
116149
112767
112300
115294
113695
113515
113101
113695
114593
113407
115162
115662
115459
115057
113882
114303
114276
113736
114484
115204
113016
114484
113515
114087
114235
116024
115051
112767
113736
113972
115599
114235
115706
114657
115336
114851
114529
116024
115204
114311
115051
115204
113515
115204
114082
113695
114823
113269
114235
112840
113874
113800
113020
115359
112975
114449
114802
115771
113809
116024
113874
115465
114197
115051
113550
114343
114333
115231
113768
115051
112587
113989
116332
114082
114438
114679
113736
115059
113334
114235
114276
114385
113736
115071
114311
112975
114764
116251
115626
114737
112893
114698
114702
112767
113841
113550
113560
116566
112840
116024
114664
115453
116774
113874
115684
112840
112300
114851
114333
114664
115771
114235
114917
112587
114529
114082
114802
113515
116620
113515
115295
114123
114276
113515
115302
114561
116127
115204
115815
112767
114123
114384
115792
114520
114131
114484
112842
113874
114127
114257
113550
113875
114917
114515
114484
113962
114802
115055
115457
114529
115877
114082
113530
114361
114664
115703
114604
114082
113154
113455
115204
114484
114203
113556
113556
115583
113515
113154
114123
113827
114082
114449
114053
113948
115153
113515
114664
116141
115489
114276
115204
113768
115336
114102
115051
113944
114127
115842
114561
116095
113799
113016
113307
115457
115030
115253
114664
113016
113016
116024
114276
116256
114158
113228
113228
117150
114863
113591
113841
114526
114276
113307
114802
115179
114270
114802
114117
114936
115771
113874
114216
114951
113874
114843
115204
114276
115786
114123
113135
116024
113307
113335
112968
114810
113874
115231
112047
113407
113882
115204
115626
114121
115090
114664
112047
114235
113515
113591
115244
113695
113515
113556
116032
114595
115815
112587
115771
113658
113560
112907
113916
114557
115398
115203
116056
114000
114843
113944
115204
114408
113695
114123
113515
114197
114131
115626
115429
114483
113792
115771
115322
113556
113830
115097
114235
114877
114070
114385
114802
115074
112840
112975
114737
114802
115684
114835
113614
114922
114235
114370
115354
113515
114335
114303
113225
112767
116282
115397
110815
115521
114563
114375
112840
114484
116317
113560
112614
113556
115165
113407
115122
113542
113811
115126
115304
113442
114460
113944
115063
117057
114210
115095
114557
113556
114917
113736
114664
113101
113944
114082
115367
115842
113944
114406
115055
114090
115771
112587
114664
115489
115771
114131
113382
113587
114123
113020
114769
114914
114408
114276
116276
114123
113972
115189
114276
113556
113736
115532
112536
114914
115921
113695
114335
113695
113800
115204
115524
113811
115126
114276
114276
114843
115638
115302
115779
114519
115779
114235
115246
115551
114070
114484
115087
115377
115204
115462
113809
113415
113342
115457
114529
114123
113803
113301
114229
115566
112614
113162
113046
115336
115926
114837
117065
113736
115377
114090
113989
115842
114844
115066
114843
114311
114311
114802
113909
113515
114519
115769
113635
113020
115457
114595
112685
113949
114917
116052
115231
115457
114090
114235
115340
116034
113882
113342
112630
113562
113307
113515
113307
113921
114664
117524
114235
114484
115017
113415
114310
113907
114917
116139
113944
116056
115771
114781
114926
113556
114484
115051
115062
114447
114873
115999
113556
114761
114276
115177
114276
114276
115212
115418
115204
114484
116059
114102
112571
113811
114764
113560
114664
115562
115375
115239
113809
114194
115175
113841
115457
111784
113944
116512
113415
112047
112587
113944
112622
113729
115204
114519
115457
113874
112587
112047
114131
112975
114529
114664
115684
114637
117357
115771
113016
114522
115071
116930
115769
114843
112047
113307
113990
114197
113592
113016
114769
113101
115815
114886
115153
114262
115763
113228
114851
113836
113809
114638
113016
115204
115066
115204
114529
114235
113944
113016
114802
115204
114276
115779
115104
115205
115842
112587
114303
114375
114810
114443
114663
112047
114235
116282
116357
113550
114131
114715
113944
114664
114555
114484
113515
114438
114664
114802
114529
114484
113695
112075
114276
113307
113556
114769
114660
113515
116490
112840
116466
115792
116251
114769
114276
112296
114851
116492
113556
115202
115489
113980
114802
115489
115280
114343
113800
113382
115219
114335
114123
116024
115204
114636
114335
114484
114739
115457
113350
114495
115209
113556
115204
114664
114883
114303
116409
114135
115771
115051
113945
115055
114664
114843
114082
113795
115587
116024
113334
114664
115204
114235
113882
114276
115779
114715
113003
111784
116518
114270
114082
114561
114529
114924
112587
114262
114000
115626
114737
112587
113736
113619
114276
115771
115167
114802
115059
114257
115204
114488
115330
115377
114194
115463
116107
116472
114123
114604
112047
115167
114197
113583
113556
114873
113433
115457
113556
115204
115050
114664
112587
114343
113907
114851
114519
115427
115312
113989
115051
113768
112047
114664
114523
114131
113768
112587
113515
114802
114636
116267
112587
112840
115239
114843
114883
113591
112899
114596
112975
113948
114484
113841
114276
114343
114235
114229
115063
113016
113957
115204
114082
113944
114484
114529
112614
115051
113874
115204
114311
114235
114488
113836
114123
115402
116251
114993
113768
113556
112587
112840
115051
115244
115051
113515
116566
114883
115051
113612
114235
115312
116066
114333
114610
113550
115279
115771
115562
115489
114276
113591
114235
113562
115734
112324
114984
114529
116024
115489
113307
114311
114622
113515
115489
112893
115461
114664
114262
113695
114883
113972
115583
115136
115946
116130
113695
112767
115771
115459
115771
113307
115204
114687
114964
113809
114529
114843
114764
113016
113736
115626
114090
114276
112047
115452
114698
115457
112767
114737
114883
114698
115096
114303
114484
114337
115122
113550
115531
115489
114529
114123
114664
114595
115086
114772
116092
114764
114180
116286
113583
113736
114992
114515
113307
113515
114519
113595
113307
114235
114235
114376
113016
113280
113556
114276
113736
113515
114520
116024
114634
114304
114388
113592
114235
112587
114529
113515
114529
115771
113550
115459
112201
116662
115779
113154
115779
113228
112614
111608
113515
113016
114098
113944
114688
113142
112075
111580
114082
114556
113016
115689
115771
112614
114917
113795
114386
115055
114484
113882
115204
113433
113016
113811
114484
115921
114159
115055
115543
116277
113515
113542
113016
115204
114664
114802
115204
112614
113515
113269
113154
113874
113736
116322
115846
115199
113556
114123
112767
113178
113307
115948
115646
114153
114132
115055
115597
113882
115231
116380
114843
115771
114523
115626
114320
114664
113736
113995
114802
115279
113382
114484
115204
114361
115771
115030
113882
114276
116672
114276
113016
114843
112047
113937
113550
113089
115022
114964
113944
117317
115842
116129
114917
115219
114276
114529
113815
116849
115771
113307
112614
112332
113515
113556
114636
114235
114917
115703
115539
114262
115771
115555
116251
111820
113980
113736
115499
113770
115429
114022
114737
114458
113016
113944
115204
112587
113944
115779
116994
112587
113515
116819
115638
115769
112587
114276
113307
112713
113592
115671
112767
116479
112300
113560
115204
116056
115881
113044
113407
114664
115055
113944
115484
113542
114949
112975
113225
112587
112283
113768
114814
115231
114276
116251
115204
114367
113016
116182
113556
113560
115489
113307
113154
116056
114128
112300
113845
115071
114235
113682
115725
114102
113972
115204
115204
114221
115051
115204
112975
113515
113560
113542
113154
114698
113591
114235
115850
113944
116675
115457
113695
115714
114843
113989
113415
114408
115024
114520
116566
114519
113020
115532
114276
114484
113989
112767
114488
117394
113550
114739
114883
113876
114511
114952
113307
113542
114796
114877
115377
113556
113154
113407
112587
114235
116854
114123
114515
116346
114262
113768
114235
112767
116282
114867
114376
113515
115639
116540
116147
113228
114810
112463
115771
115098
115852
115306
114556
115365
113827
111743
113342
113944
113439
114484
114843
114531
115671
112975
115492
116569
113550
114737
114333
113736
113515
114539
115231
114608
114664
115239
115204
114851
114361
116444
114235
113768
115009
114064
114490
114769
114351
116707
114276
114664
113768
114917
114276
115714
113944
113957
114868
114851
113228
115204
116637
114235
114235
116129
114276
114917
114262
114175
114715
112660
114595
115457
112587
115204
114385
114484
114887
116000
114235
115204
114235
113995
112975
116409
113515
114511
115302
114969
114784
114691
115104
115204
114488
113736
115312
113269
115418
113020
113736
115771
114810
113442
114586
113583
115204
114374
113685
115605
113515
114488
113874
114657
116251
115684
115771
113556
114664
116346
114270
115336
114123
114235
113695
115330
114276
115204
115771
115167
113695
114351
115204
115630
114737
113592
115231
112975
114235
114520
115489
116409
114851
115051
114796
114428
116251
114367
115239
115051
113809
115978
115881
114737
114914
113613
115779
114376
114964
114123
112047
112712
113154
115759
115097
113980
115852
113955
116350
114556
115063
114810
115516
115126
116512
114488
113736
115096
114914
113556
113016
114488
114311
114311
115779
113736
115742
113334
113556
116749
114520
115668
112047
115204
115447
113515
115204
114981
114195
114276
113415
114235
114484
114851
113515
114303
113583
113667
114488
113550
115204
114197
112611
115375
113376
114484
115489
114384
115063
115562
115524
113515
114664
114384
112587
116309
114843
112840
115999
114690
113556
113560
114737
113556
114810
115684
113334
116024
114679
115779
113016
114511
114349
113542
114883
117318
114484
114070
114249
114664
113989
114235
115891
114235
115852
113307
114810
113591
115697
115745
114843
113882
116975
116346
114311
112587
113382
115204
115735
114802
114484
115310
114664
114385
113307
116024
114234
113342
114664
117364
113556
114588
115719
116357
113556
115204
114276
111922
114484
114877
114221
117360
112047
114810
113001
113515
115806
114561
114484
115304
114235
114197
115279
113515
114343
115973
115914
113944
113550
113550
113729
113447
114664
113016
114384
115457
113269
114235
113948
115786
114843
115059
112300
113768
114664
113556
114102
113768
114123
114843
114810
113695
116309
113800
113020
115204
115339
115771
113736
114802
114878
111068
116147
113020
115162
113407
114235
115418
116276
114488
115662
113228
115779
114610
115204
114488
115606
113342
114053
113162
115562
115204
112587
115144
115204
115340
115104
114764
114323
115457
113792
114561
112767
115562
114488
114270
113556
114883
115377
112047
114664
115022
114276
115279
113948
113613
114123
115457
113868
112614
113307
114390
113592
114082
114790
115779
113809
114276
113944
114276
114430
114235
113803
114235
115457
114484
114817
113256
114593
114664
115239
113916
114276
112974
114843
113654
112975
115806
113845
113989
113874
113700
113556
115279
114627
113768
114082
115457
113301
114235
115524
114484
113515
115842
112587
114229
114529
113307
113556
115489
115055
115457
114276
114262
115051
114484
114924
115329
113556
113556
115566
113515
113836
116569
114638
113587
115928
117487
114522
114276
112872
114484
113307
116419
114843
115302
113768
113515
115201
113619
114664
114131
115852
114235
114556
114848
115484
114123
113556
115290
112767
116245
112740
113874
114082
112840
113795
116890
114615
115122
116417
115846
115741
113269
113791
113556
112767
112047
114728
113556
116409
114664
114262
114511
116252
113944
115712
115457
115567
115304
113874
114843
116024
114180
115178
113944
114519
115377
114810
113768
113307
114802
112975
115204
115742
115279
114664
112872
113529
114802
114235
114843
115457
115457
114484
114276
114235
114737
114510
115312
114303
115231
113736
113955
115330
115771
115457
113695
114664
113667
114367
116417
115128
114131
114270
114276
112047
115457
114515
113944
113736
114728
112587
115719
114698
113228
115771
112047
114376
115279
114235
115564
112840
115204
114737
115917
116139
114153
112283
113515
114367
114082
113809
113016
116024
114802
114488
114276
115055
113307
115302
114664
114917
113228
113809
115055
115204
115564
113695
112587
114484
114664
113587
114484
114376
115377
114235
116154
114638
114053
113768
114968
111715
115051
115204
114843
115497
114995
114628
114519
112587
114276
115472
113307
113736
114131
114664
114887
113695
113619
114082
115304
115842
115771
115231
115304
115204
112767
114843
113515
114235
114851
114408
113556
114197
114511
113016
114802
115279
113307
113613
114384
113016
114610
115204
114094
112047
114511
114376
115771
114529
116095
116099
113944
112614
113809
112872
114917
112332
112047
113307
113515
114873
114131
114235
114484
115055
114235
112047
113695
112300
116694
114047
116819
112587
113307
113560
114276
114529
115489
115087
115096
113307
115204
114082
113944
115304
115377
115504
113736
113307
113619
113627
114810
114376
114310
116056
112587
114234
116380
113591
113556
114303
114664
115179
114949
115999
113898
113228
115126
114235
115779
113307
114547
115204
113307
113415
113016
113562
114484
113591
113949
113334
116670
114376
113761
113736
115055
113980
116417
113948
114123
115051
113269
114343
114082
114235
113682
112587
114351
115302
115059
113695
114851
115808
113587
114493
112767
114230
115626
113874
114406
112587
114499
114402
113382
114129
113809
114131
113016
114229
114310
114412
115464
114194
113447
112872
114851
113556
114232
114802
115736
113016
115204
115779
114229
114991
114535
114529
115842
113515
113307
114303
114664
112893
113515
114844
115452
115388
114737
114131
114276
114235
115852
112867
114810
114442
113841
114742
114529
114951
115096
112975
114276
112614
115155
114769
114303
114802
114090
112468
114123
115097
114310
114484
114490
115063
114610
114482
117187
113792
114333
114484
112965
115055
116819
113142
113228
116769
116599
114664
115204
116024
115771
116662
114843
113189
113736
115779
115231
114772
115779
114488
114802
114529
115051
113729
115771
117647
114408
112767
113695
112767
114604
112585
113729
112642
115051
113736
114769
115030
112975
114664
114851
114547
116322
113515
114610
114416
113515
116637
114510
114123
114529
112047
113044
114276
115815
114416
115306
113154
113982
115033
117717
113515
115779
115457
115779
113455
114276
115771
113944
114769
115090
115607
115204
113920
114135
114303
113376
115771
114664
113044
114194
114235
114981
115999
115030
113882
113152
115204
113583
114664
113515
113515
114556
114627
116056
114127
114484
116282
113944
114877
114484
114235
113944
116361
113641
114737
113020
112587
114232
114235
114918
115219
115201
115122
115846
113739
115163
113768
114664
112614
115516
113016
112587
113695
115204
112324
114235
113511
114376
116286
115842
116252
114082
116056
115279
113307
112047
115234
113556
115051
115104
115481
115239
115489
114235
114529
115059
112767
115336
116147
113307
114221
113515
114622
114634
116897
114235
114664
113874
115236
114802
114484
115771
115535
114276
114240
114529
115999
112587
113695
114484
115972
115304
115071
114825
114737
114484
114376
114664
115989
113307
116694
113307
112587
114484
113515
112840
115457
114484
115204
114235
116245
114488
113800
114843
113560
115219
113948
115632
113556
114843
114873
115880
114664
113980
113556
114129
114802
115239
115178
112075
113307
115204
113556
114262
112975
114547
114262
113307
114769
114123
113407
115204
114664
113982
114158
114625
114851
115544
114769
113225
112642
112587
116359
115494
111580
112047
114235
113334
116512
114484
114664
114053
113795
113556
113556
114664
112975
113540
113307
114235
116172
113228
114082
115920
115411
115484
114942
115869
114355
115643
114519
115219
114844
116132
113792
114262
115304
113556
115416
111784
116123
114923
115051
114259
114917
116026
115204
115071
114917
114484
114529
113515
115231
115929
115231
114488
115024
114511
113556
114914
113382
114646
113301
115063
114276
114843
114843
113154
113641
114276
115842
114343
114235
113556
112587
115204
115312
114197
114949
113874
114851
113650
114593
114664
115204
116322
113682
116222
114843
114229
115377
115597
113768
115312
113592
113948
115096
115095
115204
113874
114769
114664
114772
115771
114740
115236
114915
114878
113695
113515
114194
115440
115779
113334
114843
115590
115071
113554
113736
115846
116467
112047
114483
113044
113613
112767
114123
114311
114420
114769
115991
113945
114488
115516
116417
115999
113980
114022
113556
113945
112587
115204
115071
113307
115051
113307
113944
113016
113269
114484
115416
115204
113980
113003
113690
113989
114474
112975
112587
114235
113515
114484
115797
116326
113560
115204
115415
113515
115055
113154
115711
113944
113560
113162
114883
115204
114276
114843
115204
115457
113515
115771
113695
115137
115283
116670
112767
114308
112893
114235
114276
114851
114917
114739
115489
115233
116182
115204
115231
113016
115096
114197
113944
115051
115231
114311
115106
113695
114802
114315
113560
114817
113841
114303
114276
115566
114367
114376
115457
114194
115030
115302
114661
114082
114529
114235
113556
113307
114520
112872
113515
114384
113695
116147
114235
113307
114235
115177
114235
114825
115457
114361
114529
114561
115330
114197
114276
114851
113989
115022
115792
113844
115615
113944
114235
115677
114917
115204
115274
114484
115051
114374
113556
114276
113307
114270
114351
115086
114488
113862
114825
115775
113944
113307
114823
113016
112587
114082
115986
114772
114991
114484
112622
115427
114374
115787
114229
116997
115051
113307
116346
113948
113556
113486
115771
113592
115771
113307
114276
113020
113736
114926
115051
116611
114414
114262
113556
114276
114883
113556
113613
113515
113800
114153
114764
114276
115779
114276
115055
114303
112587
114235
113944
114484
114428
113071
116575
114274
113736
116034
113307
115806
115051
115457
113052
114595
114878
114637
112047
112047
114484
115204
115231
113515
115457
114021
114082
114276
114276
115339
113556
114512
115167
115457
115030
115231
114917
115051
113052
114802
114914
114131
114276
113635
116417
114102
116235
114698
112614
114484
116282
115779
114276
115144
113515
115414
113307
114657
115204
114303
114511
115771
115915
114382
115457
113736
114843
112838
113016
113952
114784
114262
115059
112300
112685
116488
114197
114883
113101
113016
114664
114276
113768
114743
113800
115051
113556
115771
114802
114276
115312
114235
114568
114851
114480
113809
116849
113702
113154
113949
115306
115312
114276
115999
113583
115684
116409
113334
114810
114737
115204
114153
115779
115057
114875
112767
114488
114131
114222
115562
113989
113016
114917
115948
112587
114810
115231
115204
113556
111355
115051
116071
115167
114488
116065
115626
113154
114533
115779
114235
113154
115689
113510
115784
115901
112840
115279
111355
117394
116236
113989
115279
114917
115059
115330
112975
112767
113695
112047
112047
115217
113800
113909
115457
113016
112587
113682
113948
114276
115097
113695
113307
115096
113945
114918
113542
115457
113947
113695
115104
115204
114276
112767
113342
114197
114262
115457
113874
114375
115304
113587
114790
116024
113613
113592
114195
115030
113542
116346
115382
113809
113800
117141
115806
115231
114843
113874
114877
115059
115842
115742
115457
115204
115231
114123
113269
112047
114408
114792
114235
114702
114045
113016
114664
115671
115457
116096
114547
114887
115697
114276
115381
115489
114053
115454
113874
113515
114250
114123
114374
114386
112037
114276
115059
114343
112840
114728
112332
116714
114802
114802
114917
113154
114488
114235
116928
113269
113809
114229
114873
117227
113803
115277
114276
116282
115204
114047
113016
114235
114529
113515
115217
115204
115117
114664
115779
113305
112587
114197
115059
113405
116820
113874
115457
114351
113980
114877
115059
112359
113736
113695
114484
115231
116279
114851
114524
116152
114131
115336
114511
113695
112767
112587
114276
113305
114490
114535
115724
112587
116694
113736
113695
113894
113547
115211
113560
115075
113228
115336
115626
115282
114303
115122
113611
114370
114883
113515
113809
114851
113809
112842
112975
115638
113016
114412
113307
113894
112975
113560
116743
116849
115051
114878
115204
116820
115025
113695
112622
116282
116147
113342
114276
114529
116512
112047
114197
115803
116965
115786
113307
114843
113809
115857
115071
114488
114843
114873
113307
114968
117080
113874
113514
114918
115204
114664
113225
113809
113821
117083
116032
113695
114311
113003
116024
114276
115204
113542
115418
112767
114082
113515
114484
115204
115492
113307
113841
114664
114447
115074
115204
114846
115999
111895
115126
114561
114807
114610
114484
114515
114843
113478
114657
114488
115492
116242
114235
114737
115128
114664
114123
113811
114484
115457
113729
112842
115051
116139
113433
114737
114250
113560
112298
115771
112047
113407
114493
114824
114900
115204
113959
114276
115711
114951
114926
113228
115097
114737
114235
117016
114082
112842
115204
113542
113515
114458
114117
114305
113944
113556
114964
115096
114737
114529
113269
114488
113695
115096
115063
116024
113016
114131
114367
114810
114090
115434
113944
113844
114235
114276
113736
113792
114878
112587
115059
114335
113515
114484
113695
114835
115087
113583
113269
114702
116620
115157
113455
115691
114262
114303
112587
113592
115204
115059
114276
116717
113704
115167
115204
113556
115535
113111
115779
114235
114664
115030
114335
116953
114484
116417
114131
114803
115204
114588
116383
114491
113955
113944
115377
116032
114276
114248
113736
113154
115564
117433
115771
113948
115168
114082
115204
115742
114664
112947
113307
114529
115771
112975
116765
113415
112975
115484
114951
113570
115204
115304
115771
114484
114695
114843
113560
115771
114843
114408
115144
113768
117077
112840
115051
116032
113260
115459
114276
116149
114276
114376
112300
113944
115204
114449
113307
116567
115204
115535
114851
116002
114519
115566
113736
115457
114123
114761
113736
114447
113556
114769
114235
113307
114737
113868
112587
117087
114010
113331
114021
114094
115459
115051
113016
114873
114082
114964
114314
113016
112047
114964
113795
113515
114311
115290
114669
114460
113307
115481
115067
113989
114843
113550
115055
115771
115638
116147
114484
113809
114772
114235
115457
114153
116251
114233
113556
115457
115204
116255
112975
115383
114416
116095
115615
115999
115484
114910
114908
114488
114235
114664
115339
116670
113269
115564
114276
115779
113592
113556
114561
112975
115481
114843
114276
115104
114406
114883
113154
115411
114235
114053
116024
116133
115854
113016
113982
114276
114484
115771
113556
113162
113305
115122
112840
114235
114529
114424
115744
113154
113570
112587
115684
115766
114123
112047
113591
114614
114127
114810
113127
115457
115330
115204
115564
114197
115071
115771
111382
114276
114968
114235
114276
113668
116457
114235
112614
114664
113736
114484
112587
114351
113695
112840
115846
114235
114664
114102
115806
115516
113768
116066
114235
114310
116024
114208
115231
114810
115096
114340
115377
115806
115204
115247
113542
115239
116174
115231
114194
114529
114080
115454
113890
113016
115779
115999
116732
113515
114243
113592
116222
114484
113841
115881
115204
114664
113768
115457
114949
113736
114917
112587
115204
114488
114270
114333
117487
116574
114761
114484
114499
113989
117394
115279
116032
113556
114123
115312
114639
116344
114062
114235
115361
114257
115185
115312
115204
112840
115231
114153
115779
116566
114802
116236
114151
116024
114235
113909
114276
115489
114918
113016
115104
115213
114229
115457
115999
114276
112587
114523
112622
113415
112047
114197
112047
115607
111857
113016
112463
113695
112587
115171
115779
113307
114197
115921
114424
114664
114135
113433
114610
115312
113583
113736
114153
112975
114529
112975
115055
114490
114484
113556
113307
115204
113768
113556
115465
113989
114276
114333
113433
113103
116942
114135
113515
115005
115204
113460
115204
114871
114883
115239
115771
115087
113595
114914
113556
115779
114610
115779
115204
114082
115776
114484
115202
114883
114529
113918
114488
115744
112300
113542
113948
113016
116059
115175
115202
114520
115017
113948
114924
114131
112767
115204
114311
113556
113542
114769
114772
113718
114197
113736
114843
114843
116346
114539
114376
113736
115491
113307
114090
114664
115771
115846
114283
114484
115771
114949
115779
113515
114235
114737
114082
115484
114843
112587
115204
115104
113736
113515
115842
112975
114764
116512
113515
114664
113809
114274
113944
115059
115999
114096
116535
113874
114276
115025
115304
115217
115771
116390
115668
115489
115051
114737
112713
114123
112975
115204
113736
115457
116068
116005
115096
115937
114851
115854
113989
112614
115336
113595
113874
114851
116127
114484
114802
112332
115414
114276
114924
114351
112047
117207
112163
115769
114917
114158
114082
112047
115236
114636
115377
115129
116346
114964
113882
116105
114704
113827
114276
114520
114835
113948
114561
113407
114802
114484
114235
115144
114918
115149
114843
115231
113729
114917
114664
113729
114529
113862
113980
114562
113944
115880
115745
113556
113334
114802
117281
114262
113583
115457
114917
114511
115457
116320
115942
112990
115914
116118
113307
115249
113515
113882
115204
112587
113307
114197
114488
113515
114484
115044
112767
114664
112767
114529
114790
114402
114386
115566
114000
115532
115489
113125
116574
115204
112872
116346
115063
114484
113556
112975
114337
114917
115030
114772
114123
114484
113821
115055
115131
114810
114520
113768
116024
112975
114841
114520
115059
115389
114561
114529
114523
113515
114655
113556
114488
115564
115771
117003
115792
115304
114235
113736
113809
114555
114127
115122
114657
114343
113955
114664
115577
114276
115087
113736
113736
114810
114670
112587
113154
114276
112587
113948
114523
114240
113125
115324
116282
114072
114082
114488
115779
114796
113989
113154
115736
112875
115752
113556
114194
115381
116088
116409
113556
115051
113695
114889
114914
112585
115377
115051
115231
114235
113505
112975
112867
113052
114303
114333
115059
114664
113556
114728
112587
116164
112872
114737
114235
115313
115742
115939
114262
112767
114094
114276
115000
115204
114235
114484
116139
114276
113800
113252
114561
115779
116421
114664
114596
113016
115684
112975
113550
114090
113695
114499
114851
115204
113841
113052
113948
115177
115051
114918
111784
115516
116566
115771
116566
114851
114851
114082
112300
115324
114764
115684
113556
113556
114276
114703
114863
117077
115481
114871
112587
114235
115815
114104
114370
114303
113768
114235
114728
113874
114851
113736
115771
114524
112685
114082
115999
114772
113252
113556
117102
114949
113768
113695
115211
115055
114948
115771
114484
113407
113556
114276
113252
114802
112047
112975
114488
114488
113260
114276
115457
115030
116251
113016
115204
113515
114664
114737
113945
114924
116409
113692
113995
114873
115201
114529
114082
114276
116620
115736
115846
115418
113654
115377
115249
114270
115564
112587
114153
116024
116609
114823
113016
114355
115313
114810
114333
114082
115917
116346
115564
112300
114657
116631
112587
113556
114270
114715
114276
114235
114235
114484
114534
114951
115999
114262
113515
117352
114969
113154
114784
114757
114529
115752
114539
113307
114414
115597
114235
114917
115771
113944
111715
115059
114105
114837
115664
113515
113695
114235
113162
113882
113407
114235
116984
115779
114102
113874
113560
114529
114484
114310
114276
113307
114582
114802
112685
115059
113836
115204
113874
114519
114529
112075
113020
114443
114802
113944
114737
113334
114484
113560
114664
115204
116704
114235
116714
114123
115489
114769
112713
115779
115051
114531
114511
114851
116024
115939
115059
115973
114351
114082
113307
114235
115114
115144
114511
112975
114194
113556
115051
113739
114197
114310
115204
113280
112975
114484
114348
114531
114162
115842
115457
115024
114484
115204
114970
114737
116107
113016
114664
114764
114764
113995
114914
114276
114102
115279
115204
115457
115999
113439
114810
114802
115499
116566
114276
115999
114234
115204
114917
113407
114303
115693
113989
113556
116652
115178
115842
115181
115231
116105
112622
116252
114484
112587
114235
113556
115895
115204
114484
114695
114873
114871
112975
113515
114276
114197
114520
114715
113542
116024
113556
114235
114082
113221
115888
112587
113260
114772
114737
114531
114333
112622
115752
114021
113515
112047
115597
115051
113800
114634
113560
113405
116697
114520
112767
115051
114739
114090
112966
112622
116857
115779
115231
116252
115489
114276
114484
115204
116535
114082
115122
115204
112975
114276
115806
117568
113935
115955
115771
116095
113795
114233
112975
113809
113229
112975
114250
114949
115204
115353
115684
115126
114520
114159
113515
112975
114628
115481
113972
114484
115407
113260
113515
114085
114123
113515
114802
114737
115122
113142
115336
114843
113556
113736
114082
116672
113560
114276
115942
114636
115051
114851
115249
113972
116643
114235
115377
114556
115928
114276
114843
115231
116252
113874
115771
114484
114276
114705
114123
115212
115204
115204
112407
114276
113751
114636
114270
112840
115131
115231
114802
114519
114197
114484
114123
115055
112975
112300
115771
115104
113989
114802
115204
112767
114664
114737
112587
113162
113944
112622
114074
114208
113154
116408
115055
112622
115962
113695
114484
114082
113629
113882
114376
113307
114123
115122
112767
113702
113989
116346
115779
113809
114737
114276
115771
113809
115505
112767
114810
113583
113800
114837
114873
115098
114802
115819
114878
115489
113154
113556
116697
113944
115096
113515
114235
113768
114376
115852
115957
116140
115457
115779
114484
114646
114591
112587
114235
114458
114090
112975
115051
112975
115457
115231
115939
115684
113125
114824
113809
114511
115854
115283
115302
114484
115779
114593
114235
114123
114262
113765
112622
112332
113307
113909
113989
114843
112872
114487
115562
115484
114335
112300
115771
114655
114276
113816
114843
114511
116704
112614
114276
113556
113635
114519
112872
113695
116662
112587
114335
114235
116569
115014
114198
114769
115842
113948
115066
113515
113307
114484
115055
114802
117303
114511
113736
114276
115194
114484
115771
114664
116248
114696
113989
114131
115566
112850
113768
113228
114235
115489
116862
113016
114768
113894
113695
114484
116417
113382
114843
113334
114992
115051
113154
113556
112300
114276
115779
115392
115638
114619
115055
116409
113556
114484
115684
115491
114664
114664
115457
112767
115779
114402
113736
115231
114484
113515
113515
113415
114810
112622
114556
116122
114424
112997
115854
115615
113016
116566
113556
114488
115051
114810
113079
114964
117134
114851
115457
114835
115204
115239
114262
114235
112536
115178
114262
113821
113225
115607
114235
116346
113228
115411
112842
115771
115231
113560
115051
114123
116099
114843
113768
115481
115051
113556
114197
113768
115104
113736
114131
113287
113611
115638
115457
112840
114810
115304
112712
113695
112767
114664
113307
115779
113989
114737
113334
114406
115779
113334
113307
114376
114529
115204
115810
113307
113556
114561
115144
113307
113841
113583
112047
117419
113515
113695
113811
114664
114720
113560
113768
115167
114235
113695
114123
114384
113909
114519
114102
115104
114664
115205
115051
115059
113269
114303
114843
112296
115178
113101
114276
113858
116282
114483
113260
112767
113515
112296
115204
113556
114333
115418
114488
113307
114082
114885
114351
113515
114082
113307
113768
116409
115204
114737
115555
113944
115020
114311
113592
114878
115646
115014
115849
114677
113841
113030
115842
113382
116127
114197
113267
114488
115213
113154
114311
114384
113307
114276
114123
115771
114235
114529
114960
115457
115075
115344
115794
113682
114276
115313
116097
114917
115239
114499
114384
114335
114520
114529
113307
112587
114664
113154
114844
115087
114582
116317
114810
113228
112767
114335
115059
113921
114484
113955
114376
115969
114276
115203
116857
115565
117586
114082
115051
114484
115204
114123
112614
115336
112867
116346
113695
114469
114197
115239
115771
113515
113989
115771
113560
116333
113874
113307
113162
112840
115742
114664
114248
113800
115204
114082
114276
112767
115204
115339
115024
115312
115177
113307
115489
114834
112300
114197
113556
116252
114488
113736
114484
113228
112975
113736
114270
115806
116032
116170
114235
114280
114082
114964
114235
113944
114276
114549
113736
115209
114235
113307
115204
113945
114670
113404
113695
113874
115204
114123
115703
113989
113989
115351
114917
116137
113020
114276
113944
116332
114384
113307
114235
115646
113944
114873
115879
115842
114235
115063
114436
113948
114664
115099
114235
115204
114262
113269
115703
114769
113052
114983
115313
112587
114127
114153
114225
114235
112587
115905
113154
115063
113995
115201
115304
114784
114484
116024
115239
114664
113228
114082
117131
115852
114308
113611
114989
113972
115063
114519
114515
115204
113736
114484
113003
115204
115162
115274
115852
114914
113809
115779
115219
114051
114764
114520
114343
115304
114235
113269
114345
114262
113307
113951
115204
113768
113944
115489
115268
112767
115312
114844
116130
113874
114082
114355
112975
115204
113665
113950
115022
112587
114082
114843
114280
114843
113154
113695
113382
114045
113695
115055
112975
116139
116346
113560
115204
114276
114634
115051
114123
112047
114484
112324
113874
113948
115014
115126
112840
113307
113307
114082
115239
113455
114376
115204
113935
114490
113162
115457
113736
114531
113415
115122
113515
114442
114511
114926
116287
113020
114235
113736
115440
113641
115051
114873
115742
113811
115786
114964
113736
114014
114810
115336
113154
116032
113162
113020
115098
115204
116714
114664
113695
114130
113595
116346
114276
114951
113020
113439
116647
115204
113695
114802
114235
115204
114969
113016
113307
113307
113990
115771
113342
114529
114276
115411
112587
113307
113556
114953
114123
114276
114276
113948
114484
114982
113016
116819
115525
117237
114908
114531
114663
115418
113556
113736
113841
113162
116095
114235
115457
114702
115842
114135
115096
114276
115779
112587
115854
114235
114604
114351
115178
115063
115204
114529
113944
114235
118661
114917
116099
116059
114117
114515
114355
115771
113334
115489
113556
114519
113556
113944
113515
115638
114343
113809
114276
115874
114851
115051
115701
116174
114090
115457
113768
112975
114484
116566
113405
114175
114773
113882
114198
114802
112767
114715
114737
113944
114582
115204
112587
114529
112836
114082
115771
116514
114488
114123
115104
111643
113556
113154
115128
115279
112587
114276
114917
114488
115771
114484
115051
115607
114843
115742
115638
115457
112767
113016
112587
115231
113262
114693
114843
113795
115063
113582
114529
114873
115239
114235
115484
115842
115304
113980
113515
115202
114235
114235
115324
115846
114664
113556
116173
113944
111382
113142
112975
112587
114303
115955
113619
114000
113736
114769
115457
116770
115023
114276
113550
117394
113515
113989
114197
115030
116174
116106
115279
113809
115742
113016
113515
113382
114520
113433
114664
112047
112840
113948
113944
113798
114351
115051
115231
115646
115055
115948
114851
114096
115779
114082
115055
113736
115096
113556
114235
114564
116279
114458
113844
114311
114022
115304
115122
115880
115457
113515
113916
113583
113425
114664
115122
114529
115771
115905
113515
115999
115668
113307
114123
113948
113447
113016
113556
114235
114276
113542
114233
115630
115771
114123
115484
114908
115850
114519
115204
115063
114918
113944
113560
115405
115712
114529
112283
113376
113554
115239
115626
114484
114123
114810
112463
115779
113556
115167
115455
114303
113972
114082
114270
114488
113051
115204
115779
113768
113989
115317
113982
115662
113695
114082
113542
113995
115063
116585
115122
114841
115999
115217
113515
113736
116032
111355
113944
116694
113841
115313
115204
113556
115771
115086
115524
114303
113334
114636
114588
113835
114276
116024
114484
115458
115086
115888
115457
114370
114942
114772
113530
115763
113515
113515
114276
114235
114664
113874
116454
115457
114588
115059
114664
112975
112840
112975
113252
115779
113228
115671
113768
115630
113831
113505
113146
114127
115771
116029
115244
114883
112975
113307
113736
113556
117079
115194
114123
115779
115779
116492
113945
114484
114484
114924
113736
114304
115051
113342
114737
114981
114912
114941
113736
115638
114094
112867
115204
112047
114197
114276
114634
113442
113016
114276
115051
115219
115157
114814
114484
114351
113874
113225
114343
113154
115204
114664
113515
114152
114917
114082
113809
116640
114384
113695
114235
115030
114610
112587
113835
114188
114764
114449
114877
115204
112047
114484
114335
113550
114484
112713
115204
112020
115204
114197
112975
115492
113044
114490
112975
115059
115207
115180
115999
113335
114802
115059
113841
114769
112767
117237
114519
113836
116647
115407
114102
116200
115771
114235
113556
114557
113874
114484
115059
114194
114664
115304
114484
113874
114737
114310
114968
114843
113944
116934
116849
115239
114248
114276
115852
115128
114941
114843
114864
115055
115231
114917
113874
114851
113695
115058
111784
114276
113052
113260
112587
113872
114235
114664
113736
115101
115095
112975
113556
114890
113307
113307
116259
113809
116749
113800
114918
116014
113912
115231
113307
114664
114953
113768
116108
114388
113016
114520
115178
115846
115059
116346
113307
114512
114964
114912
114276
115484
113154
114082
113542
115302
114262
112587
113542
117487
114531
114883
114406
114636
115457
113556
113736
113972
115231
115060
115377
112407
114657
114851
114484
116024
116251
114276
113225
113768
113583
114458
115330
112047
116024
114484
113874
114917
113307
113560
115986
116704
115459
115030
116002
113736
114677
115217
114843
115630
116361
113944
113944
116827
114310
113989
114924
114488
114922
115626
115598
115693
115489
114135
116079
116106
113433
115204
113809
114698
114153
114484
112587
116251
113944
114376
112300
114529
113016
113125
113989
112767
114053
114910
115059
114159
115988
113736
113382
115177
114484
116252
114153
112614
114511
113016
112975
112614
116819
113556
114843
116290
113809
114664
115457
114973
115204
115779
113841
113845
114082
114235
114734
115315
115283
115450
114529
114458
115204
114769
115504
116038
114520
116999
112587
114917
115204
115771
115104
115274
116032
114664
114843
114276
114303
112858
115484
112587
113654
114698
115087
116139
114007
114769
113556
115697
114127
113874
114235
114802
113334
112975
113874
115204
112907
115607
115753
114928
115312
114123
115330
115892
115204
114802
115204
113695
112579
112872
114195
116129
114843
115994
115126
113556
117289
113736
113162
114561
112975
115646
114123
114851
115458
115844
112587
114529
114918
114769
115266
114582
115491
113515
113515
115354
115615
114131
114844
115313
113898
114173
114127
114737
114082
116056
114235
114772
116032
114529
114303
114843
115418
113845
114484
112767
115204
114072
114442
114802
115204
114843
113103
114520
113415
114484
115204
115562
113717
115847
115779
114310
113695
114235
115178
114529
113972
114262
114637
115481
113695
114117
113556
115463
114484
115051
116386
114561
115204
114376
115055
116034
114343
116024
114484
112840
115705
115556
114335
115450
113515
114123
115228
113307
114878
115204
115422
114311
113587
115771
113768
114197
115231
114529
114610
113505
114484
114843
115771
114802
115779
115532
115806
114900
114928
114737
114949
114096
115197
114743
115977
113020
114851
114090
113768
115239
112975
113592
113989
114837
115204
114197
115842
115283
115055
113514
115484
112587
113307
113989
115746
115131
117517
113695
113334
113809
113560
113515
112587
113736
114235
114082
114529
113736
115051
113228
116409
113560
115921
115051
111535
114715
114883
112047
114276
115779
115771
116609
116566
116566
113297
113556
114123
114484
115481
114851
113252
115204
115771
114561
114523
116015
114376
114277
115138
116139
114802
115059
117065
113515
115204
114493
113587
113944
113560
114526
114767
115237
114490
113695
115771
115999
113556
115239
114953
113016
115205
115877
115085
115279
115160
114698
113909
115999
115591
114520
115418
114127
114262
114262
113809
113515
113945
114529
113604
115626
114276
116566
113736
116714
114737
114737
113819
115771
114520
115205
114664
113736
115108
114917
114484
113407
113882
114310
114449
115427
114127
116032
114274
114235
114664
115671
113154
113154
114090
113768
114810
114519
114117
113841
114531
114102
113016
116225
114483
113556
114917
114843
115804
113944
114810
115440
115204
115607
114843
114810
116897
115128
115641
112767
113154
114529
114235
114384
113838
114310
114698
114843
116443
113016
115239
114276
115457
113515
113768
115753
114664
113542
115779
113809
116252
113016
114529
115389
113945
114131
115779
115562
114235
114511
113052
114843
115897
114484
114484
115489
113809
115051
113125
115693
115204
115336
113562
113307
115055
114127
114416
114235
113228
113556
114892
115096
114628
114276
111355
113154
115096
115204
115219
114484
116346
114153
114873
113307
113736
116574
114715
114159
113307
115742
115204
114999
114484
113307
114276
114914
115204
115059
114102
115179
113030
114713
116204
114561
114482
114276
116282
114737
114385
115779
114991
114482
116095
115531
113407
113948
115063
115204
115130
114520
114303
114460
113592
114262
113827
115771
114488
114529
114055
114511
114311
115284
113587
116059
114851
115051
115279
114104
115071
115499
116697
114634
113515
112587
114511
114802
115684
115697
113334
112536
113542
113556
113768
114802
114303
115457
114235
115723
114843
115842
115055
115096
114664
115204
115063
114235
115771
114488
114531
113260
115204
115200
115071
114529
114484
114277
112047
114595
114720
115375
114262
115344
113515
114529
114519
115753
113530
114917
112767
113307
114235
113768
114588
113736
113225
113307
115842
115457
115071
113307
114511
113695
113809
114276
114262
114734
115204
114303
115276
113736
114102
114633
116483
114123
115457
115457
112840
113515
115769
115312
115051
112587
116392
116346
114276
115548
114378
115071
113882
116103
114764
115055
113515
114900
114843
115051
115126
113515
113736
116419
113307
113866
115204
114949
114082
114484
113800
113556
113874
117046
115389
118084
116147
115104
113256
116264
116680
114817
115024
112122
116662
113591
115051
114529
114276
113556
114582
113980
116147
113695
115846
114082
114519
114664
114515
113989
113556
114564
113515
116455
114276
115852
113560
115162
114737
114914
115779
115163
114090
114197
115351
115630
112047
114843
115982
115279
112587
114055
113685
113736
113560
115418
113162
115589
112587
114914
114499
114276
115771
114664
114851
114844
115583
114303
115022
112947
114959
115055
114664
113307
115771
113944
113307
116670
113736
116998
113382
115842
112283
113550
114802
115418
114221
115202
114153
114511
113736
113329
113912
114081
113948
113189
114337
113882
113955
113803
112587
116349
113668
113736
115204
114764
115742
114883
115779
114230
114276
115231
114276
115219
115779
116344
114739
116282
116174
112614
114021
114197
115771
113948
114447
112587
113560
115180
113154
113556
114924
113515
113989
113944
115771
113307
114449
114303
115126
114276
112675
113944
114123
113269
114484
116264
113556
114843
115204
115217
116026
116346
112587
115771
112102
114484
114871
114531
114664
115671
114610
113515
115204
116309
114737
114695
115204
114319
114276
113515
113944
114484
112300
116056
113695
114873
113550
116409
113307
113695
112767
115457
113695
115779
112975
114657
113334
113768
113718
115402
113809
115095
113380
115562
115899
115491
112300
114385
114240
113228
115457
113307
114482
113228
114769
115967
116056
116327
114851
115204
115779
115086
116409
114511
115055
115219
112872
113836
113542
113016
113729
113556
114949
114737
112587
113944
115059
114739
112767
114959
113307
113836
115742
113154
117289
113959
114519
113556
112587
115918
113800
115234
115051
113307
113809
113020
113560
114917
113560
115306
115489
114274
114488
115583
114738
115204
113736
113667
114274
114276
115457
113613
115282
113542
115098
115312
113307
112422
113882
114769
114634
115096
112840
112047
115194
116384
114764
113550
116282
113736
113972
116587
113542
114276
113882
115098
116107
114843
113845
114646
115051
115377
112283
114235
113795
115992
117769
113736
115304
116024
113948
114887
114303
115779
113269
114274
115646
114197
116574
114131
114631
115204
114715
114608
114257
115684
114276
114720
113550
113695
114802
112767
112587
115771
115562
113016
113613
114484
115059
113016
113515
114285
114737
113125
115457
113736
116251
113695
115204
114888
115051
113556
113949
114082
116182
115375
116279
112975
115204
113556
114276
114851
112975
115071
112975
115055
114529
115771
113415
115742
114802
115771
113613
114664
115354
114773
115204
113736
114520
113407
114082
113874
115605
115577
114484
115815
114102
115999
114703
114442
116108
114477
115771
116819
115312
113515
118195
115416
114664
115771
113515
115443
113736
115030
115231
115771
115682
116472
115204
114529
116056
114235
115239
114529
116819
113154
115607
115317
113944
116309
114917
115096
114158
115484
115128
115090
114484
115128
115996
112891
113736
114664
113154
113955
112867
113307
117141
114484
116504
114351
114843
115201
115583
114843
113016
115352
115060
114802
113841
115397
113556
114276
113583
112300
114370
115204
112867
113307
113560
114235
112840
117222
114843
113945
113827
113809
115873
115771
116282
114843
114351
115771
113736
113944
115204
114216
114810
113363
114276
115771
114131
113882
114851
115779
113307
115602
116361
114769
114235
113556
116812
113695
114131
114090
114664
115999
114810
114636
113989
115999
115922
115096
115331
114367
113736
113736
113995
115313
116605
114484
114923
113335
114484
112975
114562
113152
114655
113052
115304
113537
113380
114235
114153
114484
114664
112300
114303
113515
113736
116820
113809
113695
115178
113641
114235
112587
113736
114458
114276
115204
115149
114325
115457
113407
114664
112893
113108
113307
114131
114131
113515
114082
115457
113556
114951
115842
115055
114531
113874
113535
114529
115879
114310
114887
112587
116024
114529
115075
115095
114484
114664
115239
114235
114529
115313
115204
114802
114488
114482
114276
115948
113154
114294
115055
114737
114664
114737
113736
113736
112587
115688
115769
113556
115377
117237
112587
113407
113944
115771
113836
115668
116409
115427
115306
114843
112047
113736
117843
115734
114519
115294
112587
112767
113307
114761
114276
115294
114802
114851
114737
114593
112587
114235
114863
113809
113560
115532
112975
114384
113556
115204
114355
115842
114225
114064
113845
112767
115484
115063
115626
114021
115051
114843
113307
114488
114608
114376
114235
114802
114539
115033
114123
115779
114131
114851
113980
115239
114484
114262
113583
116395
114843
113982
114351
113307
111922
116149
116214
115891
116212
116131
115059
112300
115626
114461
113269
116506
113200
111382
114484
115771
113269
114664
112767
113736
113376
114484
112767
114276
113409
114197
113904
115771
115999
113729
114235
116099
113307
115739
113768
113896
113790
113225
116382
114488
114131
113834
116346
116857
114952
113342
115481
115231
115204
114877
113556
113949
116282
114235
114802
114948
113154
113560
114737
115177
114737
115330
114737
113307
112767
113874
114396
113556
115030
114064
114484
115062
113882
114276
113556
113874
114949
114335
114250
115204
115418
114235
114664
113736
113044
116647
115204
117424
112767
115771
115279
117819
113125
116095
114235
112587
113225
113695
112585
114484
113587
116574
114082
114123
113583
112587
115457
114402
114096
115779
113307
114917
114802
116346
113736
114310
115122
114167
114276
114367
113269
115030
114910
115855
114520
114276
112767
112767
114843
114737
114343
114229
114235
113768
113515
114194
113982
115994
115144
113729
112767
114082
114846
114924
115489
114276
113632
114843
114131
113729
114810
114810
113016
113515
114664
114802
113154
115051
115071
113154
116092
113542
115753
113560
113515
114123
113809
115055
113587
114235
116837
115204
113307
114843
114235
113542
115491
115204
116409
115144
114403
115128
114539
114556
113729
115330
114276
115377
113556
115302
113307
113020
114276
114664
114484
114802
114235
116282
113560
113944
113515
115806
115638
115354
113252
114276
114262
115020
114458
114641
114488
116380
115302
113515
114802
114992
114843
113560
114123
115136
115217
115204
112767
114424
114235
113154
112938
113515
114484
115282
115771
114484
115330
113736
114511
114917
113154
117415
113556
113619
114082
115059
113556
114082
114992
113682
113944
113556
115626
115051
115204
114511
113016
113307
117424
113944
115459
114276
114131
113307
112767
115682
114153
115051
113307
114851
114843
115771
116409
113841
113556
115168
114153
115684
114235
115489
112875
114689
114235
114596
114488
113959
115030
115204
114276
113280
112047
113542
112975
115745
114914
115786
114337
116884
114021
114750
114520
115516
114351
115457
113556
116346
114325
115771
115204
114484
114338
115307
114484
113433
113269
114082
113695
114064
115204
115484
114634
114968
113695
115096
114137
115457
114526
114664
113613
113556
113189
114131
115231
115096
114449
116720
114983
113695
115204
114664
112585
114769
114274
112587
115371
113515
116499
114715
114123
114082
114563
113809
114802
114814
113405
112767
113809
113154
115204
114311
114484
114090
113307
115488
114270
114488
114484
115531
115231
113162
115059
113809
114169
114261
115489
114438
112587
115209
113695
114688
114664
116800
112840
115779
116059
112975
113695
113695
113939
113515
114696
114837
114232
114873
114843
114720
112587
114153
113980
115202
113020
115204
114276
114280
114519
115769
113515
113948
114655
115597
113515
114878
113948
113948
113542
113307
115144
113945
113868
113020
114490
116785
115204
115059
113736
113736
115030
115302
115312
113154
115618
114949
114358
115231
114262
115418
115377
114968
115427
114131
113515
113415
113252
113948
114484
113307
113556
113407
113841
114384
115565
112587
114449
113695
113307
114225
115879
114520
113382
115418
116127
114556
114520
114276
114376
116670
114235
114924
114276
114657
114737
114175
113154
114488
115912
113016
113949
115204
113515
113556
115276
113944
115304
113560
115204
116024
113841
114848
113955
113334
113948
115562
112975
115014
113280
115344
115312
113768
113943
113554
114593
113162
115712
115457
115231
113439
116409
114335
116647
114917
113554
113556
114910
115779
114484
114262
114343
115231
114520
116346
115457
114669
113020
117196
112767
114488
115039
114994
113415
113228
115204
114484
113695
112609
114488
112767
113695
114529
115204
113795
113515
113016
115734
113809
115782
115869
114488
115022
113695
115779
116105
115231
114664
116494
116019
113695
116566
113558
114802
116147
113982
115122
113307
114511
115071
114235
114484
114131
115784
115059
116714
115779
113800
115336
112975
116309
115283
113949
113044
115324
114127
113530
115106
114484
113560
113811
114484
115204
113334
116172
115915
115336
114276
114228
114951
115779
114070
114082
114235
115204
115071
113809
112587
115771
113874
114636
114270
114488
113269
113980
114878
114561
112975
114873
114633
114361
115324
113999
115204
115565
113945
113307
113695
115204
113307
115096
112504
115457
115204
114082
115051
114535
114102
114270
115318
114311
115204
115055
114873
115388
114082
114097
113142
113944
114520
115597
114555
115030
114604
113342
116147
114210
115779
114664
116589
115779
115204
113695
114484
114367
115030
116290
114773
115852
112614
114235
114488
113990
115204
114021
115059
115597
116819
114458
115204
115771
113955
113556
115457
115771
114511
113260
114351
114843
113154
114484
114235
114737
112975
114131
115354
113815
114802
113515
113269
114873
114802
112850
115204
114276
115122
112740
114351
114493
113591
113736
113736
114499
116662
114698
114374
113948
114851
114262
113809
113882
114458
114484
115122
113405
113935
114843
114021
113944
115204
116346
114022
114276
113874
113439
113803
114810
114949
113550
113515
113866
115313
114737
112975
114484
115752
114968
114851
115204
114484
114520
112587
115491
114664
115204
114402
116827
115489
113809
112975
114899
115771
114802
114664
114917
113016
114198
115671
112975
113560
113874
114135
113550
116346
113989
113809
113556
114638
114090
117645
114520
115239
112767
112587
115055
115771
115771
116251
115131
115532
114376
113635
114918
115096
115771
116024
113944
112975
113307
115204
114702
114484
114484
114276
113995
115095
114810
114270
115684
115892
115459
114082
113736
114582
113515
115204
113944
113515
114235
115098
114028
115284
112840
115684
112622
114131
115887
114529
115204
113556
112767
114484
114345
113556
113515
114484
114276
115209
114851
114798
114406
114737
113695
114097
116024
113460
113228
114385
114416
113510
113016
114235
113329
114131
115842
114529
114737
113550
113142
113556
115397
115457
116643
114194
114484
115629
113768
113635
115172
115204
114384
113695
115204
115823
114737
112975
115204
116346
115879
115733
115204
114802
113515
114183
115219
115336
115771
114669
116150
112899
115771
114737
115022
114529
113016
114276
116094
115058
114102
115098
114484
115204
114082
114131
113795
114082
115703
115122
113768
114570
115204
113260
114737
115457
112504
113821
113944
114728
114488
114376
113269
115055
114484
114276
116558
114488
114235
114082
114802
114402
115489
115279
114127
114715
115235
115891
113989
115204
113944
114664
115302
113989
116566
115204
114526
115204
114333
115370
114484
114623
112587
113260
113556
112975
114384
113515
116417
115867
115597
115204
115063
113736
114335
114823
112587
115199
114637
115049
114343
114664
114843
115562
113515
114664
112614
113307
115771
113583
114074
114917
114484
114484
113635
113016
116309
114802
115999
113269
114484
114918
113016
114135
115351
114484
112324
115239
115999
115944
116282
113556
115459
113016
114303
114229
114235
112536
113792
113432
113439
115842
113583
112587
112587
112767
114761
112332
114664
113307
113862
115994
112587
114235
114844
114240
116129
112587
114645
113695
114529
113515
115779
114208
114235
116228
114702
114484
113415
114802
113858
114750
115779
114304
114914
114449
113939
113944
114123
114484
113283
114664
115204
114235
114335
115771
115096
115567
115204
115905
115771
115709
115059
114917
114235
113288
114746
116384
114488
113583
116359
113888
114197
114562
113515
114484
114262
114235
114802
114740
113162
115457
114235
114802
113269
115096
114520
115204
113315
116409
113550
113556
115204
114844
114262
114769
113307
113944
114090
115771
113955
113020
112975
113515
114737
113225
114772
112975
113695
115564
115377
114335
115457
113654
114936
114802
115051
114664
114832
111608
113016
112867
116105
112587
115160
115194
114604
115263
112767
113515
114162
116282
114843
114153
114385
116504
115086
115204
113944
113307
114737
115457
113972
113252
114760
116382
114488
115418
114604
114484
115051
115304
114843
115626
113654
114511
115392
113556
113556
114810
114664
113407
115204
115671
114484
114561
113162
113227
114276
115999
116346
114276
115204
114127
114529
113154
113768
114276
113736
114123
116984
113944
115703
114949
114194
115697
112047
114303
114301
114127
114964
115427
115744
116920
114102
114335
112047
115204
112938
116026
115457
114739
114802
115122
115071
113515
114873
112037
112587
113556
115559
113505
115408
115200
113909
114564
114529
114131
114488
113894
113556
115304
112587
114511
112587
115532
114235
114458
114235
115204
115204
115457
114561
114519
114160
113972
115806
115999
113556
114802
113944
115600
114235
115051
116390
115204
113827
115788
115204
114488
115066
114082
114270
114488
114814
115122
114739
114669
115279
113827
114520
116560
114924
115907
115771
114515
114484
114772
114737
113556
114664
114732
115231
114515
115204
115457
113995
114520
113016
112840
114488
112975
115715
114802
115204
116024
115126
113948
115846
114657
115440
112767
112614
114416
113297
114769
115879
114343
116960
111930
114402
114562
115566
113809
114235
116235
114520
113515
112840
113307
114082
115536
113809
114637
113982
113695
114851
114586
115131
114262
113768
114737
115771
115051
113736
113984
115279
116149
115204
114235
114449
113944
113515
114664
114877
115030
115980
112975
112173
112947
113732
114197
114343
113407
114276
114127
116287
114611
115735
115051
113162
113307
113944
114917
115030
113565
116165
113736
112975
113342
113695
114131
115457
114235
113736
115276
115339
115204
113144
114622
114767
114488
115051
116169
113591
114484
114208
114664
116024
113875
113676
115204
112300
113736
114488
114488
112767
114235
113736
114993
113307
114851
114348
115204
116785
114082
115062
114520
115239
114484
115085
116147
116174
114113
114515
116252
114769
113189
116566
114520
114715
113795
114343
114851
114520
115792
113307
112975
115457
113016
113948
113560
115330
114488
114737
113980
114384
114843
114402
114737
115204
113556
113809
114169
114276
114304
115204
114529
112614
115204
114276
112975
112587
113189
114664
113307
114737
113455
112975
114319
115626
115794
115149
114488
113162
112587
113307
115527
114273
115410
115283
113948
115063
114520
116015
112975
113944
116056
113695
115759
113307
116346
113845
115459
113972
116585
113405
113560
113307
114162
113334
112587
114484
116203
114844
114314
113016
114523
114262
114276
112587
115204
113020
113736
114843
114262
113682
116637
114596
114388
113556
113592
114175
113792
115880
114361
115231
113556
115779
112587
113542
115492
115489
113944
114175
114235
114276
115104
112047
114917
115491
113918
114276
115806
115293
113768
113944
115051
114596
115051
113695
115066
112587
113152
115213
114484
113515
114276
114270
115204
114235
115779
115304
113695
113307
114262
114661
115359
112504
112840
113591
115219
112300
115051
115806
114276
113269
114529
112324
114235
112872
114529
115055
113560
114664
114153
114262
115491
114664
115059
114628
116390
113382
113836
114737
115063
113944
114802
113556
115219
112717
116421
116032
115144
115313
114511
114235
114276
115136
114094
113560
114645
117285
113515
114335
115071
114737
116854
114385
113334
112821
115427
115204
113252
114843
114754
115999
115771
113020
114561
112947
114664
112872
114276
115491
113307
114117
114664
113882
114375
115440
114802
113515
114131
116349
116807
114276
116320
115975
112767
114484
114843
116154
113841
115484
114815
114529
114917
114561
114664
115712
113592
115324
115204
114135
115122
114082
116044
114367
114484
114484
113875
112767
115589
115204
114022
113260
115524
115842
113556
113560
115024
113556
114276
114129
115475
115516
114276
113124
115771
115340
113307
113556
116566
114197
115204
116056
114802
115351
114664
114761
114248
112300
113100
113342
114249
113944
114484
114262
114131
115204
114664
114343
114153
114484
113142
114276
115771
114529
115304
113307
115204
115274
114262
113591
113736
114276
115057
113695
113695
114021
113542
115204
115877
113407
114941
115059
115204
115204
113592
114484
115626
115846
115204
113874
114235
114428
113592
113948
114351
115171
116795
116722
114761
114885
114720
114153
112872
114917
114737
114529
112840
114657
114276
113556
113016
115051
116032
114664
114795
112767
114276
114064
114208
115950
114458
116409
114208
114851
114843
114345
112587
114117
113955
116819
113583
115051
115626
114090
115104
115219
114556
114376
113162
113948
115122
114235
114376
114123
114488
114876
115304
115854
115459
113562
114021
115059
113736
115204
112975
114561
115937
113989
115302
115204
114715
114276
113695
114303
113944
113515
113307
113990
115324
113695
112536
115427
117644
115457
115136
115022
115170
113864
113307
113736
115209
114802
116592
114235
115317
114484
112587
115304
113556
113695
114416
114276
115051
115357
114636
114773
114090
114276
114843
115457
113307
114802
114964
114843
113225
115204
114235
114102
114802
114664
112767
113016
115418
113595
114260
114235
116512
114810
115204
114739
115204
112975
114843
112990
113874
115457
114917
114337
116200
112767
112767
115344
115219
115071
115022
115054
115532
114843
114664
115330
114235
113874
114197
114663
116056
113556
114664
115457
114384
113560
113874
114661
115096
114394
114808
112047
115602
113980
112047
113515
115202
113455
114664
113944
114843
115771
112037
115204
112685
114843
115051
115312
114995
114515
114276
114384
113836
114482
114484
115457
114115
115204
113695
115705
115771
112875
117102
113016
116056
113064
113044
114276
113989
113935
114529
116448
113162
115806
114276
114488
114123
115030
113515
114310
112587
114664
116654
115204
113989
114669
114670
115771
113515
114737
116662
114102
115313
113515
115063
114918
115357
114484
115964
114769
114983
113770
113842
113570
113307
115624
113307
115312
114484
115204
114511
115842
114515
113989
114814
114737
114802
114810
112767
115096
115638
115531
115136
113307
114276
112975
114123
113016
115813
113515
114802
115618
115779
113882
115167
113821
116382
115489
114664
113944
114914
114664
113874
113342
114276
114843
113768
113695
114802
115087
113945
115204
114671
113515
112872
115128
115239
114484
115324
115204
115054
114384
114488
114529
115771
113510
114376
114949
116592
115051
114276
114556
115999
115492
114340
114873
116248
114270
113982
115779
113809
115411
114221
114802
113556
114276
113836
114484
114995
113162
113989
114522
115204
116419
117077
114484
113809
116148
114276
114924
114484
115671
113515
116174
113695
113556
114235
114064
114484
113560
114529
114488
113803
113944
114276
113953
115051
115626
115014
113841
114235
114657
115457
114529
114090
115051
113225
113423
115055
114115
114843
114276
113641
113269
113592
114698
114908
115055
112587
113556
114488
112840
113515
114951
114194
115096
114158
115484
115771
114194
113560
114315
115051
114702
114262
117271
115693
115304
115502
114333
115734
113809
113003
116282
113307
112587
116127
114276
116732
113907
113665
114303
115779
115418
115153
112047
114519
113515
114737
114225
115051
113556
113515
115712
113800
113613
113695
113560
116024
118253
114449
115779
114082
115279
115204
113515
115771
113439
114082
114484
115177
115846
116402
114511
114361
112685
113515
114351
114276
114511
113016
114655
113252
113736
112587
113695
114951
112332
112767
113297
112685
113982
114276
115030
116849
114153
115457
115389
115055
114406
114664
115204
115852
114595
114561
114484
115771
113944
116599
113307
113845
112587
113591
114679
115459
114810
115589
115377
114488
114698
113556
115104
115096
114276
116237
115204
112587
117800
114442
115999
115003
115178
113736
113154
113845
114924
112047
115324
114235
114235
115457
113560
114343
113016
116024
112630
114131
113800
112990
114235
114250
113407
114851
113016
113583
113515
113948
114276
116599
112893
114802
115852
114484
117269
114851
114843
116994
112975
114529
115172
114638
116931
113125
114529
114484
113658
113972
115771
114131
115427
115051
114488
114303
114385
114374
114276
115177
115096
114496
112536
114229
114646
113989
113944
114737
114664
114851
115771
114094
112577
114561
113556
113768
115701
115626
116346
113334
114672
113407
115999
114123
113560
115954
113154
115204
113052
113307
115204
113944
113836
113729
113515
112587
114355
113809
114529
114484
113916
115684
114851
114484
115059
112840
114276
115607
115411
115457
113955
114235
114917
113736
114235
115504
115999
114887
113695
113016
113729
115877
112504
113874
113944
114447
114235
114563
112642
114055
114484
114515
115136
113972
114918
113695
115562
115381
116137
114021
115069
115377
114802
113376
114802
115969
114167
114384
116064
114634
114917
113154
113948
113307
112767
115122
114235
113515
112872
113948
113736
116282
114250
114664
115842
113989
115030
114887
114447
113989
115204
114276
115668
115055
116797
113542
113515
115051
114343
114810
113657
114428
116064
114664
115974
114248
113768
114802
114917
114649
114628
114276
114194
113252
115771
113874
112975
115484
115484
115771
114800
113882
113736
115159
115626
115846
115204
114769
113874
116419
116627
114358
114523
114529
114376
113044
116537
114420
114235
115794
114582
114488
114764
115637
114851
114622
114873
113515
114511
114375
113307
114197
114515
114249
115489
114082
114335
115204
115789
114082
113944
113125
115204
114262
113695
113269
115330
113695
115057
115204
113914
114484
114129
113587
113682
114556
114519
113800
113811
115204
113944
115846
114511
114531
114235
113020
114082
114129
112300
113935
115204
113729
113841
114235
115217
112872
114847
114664
113515
113307
115771
114276
115882
114484
115638
114960
114303
115489
115178
113944
114458
114303
112975
113862
115080
112840
114914
112047
116251
115204
113944
114664
113556
114715
113162
115858
114311
115090
112842
114664
112767
113944
113583
114561
115177
114080
115131
114844
114276
117141
112047
114529
113576
114402
114810
114262
113228
115307
114772
114262
114102
116849
114664
114332
114484
116063
115087
115607
114235
114343
116024
115051
114406
115204
113154
114235
115122
115203
113982
114412
114802
112767
114275
114197
117141
116444
115703
114235
113909
115857
115055
113515
114851
115167
115279
113556
115459
113948
113918
115051
115167
115585
114873
115999
113331
113442
115419
115457
112975
115597
114485
114484
113407
113874
113016
115204
115712
114520
115312
113768
113695
114843
115313
115058
115459
116346
113515
114484
116800
114917
114235
115771
113560
113228
112840
113307
117218
115353
113556
115204
115204
114376
114655
115891
115024
114276
115430
115891
115602
113228
115457
113874
116714
112614
115982
113695
115457
115457
115742
112037
113405
113768
114233
114276
113768
114082
113515
114406
113515
113736
114664
115457
114335
113768
115921
115559
113530
114914
115672
113809
115457
114802
113944
114406
113809
117269
114276
113795
113655
114484
112622
114848
116932
114715
115095
115051
116024
113695
113982
115055
114376
114873
114914
116631
113550
114449
114702
114235
114351
115448
112587
114484
113556
116535
115489
115779
113556
115852
113665
114375
116122
114917
114977
115457
114235
113556
113736
113989
115344
115160
114235
114484
116672
116417
114488
114802
115457
115239
115879
114515
115096
115752
114702
115771
113944
113542
114310
114814
114951
114796
115204
112899
115489
113719
112938
114775
114610
115457
112047
114898
114276
115204
114657
114484
114102
114235
115587
115231
114135
114951
113269
115330
114520
113556
113162
115024
114276
112585
113297
115309
113515
113307
113959
114484
113016
112767
116349
112283
113768
114843
115771
114905
117285
114235
113515
115779
115999
112975
114769
115842
115231
114235
115999
113560
115302
113768
113795
114235
115457
115771
116518
115049
115779
114795
114235
114082
113815
112767
114351
114361
113695
114484
114229
115779
113515
116105
115771
116000
117102
116064
114914
115842
113515
115797
114484
114484
113556
114964
114090
114375
114331
114484
113695
116186
114529
113556
113542
112975
112300
114303
113016
114610
113154
114737
115277
115059
115771
114664
114228
114276
114561
113515
114529
114737
113016
116002
113307
115532
115051
116432
114910
115096
113591
114851
115128
114276
114698
115302
117161
114679
113948
116047
114949
114276
113515
113795
113845
113038
112975
113307
114499
114127
114964
115489
113795
114764
114547
113944
115239
114784
114303
114637
114274
114123
113307
114484
115655
113515
113841
114153
115689
115239
115204
115204
114270
113307
115126
114604
115779
113691
117882
115504
115854
115484
114529
114664
112587
112840
116566
114843
114529
113882
114670
113556
113944
115463
114949
115231
114075
114276
115771
113515
114483
115043
113944
114584
116417
114844
113307
114664
113944
113736
114082
114784
115204
113515
113695
115657
114123
113948
115204
116819
114384
114737
115162
115779
112840
113016
115494
113695
113307
112504
114131
113556
116228
114586
113307
114851
115030
114488
114249
115450
115771
114910
114515
113736
113307
115302
114374
114085
114547
115051
115689
115022
116604
113587
115095
113382
114664
115136
114233
114194
113162
115776
115055
114310
114843
113560
114529
114053
114449
112047
113154
114864
115087
114276
115481
115239
115096
115626
113447
114720
114657
113016
114511
115059
115336
114810
113800
114488
113768
116056
117832
116105
113989
117509
113407
113307
113595
116059
113695
114276
115397
114484
114197
112767
113556
114843
113334
113980
114698
116457
113939
114198
114235
114593
115944
113882
114484
115779
112283
114677
112938
115723
116430
114917
114951
115204
116252
113792
113003
116032
112947
115030
115880
114596
112938
114197
115283
112767
115231
115279
115457
114914
115336
115555
115503
114562
115879
115428
114082
114810
113904
115204
114531
113980
114484
114135
110815
113944
112767
115880
113307
114304
115051
115137
114123
113334
114094
113695
112587
113989
113560
113556
113307
115204
115662
114082
115602
115312
115448
114737
115597
115430
115204
113809
115204
113874
115388
114235
113800
113613
113944
113307
114851
115204
112767
115051
115779
114561
115204
115771
114737
115937
113768
113154
116487
113882
114235
115637
113583
114529
114814
114131
114737
114773
115842
113307
115339
114235
115104
115276
114739
113016
113556
113736
113809
113882
113226
113364
113583
114235
114529
114484
114928
115784
113591
112767
114737
114082
114547
115131
114664
113803
114276
114333
114135
113556
115779
115204
114564
113154
115302
112975
113627
114343
115204
115051
113944
114343
114261
114235
113948
115771
115302
115104
115059
114390
113641
115059
114556
114235
114276
113335
114488
112300
115724
115842
113515
112587
113809
115279
114992
114484
114235
114235
115485
114664
113142
115457
115051
113515
113948
115847
115555
112867
114593
112047
114669
112875
113882
114511
115051
116147
115204
113515
115104
115792
114276
115136
116417
114664
115204
114276
114664
115411
113874
115204
113562
115525
115709
116137
113619
114375
112840
115852
114964
114519
115304
114737
113460
114488
115457
113803
118109
112587
112587
116848
114235
113695
113944
113989
114351
116417
114843
113631
113162
115200
114082
116359
115204
113515
112767
114511
116403
113154
115535
115457
116014
114343
114267
113595
114408
113515
114447
116294
112587
116118
112587
114843
113269
113809
114802
115122
115280
115556
114917
114310
112990
115855
112300
113505
113807
113016
113695
115204
111382
114802
112767
116567
115852
115204
114424
116105
113016
115204
114837
115852
114304
113654
114773
116309
115769
115457
113695
114333
114843
114844
113819
113800
115204
114169
114843
114276
114898
113944
114276
115312
112767
114276
114664
113228
113583
116767
113695
113154
115457
113556
114276
115488
115779
113154
114343
114276
113154
114276
112587
115051
114262
112614
115639
114802
112899
112047
113103
114851
115231
114529
116131
114484
115413
114449
114484
114737
113595
113269
112875
114229
114586
114303
115330
115194
115499
114276
113874
113768
114270
114737
114610
115204
115597
113841
114235
113542
113641
116056
113729
114784
115475
113809
115059
113736
114484
114276
116942
113995
114910
115497
116484
114484
113809
114082
114484
113537
112872
114664
113515
113307
114949
113556
115782
115440
114802
113989
114529
114964
115136
114488
115597
114484
113768
115440
114769
113736
113768
116024
115956
115231
114664
112840
114810
113939
114253
111784
114127
115457
114233
115330
114484
112603
114883
114482
113868
114276
114484
113768
116419
113695
113768
114873
114188
115204
114484
114638
113542
113944
115771
114276
115051
114194
115204
114664
113809
115422
114664
117312
115597
114511
115779
115062
115055
114873
113641
113775
113342
114950
114082
115433
112975
113736
114276
115634
116056
114728
114303
113052
115484
114438
113256
114208
113695
114784
114851
114737
116024
114367
114276
114131
112047
115242
115377
115771
116849
113733
115440
113583
114082
114169
115204
114280
114131
115786
115879
113515
115204
113016
115779
114276
115457
112872
115771
113405
115771
113016
115926
115457
116272
114235
114851
113811
113542
112587
113795
112587
115599
115302
113556
114519
115204
114737
113560
113269
115854
117185
114276
114385
113515
114335
115605
114484
115312
115564
113736
112587
114276
113562
114529
113016
115771
115204
114519
115684
115087
114276
116346
115051
113407
113809
116849
115055
114127
114438
113415
113595
114082
113944
113541
114131
116419
115144
114276
115562
113307
115999
112587
115771
114376
114739
115532
113971
114229
114887
114094
113584
115457
113556
114720
114484
114488
116026
117553
114519
113882
114208
114484
114131
115771
112767
114810
115204
115098
115204
115302
114784
113515
115059
115096
114235
113154
112975
116137
113016
114355
114802
114235
114102
114488
114117
113768
114519
114384
115462
115059
114883
113016
116417
115304
116064
115167
113433
113269
113556
115204
115022
114917
115771
116221
114610
114802
115204
115231
115950
114235
115304
114479
115630
114664
115684
115412
114235
114484
114053
114664
115228
114276
114135
115880
114802
115204
114677
114276
113455
114810
114235
114512
113556
115771
114484
114484
114235
114484
114175
114802
115786
115171
114983
114276
115071
112047
114585
116767
113515
114303
115167
114335
114968
114276
114090
112587
115484
112587
114082
112840
115562
113154
112463
115745
115199
114276
114878
116064
115626
113686
115457
115204
115231
114767
114796
114153
114519
115204
112622
115204
114917
114917
113654
115199
113800
115999
114235
113587
115204
114335
113307
114488
113530
113556
115499
115104
114346
113016
116035
115096
114376
113405
112622
115787
115999
114568
113667
117289
115607
115484
115638
115457
112947
114235
113995
116309
113225
112300
114090
115375
112587
112938
113795
114405
113020
114664
117077
114484
112975
114843
114402
114449
114250
115489
114311
114252
113591
113736
114698
113795
114715
115204
113556
116032
113882
114851
113515
114337
114810
113189
113800
113971
114814
116566
113560
114664
114090
114333
115302
116498
115779
113768
113729
116849
113695
114885
111784
113280
114235
115492
112047
114843
115204
113356
113334
115330
112975
114659
113542
115457
115087
114090
114664
114484
113876
113020
112872
113844
115071
113809
114276
113556
113556
113844
113382
115202
