50220
50420
51948
49495
49574
52761
50420
51227
49596
48750
49822
50670
50852
48750
51540
52148
50652
47999
48845
49597
48221
50581
51716
50405
50732
50668
48939
49477
50494
48830
49587
50668
50476
47823
50254
50670
51716
50848
51675
50652
49925
50046
52164
49085
52396
50141
51324
50616
50363
48845
51100
51040
48819
50868
51964
52370
50652
51074
50868
50148
51964
50626
50870
52336
50870
49819
50379
52147
50789
49374
51964
49822
50670
49806
50868
51516
50668
50642
51516
51100
50381
50579
49883
51948
51516
51472
50670
50228
52561
51240
50044
51675
50244
52120
50579
50194
49931
49757
51461
51251
50579
51746
49493
48845
50670
51118
51227
51716
47999
51302
50028
51516
49085
49277
52396
51040
50379
50420
51021
50141
51715
49374
49517
50011
52360
49045
49295
51516
51300
50028
50668
51675
48879
50852
50420
48916
51300
50668
49596
50141
51716
50416
49725
50141
51261
50668
50670
50668
52761
51875
51516
50220
48879
50165
49534
50028
50194
49374
51057
48756
50141
51772
49500
50573
51937
50244
50829
49045
52561
51040
50589
50926
50141
48654
51516
50668
50789
48845
48893
49717
51964
51875
49965
49517
50670
50868
49004
50868
48447
49286
50670
50668
52536
51772
48421
49806
49574
50668
49923
51483
49596
51964
50187
49822
51716
50852
51324
50668
49045
52163
50751
48845
48845
52164
51318
51920
50254
51100
51102
51716
51964
50244
50220
50939
51964
51488
50668
50420
51227
52968
49376
51948
48845
51772
49493
51100
50494
49574
50397
49374
50131
51516
51040
51488
51659
52984
52396
50220
50866
51964
49596
50652
49198
50796
48221
50670
51029
52164
51516
49374
50131
50420
49085
49188
51516
51516
51964
49931
51516
51609
50220
48421
48447
50579
49085
50670
50476
51102
50868
49733
51876
49045
49458
48845
50589
51972
52784
51488
50563
51516
49374
50652
50028
51100
49931
47644
51675
50833
50044
50220
49949
50220
52784
50220
49023
50829
50589
49763
50652
51007
50642
51118
50141
50220
50478
50220
48197
49822
50670
50220
50652
50420
48556
48653
51040
50668
49806
50420
49374
50579
48950
51516
50668
52396
49295
50220
51227
49149
50416
48750
49574
50220
50652
49495
49596
51102
50670
49285
51118
53216
50220
50668
50006
49101
51540
53216
50284
52000
51324
51100
50670
51100
50670
50341
50789
51091
52360
49293
51227
50013
51875
50668
50141
50341
49965
52396
49517
50811
50254
51516
49796
49725
50220
50670
51716
52363
51516
50581
50220
51102
51516
51300
50670
49770
51716
49574
51964
50220
50852
53441
51118
50220
51118
50379
50220
51227
50220
49211
50670
49822
50670
49596
51716
49149
50652
50341
50652
49995
49822
49045
47932
49822
51227
50829
49729
50811
50668
49596
50420
51964
49733
48750
49493
50131
49852
49822
52164
49796
51964
50668
49830
51716
50573
48461
50868
48879
49324
49725
50870
49085
50381
47999
52396
50670
50852
48573
49374
50668
49277
49267
50668
49574
51102
51102
50220
50420
49931
48879
51516
49374
50670
50540
50220
51100
50668
51679
50011
51816
48431
49376
50220
50597
51716
50668
50859
52336
51716
50420
51750
50652
52536
50870
50141
51227
47999
50220
49830
50220
50420
51675
51920
51964
50652
52385
50589
51948
50868
50652
52396
52396
50842
51964
50668
48199
49943
48950
50852
50220
50668
49277
51716
51716
50022
49374
51948
48845
49374
50652
51516
49822
50829
49596
50246
50668
49574
49630
50044
51118
50220
52757
48853
50652
50668
51964
48750
51324
52247
49293
51964
51672
50420
50254
49822
51340
49085
52396
51516
50220
50220
50868
49093
50254
51964
51964
50668
48845
50683
51964
51672
51118
49374
49374
50313
51092
50668
51516
48845
49119
50254
51516
50220
50811
48221
51964
49293
47564
47999
51772
49295
50668
51261
49665
51912
53193
49102
51716
49495
51964
51875
49119
50652
50668
51059
50868
51675
52784
51964
48845
49822
49293
50868
50870
50220
50172
48845
50175
51750
48879
50868
49689
52596
48671
48750
50141
50668
50461
50375
50872
53441
52561
50678
50220
48845
51524
50220
51393
51750
49374
49822
50300
50220
51228
50363
52164
50573
50420
50131
50668
50044
48845
50852
52148
50642
49374
50341
51324
47999
50573
49596
50670
50868
50668
50420
50420
51516
50652
50420
51938
51948
49302
50220
49931
50220
51488
48845
49228
51100
50476
50870
51100
49374
49374
50796
50652
49277
50652
51964
50670
50220
49574
50892
52148
50141
52307
50678
51186
50652
49948
53009
51920
51516
50052
52396
52147
50044
48845
49822
49374
50220
50022
49324
51318
49822
51040
49596
52336
51550
51964
50868
53216
50044
51609
51029
50228
50652
51938
50194
50652
52784
49725
50220
49948
50868
50420
51040
51240
49085
51227
47999
51875
50254
51964
49109
52164
52596
50652
49757
49477
50254
50445
49931
48750
52596
49806
51100
51102
50670
50670
51516
50868
51964
51340
50668
48845
50868
49085
47999
50563
51964
49574
48845
50868
50668
50194
50028
49045
51716
51948
50579
49493
49374
51516
52148
48845
48590
51964
51516
49295
50022
52164
51716
50220
51472
49574
51318
50220
52695
49596
50652
49596
49574
52336
53405
50868
50668
51690
48631
49182
50220
52596
50194
51040
51964
49477
50652
51688
51516
48871
52148
49931
50006
50220
51948
51964
51383
50870
48380
51100
52536
49374
50195
50672
51227
51516
51659
50852
51772
50220
50228
50852
50220
48845
50244
50868
50220
49806
49374
48636
53009
50420
53020
49700
50589
50022
48750
50220
51100
51516
50363
49293
49019
49295
50044
51516
50870
50220
50420
51227
52596
50668
50668
51300
50868
51240
49717
50220
52479
50870
52144
49517
50022
50652
50589
49939
51227
50668
52164
49733
49295
49045
50868
49507
50011
49374
48221
50026
51716
48845
51724
47999
51540
48869
48845
50220
49948
51227
50220
50589
50220
50244
50028
50670
49500
50097
52472
51118
51964
49931
50694
50051
50668
51516
51920
51516
52396
50868
48879
49949
51516
51964
50796
52164
48158
49493
49931
50381
49822
49045
51516
52164
50668
51948
52784
49957
51472
50006
51092
49041
50220
49293
49500
49374
51948
50379
52792
51516
50670
51118
49374
50353
50097
50652
48556
50668
50420
49517
50668
50131
50220
51040
51100
50670
51488
50416
49477
50573
49806
50022
50213
52120
50494
52561
49507
48909
50220
51964
51074
51340
50563
51516
50131
50220
50420
51516
50086
48557
50052
48893
48845
50892
50668
53209
50420
50668
51100
47711
51972
49574
51516
50220
49563
51964
51029
50668
53009
51516
49293
48750
51516
50220
51964
50220
51100
50670
50420
49004
51100
50194
49517
50668
50337
50652
50537
52148
52761
50670
50870
51488
51472
50220
49045
52120
50668
52147
50044
50220
50028
51483
51210
49374
50868
50254
51716
51516
51875
50220
51516
49965
50868
50022
53009
49374
48431
51550
50670
49324
51948
50668
50028
49931
51516
51675
50476
51516
50670
50420
52137
51118
51516
49727
53416
51227
51716
51324
51540
50028
49182
51102
49374
51444
49307
50420
49277
50220
49293
50478
50652
52369
49308
51240
53193
48358
49822
50187
50379
52164
49806
51948
49277
50044
51066
50022
50420
51040
51964
51118
50668
50044
48556
50220
49932
49307
48950
50420
51318
51618
51859
50420
50652
50046
49493
49295
50420
51300
52396
49949
49374
50652
52107
50220
49822
50870
49665
48750
51948
50670
49931
51118
50220
49045
51716
50868
50652
50652
51516
53581
51516
50006
50131
50668
50141
49295
51240
50668
48647
51948
50028
49374
50579
50022
50228
49806
49374
50046
50006
49374
51488
48845
51715
51516
50870
48653
50046
51690
49932
49374
51948
50046
49822
50416
47710
49596
51948
50379
50668
50563
50789
48620
48845
49822
51100
50870
50220
51021
50652
49006
51516
51964
50254
51100
50141
50668
52596
52164
50893
49500
51118
50870
48447
51302
52164
49931
49533
50868
49500
49293
52138
50476
49822
50416
50379
50668
50254
51716
51550
50668
49085
50870
51015
49198
50220
51010
50668
50507
51318
53829
52561
50141
50353
49822
52396
49743
51716
50642
50220
50220
51716
50668
51516
51100
52596
51227
50652
49085
50022
50589
49596
50683
52784
48556
49277
50670
49995
51102
49796
50668
49533
50852
52396
51340
49574
49654
50244
50254
50131
50652
50220
50868
51516
51091
50254
48869
51118
52596
51964
51948
50220
50220
50011
49374
50445
50579
49374
49822
50220
51675
50131
48380
50868
51488
51875
50220
51324
48893
50668
49931
51948
49822
51118
50619
49374
50044
50670
49733
49307
49733
49173
50220
48631
51318
50562
49307
50652
51964
49927
49533
49925
50150
51118
48142
51948
49574
51491
52396
52164
49374
50668
50870
47999
51516
48845
49949
50868
48431
51483
51626
51948
49727
49293
51772
49574
49596
50379
50670
50668
50668
48221
48750
50141
50379
50006
50220
51516
50811
52396
51516
50852
51716
51324
51964
49931
49822
51712
49533
50022
49374
50028
49374
50420
51964
50577
49182
53020
51221
49806
50852
50668
51302
50220
50494
50220
51488
50670
51964
51100
51092
50668
52720
51948
49085
52344
49493
47999
50868
51516
51040
51340
50420
49085
50852
49806
50563
51516
51716
51964
50131
48358
51118
49727
50668
50670
50652
48750
50220
49957
50220
50870
51074
50220
50785
50389
50868
50022
51550
49267
52107
51875
51011
49574
51100
50141
50028
50420
50220
51964
49822
50246
51516
50868
49495
51964
49806
51100
51100
51540
49822
49374
50420
50220
49307
48669
52164
49374
50420
50796
51675
51118
50228
49806
50141
49574
48380
50670
49500
51964
49995
49596
50420
50652
49931
49398
48199
49574
52561
50254
51318
49725
49045
51948
48845
49630
50668
51739
49796
50668
50220
50220
50859
50870
50864
51035
50141
51964
49755
49102
51964
51516
50379
52396
49574
49293
50788
49733
51516
52396
50652
49374
52064
50652
48199
48382
48556
50868
51922
50668
49493
50803
48717
50141
48879
50668
50220
51772
49806
51964
49965
50141
48388
50670
50478
51491
48750
48845
50652
52148
50028
50220
52561
51948
52396
50668
48950
50220
49517
51100
52596
51516
50220
50284
49596
50652
49045
50626
50011
50220
52784
50220
49596
51427
50220
50892
51550
50589
50220
51716
50220
52148
50668
51688
49684
51516
51427
52569
51516
48564
51324
50668
51716
50668
49822
50028
50789
50589
51550
49596
52396
50604
50870
50732
51609
49665
51118
50220
50892
51516
50022
51938
50652
51100
51300
50341
50668
50420
48950
48255
52138
50668
50220
51948
51516
50220
51948
51964
51298
51100
52144
49517
52396
50868
50220
49822
50870
50668
50194
50220
49796
51912
49931
51550
49374
49277
49374
50379
49796
50220
51300
51875
49374
49286
52993
48342
50668
50668
50563
50220
51516
50220
50668
50420
50220
50454
51516
47932
52164
50220
50670
50379
49198
52596
52336
48647
51092
50220
51964
50220
51035
50420
49725
49374
49596
51716
50420
49574
49324
49822
50668
50668
53009
50420
49859
51964
49822
50379
51964
48654
49931
49374
52164
51300
51300
51964
50668
51244
49277
51118
47999
52396
50220
49293
51100
51516
49295
50852
50175
50220
50022
51948
48199
51516
51516
48447
49822
50420
51516
47999
51920
47575
50006
51427
50668
51100
49371
52396
51964
51516
49725
50870
49428
51102
51964
51516
50131
50165
48447
49085
52164
50220
49822
51240
50476
50616
48431
49931
49596
51964
52817
51772
51964
50220
50868
49574
49374
50768
50220
48845
50022
50670
52596
50220
50220
50670
51488
50826
50652
51948
48293
50589
50341
49822
51516
48845
51100
50668
51100
50044
51516
50220
50381
50652
50668
48447
51300
49495
50789
50668
50668
50341
50044
50926
51516
49374
48653
52336
50476
51074
50589
49365
50868
50341
50871
52968
50813
49574
50668
50494
51118
50381
51859
51488
50454
49188
49596
51948
49806
50670
50220
50868
49045
48879
50220
49725
50620
50668
51516
49596
49307
50868
50420
50420
51118
53009
50478
49277
48447
52164
52396
50868
49563
50220
50254
51199
49822
50852
50220
49927
50420
49763
50892
50420
49374
48447
47910
52336
49374
52984
51227
51307
49085
51340
52396
51716
50926
49293
51307
50668
51675
51393
50363
48669
49596
50141
50381
47286
50220
52396
50220
50829
50220
51221
51118
49495
49931
50416
49796
50668
48455
49198
49822
50870
49596
50652
51550
51516
50859
50220
50668
47999
52148
50668
51948
49743
52307
49806
50668
50220
50826
50668
49630
50868
50244
49563
50676
49398
53209
49085
50131
51472
50789
49277
50668
51964
49743
49182
50668
51318
51915
52148
50220
51118
48556
52164
50668
49676
50420
50670
49806
50131
49308
49943
49596
50341
47999
50416
51300
49806
51261
50244
49085
51261
51516
49931
50420
51324
50131
50220
52336
50220
49035
49517
48431
50220
50652
50668
52266
50379
52363
51964
50852
50454
52307
51040
51716
51540
50244
49493
50220
51302
51227
50868
50796
49931
52164
47999
51948
51938
49293
50668
49293
50707
50852
51340
49500
50772
49689
49374
50175
51964
52993
48845
51100
51964
50668
51964
50868
49438
52784
50652
51040
49596
49374
51302
49563
48654
49295
51964
51675
51427
51964
50220
49045
51516
51021
49277
51516
49285
52396
51716
49277
50852
49852
51100
51340
50652
50563
52396
50420
50420
51488
50044
50220
50670
50028
49796
51318
48845
51300
48750
49931
51516
51443
49931
49822
52396
51516
51550
50379
51118
51227
50220
49931
47999
49295
49948
50668
50676
50668
50670
50668
51516
51100
50416
50811
50244
50994
52163
49852
49796
50652
52695
49293
51550
50220
52984
50868
51516
50579
51516
52164
50670
49004
51300
51550
52137
50476
49477
50220
50044
51516
52164
50220
49822
50028
51490
51964
50868
49374
51427
50194
50868
51118
50589
50668
49374
49295
49198
51948
47823
51939
50220
49932
51516
50892
52148
51291
50141
51550
52396
50573
50668
50022
51102
50815
50668
50220
50443
50670
50141
48447
49204
51118
50652
49085
48431
51291
49965
50420
51100
52137
50868
50668
51726
50131
49374
52148
52396
50563
50220
50676
49365
51340
50670
50652
51716
50195
51609
50220
49806
51031
50859
50813
50868
51100
49570
52396
50220
50131
51716
50006
51040
49004
51227
52396
51516
48023
51488
50811
50044
51938
52307
50668
50652
49796
50852
49700
51675
51021
51386
52927
49493
49806
49684
51274
50300
50868
51948
52164
50220
50652
50668
51300
51964
48845
49927
52163
49295
49507
50668
51750
51102
51318
50379
50732
48556
50668
50796
49822
51675
47999
50868
49822
52148
51688
50416
51516
49533
48671
49636
48421
51516
49374
50028
51516
50864
52396
49931
48338
52596
50044
49295
50420
49806
50852
46718
49925
49477
51300
49574
50589
49665
49596
51340
49277
51300
50254
51244
51948
52336
49374
48845
51964
51516
50044
50420
49822
52536
50868
49551
50022
49374
51516
51716
49733
50246
51291
52396
52396
51118
49374
51300
49295
50131
50141
50668
50668
48909
49293
50852
49182
50848
49085
49574
50668
49267
50420
50670
48750
50363
52164
48879
52396
51964
51550
49045
50141
49267
51240
50341
49806
49725
49307
50868
51516
51716
48845
49995
50194
49931
48845
51240
47999
51915
50868
51118
50228
49596
51716
49630
50476
48556
47999
50244
49931
50668
49277
52993
49374
50652
51964
47999
52164
51550
51092
50563
50892
50829
49796
51964
49822
50670
49806
51948
51100
49931
50220
51841
51040
51040
50220
49574
50676
49822
49302
49830
50652
50668
51552
50478
50866
50420
51516
50892
48988
52968
50220
50220
49374
50652
50668
49206
50220
49198
50811
50354
50668
49659
52817
51516
50420
52369
49374
50420
50218
53183
48678
51675
50044
50892
49822
49995
49045
51059
51100
50868
51516
49806
50244
51550
49241
50220
51516
50582
50773
51964
51849
49085
51488
51690
50220
49965
48093
50668
49293
52596
51100
52396
52784
51516
50668
49822
50668
50619
50420
49517
50668
51816
52336
51118
49965
52396
51307
51040
49293
51300
50668
49574
53209
49931
50220
49086
49374
48845
50254
51659
50589
51516
52336
50022
49931
47999
51964
50668
53441
51675
49455
49374
49755
49085
51516
51964
51716
50454
49293
50842
50022
51516
50187
49916
51937
50220
48125
51948
51948
51300
49965
50803
49006
50220
50652
48188
51675
50811
50220
49743
50228
51948
50589
51516
52164
48447
51964
51540
50175
51040
52148
50254
51100
49211
49955
50113
50668
49182
49374
49277
50220
50868
51964
50379
50211
48845
50926
50652
49931
52148
51964
51302
50811
52561
50870
51690
51340
48654
49374
51948
51716
50852
49596
50852
50670
51461
49574
50220
51964
50668
50220
50668
50220
51726
52638
51964
50416
49965
49495
49374
51318
49277
50652
50416
49307
52148
52336
49950
51516
49493
51516
49725
51948
49806
51100
50220
52385
50668
51746
50220
49277
50244
49085
50852
52596
49533
48750
50420
50668
50868
50852
49676
51516
50652
52148
50220
51100
51875
50254
50131
51227
51964
47999
49725
49293
50022
51948
52164
51118
49733
48188
47999
50013
50670
50870
50870
50220
49103
49563
50668
51550
48988
50220
50870
51100
50829
50044
50220
50652
49085
49493
47918
50141
51059
50652
53209
52107
49596
51021
51964
50668
51516
50852
51102
51340
50220
50668
50811
50494
50668
53009
52148
51102
51920
53381
50220
51228
49374
51831
50668
50420
51221
52247
48893
51948
51516
49822
52396
50868
50642
52768
50652
50420
50220
49574
49285
49374
50668
50870
48845
50868
51948
50379
49965
51100
50868
51948
50420
50652
49374
49806
49533
51675
50668
49822
50494
50668
50235
49574
51092
49931
51772
51964
51307
48845
49477
50914
51516
51490
50803
49852
50379
49295
49374
49085
51427
52396
48756
49630
49822
51118
51516
51972
50220
50254
50228
48845
50246
47932
51118
51318
51675
50220
49533
51964
50789
50589
50044
50220
50852
50589
51100
50235
50341
50668
50676
49965
52993
50044
47966
49374
50868
51472
50420
50892
51507
51550
50892
52704
50652
50228
50668
50668
49822
51040
49796
50668
50398
50006
50220
49806
50668
50341
49822
52336
51516
51118
50381
49374
52396
49500
50379
51516
50341
50381
51227
53829
52164
51948
50829
51240
51427
50670
51964
50131
49493
51540
49277
50652
50046
48845
50892
50220
49931
50589
48893
50811
48845
50652
50220
51472
50670
53009
51048
50205
50811
50868
51516
49725
53441
51516
50668
51240
50668
51100
50668
51516
50589
51240
50603
49374
50668
51324
51100
52164
52148
49574
50220
47933
50668
49596
52369
49865
51516
52396
51948
51427
48845
51516
50046
50870
50254
50006
50028
49806
50868
49822
49285
51300
51100
50670
52993
49293
51516
51716
52561
51516
50670
50028
48750
50220
51340
51472
50573
50670
48365
50868
51920
49806
49045
51324
51712
49517
50254
49965
50291
50652
51964
51102
51013
52272
51300
50668
49739
52495
50670
51399
51516
51318
49659
52336
50228
50435
49632
50670
51516
53009
49596
47375
50220
50397
49517
50211
51516
48917
51716
49382
51227
48431
50220
49574
49574
50670
51276
49293
50254
50476
50363
50868
48845
50652
50220
52352
50868
49301
49295
49198
51964
51834
48845
52984
50220
52120
49563
51516
47823
50254
52111
52596
50420
49293
48879
47575
48752
51488
51340
51690
51716
50668
51040
50220
51092
51948
50589
47932
51296
50892
50069
49806
49852
51750
51948
50652
50670
51688
50013
50028
50011
50220
49182
49824
50046
50420
50652
50172
50626
49493
51516
49725
50220
50028
47518
50668
52561
50642
50141
50044
47823
49806
51092
48845
50254
52761
48997
51516
50220
51516
52396
50476
49630
48845
50581
51427
50732
49101
49822
51948
51240
50416
51688
51300
51488
50789
50868
51516
50381
50670
49596
49822
51100
50220
51716
50476
48447
52137
50363
50220
50870
51716
51516
48669
49806
51675
50256
48199
50044
50220
49374
51716
50785
50044
51035
49293
50420
49725
48199
50086
50220
50220
47823
49085
51948
49068
51048
52336
52163
52164
52396
50694
50813
50244
52164
51964
50616
51550
50652
49085
50254
50852
51716
50616
49822
50868
49382
50668
52396
49869
51488
51516
50132
50044
49204
50383
48950
50220
50668
49493
50668
48421
50870
50022
49931
50398
50868
50652
50254
51516
49717
50220
50476
51948
47932
50420
50670
51516
51716
49654
49822
49727
49596
50670
50397
49411
49293
49533
51118
50052
50589
51092
51516
50454
48384
52784
47999
51772
48797
50652
49574
50194
50213
50220
50961
50852
49822
52784
49517
50652
50573
52370
50220
50616
48012
51516
49822
51118
50870
51490
49822
51772
52164
50589
51488
50670
50220
51716
49198
51964
51516
50363
50379
51444
52148
49806
52336
51240
50220
49596
49665
49374
51772
50573
52596
48221
50454
49500
50652
50668
50044
50341
51964
50148
49574
49182
51524
50220
50668
50220
50852
51318
50668
51516
51516
48132
53193
49931
50796
52164
53441
49931
52164
49267
49374
51011
50670
49374
50668
51300
50932
50852
52968
50652
49806
49307
51964
49806
51516
49806
49860
50668
48845
51516
51516
49533
50220
49223
50022
51516
52561
50652
51750
51318
50420
50803
49822
50220
51716
51715
50220
50379
49574
50420
50220
51300
50668
51716
51516
51712
49822
51100
50652
52968
50829
49725
50995
50417
49965
51716
50375
51675
50379
49822
51300
50670
51240
50652
50220
51964
50478
51716
50341
48950
49948
49574
50028
50694
50652
48388
50870
50220
51516
51937
52596
50668
53216
49822
48819
50022
51118
50661
50220
51964
50868
50500
51011
52396
49822
50220
50668
49796
49931
50220
51550
50046
49293
50830
52596
50668
49374
51746
50379
50668
48845
52396
50670
49495
51772
48893
52596
51716
50694
51118
49517
50220
51100
48950
48447
50220
50645
48431
48939
51324
50220
49995
49085
48199
50220
53009
49796
49743
49965
48671
49963
50773
50652
50220
50420
51516
51964
51964
51427
50668
51964
49493
52396
49570
51948
51516
49295
51716
53416
51488
51516
51488
52164
49822
51118
53009
49822
50454
51488
51964
49101
52363
51221
51427
50751
52148
50220
49865
49739
53416
50220
51021
51964
50926
48845
50006
49596
48879
51716
50829
51074
49965
51102
50589
49822
51227
50652
49302
51859
51750
51948
50668
50381
50589
50165
50220
50420
51324
51393
49806
50022
50381
51948
50420
50668
48845
52396
49374
50868
50579
50670
51220
48556
51964
50652
50573
50589
50220
49852
51100
48661
52396
49374
51516
49293
49931
51964
50668
49822
52164
50852
49374
50796
49755
49796
52396
51307
51964
49293
50577
51875
50868
49725
50581
49806
50789
50811
49806
52968
50668
49743
51102
49493
51240
49563
50868
49198
51118
50220
50868
49922
49822
51318
49374
51683
51516
52164
49045
50420
50028
51964
51675
50443
50815
50868
48631
49955
49211
48023
50220
52596
50852
49796
48750
50420
50811
51100
50220
49931
50044
52336
50870
48950
51516
49939
49374
49822
50870
50868
51679
49763
52164
50668
50220
52396
49931
51964
50494
50420
49806
50670
49665
50006
50220
50220
49822
51675
50573
51948
50220
50668
48845
50141
50868
51346
52148
49796
48940
50668
49398
50668
51250
50668
49806
49206
50668
48447
50892
50363
50381
50220
51964
50150
51964
50852
51300
49733
51516
51118
50141
51516
50046
50028
50220
50379
50668
49596
51118
50789
50668
51488
48421
52495
52303
52122
50381
50254
51964
51035
50579
51516
49495
51302
50668
50220
51716
51040
50220
49950
50926
50859
49822
52795
49931
48950
51716
50668
51879
51118
51964
51716
50732
49374
50220
49517
51516
50220
50097
50668
50668
49188
49596
51920
51540
51100
50220
48125
50670
50044
51964
51964
51516
47999
46718
49295
51964
51051
50220
49293
50670
50553
50022
51964
50220
49995
50868
48988
48638
49293
50573
48221
53009
49725
49822
51948
51021
51938
49477
51516
50668
50420
52370
51964
50220
50379
51631
49277
50046
49931
51516
51300
50363
51715
50194
51040
49822
51964
50011
49277
50652
51296
51964
49374
52096
49822
49852
52148
51716
52164
50892
49374
49743
50868
50220
50553
50668
49101
49995
51516
49948
49277
50220
49533
50363
50131
51118
51318
52138
52164
51964
49755
50381
49228
49596
50652
47999
50670
50006
49574
51676
51092
50988
50220
48879
49852
50141
49517
50044
51750
50380
51296
51100
49374
52144
50022
50668
50044
52561
54029
51102
51948
53441
50254
49374
50642
51118
49574
51318
51040
47949
51340
50626
51948
53216
50652
50668
48653
52148
49477
52396
49796
50789
49931
51340
51488
49822
51948
53127
48845
51964
51964
52064
50220
48461
48647
50363
49198
50670
49293
49295
51634
51472
50763
49965
50220
52768
53441
48421
51300
51118
50868
51516
48447
50668
49597
49806
51516
51399
50141
50131
49596
50220
49948
49374
51118
50228
51100
50668
48421
50044
52048
49477
51227
50868
52137
50420
50670
48447
50141
51423
50022
49949
49295
50494
51021
51516
50044
51593
50220
50796
48421
50803
50420
51488
50220
51659
51516
50668
50220
49500
49931
50379
51029
52160
52704
49045
51972
51100
51964
51920
49796
50892
48447
48750
52164
50341
51716
51227
50220
50668
49806
50141
51964
49931
52385
51227
49374
50420
51550
51688
50852
51340
49374
48159
50044
50868
50028
48845
53209
49822
51688
51716
49574
50668
50668
50044
49630
49822
50220
51300
51750
51490
50044
50022
49293
50852
49717
50652
48845
49493
50811
50381
50220
51118
52066
51716
49293
50300
51675
50581
50668
49228
49086
48647
51524
52164
49374
50676
50420
50028
50668
51100
50194
50852
50220
51516
49563
52047
52164
50652
50870
50398
51938
51964
51100
51948
50668
51750
50652
49085
49574
50951
50670
50220
49374
51302
50006
49931
51091
48845
50652
51516
49717
50254
50220
49596
49198
50044
48750
50141
51296
50652
52396
50220
49198
49574
49374
49004
52561
51092
52107
49965
49211
49374
49374
48819
50220
49822
50478
51938
51118
50732
49852
51964
50668
48158
51516
52761
52396
50220
49374
50476
50892
48468
51496
51324
51324
50220
47999
50132
51977
48756
51324
50668
51964
52272
50603
48636
50043
50141
51040
50220
51516
51675
50205
50420
50416
48750
50220
50028
50668
51964
50244
50220
52148
53641
49293
50443
50363
52336
49755
49574
50220
50006
50583
51716
49374
51227
50668
50668
50220
50141
50028
49925
50220
49995
50868
48447
51300
53152
49293
51964
49517
49374
48854
50789
50379
51948
48647
50141
51318
50826
51716
49374
51716
53009
50668
51011
50868
50044
51964
52396
50195
51716
50254
51675
51100
50642
48845
50022
50220
50131
50668
51716
49301
48631
51716
50652
49948
50668
50868
50868
50652
51240
51516
51051
50254
50668
52396
50852
48221
49374
50859
50363
50868
50670
50220
51948
50420
49517
52396
48750
50829
50642
50670
49102
50868
50668
49293
49295
49949
50668
50652
51948
51516
51100
50420
48750
50046
49004
50868
50789
52993
52720
49219
49596
50220
50006
52396
51427
51716
51300
50220
49806
49374
51102
50796
50254
50870
50892
50870
50476
51183
51318
51964
51516
51516
51964
50652
49596
50220
51092
50254
49700
50652
52148
48845
50668
49819
50652
50668
50668
50773
51750
48845
50563
51964
48212
51772
51302
52993
50220
48556
50670
49931
50668
50420
52561
51324
52596
51100
51291
51427
51201
50420
50870
51092
51948
49079
50420
50789
51102
49822
50220
51964
50220
50926
50220
51300
50398
48750
50046
51092
50220
49293
50670
49700
48853
50652
51507
51716
51875
49932
51118
50218
49307
51427
51964
51092
51102
50022
50494
51102
51964
49806
49806
47999
51964
52396
50652
50006
50284
52148
51948
50573
51118
50668
48468
49132
51716
49570
50773
53193
50220
50220
50668
50220
50300
50811
52561
50598
49931
50668
51516
50652
50652
51340
51716
50046
50668
50141
50789
50220
50420
49806
51948
52396
50220
50829
51516
51938
50573
50300
50668
50011
48845
51100
50668
50852
49574
48620
51409
50220
48845
50420
49822
49806
51516
50022
50420
50420
50220
49806
50220
51100
51920
50670
50220
47375
50141
50870
50803
51340
51948
51750
51102
50961
51340
50220
50420
49763
47086
50220
49822
51675
50868
49374
51240
49956
51659
50668
50220
48671
51716
51340
50113
50626
48853
50870
52396
49931
50220
48845
52983
50868
50668
50868
50478
50537
49286
51074
51221
51772
49045
51427
52561
51964
50870
49374
51490
50670
50220
50852
50796
52164
49596
50870
50668
50796
50852
51244
49927
50589
49178
50011
50420
50220
51716
51659
51300
51472
51427
51393
51199
50652
51964
52396
50420
50789
50420
50852
52164
50478
50811
51240
49852
51427
51066
48845
51118
50220
52148
47575
51100
50220
51227
51964
49948
50652
50363
49495
49308
50194
50668
49382
51516
51261
49931
50220
50341
52164
50670
49931
50420
51550
50931
50579
50652
53193
51716
49822
49931
51324
51399
50420
49806
50579
49085
48221
49307
50420
50141
50220
51964
50246
50220
51516
50868
49852
51118
48845
52768
49700
51964
51516
51516
48950
48876
50670
48431
50852
48854
51964
50868
52147
49500
48845
49725
52164
50141
49436
50220
48750
50398
50022
51100
49293
50676
49374
51688
51092
50670
52396
50668
50028
52396
51964
49295
51948
49277
50478
52720
50868
50420
50220
49931
50131
50852
50852
50864
51540
51472
52396
51516
48647
50141
49570
49495
51540
50244
49517
50228
50220
51716
50044
51221
51227
51964
49374
50668
49277
51948
50668
50668
50642
50652
49374
48654
49806
50670
50668
51040
51040
50670
52396
49931
50668
51427
51716
49596
50652
50175
49198
49806
49493
50420
49596
50870
51964
49574
50220
51964
50668
48750
50868
50220
49943
51516
50220
51716
49596
51659
49574
49806
50141
49822
48819
49293
51716
50868
51102
50652
50868
50254
52164
48909
50220
52385
51772
51516
51040
49477
50668
51716
51948
48750
51859
49931
49931
50668
50573
50246
50052
51716
49821
50420
51964
50220
50478
48845
49743
50562
51516
49285
52148
51100
51675
51964
49931
48199
49743
50381
48845
51516
50892
50028
50220
50420
51118
51922
51716
48845
51488
51739
51040
51340
51100
51021
50246
49796
51550
51100
51540
49574
51875
50044
51948
50852
50220
51964
51675
50589
52396
50603
50028
51948
50668
51948
49574
50220
50852
50589
51227
49045
49045
50022
50668
52148
51029
50771
52164
52536
49007
51102
51516
50603
51948
51516
49374
49045
51324
52164
51516
51021
52164
51100
51118
51716
51427
48845
50380
50670
49574
51875
51964
51307
50852
51659
51118
51516
49822
51102
49737
52761
51716
49493
51118
50652
52984
50220
51550
51875
51516
52596
50668
48869
47949
51716
49517
50150
50670
51100
51318
50829
48647
50254
50852
48447
52369
50852
52592
50670
50220
50870
51716
51118
49822
49806
52307
51874
50254
52272
51688
50670
50829
51948
50852
50892
50848
50420
51716
51340
49948
50589
48647
48860
48221
50220
52585
51100
50652
51593
50852
50870
49507
50668
50044
50220
51964
49293
50668
48431
49198
51100
51879
49822
51059
49382
50244
50668
50420
51118
50420
49307
51100
50420
53209
50668
50494
50668
48988
52147
49927
49374
51516
50668
50852
51948
49495
50394
49374
48845
51118
49739
50420
50443
49931
50420
53441
49293
49045
52164
49295
49931
51772
50926
49596
51516
51516
51516
50868
51859
50864
51516
51298
49822
51715
51100
48845
50420
50652
50454
51514
50244
50220
51716
49374
50670
48750
50340
49596
50926
50420
52396
49307
51118
52396
51964
51102
48653
49004
52993
50244
50670
51100
50363
51964
51040
49086
52107
50246
49717
51964
49931
50044
50789
51690
50478
50420
51516
50420
50668
49596
51964
49473
51100
50363
49931
50141
51100
49822
51972
51021
48717
52396
51516
51964
51964
50476
49931
51716
48845
51040
48359
48647
48354
50254
51507
50811
49374
50220
49621
48879
52385
51516
49596
50811
50220
51964
50220
52396
51516
50652
51675
51291
49596
50220
51675
49806
50652
51051
50131
51964
50420
51227
50220
50652
51118
50926
51516
50220
50172
50603
49948
49085
51516
51675
51507
51100
49293
48447
50789
50046
50892
51118
52138
50022
49931
50545
52164
51964
47999
51948
50789
50379
50220
48893
50589
50220
50852
52757
50220
51514
51964
49931
51716
51488
49182
51302
49307
51716
50811
51516
48647
52596
49822
51516
48557
52596
51516
50892
50341
50859
52396
49262
50652
50028
52596
50868
50254
50046
51318
50194
49806
50670
51904
51716
52127
49822
50141
50028
49277
51964
48653
49500
49436
51324
51716
51833
51100
49925
51227
49085
51712
50961
51035
51324
49932
50420
50926
51948
52164
50022
50852
51324
52164
51488
52336
50670
47734
48556
50870
50220
49198
50670
49806
49045
48750
51964
50141
50870
50284
51688
52164
52164
51040
50220
53017
49596
50668
50131
51300
51716
49630
50789
51716
50220
50420
49822
51100
51524
48653
48845
48845
50141
52396
49995
50381
52272
50022
49822
52164
50220
50670
51964
50420
50668
49045
50668
50220
50420
51716
53189
50341
49822
48845
49004
52993
50813
50220
51716
50563
50220
50652
51540
51516
49931
51516
49806
50796
51964
50870
50668
49045
48845
52561
51540
50220
49822
49948
51291
51102
49198
51716
52164
52784
51102
51340
49596
51964
50652
52784
52396
50380
51688
51100
50476
48653
49739
49398
50670
48431
51444
50046
51291
47807
50652
51964
49493
50892
50187
50220
50870
51035
50220
51964
50852
50254
50141
51964
50220
50668
50220
52561
50011
50563
50668
51659
50670
50668
50364
50022
50603
49295
50652
48845
48573
50220
50652
51948
51964
51472
49295
51427
50420
49267
50668
51516
50868
50626
50668
49382
48199
50668
49398
51199
49374
50589
52164
50220
51964
51318
50670
50340
52572
49725
51739
50652
49374
49931
50420
52396
51100
52772
50057
51274
52784
51716
51679
50006
50563
49733
50694
49725
48845
50476
50341
49796
48845
50220
50394
49806
50670
49806
50652
51118
51227
50241
50284
48221
50642
51186
52272
50420
50420
49374
51948
50420
49574
48199
47999
51750
49198
52561
50420
48447
50220
50668
51679
50220
50652
50220
51948
51948
50220
49045
52336
51516
51100
52720
49630
48325
49045
50852
49796
51386
52148
51516
47823
51948
49101
50668
47910
50652
51716
50044
49533
50398
50852
52396
51340
50868
48845
49493
51318
51064
50668
50220
52163
51100
51100
50478
51516
49119
51948
50811
51964
51516
50420
51516
51516
50652
50381
51937
50131
52336
51472
51516
48845
51324
50220
51092
50028
51550
51340
48950
50668
50652
52369
49374
50141
52396
49101
51307
51102
49198
51634
49004
51092
52396
50870
50494
50141
51235
50220
50218
49477
50868
51920
51516
49324
48447
52536
49931
51964
52164
50670
50868
50341
50022
50476
50131
51920
51100
51948
50044
50852
50022
50220
50670
50668
50668
49574
50868
50668
51516
50254
48188
48199
51920
50220
51948
51964
51490
51516
50254
50961
51964
49822
51100
50668
50652
50131
51716
49374
50573
50670
49374
50670
51102
50589
52107
50668
51126
50668
50868
49495
50165
53813
49755
50394
51516
49806
50562
52536
50220
51964
52479
52148
48221
50813
50420
51118
51859
52596
51716
50580
52396
49806
50668
50389
50961
49204
48647
50573
52164
50220
50579
52047
50454
51491
50668
50022
50220
48671
50652
52396
51516
50789
50254
50220
49796
48142
50141
51831
49228
49374
51841
50868
49004
52795
50445
49852
51040
50018
49374
50131
49727
50668
51302
48845
49293
50220
49574
52561
51118
48845
51948
50300
48939
50670
49739
49763
49822
52107
51302
49374
48845
49596
50652
51516
48158
51100
50868
50220
51964
50773
50668
50670
51516
49574
50341
49596
51964
51672
51100
49596
49374
49533
52396
50044
51300
50597
51676
52385
49796
50220
51834
49211
49865
49277
51920
50420
48717
49796
49495
50044
50589
50044
50589
51240
48845
49277
49477
51100
50394
49796
51118
50341
51227
52047
49931
49665
50044
50379
50341
51716
52396
50676
50668
50670
50420
51516
51948
51716
50220
49806
50420
50220
49541
50892
49182
51472
49630
50220
52336
49533
52164
50811
49943
50420
50228
51340
53127
50668
52784
51964
49822
50022
51964
51064
51516
50122
50220
50668
50028
50668
51659
51488
49865
51516
52761
48845
48431
51040
51102
48199
51488
48199
50598
51100
49931
50022
51948
51240
50852
50892
50870
50244
50652
49507
53209
50589
48631
49806
50363
52148
48845
49806
51937
51964
50868
50141
51964
51964
49927
47501
49596
50476
51118
53441
50220
49374
49931
50668
50897
50852
49374
50022
50220
52561
50852
50892
49101
49931
49925
49293
50670
51716
50892
50670
50652
49596
48447
51948
50668
50141
50220
50405
50379
48461
49277
49931
51011
51100
49725
50341
51948
49293
50006
50046
50476
51516
49374
48669
51859
49596
51750
48854
50668
49596
51964
50852
50589
50379
48556
49293
51040
51739
49822
51227
50892
51139
49931
51318
51051
47999
50220
50670
51550
50668
47807
50563
51948
51859
50868
48556
50852
49182
48812
48845
50670
50380
50254
51516
49198
50668
50670
50589
47999
50341
48431
50789
51516
50220
50254
49500
51516
49822
52396
48669
49371
49931
51516
51716
50220
51948
51516
50420
50892
49045
51227
49533
51100
51672
51964
50141
50175
50868
49806
51948
51100
50379
50668
52561
52396
52536
49796
50141
49293
50420
50852
50589
50603
52120
51100
49931
49822
50829
50131
49374
51021
49374
49822
48909
51516
50694
52993
51516
50220
48631
48845
50254
50220
50006
51540
50573
49493
50220
48221
48158
51011
50235
49382
50868
50220
51716
50461
51715
50694
51964
49660
48845
50141
49293
50579
52164
49822
50868
51340
50668
51716
50670
50476
49596
49533
51516
50668
49822
49533
49493
49436
48199
50220
51964
52164
50461
51183
50022
49931
49931
51488
50420
49241
48556
51672
50670
50420
49076
52164
51021
49517
50420
51488
49477
51516
51318
50652
51948
49493
50668
51948
50141
50868
50868
50044
51964
49382
50028
49822
51716
51516
50416
51102
50022
51915
51516
50220
51516
49301
50537
52396
51118
52561
51118
50652
50668
52064
51524
50813
50852
49293
50220
50461
49948
50044
50868
49743
49574
49743
50254
51011
50420
49477
49806
50868
49755
50603
49285
49822
51716
50381
50573
50220
50254
49806
52561
50220
49374
50892
49806
50870
49495
52968
51716
51021
49045
49806
48221
50220
48917
49822
49574
48917
51948
49493
49596
52148
49822
48879
49277
51261
49931
49806
50379
50220
49822
49676
50420
49374
49045
50789
48845
52984
50220
50022
49757
51324
51324
51948
50652
50668
49743
52144
51690
50670
51964
48461
50892
50652
50220
50220
50652
50220
49755
51716
50379
51550
49931
50597
51118
52148
51964
50829
50868
49293
51516
49931
49822
49374
52761
50363
53209
49739
50668
49188
51074
49806
51102
48556
50652
49563
50254
51100
49822
48199
50668
50022
49596
50220
50670
49307
51221
50052
50220
50652
50220
50589
50868
50364
51964
52107
52396
49654
50852
51488
49796
50563
49374
50668
48750
50220
49822
49806
50220
49806
52336
50420
49995
51427
50670
50416
51488
51100
52396
51058
50379
52164
49574
50443
50676
49293
51472
50668
50668
51428
50811
49374
51488
52164
51675
52396
49806
49727
50668
51040
51516
49727
50220
50868
50254
52784
51948
50775
50044
49085
51340
51118
50194
49374
50097
50379
50831
48654
49341
49596
50175
49293
51302
50220
52968
51102
51516
49085
50341
50220
50579
49293
51118
49500
51227
51948
49700
50553
50668
52164
50220
51716
49374
50868
53009
49727
51302
52164
51964
51964
49493
50046
50011
50220
50652
50363
48188
51750
51409
50830
50284
50676
53209
51092
49948
49277
49596
50454
49489
50394
50380
53581
49374
51516
50141
50868
50254
50254
50220
51875
51227
51516
48653
49293
50868
49374
49436
52163
51516
51472
51092
51550
50254
52704
50859
50670
49939
51964
49950
50220
52761
51472
49965
50044
50668
50955
50420
49852
53416
49493
50220
50670
51772
51516
51948
50668
51100
50022
49495
50461
49302
50652
51859
50603
48775
49285
50668
51964
50652
51659
51716
49796
50220
50044
51051
49806
50852
48750
51516
49004
50868
51716
48478
50476
50589
50006
50220
50420
51964
51964
49374
50929
51675
51100
49500
50220
50668
49139
49822
47999
51964
50044
50870
50811
51092
47999
49943
50652
49085
51040
52164
51516
49806
50131
50668
51340
50148
48199
53441
49931
50220
49830
50868
52396
50220
51100
49806
49374
50420
49293
49574
48845
51964
52993
52164
49374
51092
49068
51300
51516
50220
49822
49948
52385
51915
52336
51314
49596
51118
49293
49295
48669
50300
51948
50652
50670
50668
51507
49374
52396
50300
51672
50046
49725
51100
50006
50652
50141
50194
48845
50870
50868
49198
50220
50589
50420
50563
50372
54029
49004
51516
50044
48750
50892
49654
48647
52396
50642
51100
49045
50868
51100
51118
51920
49596
51516
51716
50022
52107
49495
50220
52784
50670
49822
52596
49822
50044
50420
49182
52968
47727
51300
50379
49822
48142
51550
50652
49374
50141
49293
51340
48647
50220
53381
51102
51964
49916
49293
47711
50220
52561
51516
50420
50220
49796
50046
50244
52160
51964
51102
50144
49822
50131
48750
51675
50829
50022
51964
50476
50670
51516
51118
50420
51021
50892
51716
50420
50254
51516
53009
49277
49293
50353
50652
50868
48845
51964
49932
50789
50573
50044
50420
51040
51587
50044
52396
48836
51676
49475
51524
49507
50420
51972
50852
49574
50006
49965
49596
48845
49563
49822
50254
50420
51964
50668
49725
49085
51964
51676
51948
50868
50018
49019
51675
50141
50652
50868
50244
49445
50211
50892
49931
50652
50668
51772
49045
49517
50220
50892
51964
51002
48845
49277
49398
48950
50789
50668
50301
50381
50892
52761
51964
52396
50220
48158
49182
52385
50254
50220
49948
51472
49596
50220
50220
50220
49806
49822
50220
50811
50131
50381
50579
50670
50363
49901
50220
52107
50044
51324
47375
48556
49374
49517
49806
51524
51427
50668
48447
50751
50028
48364
49796
48845
52984
48669
49931
50478
50616
50220
51948
52561
48661
49319
50892
50115
50220
52993
50341
49733
51948
51227
50244
51516
50996
51029
49182
50244
51859
52768
49822
49931
51964
50220
51490
52536
49596
52396
51291
50420
49596
50668
48845
51948
51118
47999
52536
51240
51516
50668
52396
50028
50379
49950
50195
50420
51324
53441
47286
49307
50172
47710
51516
51345
50494
49517
50220
50443
52137
50652
52096
51324
50220
50829
50220
50589
50789
50751
51964
51302
49293
48421
51092
50668
50670
51118
50494
49596
50420
50868
51964
49796
51550
50131
51618
51516
52596
50652
52396
51964
49571
51100
51100
48556
50297
49198
51972
51340
49277
50381
50220
50670
51340
49374
47999
52596
51516
51920
52536
49574
48845
52396
50254
48431
50868
51444
48845
48556
49806
51092
50668
49285
49717
50028
48478
49285
49045
50363
53581
49293
51102
50670
51688
50670
49006
51516
50476
51118
48188
50220
47710
50892
50220
50668
50220
50044
49517
47807
51750
51516
49517
52561
49493
52164
52148
50670
50420
50829
50868
54065
51488
50420
51948
49965
51716
50852
49293
52107
47823
50996
49295
50131
51834
50420
52370
51516
50254
51712
50046
50668
51948
50811
52047
50668
50420
51516
49806
47999
50420
49743
51040
52164
50652
51516
50220
49045
49295
50220
52396
50670
51516
49574
50668
49374
49119
50213
50220
50046
50228
49931
50220
51059
48750
49796
51092
51472
51878
51516
51716
51964
50044
51118
50652
50476
50670
48132
50603
49673
50046
50589
49374
50668
50652
50643
51100
51550
50379
51227
50220
50420
50420
51118
47575
50220
51007
52336
50652
52596
50011
51428
50044
52164
49374
49533
49943
51383
51659
50670
50044
50668
51040
49477
49374
50868
50668
50870
50668
49796
51675
50363
51948
51251
51964
52148
48812
52596
50668
49374
49822
49295
51324
49822
49755
48845
50870
49931
49822
49374
50220
51472
50652
52561
51318
51227
50254
52148
48199
47999
51715
49293
51948
48636
50228
50220
51593
50220
50220
50013
49755
48845
51675
49319
48950
48988
49085
51516
50789
50589
49477
49574
51516
50028
51118
48669
50678
51631
51964
51427
51516
50773
50420
51100
52596
51040
51371
49438
50254
51340
48610
49822
51948
52396
50044
49045
51100
49574
50892
49293
50670
51100
51516
53416
49755
50394
50476
51483
48845
49374
51948
51255
50668
52396
47286
47711
52561
51221
49293
51948
50006
52768
50668
50668
51964
49717
50670
48845
50220
51875
51488
50852
52336
49574
49931
51964
50652
52148
49830
52363
50443
51964
49574
48845
49822
50668
48199
50852
52160
48845
49374
47999
50859
49932
52148
49045
49293
50579
51948
52107
50892
49374
50220
50668
50195
50220
50220
50589
50220
49295
51516
50131
50579
49931
50420
50668
49822
50220
51516
49436
49596
50668
51013
52164
50284
50141
50028
51964
51100
51964
49965
51964
49965
48669
50028
48845
52363
51659
49806
52148
49822
52336
49965
50668
51948
51716
49822
51920
50868
50220
48653
50341
50363
51964
49101
51659
51876
49428
47807
50220
50420
51964
51688
51772
50420
51516
49796
51100
51920
50811
49103
50420
50694
50379
52561
50244
49743
51516
50028
50652
50006
51516
50220
51488
50420
50341
51100
50652
51419
50420
51948
49004
51948
49411
49517
51118
50870
49295
52596
52596
51100
51964
51118
48812
51772
51092
50220
50044
52047
48221
50022
49751
49165
50670
50872
49374
51964
50652
50131
49630
50220
49277
48421
50868
49534
51021
50254
49307
50141
51318
51051
51092
51972
50652
50022
48188
49495
51118
50892
47710
50379
50670
50220
49454
50589
51051
52164
50668
50668
52536
49277
51092
51516
51659
52396
51859
51100
51488
50339
49182
50868
49006
50668
50382
46655
52148
49285
51516
50859
50006
49931
49665
50420
50304
50670
51100
50220
51516
50379
51227
49517
50220
50670
50670
49733
49822
49822
51516
51690
49797
49374
50141
50220
51340
49477
50220
50141
53009
51550
50668
49198
49374
51074
51240
50668
50420
51040
50028
50670
49293
49041
51750
50789
53216
49822
50046
50751
51100
51040
51920
47999
51516
51948
52772
50315
49877
49596
51948
52272
50220
49324
52164
48845
50044
48365
51948
50573
52396
49806
51340
49596
49563
50852
51507
51300
51040
49277
49665
50670
51964
51516
48893
52396
49374
51118
51964
51021
50141
51318
50676
50670
50870
50652
51300
50668
52164
49806
51340
48671
52768
50220
50044
49500
49045
50852
50870
49574
52592
49477
51948
49374
49574
50652
50220
50220
51516
48365
50870
51100
49374
49665
51516
49822
49182
51516
49796
50141
51716
49198
49182
48221
49374
50022
48750
51516
51472
51964
52164
52006
51964
50220
51427
49574
50668
49596
50220
51100
51199
51675
51092
50652
50668
50870
51488
48893
51118
49563
50892
51040
50466
49931
49293
50420
51227
49517
51948
50926
50652
50220
50337
49507
51516
49925
51118
50379
50870
51102
49596
50220
48556
48917
49932
53009
51716
50652
52336
51100
51964
51516
51859
50046
50379
49374
51417
48669
50420
50420
50141
50420
49717
50652
50220
49596
49508
50394
50363
50244
51948
50868
50022
48653
50563
50652
51739
51100
52761
50372
51488
50668
49484
51964
51516
51715
50454
48845
48478
51516
50420
51516
49725
48556
52396
49596
49743
49045
49925
50420
50868
50379
51716
51100
50476
49822
51092
51675
50220
50668
52761
52596
51302
50363
49374
52148
50220
50205
50988
51964
49574
50573
49630
51040
50813
52074
51227
48431
49374
48590
50668
51100
49045
51948
50381
51772
51516
50220
50044
49806
50293
51126
50220
50668
51964
49285
51550
50589
50652
51540
51040
50796
52596
49948
50652
51948
48461
49725
50668
50579
51948
49570
50220
50175
52163
50494
49374
51324
49374
49574
50668
49495
49596
50353
52596
50141
51726
49045
51516
49085
50220
51488
50254
49295
50892
52761
50046
50131
50579
49596
51199
50387
51302
49574
50420
50652
50668
49382
51488
49374
50892
49739
51964
50141
50573
51102
49755
49374
50811
50868
49965
52164
50220
50668
50172
49859
50859
50141
49533
49374
49630
49454
50852
51488
50420
50668
50789
50353
50668
50220
51550
51100
50668
51716
50866
50006
48421
51434
53813
51100
48917
50811
49374
49755
50811
51716
49293
50046
49596
50668
50732
49852
49796
49665
50113
50668
50670
49774
49341
51964
50670
51013
50811
51118
50220
52761
50868
50652
50892
50870
50868
50668
50668
50220
50420
51964
51100
52369
48845
51199
49717
48431
50668
50668
49806
51516
51964
52163
50668
50868
50668
50420
51659
49533
50870
50220
49931
49974
50652
49374
51516
49551
49109
53009
47999
50589
51516
51550
49822
50341
50420
49374
51227
50220
49796
51040
50044
52396
50668
52164
51964
50652
51516
49770
49293
49493
49822
51516
49374
52396
50500
51040
51100
50652
49211
49596
51716
53009
50011
50852
49374
48756
49293
50141
49374
50668
50668
51118
50220
51716
50670
49374
47999
50626
51118
53009
51490
49822
51444
50868
50220
48556
50379
50579
50220
50044
52984
49763
51964
49822
49085
50563
50420
50220
50668
50141
50381
50870
51100
50420
48669
51712
50420
50868
50220
51021
50652
50668
51059
50811
51716
52148
51948
51964
49822
49037
50220
48869
49931
50220
48421
51964
50220
49293
53216
48845
49727
51550
52561
50420
50616
50642
50046
49796
49931
51516
51324
50387
52164
46990
50652
50022
51948
51100
50150
49822
49374
51488
51100
51516
52336
51716
51516
50220
50220
51964
50220
50652
49563
47734
50864
51100
49307
50589
51859
49374
49725
49085
51516
51393
49293
51516
49717
50220
50420
49700
51964
50870
51100
51915
49295
49079
50652
50868
50420
51964
52536
50175
51516
51772
51100
50220
48750
51716
51948
49182
50670
50829
51964
50476
47999
51964
50394
49277
48669
48654
49484
49533
51859
51948
50220
51300
50420
48447
51092
50131
48636
49822
49822
50220
50652
52561
50220
49365
48255
50244
48879
49965
50220
50829
51291
49277
51964
50852
50668
49491
51427
50141
51516
52454
49596
51516
51964
49517
49533
51102
48661
49374
49725
49223
51118
49374
50670
49493
51524
53167
49045
50022
53152
49876
49822
52396
51516
51227
50220
52396
49045
50668
48819
51516
52336
49931
50476
49636
51675
51716
51516
51516
51920
51948
51948
51300
49925
49596
49326
52148
52396
51201
52120
51118
50454
50652
51964
49755
51276
50445
49277
51516
49341
50220
48573
50115
48647
49045
51040
50652
50494
49943
50668
50416
51516
50668
51035
51716
51915
52163
51726
49277
50220
51716
51324
49574
51228
51716
48669
50870
50852
49925
50220
50220
50379
50244
49500
50868
49374
50620
51716
51964
47999
50379
50968
50652
50868
50220
48845
49596
49295
48125
51948
50562
49822
51964
52561
50454
51118
49102
51488
49307
49374
50131
49955
50892
50220
50589
47375
51261
50852
50892
52148
49822
49493
50028
49004
51516
50375
49817
51716
50868
49852
49493
50476
49374
52694
48717
50220
49374
51948
51516
51100
50668
49806
52561
50341
50830
48222
50220
51516
51300
48845
50220
51964
49700
51716
51483
51948
51716
49374
49574
50668
47575
51340
50852
52984
50789
51100
49374
50022
50220
52107
52164
49307
50397
50397
51964
50141
50109
50868
48388
49563
50652
48845
51516
51100
50652
52336
51675
47996
51300
50028
47999
51516
47999
51659
49374
48845
49931
49574
51964
53193
48556
51100
51659
50382
49285
48431
51051
53381
51516
51516
50353
50670
52561
51516
51300
52120
49208
50028
51516
50670
50868
49932
49574
51324
50573
52396
49293
48188
49533
52993
50476
49822
51516
50668
49574
51100
51516
49493
52596
50420
48653
49477
49398
51516
51102
50220
49620
50652
48188
51964
51716
51516
50379
50652
50732
51964
49574
51516
49822
48950
50454
50454
51100
52984
50044
50220
49925
51948
48653
50320
50670
53209
50220
50870
51118
47668
51488
50652
48653
51516
48750
50420
51118
50046
50573
50044
52396
51516
50868
51516
48750
49085
51716
50220
51199
50668
50678
49570
51922
50022
48879
50254
49822
52596
49574
50573
50811
49806
51100
50668
51100
51516
49374
51100
49630
50254
51240
51516
50868
50220
51100
51340
48845
50379
50220
50652
50372
47375
49295
50494
49277
49198
50892
49931
53381
49198
50363
51427
51875
50668
50141
50301
51340
49822
51318
50652
52344
50870
49102
48221
49806
51675
51964
50852
50220
50670
50868
51516
50420
50220
50652
50668
50220
51516
51964
51490
54261
51100
50668
51118
50011
51688
47054
50996
50642
49574
48717
50670
48910
50228
48478
50218
49374
50363
50381
51118
48447
49085
49374
51716
51102
50220
50652
49295
50668
50044
49822
51340
50195
50420
51340
49493
51100
50668
52720
50668
51964
50220
49806
52561
50868
51948
51227
51102
50028
50141
50668
49852
50573
51516
49374
51040
50220
51021
50668
50668
48636
49806
51964
50022
49085
51516
49596
49211
49211
50028
52164
50028
50893
51540
50044
48950
49295
50022
50668
50389
51524
48199
50868
52148
50315
50254
51340
49931
50751
49101
51100
50868
50478
50220
52784
50589
49293
51516
50789
50868
49307
50939
51948
49293
50044
49517
51659
49285
50113
50668
50870
51516
50852
50668
50476
51118
49806
49293
48845
50670
50220
50652
50870
51516
46718
49182
50796
51716
51118
48950
49374
50670
49293
49949
49796
48717
51100
52336
50052
50420
49822
50563
51964
50868
50868
49927
51516
48669
49770
51516
50852
51516
49822
51199
48820
50589
51118
50616
50046
49822
50668
50652
50028
51040
49596
48421
49165
50476
50454
51948
49085
50668
51948
52396
50652
50494
51964
49570
51649
49826
50668
51715
50028
51100
51261
50420
51948
50379
49822
49822
51291
52148
51550
51659
50652
51102
52107
50420
50868
51964
51716
49295
50228
50575
50868
50652
50028
50220
51516
50044
48750
50220
50668
49204
49079
50006
51488
50892
50220
49085
51516
50868
49570
50668
49574
50852
50670
50589
50811
49006
50668
50868
50220
50868
52164
50044
51631
49307
48388
50668
51221
52396
49806
50868
51516
52396
51118
50046
50006
50394
51118
50381
50011
50589
49563
50220
52164
49733
50246
50353
50813
51716
51100
50420
50639
50131
50859
50829
50220
50829
49198
51550
51064
49596
50673
50868
50220
50768
50028
47727
49725
49374
52396
49374
48845
50668
50652
51516
50220
52797
50789
49822
51393
51920
52369
53216
48654
51875
51472
50220
49293
50668
50127
52396
50868
51472
48845
50668
50379
52472
49206
49267
49507
49822
51427
51340
49293
50868
50668
50363
50670
50420
52148
49301
50220
48750
50220
51516
49295
50868
50892
50868
50022
51340
50652
50668
50652
51516
51948
51688
50044
50141
51875
50670
49596
50868
51227
52396
50220
51221
53193
49806
50420
51675
50668
50616
49277
48813
49822
50220
50852
50892
50220
50868
51102
52047
48647
49743
51550
50220
51716
50868
51300
50893
51201
50670
52107
50829
50676
48421
51102
51300
49517
49822
50580
48447
52047
49241
51040
49293
49796
50811
51948
51516
51948
51716
51227
49948
50011
49400
50668
49995
50852
50044
51092
50220
49574
49198
49725
50775
51672
50220
51100
51102
50149
51516
50127
51100
49371
49277
50220
49596
51516
50494
51490
50652
50363
49861
51300
49574
50416
50220
51964
51102
50668
51318
50220
51675
50044
48599
51199
51716
49374
50220
49806
48556
51516
48541
50284
50220
49596
49965
48871
50132
49574
49822
50220
49822
51964
49931
49198
50220
48647
50131
50022
48462
48879
49822
49822
50652
50379
50670
50652
50626
48879
49822
50670
49949
49806
51235
49382
51964
49285
50113
49806
50581
50652
47918
49398
50642
50670
50642
50022
50443
51118
50220
50435
51679
51938
51516
49374
50789
50868
51516
50454
50220
51340
50375
50028
50341
51227
49927
49830
49806
50131
50220
51118
52596
51964
50789
50379
48750
51251
50341
50668
49045
51964
51964
50870
48620
51516
48950
52536
50802
51040
51324
50220
48845
49563
50220
51300
50420
50579
51488
50420
51409
50028
49277
51690
50220
49796
51040
51516
50852
51100
51307
50670
50589
50363
48845
51386
49596
50668
49382
49574
50420
50892
50773
49374
50044
50670
48997
50868
51716
53441
49939
50044
49596
50573
48173
52148
50668
50870
51948
50826
52047
49374
49725
48845
51074
51227
51100
51516
50652
49293
51675
50668
48845
49574
48845
50652
52148
48421
49931
51948
50668
50141
51307
52561
51035
50420
51948
50044
50859
49293
51964
50454
51688
52561
49822
48845
51051
52107
50652
51964
49806
48845
50220
50494
50668
51659
49943
48750
50668
49596
51516
50220
50131
52396
51092
48669
51716
50211
50220
47996
50852
50220
50220
49307
51716
51102
50668
50652
49725
50668
48221
47999
51938
50581
49949
51118
51427
49421
50563
50668
51972
50220
51472
49995
51516
50011
50194
50652
51118
49563
49307
50868
50420
51059
49085
50420
50652
50420
50670
48750
50435
51550
52720
48845
49374
52396
50670
48950
49727
49085
51715
49285
49574
51659
49965
51750
47375
52695
52336
49533
51300
51672
51550
50175
52164
51002
50141
51516
50220
51516
52164
49796
50220
50852
50461
50589
49939
51100
47999
50220
52817
48541
49493
51040
50668
47999
51964
49830
52148
51716
50379
51118
50380
49796
48797
51964
50589
51831
50642
49658
51516
49563
50868
51964
49517
50131
51964
49925
50668
49822
50670
50892
51964
49725
51716
52336
51427
51516
51302
49093
51516
51100
50868
51040
52561
49948
51100
50892
51300
49484
49198
50813
50220
51118
50670
50668
51228
49436
52122
51516
50652
51964
48750
49806
51240
51750
48845
48142
49755
53009
50864
50220
49965
52784
50668
50220
50789
51488
49806
51964
50420
51240
50676
48255
48447
51964
50337
51716
51948
53193
51516
50668
50420
51875
50220
51516
50220
51540
51516
51118
51964
47823
50220
49654
51915
50044
49574
51516
51302
50220
51193
50652
50668
51092
50670
50220
50811
49630
52993
49574
50652
50220
51516
50398
51772
49596
50397
50670
49517
49943
51100
51855
51100
50420
51100
50420
49454
51948
50668
50420
50494
51227
51964
50141
51100
51300
48750
50220
50852
49759
51011
50668
50363
49198
50420
50668
48221
51716
51516
49493
51300
50670
51074
49931
51540
49931
49374
48575
48750
50363
52696
51488
51964
49806
49796
50652
50006
50668
49852
52047
49822
51102
51029
50892
49806
51340
48388
50254
50420
51859
50131
48647
49376
51227
50028
50220
51875
53216
51920
48845
49806
50668
52336
49045
51964
50668
51634
50220
50022
51298
49574
49102
50670
50668
49806
50868
48879
49563
50220
49950
51675
51100
51750
51340
51461
50028
49517
50643
50300
50220
50220
51340
50494
50892
50668
50220
50652
50563
52164
50244
50868
50868
50379
51490
51118
49045
49822
50420
49916
51948
51716
50961
50420
50826
50046
51948
50022
49796
50652
50220
49574
50773
51964
50454
50670
49477
50363
49822
50581
52107
50379
50420
50046
50603
49596
50670
52396
51875
48879
47999
50022
50892
50892
50773
51964
50668
50300
51040
49596
50773
50006
51227
49563
49630
52148
50652
49574
51948
49943
52148
50589
50476
51383
51118
52396
49374
51318
50220
50652
51739
50220
50652
50420
49493
51100
51021
49965
50340
48950
47710
49045
49806
50405
51964
51118
52107
51488
50852
51118
51029
49188
51227
50868
49574
50668
50589
50803
50220
48845
50868
49374
50852
50131
49387
50379
51100
50668
52164
51690
50194
51964
51324
50022
51300
50220
51302
49822
49822
49045
51672
50652
50244
50379
48750
49477
53152
50626
50420
50420
50670
49533
51516
49374
51964
51964
51964
49374
52761
50652
51118
50563
51516
50220
49295
49374
51040
49852
49931
51676
50852
51948
51964
48750
50563
50668
51516
48836
49277
50220
50668
50670
49068
50220
50006
51859
51035
50652
52595
50141
50297
50228
51516
51716
50101
51540
51302
51516
50381
50813
48669
52768
51092
50868
49085
47949
51948
48431
48725
51240
50670
50341
52396
51964
51964
52761
52148
51948
50341
50141
51859
51302
50868
51100
50678
50022
51428
50868
51831
47932
48845
48653
48845
49295
51516
50652
50589
50028
49596
50420
49374
51040
51948
49763
51100
49796
51427
50220
51550
50141
48620
50341
51964
49477
51524
51516
50868
52396
49806
49574
49630
51948
50751
49211
49931
51102
50670
49106
50868
50131
51118
49374
49293
50892
48869
50476
51948
52984
51100
50892
50652
50420
50652
51964
51948
48669
50420
51300
50668
50420
51516
50220
50751
51302
50220
51118
51516
50028
50852
50420
49654
51240
49822
50044
51302
51100
50022
51516
50220
51516
51516
49493
51516
49374
48654
53009
50022
49574
50581
51675
50141
51550
51021
49822
49374
51948
49085
50141
50668
48869
50852
51488
49659
50420
50868
50379
49596
51540
51300
51920
49517
48845
51102
50220
51948
51516
49045
49596
50213
50670
50046
50420
50443
50220
49822
50668
50381
49822
50220
50254
49743
51300
49374
49006
50668
50420
51040
51040
50868
50852
51472
51516
51841
51690
49374
50141
50668
49822
50589
50420
47999
49374
50994
51516
52536
50028
50668
51516
51118
49533
51040
51487
49596
47999
50868
51040
51516
52596
51516
49085
50872
49374
50773
50141
50652
49796
50892
49101
51716
49293
52561
51040
50381
50220
49293
49725
50220
50670
50994
50131
49374
51488
50363
50420
49574
47279
51040
49045
49374
50870
50220
49374
50563
50141
49198
50220
50420
51100
51675
49374
50420
50829
50220
50028
50341
49374
50420
51672
49374
49493
52160
51329
51516
52336
50892
48421
50652
49374
50668
49109
50220
51300
49796
52107
50668
49507
49374
52164
50892
51427
50926
49428
49796
51964
51100
50868
53209
50220
51440
50652
49921
51516
50668
49806
49293
50397
52596
51100
50254
49500
51092
48845
52561
48669
52164
51318
49806
48845
51550
50372
50254
52768
50668
50044
49806
51516
50852
52396
50789
50220
50769
52561
50363
50141
50220
50670
49517
49822
51227
49374
50668
50892
49796
50652
52993
50187
50113
50044
50220
49493
50220
50652
49198
49743
49796
50044
50668
50668
49079
50254
49293
49517
51772
49596
50668
50870
49931
51118
50454
49596
49165
50603
49005
50652
49995
51516
51100
49925
51227
48199
50652
51118
52536
48787
50892
50652
50220
50420
51318
50652
49277
50398
51040
51302
49574
51516
48636
50652
49041
52164
51716
51948
51490
50589
50220
50668
50652
50668
49182
52148
49006
49374
49277
50022
52120
49822
50379
50046
49198
50670
50668
51516
51064
48431
49374
52070
50670
51118
50341
50028
50044
50494
50405
51490
51964
49004
49198
50811
49932
51948
51428
51715
50194
49830
50254
50220
50220
50642
51716
49822
50652
50770
50220
51716
50652
51340
48382
49725
50044
50770
51221
50652
50022
50141
50668
50670
51550
48717
50670
50420
51276
48845
52396
50852
49374
50220
50254
50573
50563
50868
49085
50006
50892
49436
50091
51716
49931
51276
49374
49950
50220
50868
50052
50254
49493
49374
51100
50220
51118
51772
50670
49374
49806
50044
51040
48879
51291
50220
51964
51092
52127
48845
50868
50852
49006
50668
51472
51920
50028
49596
50870
50583
50220
49806
51307
50870
50220
51161
50006
52561
49533
48447
49551
50148
49948
51716
50220
51118
48647
49725
51300
49085
49085
51324
49931
51516
50668
51912
51186
52164
52396
50420
51092
51540
51524
48653
50220
50868
51516
50652
49477
51716
51102
49943
49307
50420
49374
50220
51516
49796
50668
50028
50254
47999
48797
51118
50220
49374
50494
51516
51631
50379
50220
50220
48845
50652
50668
50461
52993
51102
49822
50006
51490
51920
50652
50668
49796
52144
50842
50868
51659
50589
49374
49796
47375
49931
50220
51716
50454
49374
50652
50430
51964
50868
51118
53009
49796
51118
50868
50220
51516
51675
50147
51859
49076
50579
51100
50494
50668
50820
49477
49477
49925
52536
50852
50220
50668
49277
48845
47999
50220
50573
49517
49374
49925
50652
50454
51524
51100
49725
50670
49931
51716
51491
51516
50220
51516
50220
51040
50763
50363
51314
50244
49684
51100
50859
51633
50341
51964
49285
51948
51964
50254
51300
50868
50668
51516
49068
49374
51659
51324
49596
49374
50420
49755
51964
50220
51516
49822
47375
49931
50141
50381
52396
50789
50220
49377
48845
49374
50868
48221
51102
50420
51021
50044
50454
51324
51118
52396
50420
47999
51540
50220
51739
51964
48556
50006
50044
50420
49796
50579
49436
47910
50220
52396
51021
51716
49949
49045
50652
51516
50789
51228
50220
49725
50220
50141
49822
51550
51964
50420
50668
50652
50420
48879
52041
49182
49086
51715
49507
51199
48358
50028
49931
52148
50864
51221
52396
49517
50652
49574
52164
53441
49293
50598
50652
50668
51716
49755
50044
51516
50868
47564
50670
51716
50022
53292
49806
49517
48447
50220
50926
50668
47999
50341
51102
50892
50220
50573
49198
48590
51964
49822
49822
51040
50892
48838
51920
50668
51240
50044
51550
51102
52164
50926
50652
51324
51052
49295
50044
51100
51516
51516
52148
50668
50598
50892
51964
51716
49596
52047
51488
51261
49319
50420
51675
50379
50892
49349
50573
52336
50022
50420
52536
49822
49659
51516
51040
51488
49932
51427
51302
50220
50363
50379
51227
50011
50189
47710
50011
49085
50868
52144
50022
51221
51516
50022
49374
49371
49295
51035
50244
49723
51307
49045
49925
50652
48950
51074
50044
48853
51964
50668
50220
50044
50420
51490
49931
50254
50046
50652
50579
49822
49045
50220
51340
51100
48358
50652
50670
49596
51488
51716
49374
49948
50961
49574
50220
51516
49277
51716
50668
52148
49198
50831
50069
49822
51516
51716
51100
52761
50870
49382
50220
51964
50228
49574
51035
49727
51948
51100
51426
49806
51100
50852
50668
48750
50670
51516
51550
50668
49376
51964
50341
51118
50796
51948
50603
50220
51964
49045
48845
51948
50113
50829
52272
51102
50852
50379
50420
49665
52041
50394
49293
51100
51948
49517
51516
48199
51964
51964
50420
51948
50394
52396
50244
52396
51100
51318
51516
50745
50642
51964
51340
49596
51516
51816
50563
50476
51750
49277
50892
51739
48669
50589
50573
48669
50892
49211
49282
51340
50044
50476
50220
51221
50420
50220
51409
48830
49901
50420
49085
51550
51100
51516
49277
50476
49796
48790
51040
49085
51540
50573
50108
48845
51516
47999
49596
48149
50870
48845
48421
50668
48845
49691
50046
50670
51739
51672
49822
49931
49563
49596
51318
50668
50668
50044
51948
47575
51659
51634
49324
51716
50461
50420
50652
49293
50859
48556
50044
49374
53009
51516
49806
51100
50420
50051
52784
51217
51516
50668
51516
48431
52784
51040
50670
50892
49743
51118
52396
50668
50044
50668
49293
52071
50926
50811
50397
50892
50652
50220
51659
51516
49293
51302
49596
51100
50220
50220
50220
48845
50420
49517
48199
48195
50254
51659
51100
51472
50220
49596
48556
50220
50420
49438
50148
50852
49374
51964
48845
49636
49374
49596
51659
52164
48669
50420
50244
49596
49293
51948
51634
49277
49574
51948
50244
48556
51100
52148
49806
49500
50652
51716
50220
51490
49489
52000
50420
49574
50341
50575
51490
50454
50220
49630
50652
50652
50573
51092
51516
50235
51118
50668
50131
48845
50046
50668
50420
51100
50220
49806
51716
48845
51675
48631
52984
50868
51516
50668
49965
48199
51092
50420
49211
49563
52336
49085
50220
51100
51948
49733
48199
51102
51118
51035
49574
50220
51516
52396
50868
48836
50892
50670
50044
50022
52396
50668
50363
50420
51092
50545
51059
51859
52164
52561
51100
51964
47342
50220
52596
52596
48750
51318
49755
50220
50420
51937
50420
48654
51118
50652
51772
50141
50652
51100
49374
51964
50668
50589
49630
50420
50220
51100
49806
49493
50046
50131
51964
49374
50381
51716
47999
47375
50141
50652
49743
50244
50870
51011
50220
52396
51516
50044
50668
49717
50589
50589
50642
50652
51300
49806
48669
49965
51324
51318
51221
49596
50028
51102
49596
50254
52817
49796
51100
52148
51516
48654
51472
48879
50220
50870
51516
50868
51100
49596
51092
48854
51488
50868
48879
49931
50341
50220
49822
50220
50670
52064
50668
51964
49374
50044
50194
49822
48421
52536
49398
50762
49374
51540
50211
51318
51300
49931
50220
49493
51102
52535
51964
51516
50220
50220
51227
50141
49755
50932
50796
52164
49822
50420
50420
51274
51227
51672
50379
52363
50652
49733
51550
49755
51948
49596
50670
50573
50086
50420
51102
51265
50668
49277
50668
49806
50652
48587
50859
51516
51964
51964
50420
51859
49806
50220
49822
50420
50148
50141
50420
49822
51035
51964
51712
51040
48879
51948
50868
51324
50220
50113
51516
50668
48671
50668
52156
51964
47375
49085
48431
51516
49374
51227
50141
51516
49574
50220
50053
51102
50813
50420
50220
49326
50868
49182
49293
51340
50022
51040
50363
50420
50420
52164
49495
48845
51948
48556
49374
52596
51516
50052
49533
50868
51516
49965
49822
48388
49574
51186
50220
49931
49822
48447
50668
49757
49045
51401
50892
52704
51186
50420
50397
47999
50006
50652
52148
50926
50626
48845
51938
50220
51100
50868
52107
50220
50205
51659
50220
51444
50313
49931
50559
50220
50670
48647
47999
49374
51102
50652
49489
49533
50028
50028
51964
51516
49822
48447
52784
51011
51488
50670
49950
50028
48845
49374
50589
48573
50852
52561
50006
51948
51300
51716
50398
51100
51516
52164
51100
49374
48580
48461
47999
47999
52148
52993
50220
49948
51964
52307
51964
49374
50668
51716
50652
49943
49085
49085
49965
51516
49517
50131
51516
50668
48221
51318
48447
49822
51227
48950
50044
49085
50670
48199
50668
50670
50892
50220
50668
51102
49574
49267
51524
50652
50220
50852
50337
49484
50220
51875
51240
51948
52047
50220
49822
50668
48879
48756
50220
50141
50379
49717
50220
50668
50668
50670
51227
50668
51516
50668
50670
52768
51688
53028
50652
51516
49822
52107
51118
51675
51938
50300
49757
50220
50220
50668
49574
50220
51102
51040
50670
51516
50379
50341
50670
50668
50852
51118
49806
50652
50018
52107
51750
51964
51516
52144
51550
50670
52396
49004
50220
51100
50670
49477
51340
51118
50789
50581
51516
49822
51516
50220
51516
50652
49774
52396
49119
50420
50420
50668
51118
49995
51118
51964
51021
50044
51102
50603
51675
50046
51091
50579
50379
51550
51939
52158
50379
49574
50670
50046
48647
50652
50652
52164
50220
49374
51307
50254
50165
48950
49596
49533
51040
51948
50668
51948
52164
50668
51040
51516
51100
47999
48845
51300
48188
50022
50892
50652
51552
50668
51964
50652
49293
49165
51516
51688
50220
50868
51102
49822
50379
52983
49045
49293
52163
49806
48750
50796
50852
50868
50668
51516
52396
49931
50131
51675
48669
48717
48845
49293
50670
50363
50868
52336
49806
50652
51672
50420
52784
48909
51948
52761
49822
51964
51938
50381
52396
49574
50751
50652
49374
50589
50694
52993
50668
50668
50379
53209
50616
47710
51199
50131
49085
50670
49948
51472
50652
51516
51716
51118
49293
50668
52148
50254
50668
49806
49481
51516
50868
51235
51964
51964
52396
49822
51964
52336
51672
52107
51324
51948
52148
50642
50220
50652
50589
50044
51516
52993
50254
51100
51708
50244
50397
48845
52561
51516
48199
50852
50141
49733
49293
49493
49101
51240
50668
50668
50018
52761
51059
52336
49374
51904
50220
51324
50443
50046
50220
51964
49965
51516
51841
52396
50220
51261
50668
50892
50141
49796
48447
51472
51964
52596
50381
49291
50652
49822
49574
52164
50381
50220
49101
52107
52138
49931
50668
52396
50873
49374
49822
49500
51964
51716
51488
50573
49574
52164
51772
51716
50220
50694
50420
50220
50220
49725
52122
50678
51964
50652
50868
50670
49398
51100
52107
50420
50220
49493
50667
50220
49293
50246
50220
50006
49727
51040
52561
50220
51472
49596
50363
51100
50246
50668
51516
51964
52164
50868
50381
50246
49198
53441
51516
48845
51690
50220
50670
50652
51516
50892
50006
49198
52164
51118
50652
50852
51029
50220
50002
50670
51300
50589
51227
50254
51302
51100
49119
50246
52596
50589
49374
48199
49398
50868
49822
50416
50813
50670
51302
50420
50652
49198
49822
49796
49574
49822
49931
50220
51240
50494
50868
49727
51593
50652
51516
50165
51093
50141
53009
49763
52147
47910
51040
51948
52396
51516
51318
49500
50892
49822
50870
51091
48939
51516
50363
48845
50228
49931
50132
51948
51100
50220
51300
48845
50220
50868
51964
49374
51516
51227
50652
51841
50046
51393
50044
50220
50478
52336
49045
48750
50892
51618
50254
49931
52164
49493
51488
49574
50327
49725
49477
51092
49041
49757
48845
49398
50652
50028
51300
50220
49822
50187
47999
51550
49301
49822
51427
48142
50420
51772
49574
49596
50652
49507
49955
48950
52148
49931
52385
48750
51772
51550
49374
50796
48382
48750
51040
51118
50220
49806
49198
51318
51021
50394
51040
49931
52396
50028
51102
49517
50668
51040
49931
51483
51318
51688
50868
49102
50670
49822
53641
49931
49228
48358
49374
51964
51100
50670
51715
49806
48654
48750
51948
49948
50668
50363
52536
50454
48447
48845
50668
50670
52792
52107
50652
51964
49596
52336
51716
50668
51772
51516
50141
48845
49477
51948
51102
53009
52120
50022
48556
51472
50670
50870
48750
50494
51244
51488
50652
50642
50220
50141
50420
49374
52596
50868
50379
49517
50420
50341
50220
50046
48669
51948
48142
48221
49493
49293
50044
50670
52596
52164
51092
50220
49517
50868
50789
52307
50842
51340
50668
46918
50668
50668
50668
52164
51875
50668
50141
48669
51964
51102
50379
52164
49277
52396
51488
49293
51340
52993
50379
50661
52993
51948
51716
51516
50892
50420
52396
49822
50926
50220
52784
49188
51716
51716
51772
52148
51040
51516
51300
51300
49852
50220
50220
51920
51427
51427
50668
51118
51948
50604
50091
50811
51100
51516
48431
48950
52164
50420
53009
51318
49198
48653
48879
50220
50363
51716
49822
50416
50811
50246
48845
51516
50141
50380
50420
49725
49101
49931
47710
50220
50220
51427
50420
51631
50579
50235
52096
51340
49473
50892
52336
51964
50341
52148
50363
51874
50868
50852
49931
50676
50379
51516
49574
50951
47710
50668
52164
47375
50220
50097
51300
49341
49139
49293
50670
51092
47999
49085
52536
50244
49293
51948
52396
52164
49182
50589
49806
49865
50220
48988
49589
51100
51516
50652
49374
51428
50868
50244
49739
51307
49630
49995
50379
49374
50141
49756
49596
50220
48556
51516
50420
51516
50478
49743
51750
52561
51102
48750
50868
48199
50220
50652
50420
51948
49806
50668
51496
49293
48431
51716
50220
50254
50341
50494
49796
50668
51964
48950
50443
51516
50892
51516
47999
51100
50652
50284
48647
50494
49533
51516
50044
51672
51102
52336
51300
51716
49995
50028
52396
49665
49262
51490
49374
51227
50141
50254
49374
49493
50870
49743
50668
51516
49949
51516
52327
51922
49182
52164
49182
50789
49574
50175
49537
50141
51516
51300
49822
51516
50668
49374
49374
49806
50642
49427
49563
52369
50194
50454
51964
50420
52164
49725
50006
50892
48879
50220
50892
49596
49341
52596
50220
48195
49757
51675
51716
49806
53441
49822
50563
49204
50668
48461
51516
51920
49949
50773
50022
50852
51938
50652
51516
48750
49574
50668
51040
49743
48431
49198
51324
51118
53441
50213
50579
48950
51716
50220
50220
50670
50220
50668
50149
51100
50220
48879
50868
50603
50420
51964
49102
51227
51340
52924
52396
50220
50220
51972
50028
50420
51540
51516
50254
52561
49725
50870
49822
52784
49045
50028
50581
49374
51948
50829
50420
51040
49725
51516
47166
50668
50852
52916
50892
51516
50220
49574
50375
51100
51716
48221
49374
49822
49500
51772
51516
49374
50868
49477
50476
53441
50379
51516
49293
50616
50363
51240
51444
50382
50246
51516
50652
52396
50131
49931
50573
50091
50420
49822
52596
51964
49374
51274
50220
51516
49931
49493
49293
49955
50375
50420
52695
48447
49019
50141
48158
49302
50131
49293
49931
49743
51739
50254
49806
49806
51302
49931
52336
50668
50652
51964
51516
51540
51716
47999
50131
50420
50868
50484
49228
52120
51948
48221
52148
48556
50420
51716
50494
48573
52396
51964
49495
49374
51021
50603
51716
51040
51516
50852
48750
51340
52148
50420
51948
51964
50668
52047
50668
51948
51964
50220
51964
50207
49398
50668
50220
51100
51516
49293
50141
50955
51659
50852
50603
50044
50626
51964
50131
50398
49822
52596
51393
52536
49806
48988
50642
49596
52336
49574
50789
51948
50220
50420
50315
49916
50652
50220
49374
50652
50220
51716
49374
49596
47375
48565
52164
51772
51675
50652
49398
50379
49806
51516
50220
50220
50244
50626
48556
48845
50220
51300
48845
49763
49596
50652
51964
48854
49822
50379
49822
50220
50870
51324
52336
50044
50220
49596
50022
49770
51118
50220
49524
51118
50559
50668
51948
49796
50244
50892
49743
51964
50141
50022
48199
52081
52336
51948
51516
51964
50220
50220
51772
50028
51302
50678
50811
51540
50852
52138
50254
51516
50668
49295
52148
50652
51040
51920
49843
49574
51724
49948
50668
50175
50652
49806
49931
50220
50652
51550
51496
50652
51011
52396
51964
50668
50870
49665
51516
51516
51488
50381
53009
51540
50379
50379
51948
51540
50220
51550
50668
49822
51964
52164
50870
50044
50379
50454
50131
50668
50194
47823
50420
49045
50668
49822
50926
49806
50842
51938
49374
49806
48845
48950
50011
49085
50652
51516
49045
49198
48950
48950
51964
50220
50668
48845
49757
51948
51118
50044
51516
50220
52536
51516
50668
51100
52396
50670
50220
51716
49725
52396
49293
49182
48447
49477
52164
49307
47999
50668
50420
49822
50220
50868
49822
51716
49949
52164
49374
51118
50228
50254
50165
48643
47518
49822
51716
50579
52536
50420
50313
49796
49822
50131
50668
50363
47734
50670
50220
50892
50420
50420
49822
50670
52761
51550
50420
49085
49500
49743
50494
51300
51427
51675
50652
52396
50011
50581
50811
50028
50379
50363
49596
50141
52468
51302
50220
49660
50131
51964
50220
50668
49822
50220
51092
51488
50220
51550
51964
52396
49374
48631
53009
51118
50420
50589
51102
52370
50668
51948
51964
51550
50220
50220
50668
51183
51550
50363
50868
52561
50420
52137
50670
50476
49806
52164
49374
52336
51011
51102
51937
51964
50668
50852
50220
50018
50246
51772
49045
51091
50220
50220
50670
51675
52784
51516
50420
49596
48773
51516
50642
48669
50220
51516
51516
50006
51496
52164
52164
50652
51100
50420
49182
51675
50789
50220
50668
49995
49596
51040
50652
50379
51118
48189
53009
51340
48845
48573
50670
52148
50670
50811
50859
48284
51659
51318
50220
50892
51516
49822
49198
51524
51300
50028
49004
51100
49285
50670
49374
50668
50668
49204
51964
50668
50022
50228
51516
49700
51716
50420
51948
49533
50379
51675
51716
50420
48717
52396
52148
50220
49004
52561
50579
52396
50579
50652
51307
51948
52561
50379
51118
50852
49493
51516
51516
50220
48845
49596
49045
50131
50381
48647
50892
50668
50141
51516
52396
49574
51716
48845
50420
49374
48421
50028
50789
50220
49725
50751
50220
48431
49922
50131
47375
52164
52164
50852
48750
51964
51035
49596
49596
50220
52596
47727
51516
50668
52174
49211
49574
50420
51964
49428
51021
50220
49149
50811
50652
50220
52336
50652
51227
51964
50668
50788
49267
50668
49596
48023
48221
51964
48845
51300
51472
49822
50668
51427
50668
52396
51715
49806
49950
50668
49931
51716
50892
51102
49948
50652
49822
49293
51948
49931
51516
53216
51100
49085
51300
50341
51221
52596
50300
52164
52561
50852
51964
51964
50013
51516
50194
49493
49004
50220
49211
50862
48647
51675
49574
49931
50022
50864
51516
50220
51964
50868
49931
48221
51524
50148
49949
49822
50220
48631
51516
50668
49493
50670
51100
51227
51102
50668
51324
52272
51516
50379
49374
50220
49806
48221
49822
50254
50046
51516
50892
49655
50652
48871
50141
48447
49454
50652
50668
51516
49931
48221
49307
50244
51100
49517
50420
49293
51516
50420
51100
52148
51964
51472
52984
52307
50420
50500
50363
49045
50868
49806
50652
51516
51488
49596
51516
52163
51964
49574
51059
50044
50220
49477
49085
52336
50220
51516
52327
51318
50028
51964
50141
51964
50670
51948
50668
49822
50220
50868
50668
52596
49574
51227
48093
49796
50220
50859
51227
50220
49102
50383
51516
50420
51118
50220
50484
49293
50254
50939
50220
50022
52164
50868
50652
50420
49757
52396
51516
51300
47774
50589
48845
48845
50363
50870
51948
48845
49382
49806
50220
51102
50379
50668
51516
51040
51092
50420
49596
51516
49822
49374
51964
52164
51524
50220
49822
50563
52307
51161
49374
50220
50652
50420
52164
48750
51964
49796
53829
52396
49822
50616
51100
49931
49374
51092
50589
50220
48869
52336
50668
49198
49493
50461
51672
50573
47823
53209
48845
49411
50668
49293
50670
50868
51300
50892
50046
51300
49307
49757
51516
50220
48750
50379
50670
50892
50652
50852
49596
50537
50603
48636
50363
50220
51100
51516
51750
49574
50868
50028
51659
50363
50892
51516
49045
48750
51964
50868
52164
50220
50379
48188
50868
52695
52164
50141
50589
51659
50220
51716
48750
48845
49293
51118
50454
51948
50868
51300
50228
50220
48939
51550
52920
49374
50381
50220
50573
49277
49743
50220
50868
51186
51516
49165
51227
49374
51716
49495
50141
49295
50652
51227
51199
50131
51102
48750
51064
49374
50852
49727
51516
50668
51938
50028
50668
51318
51964
49182
52148
50220
52148
49806
50892
49374
51516
51920
50165
49822
50381
51227
48478
48869
51516
48556
52784
51716
52596
51516
52272
50668
51631
49596
50220
51021
50670
51488
52164
50220
51516
51716
50961
50668
50420
50868
49374
50668
50616
51716
51948
51516
50320
48447
50852
49939
49965
51118
49822
50220
49596
53216
49293
48869
50668
48342
51712
50420
50141
50670
50220
50141
51516
49374
51013
49198
50992
49931
50220
52396
48845
49822
48631
51716
51426
48845
50220
50652
46844
50500
49948
51675
50939
51265
49965
51100
49574
50668
50228
52396
51300
49596
49563
48421
49596
50668
50044
50852
49674
50785
51948
49725
49796
52396
51100
51100
50420
48756
51964
49198
51516
50868
51483
50870
51516
49301
50337
49371
48750
50244
50668
52336
51227
50022
52792
50892
51964
48221
51675
50892
50148
50011
50220
51750
50868
49596
52396
51716
48199
50131
51516
51964
51040
50132
51324
51948
50579
49886
51948
50131
51040
51472
51490
49182
49796
50892
49661
49493
49852
48750
50379
51300
49374
51240
48845
50581
49822
50220
50313
50141
49387
50044
50381
50573
51011
48653
50194
51516
51948
49931
50220
50220
50220
51221
49374
51488
50796
48671
50670
51118
52164
51118
50668
50652
49198
50046
51507
49630
49943
50652
49574
50547
52561
49204
50668
49436
50420
51427
49293
50500
49374
51516
50589
50220
51227
50228
50228
50220
50220
51021
52596
50820
51035
50811
49822
50220
51100
49493
50603
50022
48636
50961
50652
50024
50379
49462
50445
50476
50044
48125
51300
49374
51100
49796
49004
51948
50416
49198
50220
49503
51964
50220
50220
49182
51318
48750
51488
50420
50494
51716
50811
51516
51426
51240
50620
51659
50131
50670
50563
50668
49931
50175
50443
51488
48845
51964
50235
49717
50254
49235
52164
50668
48879
49733
51716
50670
51690
49398
50868
51746
51516
49931
50194
49950
47774
51040
50420
49865
51092
51102
49374
50926
50220
52164
51516
50668
50220
51052
50670
50254
50652
50220
49822
51672
51948
50892
51324
50670
48879
50022
51516
52561
51118
49374
51964
52784
50420
51040
50892
50220
50420
50220
50668
51324
50668
50044
50668
50454
48431
50220
52993
51964
48447
51227
49665
50581
50220
50011
49293
50829
50868
50420
49495
50476
50420
50652
50220
49293
50141
49500
49596
50420
49939
52695
50870
50870
49198
50892
51227
49533
48188
50220
50668
50852
50046
52695
50379
50563
53193
50868
49822
51964
50852
49307
50668
50044
50892
50028
50668
49665
50420
50604
51516
50573
50494
51100
52164
51488
49507
49822
51507
50254
51516
50379
51340
52164
50652
50670
48142
48950
50868
50652
49277
50006
50563
51100
50670
48647
50868
48556
50381
51964
49806
51964
49293
51516
52163
48750
52147
50131
49822
51092
50668
49931
51964
49374
51244
49574
49574
51550
49477
51964
50868
50220
51964
51100
50652
51716
51488
51875
49374
53641
48421
52107
51750
50254
51550
50244
49743
49277
51964
51550
52396
51199
48671
51516
50852
50379
50652
52336
49374
50668
49852
49085
50220
52396
49374
50892
50868
48988
51118
50141
52148
48750
51948
50672
52993
51300
51516
50507
51675
50131
49931
50789
51550
52148
50420
51540
51516
51074
48221
49374
50220
49574
51964
49822
53209
51428
49293
50642
51516
49376
50668
50652
50420
51126
52596
49493
50220
51227
48669
50420
48750
51092
50652
51318
50220
48093
50652
51715
49374
50892
51539
50652
49869
50811
50254
52396
51922
50652
49743
49495
50870
49931
50254
50668
49596
49427
53009
51102
48654
50668
49293
50670
50852
52347
50420
50670
50652
51488
49955
49102
50420
51516
51102
51051
50670
50420
49277
48756
51030
51318
50868
49822
49725
51516
50165
49295
49743
49596
48556
50581
50668
51948
49925
49596
51516
52006
50044
51938
49796
52720
51300
51716
53193
50381
49493
50434
48447
50670
49822
50420
50668
50892
50892
51964
50668
51340
50220
50006
50892
50022
50220
50652
49374
47932
52536
50652
49517
50022
50652
48845
51524
50892
49277
47575
50220
50579
48836
49931
49563
50870
49045
51251
51324
49727
50626
50381
48750
51964
49374
50670
50220
50220
51516
52120
53441
48671
51716
51948
51092
49596
50670
50868
50220
49806
50652
50652
51516
50852
50668
50842
52047
50494
51516
51340
50668
50668
51227
49293
50892
50141
51922
51102
51516
49563
49822
52148
52164
52164
50022
49822
48421
49398
50220
50220
50220
51948
50668
51716
50046
51672
50220
49517
50194
51964
50420
48620
52993
49374
50829
52107
51516
51516
51516
51100
50668
48869
49571
50668
51739
50589
49374
51516
51516
47518
48950
52396
51609
50300
52761
49931
48653
49188
50141
51750
51948
48962
52536
51100
50022
51228
49596
49293
50420
50811
49739
51716
49242
51964
50220
50420
50420
51291
50668
49630
49374
48939
50652
49093
51118
50379
49361
49574
47999
50668
48669
50668
49822
48845
50141
50830
50652
50313
49374
50668
51964
50044
50175
51540
50773
50668
50148
50852
50670
49796
50220
50220
51291
48647
50244
51118
51100
50652
49574
50420
49806
47999
51340
50211
50420
50420
50044
51340
51318
50668
50668
50668
48647
49241
49596
51688
47999
50044
51324
51100
50131
51461
50420
49004
49086
51516
50220
51516
51964
51102
50205
50773
51948
51964
52984
50553
49005
50892
49374
52396
49995
50670
49965
50597
50589
50932
50046
51516
48199
49700
52164
50852
50788
50141
50670
51516
49211
50379
49204
51609
50878
50420
49806
51516
51324
50131
49045
49493
49374
50668
51340
50796
50420
51472
50313
49285
50868
51488
51659
51118
50022
52396
50220
51875
48845
50220
53009
51675
49932
51964
50420
51715
50642
50652
50892
50859
50308
49659
51488
51516
50652
49727
49041
51227
50382
51716
51102
51100
50420
49563
50011
50220
49374
49293
50398
52396
49374
49563
49596
50220
52596
50363
51688
52396
51490
48876
50398
51100
50668
50254
50892
50189
50220
50676
51964
51318
49948
51300
50420
50668
51040
50642
50220
51618
52148
49822
50011
51340
51690
50868
49204
51516
51964
51300
50476
50668
51488
49806
50892
49374
50244
51040
49665
49596
49949
50046
51716
49376
49374
49943
50379
50579
48447
50668
51021
50220
50476
49596
49374
50194
50563
51011
51040
51393
52396
49277
49950
51100
49932
49995
49931
50668
50864
50220
51539
51972
51040
48845
51516
48750
49277
51516
52561
51194
50363
52561
49119
50652
51516
49374
52396
49636
52164
51516
49596
51516
47823
50220
51516
51516
50589
50652
51051
49293
52396
51659
49596
50670
51318
49563
52336
50668
49806
51102
51716
49374
51227
50211
50770
49822
51100
50868
52164
49454
50670
49085
49382
50868
51516
52148
51972
50228
50220
50141
50220
51100
50220
48750
51948
50363
51948
50670
49965
48620
49796
51972
50668
50476
49931
50676
49517
51716
51011
51675
51261
52396
50652
50220
51318
48388
50668
50652
51300
51100
51659
49293
50603
50044
50220
52396
50195
50220
50829
50852
48845
51688
49596
50341
51100
51516
49045
48653
50315
50220
50868
47774
52984
48158
50022
50379
50220
50220
51948
49332
52148
51427
49596
48845
49374
51712
50131
51428
49931
52572
50420
52795
50220
50220
51964
51324
49374
49374
50870
50852
48431
50668
52148
49822
50785
49596
50381
49743
47999
49876
49500
50892
51300
50420
51659
51100
50011
51550
51540
50420
50044
51516
51716
51516
50668
50668
49806
50028
49295
50563
51964
51423
50381
51100
49822
50194
49925
50420
51427
51302
50668
51516
50581
48750
50002
47575
50220
50579
49374
50859
50141
52784
50563
50870
51035
50220
50868
49533
51240
51516
50668
49596
50228
49673
52164
53109
52784
50870
50494
49822
50563
51516
51100
52396
48587
51659
50220
51118
50420
49428
52396
50668
51939
50220
50478
50022
52148
49198
49101
49931
50668
51300
51021
51302
50868
51964
51244
51227
50220
49596
51972
50668
50220
51675
50668
49467
50670
51409
49303
51102
50420
49743
52336
51516
50589
51688
50864
50579
50668
51516
50420
50220
51516
50668
50597
48556
51100
50220
48221
53009
51483
51712
51516
50668
51318
50381
50670
49165
50579
50676
50220
51261
51948
51659
50670
50420
50220
52164
49865
51118
50811
49045
50670
49374
51716
50379
52336
49382
51102
50220
51964
50870
50852
50652
50220
48750
49822
53183
50220
49085
50668
51516
50852
50246
51059
49374
50668
50220
51516
48869
49085
49574
49822
51261
49931
49949
50454
50220
49374
51675
50668
50668
50220
50652
53209
52479
50381
51516
50220
49374
50379
51021
50220
51318
50866
48447
50670
50220
50652
49374
51516
51427
51948
50868
49374
50868
50668
51948
50652
51118
51318
51240
49182
51516
50148
51964
50220
51516
49596
50254
50420
51964
50175
50581
50044
49307
49822
50829
49822
50220
49293
50603
51302
52535
52336
48221
51772
49932
52396
51814
49743
49421
50351
50420
51507
50668
49500
51948
51964
50220
52336
51300
50022
51688
49293
48876
50563
51340
50141
51300
51659
51040
50652
51964
52596
49563
48845
51948
51100
50670
52369
50670
51550
48199
50868
48845
49727
50670
51516
50220
49931
51193
49374
51516
50852
50220
50563
49436
49228
49822
49596
49636
51340
49574
50220
51490
49630
50220
51118
50420
50892
50141
48255
50028
51964
51875
51948
51300
50668
51675
50668
51300
52396
51516
50868
51516
51659
50668
50668
52307
50868
50668
52596
49165
51516
51675
52993
50603
49374
49796
49533
52148
49796
50363
49931
48845
51340
50220
50220
49293
49533
50028
48871
50668
49293
50220
50220
51100
51274
49374
51675
52148
51100
48199
50131
49301
49277
48325
49743
51716
51675
47292
49374
51340
49717
50420
51516
50046
48717
49596
50670
50668
49806
53193
51550
50668
50420
51724
51964
48845
51716
50892
49725
49796
49574
49374
49739
50788
51659
50435
49374
48447
51964
49295
47999
50670
51516
49965
50589
51516
50852
50668
51859
49931
50220
49285
50341
50220
50868
49661
51948
51340
52164
49228
51716
50668
50220
49822
50852
49931
50420
49733
49995
51100
50420
50379
51021
49822
50892
53972
49806
52148
49796
51100
49596
52336
50220
51516
49085
51675
49596
50892
49293
50381
50220
51964
49822
49308
50668
50220
50211
49931
50254
50668
50341
50573
50220
51340
51118
51100
48845
49374
49743
51488
50420
49477
51227
51912
51227
50028
49574
50852
51516
50573
50668
50220
51948
49374
50220
51716
49853
51516
51100
48845
47999
51118
51102
50668
47774
51516
50220
50668
49574
51948
50420
49387
51427
50454
50852
50868
51092
49500
50868
51409
51102
52561
50868
48950
50670
51772
49806
50254
50397
51540
49374
49949
49806
49524
51964
49319
49570
50131
50420
49277
50589
51516
50220
50892
47999
48717
50652
49931
50573
50626
49079
48093
51964
51100
50670
50044
49574
49467
52784
50652
48293
49382
50013
51516
50668
48654
53209
50652
51964
50813
47575
51100
49796
50379
50420
51118
49743
51516
50220
48845
50668
49374
50254
49517
52784
49943
50773
52984
51964
49477
50870
50670
49477
49931
51516
51516
50420
50668
50670
51100
51716
49931
50603
51716
50652
53216
49822
50315
52164
50668
51100
50668
51739
49182
50670
50420
51118
49596
50254
49198
50573
50852
49822
50052
51675
51716
51716
50443
49733
51427
50870
51102
50668
47999
48364
51100
51715
50220
50581
49307
49948
51716
49822
50028
52927
50868
50668
49374
52784
52164
49382
51227
50494
50520
50044
51964
49932
50022
50652
51427
51040
49806
49822
51488
51716
49382
50220
51716
51118
51948
51011
51021
49822
50044
50220
50670
51040
50870
49374
50420
49293
49931
51878
51516
51227
51021
50141
49876
50868
51716
50630
48845
49725
50589
51340
51739
50773
49822
47534
50046
50531
49006
50670
51100
50379
51948
51040
50670
47999
51516
50868
51712
50668
49886
51964
51948
49743
49374
51964
50454
51329
49004
50254
51091
52148
50220
48845
50803
50892
50416
49374
53205
49374
49563
51545
50131
47999
50868
50379
51964
51318
51920
47999
52536
49481
50668
49004
51964
50652
51490
50141
50220
52148
49277
48750
50670
50670
49277
52164
50668
51516
52247
50582
50363
50309
51964
49965
51092
48879
51948
51948
48750
50670
50642
50670
50652
51051
51516
50652
49428
50220
51716
50668
50353
50175
50165
49852
50187
49931
51118
51550
50668
50220
51100
50476
49374
48636
50868
49293
50852
50220
50022
49454
49293
50454
51496
48950
48221
51490
50892
50044
51240
50443
49822
51964
50773
51426
48843
51948
51100
50603
50379
50420
49293
50420
50668
50668
50220
50341
51948
52592
51240
49931
48669
50668
51340
50852
49411
50892
52336
49770
48845
50220
50113
51302
51516
49495
51255
50379
49517
49931
51324
50811
51516
51472
50961
49295
50394
49763
51948
50870
50668
50220
50228
51516
48845
50213
51516
52307
50852
50220
49925
49796
50642
49630
51550
50131
51716
51964
51948
50668
50668
51922
51516
50220
50868
50220
49925
50300
51540
50603
49931
50668
51516
52148
50892
49119
49421
50668
50676
50220
51964
51490
50652
52396
48556
49725
51948
50220
50420
48556
50652
49597
49727
51340
51875
48447
50559
51240
51074
50670
50652
50670
51675
51423
51100
49574
51964
49931
50220
48845
50668
52396
50868
51675
49574
51948
48653
51948
51100
51228
50420
50131
49293
51912
50668
50668
49533
52993
51750
50046
49293
50172
51964
50961
51516
52596
50811
50676
50420
50642
49374
50069
50022
51540
51064
49079
48647
48199
50620
49374
50046
50668
50652
50494
51102
50313
52993
50642
51011
49085
49763
51100
51092
50228
52336
50652
48750
52272
50363
51516
50420
50028
50868
51092
53009
51040
50670
52536
51964
51100
51340
51920
50868
50246
50397
51340
50830
51488
51688
53193
50668
49500
50220
49374
50589
51948
51427
48952
50018
52385
49757
50244
50652
50813
48669
51300
49700
49119
51609
51300
52164
48845
50589
50220
51964
49931
50852
51659
52596
51516
50379
51716
51488
51964
48909
49374
50187
52148
48255
50420
49717
50541
50668
50220
50868
51300
51540
50420
50478
52164
50420
52336
50044
51516
49822
51920
50381
50420
49302
50220
50866
50668
48647
51516
50028
48845
50652
52264
51904
50652
49859
50220
49822
51948
49495
50829
50420
51516
49630
51059
49285
51964
49268
50141
50676
50379
49596
50028
50220
51626
50603
49295
52138
49295
51964
52993
49822
50013
48671
49822
51227
51675
49700
49822
50420
50668
49563
51100
51716
51040
50652
51523
50670
50926
49943
50668
50220
50478
51302
51100
48030
50420
50220
51040
49822
50813
50341
50579
51092
51340
49796
50868
50668
51938
50220
50652
50416
50220
50668
51100
50571
49563
50006
50379
49725
51516
49374
50868
50803
50852
48845
51516
52074
50868
49045
50829
51716
50589
49965
51516
51964
51516
50420
51964
49477
50244
50868
52396
49563
49596
50379
51100
49931
49374
49665
51427
51964
52336
48845
50220
51318
51100
51516
51964
48221
48845
50668
49374
51100
50194
49755
51816
49277
50652
52148
50220
49467
50652
52596
51340
48631
47999
48950
49285
50494
49806
50668
50868
49277
50141
51964
51688
50220
49277
48845
51102
49574
50789
52768
50254
50494
49660
49574
49931
50652
49251
49796
49293
50211
51716
51715
51540
51964
48845
49085
49965
51875
50254
49477
50220
49574
49374
51102
50811
51227
50420
49596
50420
51964
49932
49596
51300
51300
53416
49293
51948
51716
51675
51507
49374
50668
50220
51524
50044
49822
48953
50131
50420
51948
51964
51516
50951
49796
52148
49198
51675
51516
50006
51716
49931
50652
52396
49727
51227
49293
50228
49725
50006
51217
49865
50220
50220
51393
49045
52164
51040
51964
50870
50006
51383
50141
51048
51516
51688
50141
49596
49596
48717
51948
48853
49574
50420
49295
50652
51716
50668
51488
51516
49574
51021
48669
50811
50668
49822
48845
50668
49086
49806
48845
51948
50852
50420
50220
49574
50420
50420
51100
50022
50220
50254
50220
51490
50420
49198
50670
49277
49574
49374
50046
50476
51716
51161
51948
50589
51675
51964
50420
52757
49931
50220
51118
52596
50044
50668
50220
51013
49030
51300
47810
52784
50670
49596
51221
50652
51948
52396
51550
48631
50141
49822
49371
50220
50773
50892
49004
51227
50652
52164
49596
50870
51397
50652
53009
48631
50781
51102
52396
52768
49699
51875
49277
49630
48669
50420
51307
51227
50220
51529
51516
49374
50194
50668
51100
51472
51676
50668
50379
50579
50563
51964
52396
50670
50097
47999
49596
49500
51964
51516
51300
50175
50868
50652
51716
49796
50380
50951
50868
51100
50668
51634
50220
47999
50022
50494
52695
51040
48845
49931
50420
51516
51100
49374
52148
52160
50006
50220
50676
50420
51716
49293
52164
51100
49965
50579
51964
52148
52107
52307
50668
49822
48221
51634
49574
52336
50246
50870
50573
52784
49574
48647
50220
49285
49374
49277
48643
50668
51472
48845
50870
48447
51964
50420
51859
51244
50420
50141
50254
52396
47999
50220
50046
50676
50006
51516
50381
49045
50676
51516
51427
49596
47823
50478
50852
51912
52561
51675
51964
50652
50670
49796
49307
51938
49374
49717
51964
50868
51516
51227
50652
49932
50652
49822
49277
50131
50668
52596
50581
50220
49285
49574
52679
50046
51100
49267
51516
51300
50476
48669
51516
51516
49796
50363
52984
49822
50652
50670
52307
49374
50420
50813
50597
50220
49574
50852
50581
51118
51672
52596
49596
51516
50668
50668
49374
50563
51011
49374
52795
49806
50022
51716
48293
49822
50670
49493
50254
48845
49927
50131
49493
50868
51100
49596
51715
50028
48667
49374
50113
51964
53381
52164
50220
50668
50668
49822
51051
51227
51340
50642
51964
51186
51516
50668
48845
50670
50668
50363
50670
50670
49717
51875
51964
50220
51488
52064
49045
50892
50220
52695
51964
51100
52596
51102
50788
50220
51100
51318
51324
51750
50676
50868
51427
52396
49822
51307
50668
52164
52396
51948
51100
50131
51964
49965
49700
50868
52164
53416
50668
51276
48845
47949
49307
51516
49822
49596
51516
50670
49295
50668
53209
50868
51516
50131
50006
49374
51488
50868
50652
50220
51318
52596
51948
51516
51516
51102
47375
51118
50220
50626
50652
50044
51716
50220
51318
51716
50139
50668
48431
50670
50652
51516
52164
51324
49950
50220
51964
49852
48819
50668
50811
52164
50220
50668
49293
50829
51524
51938
51948
50398
50868
50668
51716
52761
49307
49182
51859
50668
52768
52160
50652
52164
49939
49533
50868
50670
49295
50670
50852
50254
49374
50668
50443
51516
49700
48750
49574
49822
49277
51100
53009
51948
50022
49398
50868
51516
52536
49291
48819
50397
51964
52561
50202
50420
49931
50220
50667
50363
49293
50220
50668
51516
50006
50097
48556
50220
51227
52164
50220
50454
50044
52272
51964
50420
51964
51300
50652
51716
50220
48845
50870
51318
51948
49517
50220
49374
49198
50868
50652
52336
49806
48939
50668
48756
50044
50420
50165
49755
52164
50852
50563
50670
49931
49596
51964
50220
49374
50022
52768
51716
52148
49198
48845
50668
51716
49241
50573
48871
47710
51102
51716
50006
49374
50668
49574
49285
50220
51516
49806
49931
50652
51716
51040
50022
51118
47375
50670
51102
51102
50868
49307
49596
51040
49931
48421
48221
51300
51540
49822
50220
49374
49374
52148
50603
50141
51675
51100
48653
49495
52307
51118
47710
48653
49477
52596
52784
49630
49948
51227
50870
50668
51444
51227
51948
49374
51100
50220
50254
50028
50563
50053
50598
51675
49949
50131
50868
49293
51100
50454
50341
48654
50961
48631
50668
49931
48756
52396
50476
50420
50668
49596
50563
51300
50670
50668
48939
49824
50141
49004
51118
50132
50892
50028
50652
50668
49374
48565
49948
51550
49563
50220
49198
51948
50652
51516
49374
49533
52447
47823
50028
48565
49251
49004
50652
50141
50046
49796
48447
50046
51118
51750
49045
51948
50852
50131
50652
49806
50668
48845
48978
52148
49806
48750
50220
49574
49204
51550
49293
50211
49574
51274
50494
50022
51550
51516
48431
51964
50668
50022
51516
49374
51920
50652
51540
48879
50961
50670
48845
50220
51118
47999
49574
50668
50194
49533
48199
51690
52164
49733
50676
51516
47999
48431
52596
50341
49806
50420
49725
50220
50668
49757
50195
50220
50420
51291
51488
52585
52164
51516
51716
49931
49374
50097
50220
51716
50254
52968
50254
49277
51300
52360
50868
51516
50420
51516
51092
50028
50454
51516
49374
51472
51118
50220
49374
50868
50668
50652
50220
50868
50443
50022
50244
50220
51444
49796
51948
49931
50220
51516
49931
50454
50220
50668
53209
52148
51964
53193
48221
51659
51240
50670
46918
50254
49374
50220
50579
47575
50022
51516
53829
50668
52396
51200
49822
48653
51100
48879
51324
50785
50381
48845
50668
48845
50006
50751
50220
50011
51516
49491
49374
50420
50676
51948
50022
50254
51516
51516
49005
50246
51516
49995
51948
50416
52148
51318
51516
48879
49822
51118
50926
50796
51516
49806
51100
52148
49374
52768
51964
52536
51100
51750
50420
49004
50870
51715
50454
52984
51324
49374
52396
49596
50006
51516
48845
50652
52385
48845
51314
50652
50668
51550
50379
48431
49596
51118
49493
49596
50563
51516
47999
50868
52363
51488
50670
49806
50652
52289
50668
51716
50652
49796
50670
51516
52148
51386
50563
50220
48125
50668
51013
51964
52122
50220
48845
49743
49533
52596
50789
51859
49374
50652
52163
50670
50652
50652
49045
51716
49931
50379
51516
50811
50668
51516
49374
51716
49822
51118
51491
50892
48221
48556
50892
50670
50381
52163
50044
51716
49517
48199
50870
50772
49673
49822
49596
49965
50796
52148
49822
50579
50220
50194
50220
51550
49045
51964
49204
47999
50051
50194
49493
50131
48860
50668
52561
51118
51688
50420
51688
50220
50796
50420
51964
50046
50652
50668
51659
51227
51221
50194
51516
51964
50878
51724
49822
51540
51716
49307
49927
50420
50044
51516
49045
51118
50220
50254
49822
48421
48455
50420
48988
52336
50228
51715
49398
49806
50575
50813
50892
49743
49086
49806
51516
51100
50220
51100
50380
50652
51427
49374
50643
50028
51550
49596
49796
51948
52307
50220
49630
51472
51516
48750
49574
49806
51948
50420
49665
48636
51772
49596
49374
50246
48750
49293
50668
51516
49382
50220
50220
50220
51324
51428
49045
51324
51100
50563
50668
49596
51948
51516
47710
51472
50220
49293
50141
50220
49533
50579
49045
49596
50670
50254
50589
50668
49806
50379
50668
50573
51964
52720
51739
50670
50220
48869
52561
50220
50220
49277
51964
50044
51040
50652
49822
51516
51964
52066
50254
52784
50141
53009
48917
51058
51102
50022
49374
50870
51516
48845
49931
51964
48750
51716
50044
51340
51227
49517
48573
52336
49045
52164
51059
51516
49374
49166
50668
47999
52536
47807
52792
47710
51688
50254
49822
50195
49755
51340
52784
51948
50563
50194
48988
48845
50022
51092
52164
52148
49293
48750
51964
50668
51716
49574
50870
51296
52385
50420
51100
48631
51964
49085
50220
51716
48431
48590
51472
49931
48845
49931
50868
49727
51516
49563
50668
51035
52784
50246
51516
51516
50870
51100
51675
51302
48845
51948
50862
51659
49374
51964
50220
51488
47932
50220
49822
51516
51516
50892
51461
48669
50670
51324
51100
51516
53009
50852
51688
49477
52148
49796
50141
50670
50220
49596
50293
49630
50668
47710
49743
49198
50220
50420
49500
51227
50670
47807
50044
50988
51964
50420
50668
50589
50228
50670
50668
50363
49206
49198
53209
49796
51051
50220
49005
51021
49596
51659
49374
50284
50670
51100
50220
50254
49454
51540
51118
50420
49596
50668
50022
50829
51118
51302
48750
50220
49830
52164
51199
51091
50579
49931
51550
52164
51937
50668
51516
51540
51102
49493
47941
50022
51550
51524
49725
51118
49822
49076
49045
50420
48950
51340
49374
49927
49574
49563
50868
50220
50926
49808
49931
50826
47999
50829
50668
50668
51672
50626
51550
50852
48819
49198
50028
50220
50752
48189
49948
51040
50420
50580
49822
51516
49102
51659
50420
50842
51516
52596
50420
49374
50652
50603
48845
50811
50670
50046
51964
51472
51712
49198
51938
51427
50852
52164
50668
51948
48199
51516
50668
51550
50676
50220
51324
50127
52993
50141
49293
50652
49301
47999
49198
52148
51964
49948
51516
51118
49727
48845
50868
49398
50220
50300
51964
49596
52695
51964
50220
49852
51427
50652
51100
49119
51092
49806
49931
49085
52396
51964
50454
51118
49477
50870
51964
52396
50379
51964
51926
50603
50580
49045
50420
51659
50420
50220
50022
50668
52080
51300
50211
49293
50443
47910
49743
51100
49796
51948
51318
51675
50668
50141
49198
50379
50652
49165
49507
50668
52160
51021
48653
50668
49495
50046
49755
52984
49477
48431
49293
51102
50381
50220
49374
50022
48950
52561
51634
50868
50668
48845
53152
50340
49965
49045
51102
51118
51540
50420
50420
50870
52148
50668
50892
50868
48669
50028
50220
50363
50668
48973
51516
49277
49806
50652
49822
50013
50668
50852
50563
52984
51948
49876
52596
50652
49277
50046
51716
52336
49374
51227
51118
49198
47999
50545
48587
51964
51118
51716
51118
47999
49293
50254
52272
50381
51040
50218
50670
50011
50668
49806
51875
50028
49806
48854
51948
51964
51964
51240
51118
50220
50044
51118
51964
48939
51964
50652
49822
51675
51102
51739
49293
50022
50131
50892
51118
51324
49198
51302
49822
51102
51472
49085
51227
49374
50220
51240
50220
52768
50220
49806
51118
50420
51516
50420
52561
49822
49374
50668
51920
48447
50046
52164
50044
50327
50379
51550
52561
52148
53205
48845
50652
50773
51659
50284
51516
51964
48447
51948
51716
51516
51964
50220
51302
51059
49755
51409
49198
49374
51318
50478
51221
51635
49948
48447
50220
51318
50668
50044
51118
50379
50868
50868
50394
51964
50668
50868
49085
50652
51659
49374
50363
50476
51244
49374
49890
50751
48845
51302
50006
51118
50132
50220
50379
50670
50006
50732
51516
51040
50013
49806
50320
51739
49079
51324
51948
51318
49865
48845
51186
50044
49517
52396
50244
50131
50022
50668
50220
52396
49374
49500
51300
50868
49965
48388
49574
51516
48255
51100
50420
51964
49493
51516
51100
50811
48342
49822
49533
50220
48853
50579
49725
50694
51029
50420
51507
48750
49277
48845
50670
49796
50165
48447
50652
49596
51340
50870
52596
50313
49796
51340
51227
49517
50589
49574
49295
49374
51302
52495
50892
51964
51875
50603
52968
50024
51875
50961
50589
49931
50652
50652
51300
51100
52694
50044
49374
48845
51516
52164
51066
51716
52396
52596
48750
51964
50244
48654
48750
50380
47910
50642
49943
49507
50220
49374
50028
51516
50363
48750
49806
48876
49931
51102
49927
52536
49596
49925
48756
50868
51516
50028
51298
51186
50220
50006
49965
50668
51340
49374
51483
50494
50852
50220
50394
50131
48654
50668
50220
49382
51227
50228
51516
50235
51252
49596
50652
51948
50220
51675
51876
50642
51221
51340
49102
49822
49374
51948
49004
50652
49374
50892
50892
49533
52596
50868
49374
50643
49102
49743
49574
50642
51227
51118
50246
51227
51552
49182
50454
50379
50670
50668
51227
48199
50668
50668
50052
49533
52761
51516
50868
50220
48199
50870
50044
52164
51516
50220
50868
50870
51964
50670
51540
51307
51964
51690
51712
51035
50220
49948
50892
50220
52148
51118
50668
50603
49149
51340
52127
50652
49374
50141
50420
50670
48909
49204
47999
51516
51227
51948
51516
49743
50652
48447
51971
51675
49374
50955
50652
48752
50811
49500
51199
51948
50382
50961
50175
49822
48221
49293
48750
48845
50652
50668
49198
49295
50870
47999
51964
49398
49689
51964
51307
51948
50670
50300
47999
50668
48221
50668
50668
52396
53152
50220
50842
51516
50254
50420
50131
50864
51716
52336
51199
51102
50670
50220
51516
50996
50670
52720
52266
50579
51964
50220
51516
50668
50616
51716
52138
51291
50589
49574
49293
50868
51227
50416
50751
49374
49822
48653
50573
51516
49023
52264
51516
51118
50670
50220
51300
51516
51516
50668
51841
51302
49374
50044
50892
51100
51227
50668
48647
50022
49477
49295
49277
50668
49931
48845
49727
48845
50597
49660
49045
52303
50668
50013
50652
49563
50668
51340
51102
50420
49660
51964
51102
51516
52968
50379
52160
50341
50220
52396
51516
50579
50626
52164
50387
50668
49387
49533
48845
50220
50420
52784
50652
48845
51516
51296
50046
51040
52396
48671
51100
48478
51118
50300
50254
49931
50668
50589
50642
49045
49374
48284
49563
51516
48669
49796
48461
51516
49374
49965
50652
50220
49596
48950
48556
49374
50220
49822
50363
49563
51948
50642
49822
50131
49596
52596
52596
50668
52164
49763
51300
51386
50868
51964
50044
50220
50165
50220
51739
51340
50892
50494
51274
50603
50476
52396
49658
50811
50220
48030
50220
49004
51964
50220
51324
51244
50244
51516
50220
51675
49806
51427
51029
50668
50220
50892
48750
49103
52164
51092
50652
50420
47575
50420
50670
49041
50165
50194
51516
52536
50420
50141
49630
50246
50652
52396
49374
52164
48750
52107
50668
50220
50668
49852
51716
49822
51227
51550
52164
50988
51716
49806
51964
49374
50420
51516
51716
49822
49467
52041
51540
49188
48447
49293
49739
50589
48461
50044
50220
49267
51302
49045
49700
51100
51100
49493
51516
51516
47279
51540
51302
50220
48845
49198
50563
49245
48876
50892
50652
50141
50668
51427
50394
50254
50420
51318
50254
52396
52164
47999
49507
48573
50220
50363
50868
51361
50254
51409
50829
51659
49574
49665
51516
51750
50668
50363
49822
51092
49733
49398
48750
50220
51550
50044
52164
49630
50228
49293
50796
51516
50670
50668
50220
50220
49717
50868
48845
50668
50573
50706
49596
52120
51516
51100
52396
51964
50131
49006
50220
50668
49852
50652
50379
52164
50670
50668
50397
50870
51324
50668
51118
51426
51964
52272
50028
49493
49507
48876
51186
49493
51088
49374
50046
49739
50341
50420
50220
50220
49045
49374
51516
51427
52396
50220
51040
51118
52164
50420
49969
51875
49374
49822
50028
48447
51938
50108
49139
51307
51716
49574
52396
51488
50870
51964
51100
48750
49931
49517
48879
52164
49751
50670
51100
49493
50852
51948
48869
49374
49822
50668
47999
50220
51964
49182
51102
49852
47999
50420
50668
50220
50852
50052
50044
51659
50580
51516
52336
50220
49822
48845
50254
49950
50220
50668
51964
50670
50652
50852
51318
52360
48750
49822
49739
50220
51516
51772
50892
50141
49822
49822
51100
51118
51516
49198
51100
50652
50300
51516
49277
51324
50603
48845
50341
48845
50420
50668
50670
50220
50668
48669
49045
50008
51716
50461
51516
50668
50668
52396
49301
51240
50668
50652
51948
49293
49659
49563
50220
51516
51964
51021
50668
49533
52396
49295
51948
50420
51772
51340
50308
49374
51516
50420
51102
50220
51340
49796
50195
50420
50254
50868
50868
49045
49755
50668
49045
50868
50254
51964
50652
49596
50868
49630
49733
48717
51516
50868
48431
50848
47375
49085
50652
52720
47710
50254
47727
50141
51716
50652
51100
50381
49806
50668
51100
48669
51488
50494
51964
49743
50652
50420
50487
50420
51634
50420
50652
50868
50022
49563
49374
51102
50300
51948
50668
50031
50868
50573
48717
49374
48669
52148
50220
49596
49198
50668
48199
51427
51227
51516
50220
51393
51772
50220
52164
50172
49484
50670
50220
50028
51040
50668
50852
50244
51550
51516
51318
50220
50220
52561
49374
51516
50141
49965
49822
49085
49596
50018
48447
49293
51251
51100
49293
49374
51659
50803
50420
48012
50420
48647
51161
50220
49182
51227
50044
50852
50670
51516
49822
50652
50892
50859
50668
51712
50341
50097
50141
51100
51964
50006
50220
50220
51626
49293
50022
51516
50420
51102
49932
48380
51550
51716
49763
52396
53216
49295
50553
50668
50220
50220
51427
49182
53004
49574
51227
50668
48158
50220
50141
49822
50603
50864
51118
49045
50013
50220
50589
50868
51633
50013
49757
49806
50870
49822
51488
50141
51659
50476
50670
51964
51948
48845
50668
51516
50852
50652
52596
51100
49295
50579
49079
48653
52535
51100
50892
50668
48556
51609
50652
50670
51964
49182
49293
49806
49830
52993
51716
50420
51964
51948
49198
51100
51716
52164
52396
50668
52396
50044
51948
49374
50868
50500
52148
51427
51516
50220
50811
49574
50868
50044
50476
50022
51516
50670
51716
50868
50870
50220
50044
49822
50668
52107
50868
49755
50220
49563
51040
49198
49285
50868
48845
51118
51938
51488
51964
52561
50868
49822
50668
50652
50220
51118
51550
52164
49293
50540
51040
51318
50668
51296
48669
52396
51716
51221
50022
51675
51716
50220
51021
50220
50141
50537
50220
49717
49374
47375
49822
52164
51300
50044
50341
50420
50939
50220
50652
50165
51021
49925
50868
51516
50220
51340
50341
51964
48845
51716
50141
50131
52784
51964
52396
51340
52336
51540
50220
49374
51922
51516
52396
50813
52396
50220
50220
49293
50476
50379
52147
49574
51318
47279
50951
51021
50643
50091
50165
48756
53216
51964
50652
50661
50028
51092
50139
49574
49822
52164
49493
51516
50868
49374
51516
48845
49374
50044
51516
50244
48199
52107
49822
48669
51540
49931
52164
50995
49085
50220
52385
49955
50811
48845
49374
49004
49822
50870
50220
49493
49743
50852
49085
52396
50868
52784
50796
50244
49293
52396
50148
48879
52148
51516
51300
49822
50852
48845
51712
50563
50494
49293
51102
50220
51488
50652
50220
50011
48669
50868
50220
49931
52396
50420
51516
49045
49493
51716
50668
47342
50652
52148
51672
50420
50420
52160
48255
50620
50668
50507
52528
50668
51118
50220
47710
50220
49596
49079
51964
50454
52107
49727
52164
50668
49931
50141
49865
51400
50668
49293
50420
50028
50220
50220
50670
51318
50668
49806
49822
50220
51516
50955
48717
51915
50652
51324
51340
50220
50668
52495
50892
49301
50220
50603
50220
50220
49596
51324
51964
49109
50652
50220
50220
50573
48556
49374
51021
49725
51550
52164
51948
49228
51716
50220
49822
51516
51302
51514
48845
49806
49596
50127
49596
51716
47999
51516
51948
50141
50420
50826
49085
50789
50228
50461
51716
50220
50870
52761
52396
50670
50220
49689
51964
50494
50420
51307
48845
51964
50668
51964
49727
51716
49574
52096
49806
49533
51516
52396
48255
48939
49822
51300
50220
50670
51938
50500
48023
48573
50420
52164
50668
50420
51948
50652
50220
50454
48845
51118
52396
51715
48461
50892
51100
51716
49398
51964
52164
50011
50380
47999
49493
50420
50220
53441
50670
52148
50870
51516
51948
51118
52336
50220
49717
49293
51618
51102
51427
49295
50220
48654
49517
51100
51227
51964
48945
51118
49852
51126
51948
52536
51324
52148
52396
51964
50868
47710
50668
49374
49045
50348
51964
50420
51964
50668
50022
52561
50220
51964
50220
49533
52148
51524
50246
49931
51100
50573
49165
51300
52396
51516
51516
52164
50476
51964
51964
48669
50642
48845
49822
51516
51715
50652
50220
50244
49725
50381
50652
51040
51100
49374
50220
49374
51427
50220
50652
50220
50420
49822
50668
52164
50668
49493
50420
50006
48819
50220
51922
50670
47342
51675
50852
50220
51516
50670
51340
51100
50652
51516
50044
51964
50220
51964
51948
49763
51772
50573
50141
51516
51483
51516
52148
50852
51875
50011
52164
50494
51280
51318
50141
52107
51964
48879
50668
50363
50668
51324
47534
50668
49596
48950
52396
48647
48750
53009
49931
50187
49665
49806
48431
50340
51516
51102
49965
48845
50220
51100
51324
49574
51302
50420
49763
49198
49822
49085
51102
51488
52396
51340
50670
51716
50141
50254
48431
52396
49955
51516
53009
50044
51100
50972
52993
49822
51964
52163
49580
51552
49374
49822
49293
53009
48188
52148
50926
51472
50220
49931
49925
48750
50870
50868
49374
49165
50220
50870
50220
51948
48845
50573
51920
51675
50006
51516
48845
50668
51516
51716
50811
52561
51318
51964
52107
50642
50220
51516
51516
50870
49293
49374
52784
49822
51118
50379
51300
50652
50579
49596
49796
51964
51221
51964
52396
50220
49931
51100
49387
52536
51948
50220
50206
51922
50220
49293
50573
49931
48750
49533
50643
51540
49725
51516
48750
52396
50670
51659
50220
50220
51516
50220
50220
50379
50870
51227
49822
51102
52695
50652
49374
50892
51875
50670
48845
51675
50141
51118
50670
50868
51516
50220
50220
50220
48556
49822
52396
51672
47999
49365
48845
50379
51118
48654
49045
47999
49574
51948
49109
51118
50022
50668
52761
51948
51516
52047
50220
51659
51516
49725
49596
51100
52536
49574
50573
50668
49822
51472
51772
51716
51227
50868
50668
51716
50022
49689
50220
49796
50420
48845
48879
49374
49277
49596
51051
51488
51631
50220
50220
50420
48950
51964
51102
49725
51716
49085
48819
51300
50507
50829
49295
49085
51300
50254
50582
49931
50141
52107
50763
49822
50220
51716
51221
49931
49295
52596
51516
51051
50796
51716
50220
50022
52396
50668
50454
51340
50652
51340
51715
50013
49374
52148
51948
51550
50397
48530
50420
49822
50995
52138
49493
50868
49822
48431
50707
50545
52596
51964
51516
51100
51739
52561
50668
51393
50892
50420
50668
50652
51040
51516
50044
52041
49277
49822
51516
50892
50670
50022
48750
50220
49931
50652
49293
49295
48845
50220
50220
50006
51875
50652
50220
49822
48939
50046
49302
49905
50670
50220
48631
51659
50244
49477
51964
48717
48647
50420
50022
49198
50220
49796
51972
52536
51488
51920
50926
50579
50868
50220
50668
49957
50763
50868
52147
50668
49822
51064
51199
52705
49293
50220
51324
52122
49755
50668
48876
50478
50006
48845
50044
50852
51516
52160
50668
50220
49806
48455
51100
49822
51516
51516
50420
50220
50670
51102
51964
49852
51516
50220
50811
51040
50668
51716
49806
49182
49949
48950
50773
51728
50889
50044
50187
50870
51688
49019
50670
51516
51488
49733
50254
48845
49739
51964
51516
49822
49374
50454
49727
50892
50668
51716
50668
51516
50141
49931
49085
49925
50341
49931
50220
50652
49285
51040
49295
51100
52336
50341
51302
49374
50870
50892
49574
50220
49374
49182
49005
49085
50670
49285
51100
51300
48750
49822
50868
50652
50579
50589
51318
51100
51964
49574
50454
49277
51427
49574
49477
50652
50670
50603
48845
52396
50044
51476
50220
51228
51516
50668
48383
50220
49806
51964
49630
51524
50870
50870
50842
50420
50666
51118
51100
50668
50220
51227
49204
49822
50670
48654
50022
49477
50589
50652
48845
50397
50652
50478
51516
51040
51118
50668
52784
51240
51427
50507
49086
49727
50075
49596
48950
51688
50589
50668
48654
50626
51964
50416
50668
51300
47927
51926
50420
49931
49949
50022
50668
50476
49931
50220
50670
50589
49596
49085
50868
50022
51029
51092
50141
51427
50220
49931
50961
50220
51040
51716
50220
49931
50141
49806
50254
51118
51490
51688
51100
50652
50796
49796
49473
50284
50652
51227
50420
49700
51772
51524
50668
50868
51118
49085
49739
47999
50420
50363
50668
51516
49596
51516
51426
50563
49822
50006
51516
50028
50864
50028
50220
49806
50868
52993
52272
48950
50670
50668
52761
48845
51490
51488
50220
50478
50996
52993
50131
49198
51340
47999
50494
50476
51251
52336
49636
50113
50670
50868
49822
48364
51675
50670
51964
50022
50006
48530
49822
51726
50220
49684
50046
49852
50670
49055
51964
49700
50148
49295
50573
50420
50220
51550
51675
49943
51516
49596
51100
52164
50220
50244
49374
50494
51716
49596
51948
50670
49374
49965
52784
50220
50852
50220
51948
49308
51516
51948
49574
49307
50811
48221
47518
50870
50668
49500
50603
51516
51318
50668
51227
50652
51540
50379
49806
52528
52396
50668
49563
51118
52768
51100
50892
50052
49743
50220
52148
50220
51516
49757
50626
51516
49574
48853
50668
49374
49822
51291
50220
52592
49241
50420
50246
51340
49374
51300
51690
51516
50220
50652
49931
51118
49700
50416
51029
50205
49374
49102
50052
52148
50109
53092
50870
51102
48750
49517
51100
50420
49285
50589
50022
50668
50420
51716
50028
50456
50862
51716
51102
51672
51100
49733
49374
51964
51516
50868
49636
50926
50220
51964
51300
50811
49725
50868
48750
51875
50220
50379
49822
51048
51183
49302
51948
51739
51040
49277
50420
50668
49822
50668
50870
49596
50363
51183
50220
51675
51516
50870
51040
50220
50892
50868
49822
51490
51340
50420
50187
51516
50670
51964
50670
48221
52336
50763
51964
48342
51516
50670
50220
49596
50220
50220
51675
47823
49374
49822
50842
49763
51937
51011
50220
50579
50868
50868
50676
51964
50668
48653
49251
49665
50668
52164
50868
50652
51516
50892
50670
50220
47575
50668
50394
51516
52784
50768
51516
50028
49374
51100
50046
50141
50668
52164
50678
53216
51675
50254
51716
51021
50670
51409
50852
49374
50589
51516
52164
51118
52454
50420
50892
50379
50870
50668
50563
50668
50022
51092
51074
51659
50379
50220
50868
49822
52137
52768
51964
52595
50652
49755
52472
51118
50220
51964
50829
51118
50379
50379
52148
50500
49182
52761
51948
48380
50454
52047
51550
50852
50892
51964
50870
52479
50811
50028
49295
48876
51964
50220
51716
51859
51964
51516
51488
49949
50220
53441
49931
50961
52784
50670
50028
50852
50476
50420
51516
48421
50668
51040
48750
52396
52561
50652
48845
50220
51100
49822
50868
52147
50668
51659
50626
51472
49725
50220
49725
51716
50652
50852
49596
51750
51948
52561
51750
51948
51427
51486
51920
48431
50573
50668
50868
50220
49965
51227
49949
50652
50044
51490
53009
49102
51514
50254
49822
49293
51399
50581
52363
51227
48447
49570
51672
51688
50589
52784
50668
49374
51516
52148
50668
49852
49374
50476
50652
49517
49293
51524
51841
52164
51948
51964
51659
51964
52596
50868
50852
50668
50668
51227
50108
49374
50852
48631
49931
50668
49211
50141
51100
49806
51100
49374
51964
50868
51716
51488
50220
49727
50127
50381
49822
49931
48447
49374
50668
49822
51875
51199
49267
49198
50141
50668
51340
52396
50420
49806
50220
50220
51040
49374
50220
50852
50811
50254
50652
48653
49293
51659
52984
51716
51948
50220
52148
49374
50420
51427
49725
51772
52164
50668
50420
50379
50220
49374
50220
51964
50022
50707
50868
50379
48669
51516
52336
50652
50220
51240
51750
49699
50254
48845
49387
52784
50589
51490
50244
50868
50220
49295
50668
51011
50220
49293
50046
50254
51516
51300
49374
50416
49957
50420
53813
50751
50044
50870
50868
51118
50670
50220
51964
50668
52307
50892
49806
52327
49045
50870
50420
50670
50228
51964
49421
49725
51964
51964
51427
51029
51716
50721
50652
50022
48221
50420
50668
49822
52163
51964
51948
50189
49374
50131
50187
50044
49574
50494
50254
51716
50220
52396
51516
50220
50668
50254
49374
51948
51964
47375
49596
48671
51772
50668
52761
51102
51221
50668
50420
50741
52369
51516
50220
51964
50220
51948
50220
49931
52164
48845
49198
50870
51093
49070
50011
51875
50379
52396
50579
48717
50006
51540
50476
51712
49374
48845
49374
51964
50668
51100
50254
48845
51472
50380
49517
50381
49570
49943
50668
50131
50670
51712
52164
50868
49374
51649
50220
50668
51964
50573
52336
51118
51118
51092
49293
50220
50022
51516
48669
51948
50416
49676
51948
51340
50194
51948
49563
51516
51688
50420
51100
51716
50220
51716
52148
50420
49822
50642
50220
49085
50254
50789
52761
49374
50642
50868
51516
49068
50141
48869
52164
50274
51227
50870
50870
53381
50379
51920
49079
52596
50892
49085
51118
50476
52396
49277
52495
50852
50220
51516
49307
50220
51040
49467
50420
50220
51183
49533
51291
52164
49374
50274
51716
47710
50652
51948
49596
50220
51240
49733
51964
49493
52396
52784
51715
50668
47710
49295
51340
49551
51948
52164
47999
51716
52164
51964
51948
50022
50668
50852
50670
50868
51948
50220
50668
50420
51040
51426
51040
51715
51102
49563
48461
49374
50220
51524
51118
51516
49563
49822
50859
51318
49374
51118
50892
49808
49630
51964
49596
50028
51539
51516
50866
53009
51964
48845
49293
52158
51675
51516
50220
50589
50579
49374
51516
49374
50668
51688
49365
50220
51688
47999
50420
49596
50220
50341
51964
51472
49374
51915
48909
50581
51948
50398
51040
52247
50244
51102
50141
50220
52164
51340
49822
51516
49865
51516
51011
50668
49822
51818
51964
49398
51716
51340
49824
50573
49477
50141
52164
50668
50131
49477
50044
47910
50652
49757
51100
50892
52147
51100
49293
49293
51318
50476
51261
50589
51516
49665
48756
52396
49596
51516
52369
49341
51340
52336
50220
49293
49822
50044
49277
51228
52561
49596
50220
49939
51040
49822
49198
51201
50579
50235
51227
51524
51228
49796
50670
48669
49493
50579
48845
50476
48845
49796
52164
50670
50892
51092
50603
51920
48845
50022
50668
50670
51100
50044
51488
50011
50220
52536
51540
51550
51516
51040
51340
51772
50796
50220
50668
51040
50220
49319
51948
48636
50478
50603
49995
52761
52336
50220
51948
50220
48845
50668
50420
50149
50381
52396
51340
50652
50589
50141
50676
48845
53009
51516
50870
52596
48662
50694
51186
48382
50194
50870
51064
50643
50220
50380
49965
50228
49819
51244
51516
52144
51118
48636
53441
50363
52164
52148
50379
51964
50670
52596
51092
50892
51300
50244
52148
51300
52561
49574
49822
52536
50006
50341
49293
50254
51488
51100
49045
51291
48255
50379
50220
50220
51675
52761
49374
51948
51100
50220
49019
51716
49596
51772
50652
51100
49293
50562
52396
50220
49374
52396
50044
50589
50668
51964
51324
50813
49293
47999
49517
50337
49931
49198
49931
50642
51100
50220
50573
49955
51659
51964
50476
51161
49931
51716
51915
49293
51875
51100
50022
50165
51716
50220
51040
50220
50661
51100
50868
50220
50363
51227
52148
50044
49796
49374
49673
49574
50398
49822
51964
49119
48950
49725
49293
52993
51488
51964
49085
49806
50194
49112
50006
50652
51300
50379
50852
50868
50892
53441
47999
47999
50175
51092
49293
51092
50668
51516
51302
53209
50563
52164
50220
49012
48845
52336
50220
50044
50011
51964
50668
51261
51100
50770
50652
51035
50046
50668
51716
50046
51040
51100
49665
50141
52596
50668
51716
51516
49927
49507
50668
49822
49587
52148
50044
52148
50668
50220
50668
50652
51875
50826
50220
49955
51051
50189
51964
51524
51516
50852
51964
50205
51516
50668
49743
50044
49596
50852
51516
49285
49533
50235
50220
51092
50652
51340
49574
51948
50678
49533
51964
51318
51516
51948
50668
49493
51516
49495
49796
50420
51964
50228
50668
51964
49733
51516
50220
49285
47999
49374
50006
51490
48093
50254
52784
49198
50011
50652
50563
49301
48845
49574
50194
49436
49733
49507
51487
51100
50220
49948
51516
50478
50420
49085
49931
50545
51399
51516
50044
51274
51964
51040
51712
49533
51291
50575
49293
50670
49570
49822
48556
50652
51199
51631
50668
51772
50022
51240
49806
50284
51964
50852
51675
52396
50300
50870
52784
48461
51227
50131
48845
51964
48575
51675
50363
48221
52164
51964
49374
51964
50652
48845
50018
51516
49806
50652
48636
49374
50379
49725
52720
52164
49822
52596
52720
51300
52561
50220
50616
51964
50244
49507
51340
50670
50220
49533
49700
49822
51964
51100
50354
51516
49727
50852
50892
50668
50668
52272
51964
50892
51964
51300
50420
50220
51516
52396
50670
48845
50852
51964
51516
51074
51427
50006
49725
52164
49198
50131
50353
51516
50220
50220
51240
51716
49374
52396
48447
49277
50046
49822
52272
50562
50220
50864
50501
49806
49948
50668
49374
50652
50141
52993
50220
51100
51675
50868
