537369
519711
513225
527525
533583
535043
543607
532708
529338
535800
530981
537416
536268
545702
529869
519724
532994
538795
534394
539656
525028
525771
542849
537404
543484
538495
534340
531856
525820
538411
526081
523053
529220
534337
532665
538735
522848
537951
529057
534959
539089
536456
537552
522978
521755
534724
538316
536522
528933
527173
540367
523337
523455
530454
538039
530742
530174
547968
536839
524009
532402
536054
542077
537867
537591
532030
539322
533607
550655
531596
538455
538993
525087
525839
537039
523628
531845
538673
522302
527058
530028
533300
537770
529454
528820
517520
521618
534301
528180
525335
531290
547193
535214
535496
545722
527120
531026
536284
532388
539152
538890
535517
527421
528190
540974
528284
533166
535984
525192
538274
527181
530993
527031
532046
523538
529032
524591
538239
534237
540734
526826
533292
540750
531599
540168
537116
542184
529241
513811
535541
525436
520354
532297
533200
534081
531051
529313
540021
535373
539015
527774
538792
523716
540530
529120
538288
535874
545971
526505
541000
522949
531416
529561
526890
540301
536739
530176
533391
527538
535648
531635
543070
533326
527870
521879
543033
531276
529744
534948
521619
533093
517676
538646
517980
531833
526768
539469
526689
531619
533133
532093
526709
524392
530124
528789
539305
531791
532477
542134
525695
539163
525626
533224
535466
524283
536225
533986
532699
527458
529607
523970
536068
532301
528658
539769
514148
532739
538726
539347
535627
525355
526894
531779
533257
526656
524027
527985
535112
541488
539156
534480
544780
537731
532751
523432
547487
531363
529394
531350
542461
533519
541944
533129
526815
537160
540176
530933
525635
533814
531728
523888
519139
535834
544811
527849
527454
526288
528817
533179
534555
534956
542598
522296
519627
531852
534594
526099
529196
536247
536387
526359
521544
519823
532939
533722
530201
519583
526147
529987
529289
530295
529085
535451
536019
545127
531423
523897
549860
521651
534607
538877
520778
531212
538534
522717
536963
525210
535079
538045
534523
538829
521692
537660
536783
535148
538724
535780
533773
523426
532791
542137
538284
523065
542935
530390
524626
534960
534875
535689
521944
535628
525497
541799
517587
539288
528330
522138
521965
529428
534119
534504
526908
537611
530407
517396
527635
531081
514944
541789
517275
547745
537095
529800
535636
531702
526223
544105
526880
532213
528504
534671
534018
536929
537690
532208
526830
528813
546338
523133
519759
536681
539241
533063
528708
534758
530861
522932
535461
525189
540036
534261
537583
533681
518043
536368
528705
518433
530705
543821
534561
524182
533917
517062
540814
535629
531681
528776
531586
531463
522077
538058
535459
536306
539041
521095
524316
526840
538170
534512
530536
529050
537895
525969
532417
533137
537653
528175
543145
539348
534375
535082
530638
536586
535472
535864
519850
521825
540113
527424
525346
520648
533174
525906
533624
537050
531491
521324
532897
527165
535691
530017
524799
532615
528770
545399
530647
548537
531651
527161
530897
531519
543715
540069
527026
533218
525126
538839
533510
526436
530632
525632
527370
522972
531303
518226
536571
519338
527708
528563
524045
532542
532635
542679
526425
535785
530452
528762
526146
528156
529183
518418
527357
527916
515934
527789
520029
537184
526079
528110
523189
537013
539033
540775
528990
532707
530567
529685
526988
541523
532003
541414
540281
541735
541903
520126
520891
529184
545139
524557
528928
537625
526474
533945
534690
529897
525845
528408
527258
544384
540084
534962
532192
531812
533013
534621
524106
520948
535626
526671
532273
541312
536269
524156
527113
527791
548933
534132
525733
528866
527085
531143
520694
527121
535804
525270
526501
535534
528346
526360
544758
533931
529821
531808
510587
541530
538664
538649
532660
530165
543026
538228
531631
525171
533759
533914
543660
532626
535176
542417
522726
543031
528859
538472
537777
531843
550017
543241
533768
541798
537372
527002
517456
539619
542227
539133
531179
535594
536883
529994
530922
529865
525909
529926
537589
537420
522922
527168
522668
541007
528251
535638
523419
517864
525613
530942
519937
527920
529253
534861
528699
539030
532497
536276
537348
528991
521699
533438
526145
538094
527117
528657
523693
539721
535849
523937
526673
538152
539670
528575
542467
538119
523505
541092
530195
523278
523527
536720
532347
538050
531730
537326
548048
527367
525094
541829
542817
535551
524069
526822
529594
528425
533566
531582
533178
520028
527365
531580
531182
535030
524058
512147
546747
535052
537745
519309
538607
533166
521596
537220
525968
549939
527610
526989
530156
537298
530275
540328
528803
526400
530054
519640
539061
530753
528987
530513
525505
525243
530806
524848
533229
538803
529074
527183
541212
525393
537937
522191
546571
522012
535575
526635
538658
534097
531485
540490
531972
522114
545034
534888
524704
531800
516697
526720
535506
539727
533066
524242
531574
537908
534598
533789
535061
550894
532903
537663
531171
529210
516728
537851
528329
536742
540252
533101
529466
524722
525486
529764
527089
527870
539571
539859
536641
537427
528956
513948
525998
543286
520682
541203
536128
533039
529306
538438
529962
543794
538707
530148
528823
534609
527038
541272
544333
524282
526403
545399
561992
537039
525114
540535
526381
531870
525845
522698
532054
524237
522243
534619
539664
532235
527518
519505
536702
546913
530197
537497
523450
538526
534201
523840
542221
528220
539163
533931
536483
532619
529197
530722
532686
529898
536068
529550
535952
538603
522273
522501
539842
545299
526230
537316
519723
538169
531437
519519
539640
534195
532464
524135
534064
540984
535536
530501
535807
536059
523678
530192
535326
523933
540999
542706
516644
523665
521020
530745
522868
516613
530490
520962
536191
530143
532748
523940
531598
527639
524089
527021
526752
536690
530662
543681
516695
522771
531107
525616
520657
521994
519282
536041
533673
532430
532124
538057
547464
530449
524785
526717
532351
518278
538715
538494
519752
542979
551491
529437
541786
526290
534773
532904
532951
539434
543538
547700
533145
519508
538044
543495
527661
539331
533056
534924
526359
529864
542781
530641
523228
524691
528469
531887
533902
549101
538883
529064
529303
518025
527256
541073
527812
532382
545239
529002
527420
537855
532155
534782
538681
531506
550528
529950
536779
540896
528300
525184
533245
530654
526103
524581
534574
532696
534651
538064
525349
538559
534093
529409
529865
524796
529693
528152
529999
529706
537753
536899
534711
526758
534173
517837
533629
530066
526400
537020
530729
548962
531292
526169
532879
537350
527673
533294
528538
538367
534927
528775
559547
532086
533972
533846
524132
528115
524510
518521
531861
524246
547705
529569
534495
538236
532037
523186
535459
536170
530670
524391
512219
533698
536283
534236
525088
532965
528573
526561
533429
549789
526096
531049
524222
523927
529748
519140
525807
533393
533454
537190
524238
531226
532668
544174
524921
537413
537774
532499
532674
530004
539709
541053
540549
526603
533783
533204
543667
527821
523545
536254
528427
541354
532209
524536
531714
526141
532099
540814
542190
541963
509465
534376
530494
521622
539310
520977
525800
545559
540385
532993
534543
525832
528615
529525
541387
543302
528450
533234
533491
528873
536339
538317
543836
524871
520274
544497
533467
523472
526713
529319
544387
538473
526336
525421
537603
525512
539211
531673
531875
530951
520905
531141
548111
524245
524480
525778
537139
528562
534359
537599
550091
531382
530521
540720
536680
537108
537802
516572
536392
527962
527041
528482
529604
539322
539439
526524
526682
533049
527073
540009
539291
529396
537337
534608
524912
541001
516306
543598
523391
523500
527733
529143
519475
542503
527115
528429
531426
547085
524233
528668
550043
526430
531511
537061
519133
532194
542102
525127
532931
533032
535863
528123
539614
535649
523828
539274
530416
520686
533216
525541
527773
519396
533574
531059
534750
535560
537025
528902
531664
552116
536376
525211
524117
527582
539575
517953
534422
520904
537974
527877
539401
537024
534994
527465
530905
528643
536443
534500
532561
539342
540151
545673
526832
523108
525353
536023
532059
535242
533843
536844
525375
530880
527007
531319
526502
531795
519396
528967
526305
547871
524846
521195
524717
544452
534702
520861
530794
530312
529478
523957
535268
523603
533076
523169
544626
520355
534016
524068
529450
532633
529118
529258
529208
552936
539655
532130
529187
534399
524202
527219
529000
540321
544890
543252
529747
537409
536606
532981
531969
532121
515903
529379
523207
523835
535968
522096
523953
517152
528393
541002
539417
528570
526094
543124
521304
526823
532272
543719
551837
527107
523329
532698
542925
536898
526425
536465
530809
543765
548042
532279
539637
524553
525497
527547
529630
532429
539046
523524
533291
525703
527937
538348
539437
524548
537454
524360
539378
527904
537740
537125
536230
528030
539945
528004
532862
531883
538917
520225
533816
539586
531753
531136
530178
532698
527953
523530
544162
547113
528355
540389
533185
534793
532391
543595
538839
528730
527655
531139
541193
521688
533084
531173
541504
530771
530283
539204
528438
528236
534090
530214
540565
532380
532713
521344
517928
533419
527335
522782
530268
531731
527495
532751
530053
520485
517958
539546
540819
543908
518197
525596
530241
521211
531286
521513
529281
530933
520454
530620
524716
537488
527655
534582
530469
533079
538302
547852
536604
521173
538798
535261
546936
540797
519688
525029
521622
546653
521489
532730
513870
536900
534832
539642
524945
539530
514410
529417
521362
537179
532890
537836
530403
521169
531551
541585
533136
530254
535052
530962
526133
518705
530642
540928
530162
527055
529629
547477
529422
534713
523620
529041
525704
545264
530606
534018
537910
529202
530023
544975
538843
533540
531037
524705
534862
540982
533391
526730
533694
530385
553341
541887
534812
545065
541754
543447
535053
531605
539890
534967
534709
525556
528255
529055
544774
532286
535599
550832
521716
540554
526814
525358
533914
535429
535657
529012
533312
523754
536263
531444
514549
533802
540029
531754
527948
547188
539081
521066
561118
525925
539452
539107
542579
530309
530313
533290
535232
536208
533583
529747
531662
522763
540204
526439
539143
517510
529020
530435
540269
541217
531877
527549
531397
532226
541074
531931
529323
527777
528377
519178
535066
529244
538492
527148
528974
519442
535964
539052
533739
524906
538515
528892
527743
545641
527749
529864
537566
521872
535334
537146
526779
521783
539525
536793
516261
517834
528348
530752
530534
528477
537826
537822
524253
549596
532499
521290
535267
531413
542496
524003
544334
524096
524944
533983
531819
545057
523679
535433
524859
533200
528184
523971
528177
524219
517322
523555
535173
521005
529897
535988
532519
539120
539835
543961
538058
532721
525804
532222
533998
522641
531795
515212
527967
536951
528244
536829
536560
537294
527611
526312
524977
534204
525746
534330
526560
525187
538202
533621
544687
532121
535298
544739
536525
545526
529801
522701
532402
521458
544493
534285
527489
539637
519809
521355
529221
523101
537387
524460
542486
533973
535846
531711
529935
520513
525185
545542
545735
535494
548729
530190
537221
534078
528731
528714
546939
527246
541281
522442
542646
532707
538138
528534
534511
529011
527565
535461
525490
538632
537928
529325
511713
547670
533707
527216
529774
527526
528679
541539
522633
541257
536412
537105
543371
539106
536809
538678
532070
531520
523312
536806
531700
517622
539414
534082
526777
534615
538624
536723
517563
531704
530189
529153
533353
528152
535012
535984
518507
528412
542643
535712
519198
528211
529102
530720
538313
535041
523733
537021
543480
525518
524345
527488
530478
533277
525803
519933
525220
527177
535795
540541
537910
527341
535623
533564
518988
549250
518283
537370
538028
538191
537873
517956
523660
533233
530632
537173
536038
522921
538753
535464
527918
541699
524483
524082
535528
535647
531380
536336
537349
541841
523666
542228
532419
535355
525347
540556
524588
547418
531943
533133
528312
529720
528125
526935
545271
538991
537395
535798
527291
542199
522832
530867
538314
541581
529239
538113
526331
532718
535387
527411
553944
540925
549272
539881
528278
527975
530384
538138
543046
532665
529466
539723
539639
525225
544089
531351
532873
536649
531994
546015
522228
527131
541453
531658
527587
533276
532542
526082
539441
528824
542222
536636
535844
529898
518850
529009
538752
534554
531542
522665
518673
528250
538086
533548
530569
527413
549200
531727
526127
534513
532639
534629
529136
538037
534149
536915
534239
523731
525800
533345
534915
531769
536738
534704
532559
545311
548116
528154
521068
529908
521734
521557
536049
522755
543974
529259
523722
532186
538121
526671
530893
532835
521206
535255
532276
539251
527077
541596
533286
533094
526665
528651
529931
520114
538623
552685
530467
534973
528725
537270
532303
529512
535286
548023
524049
525121
528722
534841
542324
527816
529773
541470
524554
522518
534722
533926
528000
529679
538211
543584
532079
534733
529156
528148
529938
522846
535254
529923
532275
534038
556036
519513
537672
522843
526988
534476
533878
528693
552370
539511
529356
517146
532780
540888
526439
531381
539162
531035
528439
532993
527755
523099
534799
543729
535812
532371
534435
533561
523855
525881
523445
535420
517718
525196
542978
525016
539689
528055
535652
526539
547858
533139
534560
530317
524000
524104
542603
541228
524405
530862
528238
531632
537808
528084
523631
529678
518413
538632
532182
531318
527756
527296
521681
539380
525380
532164
535482
521946
520771
531337
535724
538369
522055
532309
532235
535479
527691
543181
528658
533450
529094
536404
544349
523269
526536
535527
538220
534103
547359
528372
528414
518331
523485
526923
550415
530280
521746
541396
535607
517219
532282
530141
545515
541507
514920
513476
539130
526228
532593
538463
527360
537133
544331
536469
516360
543114
543122
531825
533028
526098
538170
538521
537525
517772
536762
543194
540731
527827
535311
535551
529746
532294
539215
529321
533829
542259
522787
538139
533085
538753
520735
532950
530398
542562
532034
537741
541893
544886
523650
521485
543338
538290
533270
519732
531222
534483
524929
531729
543635
532056
528419
518647
539575
537547
543343
539210
541219
537557
525556
538845
532881
535564
533231
528458
516044
532577
546635
530964
529040
534603
527863
526708
539447
536408
533030
528148
524692
525922
531323
534473
528839
527345
527903
534845
532230
535781
544729
549936
544539
524242
534493
532610
526617
526153
529127
539108
529339
548956
528969
530118
539028
545777
524948
524238
529604
543671
523310
530971
544484
525139
523221
527506
523527
536342
538838
528083
529095
530031
525300
536993
546450
536216
533559
534298
536056
543989
538674
548281
529185
529612
526406
535688
519436
521529
531051
552726
541023
550920
527384
519330
545288
527868
544075
544042
537741
542772
535178
536199
533604
524531
523040
525770
534661
521561
527888
515109
530164
540679
523705
529470
531561
539346
539576
542746
529073
539144
524876
532373
527469
533691
527816
518019
528846
546713
529276
539195
524044
524892
527124
526183
540710
537499
519947
517042
531882
540336
525575
520522
538160
529068
540481
529514
531966
538175
518505
527931
525928
534242
527244
540788
532901
519898
532177
540187
528545
525612
537215
533157
533094
522201
524516
525268
538068
549199
521517
521042
527099
538636
535592
534362
541993
527902
530558
524557
530230
520956
525296
521869
519850
523020
536144
524930
535221
533173
542713
517996
530259
524069
527496
529186
543737
532645
528163
530479
521524
558733
523429
552440
532695
527821
538933
523147
537017
526259
524163
531195
534708
526062
517649
530462
531067
527796
527862
536147
538345
528903
530494
518417
532993
532987
529724
533966
535577
526801
520722
539703
539954
540089
539279
539010
541477
536359
540255
522720
525709
529440
528142
532018
533639
524394
544294
523042
520804
527523
540394
517318
534933
535657
533303
521470
551102
525354
526763
530871
539874
538134
535812
528009
538764
522904
531614
543413
550094
530637
524051
532245
522519
521505
531958
539796
537286
527189
538881
532037
539025
538186
543232
531900
535102
531326
517858
525966
532188
541193
527376
545373
537725
536845
528753
534129
531571
528397
521629
523096
532068
530712
533166
544179
530142
546607
532044
529900
532262
529096
530066
538991
542043
533296
538575
536038
536246
542627
530446
533394
524512
539107
536344
525686
528269
529600
530792
532455
529532
518917
522270
534821
517500
529185
537903
537863
521616
535962
535117
535180
531531
539902
544886
549790
525373
521801
532208
533794
529894
524167
526225
533370
532170
527064
536016
528537
532607
541956
526733
529499
528781
542719
530312
535318
530729
517947
544763
526633
526964
531977
537080
526972
542775
547888
543020
529972
540331
525211
522196
519519
529128
535479
531901
517972
536285
550585
530126
519244
537237
535287
539101
529234
527269
530795
527923
526449
534249
525612
537302
530612
545770
528683
524410
529983
554612
533496
548694
531899
520398
533295
520818
540890
522239
535984
533243
526506
536813
523715
549499
529706
545996
528716
535748
531381
533185
526131
529425
524392
537845
535304
538795
521810
526180
537046
522051
532105
537218
523840
527455
549110
528752
529642
530887
534834
534945
529888
532466
535330
528697
525519
529857
541910
527146
516815
529002
536236
533349
526773
526471
545267
524131
530538
544285
532994
537228
522634
533434
520354
535101
530066
530473
535926
526836
541282
519950
546172
527230
533014
526104
542504
533388
516658
538486
525262
533501
524270
533741
526693
537428
546258
538685
526217
528048
531586
527404
533971
540113
527714
531758
527863
534039
537289
520895
545868
533646
543018
525960
521063
525407
531667
534556
541167
529570
537938
524293
528394
528830
521072
541804
525328
534988
523917
525277
538940
528750
540248
530997
538575
532050
531743
538934
521450
527305
525399
531380
540055
534817
544233
516948
529159
527255
524252
530776
531234
527947
527265
530293
530935
546166
529177
537330
527888
535705
534843
535561
531072
538292
526644
539470
528375
539824
531157
551950
530916
539137
528303
526386
531787
525775
523960
532683
518505
540496
527680
528516
525523
538479
543012
517661
546055
529054
528830
525376
534997
537951
523523
528349
527161
527249
531917
541697
528303
531640
525940
538538
552129
530676
526155
533500
534809
537543
528860
530067
533202
520401
536142
538923
554009
520235
540249
525372
536173
525157
542171
527058
536395
533217
535613
524488
534479
526116
543048
537298
530130
520306
534749
520804
531388
536105
527323
538478
519194
528059
522856
535105
528374
535260
521148
539221
531630
522045
514575
537396
529418
528036
533503
520249
517436
534745
522757
527887
533046
518822
531880
546909
539364
531580
531057
528473
528012
539628
533634
540174
538379
537168
530159
534075
537940
528382
531010
535538
544733
518029
536266
516670
533885
524686
526608
530984
533445
524909
546078
532805
522215
531710
524552
539146
529675
534242
550703
536043
539213
542375
527917
528856
527403
528095
528965
541074
543164
517062
546634
523807
531874
531191
529212
534472
527180
532770
534913
531068
532484
536826
539854
536811
539300
548019
541328
537523
536061
534487
535403
526560
548337
539364
535916
524377
527505
523238
536472
532572
523930
536119
517793
541770
530297
540309
528254
542210
522006
531555
524701
527151
524689
536206
531717
527559
539229
533218
531395
531632
520495
524684
552787
532472
530535
531002
533880
533391
525706
535065
532163
526235
526404
533714
530430
529706
519017
533927
543801
536315
527119
531463
522305
531498
528954
521072
540174
536271
533139
531902
531770
540357
531368
530978
524945
537220
518839
542245
529222
535491
538552
519527
526539
527798
542601
539173
530459
527025
538606
529163
538005
536050
526672
528388
531277
527939
528095
535550
540987
522496
527478
533302
535751
529015
543122
535032
539731
522467
528314
534403
526099
549545
525373
527826
529925
531640
527858
532603
542688
531063
531091
524829
541619
544260
539965
523650
532374
540667
534286
536860
534970
518301
529185
530649
525600
558807
522857
525050
532699
541666
529958
525445
535191
526292
532730
538037
536475
542313
543998
533362
530966
537013
516431
521334
525674
542378
534040
525875
527829
518449
535099
523253
529208
542426
529445
533570
534428
536491
531176
534404
530336
523316
518117
541308
526582
535132
522242
530353
530880
541114
529051
536255
537657
536145
530270
531720
533647
532260
531375
531292
530974
546232
539139
528503
531058
528032
543002
529857
529059
530225
543023
524792
518082
532117
539131
539500
532504
543470
531981
540306
530741
540785
527104
539472
531929
538983
533099
536438
525545
528572
537600
527272
526861
533977
535514
541128
529286
527594
530581
523335
518026
530619
525338
528878
532811
536182
529716
538815
523702
527826
538617
523184
527734
534207
531000
528229
534322
521819
538376
528048
532344
521430
530474
546490
536713
544067
518581
531605
520733
531080
543236
527719
517736
524281
535840
527620
533067
534418
532638
521142
544676
530116
531857
535637
545166
523066
535674
538876
537654
531853
537477
528440
553353
533536
529466
535069
537690
540003
529138
527330
539921
549743
521519
527720
546080
534205
528569
525003
548101
525734
526821
547012
533255
528599
524625
540552
539999
524867
525256
530446
531865
521331
549324
530207
536821
543636
539842
538185
529878
536737
531489
519784
536043
525160
520388
520608
528374
546662
530180
528478
532188
520415
529256
530484
528670
529177
540880
527014
528808
524319
531252
553506
530884
538225
525874
550570
531029
526958
540940
522204
530654
535062
528160
538583
538847
536396
533108
518151
523537
534106
540595
529157
532468
536188
528145
529192
536123
520357
527319
526007
537455
546087
537550
543975
531632
532642
532390
536025
531572
528866
533541
513987
529880
521805
531692
539037
523977
525534
532153
534587
539183
540953
527991
525302
530358
534950
530543
525935
532994
520111
535460
535934
529473
522855
524240
522663
531488
522478
533155
522325
538819
533637
534780
534487
531138
522499
539150
522718
536386
536895
529592
530393
537036
522975
523316
544929
534297
524843
522606
542124
533360
527600
540091
532728
531805
533886
543801
530259
527820
529120
525867
526428
536516
530008
534043
531488
528963
532872
528237
530603
532321
529436
531628
524532
531309
537364
533009
537857
541675
539125
543365
525695
538361
539904
552043
534640
544499
533355
525067
524781
537310
534911
518891
520664
525977
525959
527948
537776
536282
537379
535392
538143
530748
536333
523157
536962
528180
525146
529945
521641
528313
525375
518390
544577
546336
535706
529489
523253
534628
529922
532220
523719
526863
527697
526702
536635
525587
520556
534350
535225
533853
537814
530102
521033
537251
533581
532751
520815
534264
544877
519757
520401
525014
520572
543048
524937
527738
520224
531825
528805
532097
532284
527646
538172
518377
525867
521940
529571
530189
527149
534103
530226
526654
533711
517578
540153
529759
531797
522970
540020
538763
532198
521928
537256
533258
532249
542412
533412
518017
517562
529843
532565
524207
530732
526831
526192
533795
530879
528743
528889
525521
525867
523005
536433
526933
524695
539441
525343
527169
526989
523352
549170
532127
539246
520587
529841
516507
528877
532179
526396
521577
542762
537803
540400
537328
525957
546466
532757
517180
531653
530876
525554
536765
523637
530934
531807
539641
523805
527754
527491
523611
517957
533198
543707
526794
540887
521854
538629
537159
531334
542469
535113
528552
527079
554591
535685
524485
530399
537569
524321
520641
531622
526625
525498
535204
544544
525622
528330
533923
524952
529494
533949
548899
525763
533928
531299
532315
540961
527944
529151
530598
525540
533391
533998
536744
513648
534893
541754
533790
533287
520578
536902
531232
541195
533391
529616
535146
537497
528969
525160
523965
538958
531261
539067
527982
532803
539461
534892
531170
530164
534934
534798
533216
529303
525940
538250
533691
531016
535012
529408
536065
541742
530322
520573
529167
532092
533187
531130
519002
534365
519377
537244
524594
552480
517801
529359
527421
539846
520687
535018
533784
536585
533833
535049
525948
532843
527530
527663
532568
548829
535688
528668
536790
543831
521253
529454
521678
530749
534977
528091
528928
528426
529018
522227
535897
533977
537691
531443
534977
529355
523594
529428
522290
527200
527272
538545
530231
530650
529840
517963
538567
526381
525407
536144
532331
526896
538310
527814
547881
527745
528320
525183
514299
535161
519228
535859
524561
537724
537563
549894
538472
528045
533456
524951
530096
539451
526539
528696
540741
543757
526220
534105
550861
523580
536468
527950
517178
525784
541597
518823
525111
517113
520962
532691
530070
550677
530938
530907
527449
532495
528571
527197
542504
530225
536621
532732
527155
530855
544855
537277
542680
534498
535746
528120
528356
525476
541218
520153
545678
534909
534983
530707
527977
539790
528985
543037
536815
534984
532226
537880
540768
522168
521985
525869
535060
540587
526758
533914
528087
541757
550507
530508
524630
544381
520494
526059
528025
534348
537485
535511
534300
527213
537051
522557
522821
528967
532760
526648
535888
523436
540139
530174
535934
531483
518793
531130
541481
539489
526533
521071
540431
546369
531077
534610
531797
539762
537049
532489
524999
536977
525800
522332
522228
529539
529079
528081
528132
523538
535410
533507
541600
536771
529353
535018
537769
526153
527850
541624
530412
533120
527528
534259
535641
541271
529693
527493
532593
532399
531742
532959
524486
530280
532808
535471
533222
544027
542478
525551
518171
527071
533430
520389
538045
537610
536118
533567
540190
544721
522438
520826
538261
531823
532336
524409
534690
520605
548071
535253
537600
523029
534288
522874
526529
535465
533733
517606
531639
518665
538529
544721
536078
527245
518729
525232
526262
541758
522796
521274
533463
519093
532983
520955
535757
551894
526903
525531
521192
540473
528680
525062
546982
537167
533289
530185
523281
528392
533441
553459
522677
534720
535452
528406
536070
533020
521682
530515
525733
527427
523238
525824
528116
525065
526119
531052
543011
532137
514707
528877
542525
535134
542571
539974
533413
544888
527212
522000
536812
526755
522592
522252
521051
535226
526672
528760
529632
548679
543552
539024
520064
526592
537461
531234
528785
539046
534896
518751
527966
543588
532812
536877
536880
547930
511813
544581
536005
534900
529385
536518
522313
526898
528668
535429
524706
533518
532756
533649
525385
530173
531720
531561
529595
536040
539668
531654
532304
537965
514267
523649
533682
535455
519838
528310
538209
514090
537832
530439
522984
535197
524765
542898
516301
537107
531667
533635
521238
536966
536099
532986
517596
518283
524492
532186
530429
529803
529795
521161
520816
529807
533283
547627
530117
543828
531766
540413
522662
533098
527483
524217
533672
539927
532220
526971
532269
537907
550438
533054
528008
534468
531748
527210
528181
532733
526278
542373
522048
534542
522725
537633
527624
535043
543525
532746
527058
533325
533585
531439
533934
529262
527046
528232
529025
548705
528887
525870
529344
541491
522553
540006
531554
524255
526231
530672
523401
522607
531234
534221
522396
532782
530194
535160
527119
533508
539714
528056
531992
538333
541982
532988
539789
536585
546857
527298
535087
547703
523080
529903
532467
534497
527555
526150
527407
531099
529467
532651
534538
537491
529482
527918
524490
527350
526616
542240
525726
521724
525861
539574
539116
527684
531952
527376
532047
544965
534039
525161
546726
545319
533387
531213
524010
530901
523131
533309
526411
534743
536865
535742
546427
538995
529697
549587
524523
543366
542334
535840
524482
544833
536462
544869
521961
535316
535095
536028
533660
523412
525793
521142
534914
532738
529954
538648
541834
530783
527870
525248
527897
532757
520955
515168
527842
533348
543374
525145
533235
537028
547736
538027
527978
523873
538668
534576
541754
529751
526328
527439
534677
517229
537474
526264
526638
541104
529451
529872
535007
535737
533644
525111
537277
537230
515887
534517
519815
534074
532286
525083
528911
520347
535865
536470
531183
526225
538322
532224
535644
548632
529117
530454
530680
546736
542960
540849
535369
528703
526176
533062
546994
522952
541674
536847
528479
532422
539762
527844
523453
546239
522930
536438
530839
532455
526101
527644
529984
520205
535822
540391
516147
527457
533670
527711
533051
525531
532597
529326
544982
532605
539642
534452
522261
546026
527126
534524
527506
524694
537161
537006
540683
532300
534151
533823
525234
535708
533226
530759
529170
540729
535229
531096
527138
531043
529501
515064
523963
536116
541999
533379
529289
528447
528750
524093
541534
537902
535152
534024
526726
541376
534449
525779
522008
526117
527778
533004
539262
535048
540405
528863
525578
527486
549008
542923
534079
518095
536762
547365
527998
522030
533589
517944
541065
526478
525177
533292
543340
521326
535978
537018
536065
526156
522742
532290
540758
525549
526673
528355
530907
537469
533850
538056
538949
534846
525528
539275
542528
532858
539448
535902
524825
538502
537229
524431
533328
520006
537284
530453
520152
514244
535825
533101
536023
530729
541955
537881
537379
522684
526006
535923
517462
533435
544146
523386
540934
530138
521427
542268
539635
536044
524227
530305
536471
546918
538702
518452
531824
539768
528628
540190
547540
535796
537675
548895
531063
543757
529465
524508
541164
528635
539360
527367
531114
532209
518145
540663
526221
534025
523882
530677
534337
537855
537292
536553
540557
534718
529407
527962
538823
540286
525059
529208
537965
542275
535176
524594
525973
539274
533178
537386
526882
536052
527638
523495
537602
527814
527897
530742
533572
537689
540532
542172
538124
531803
529903
540313
532886
529676
526133
529974
532845
529602
522514
526079
523780
549897
550078
529547
518554
537321
526138
530003
527878
531780
518266
537414
527914
525925
528543
530609
531465
524995
524279
540320
522733
546498
543526
531619
525674
520788
523815
532085
540627
526527
525584
525587
525800
541196
527899
529631
529594
543531
533955
536099
535756
520498
534365
527387
539228
529673
523100
536818
516996
528950
530373
540940
531412
536311
529019
516729
520365
539712
538002
530435
547005
533369
533055
532116
544189
541247
519572
524377
534062
539395
525190
531935
518766
527741
543874
525331
541061
535672
529776
547129
535158
525029
524763
524360
522118
523616
545852
528345
522257
534639
530811
535525
525679
532291
540571
544652
526034
521950
520158
529881
525109
531435
531108
536662
518139
521399
541462
522030
523029
527556
535661
527261
516215
538380
530133
535447
527466
520149
525132
542291
521990
542197
531079
542775
533004
533594
528293
530659
540683
532994
540195
525147
538287
530464
546734
529251
535027
540956
521175
538561
535840
540027
539468
537915
528830
535016
541595
536765
529224
527122
530725
527679
519599
529067
523243
537246
525842
526642
532793
539389
534829
533302
529512
532063
539003
513969
538148
525265
529335
520523
532461
529235
525721
522572
519184
525387
527870
532517
534608
534846
521292
541795
541773
543131
533115
546111
536787
536014
553415
537788
527814
529412
525551
538904
516884
529490
524154
524511
526990
522549
539500
527318
519944
519153
530588
530473
527856
538022
530971
531206
534519
535138
526719
538732
541947
533602
525394
518697
523332
526231
523793
526796
528381
539884
524155
541157
542167
541506
531150
532711
531272
527071
537203
540146
537196
528072
532768
541217
541323
532422
532854
523428
534419
536585
529270
523759
532965
524770
533204
529562
525842
540277
533208
537706
522308
533161
521614
536506
533625
533925
530582
547557
540124
535122
527315
530804
535103
529697
529337
532036
529055
544613
538282
539728
541134
531440
536528
530823
531363
523621
523688
533705
523513
523931
536082
539771
533309
524904
538723
524080
540029
525430
531136
523157
533797
538897
533328
528575
531562
541506
527739
525486
533456
515170
525208
520011
528647
516825
543071
538012
542404
531082
530856
524535
532446
531308
541991
536455
540912
530410
535901
525876
537277
527293
529975
527423
518368
526949
543574
532690
525888
524870
536310
524967
527827
546005
540053
529025
531365
535734
533066
527914
522878
534740
537015
534012
524048
533551
533772
524955
531168
547679
527582
529164
531868
524293
530631
531585
542269
531734
528585
531367
527016
536893
523577
537929
537446
532213
538078
532374
533334
546472
537119
529779
528226
526274
546397
523516
523361
537541
523450
528145
532685
539735
524887
521046
534362
528714
527391
546050
538664
534206
533065
527626
531522
533632
539970
516469
542341
536196
526255
540316
523109
538085
535536
529479
538764
533041
523848
539479
536672
525155
523065
535506
518332
540111
530587
524243
527175
532863
539478
537855
529107
523398
523454
533221
533290
525744
522529
522126
539734
536983
524644
533780
526747
540446
529808
529814
538680
537888
529719
548799
550845
538058
541636
529160
517545
532501
535955
523071
542649
536732
545760
535667
535608
526432
534230
536220
534747
542517
543739
532419
524987
533708
528973
530174
524652
534503
523879
528989
527155
521785
524922
556973
522264
526145
524256
533973
537595
528006
524869
549029
530205
537022
519550
522848
531261
522155
540385
545259
535792
533920
536562
534753
534660
527700
536957
537051
529711
534346
518355
523637
537092
524614
536123
538623
515380
520274
533818
530485
529038
528134
532069
532243
539022
539390
532629
528176
531744
536059
531489
534148
538240
537892
533264
531152
523851
514573
541998
530010
520228
534864
537279
540117
535392
525424
526627
541464
531894
528144
534255
526679
528238
538157
530730
537235
537543
547372
535473
528251
535574
529600
538665
527060
534846
542932
522404
535502
528611
531063
526282
536957
533498
542842
529166
528775
527881
522490
532127
532787
540612
537816
535867
537138
519744
532575
530352
537479
524712
544960
536125
540862
523155
536568
533562
525521
540143
528914
518138
538268
532899
527074
532074
521832
541877
528690
516324
529859
527878
525417
535110
541106
538024
534325
532851
540833
525494
531495
536598
529552
535608
535034
523279
532981
525851
535243
542751
543539
533190
535264
533395
534386
528412
537761
548726
522579
522373
529083
531834
534867
533349
526373
530487
518331
524279
532829
533187
534255
524162
517623
539421
534310
531917
527857
532353
524592
529684
529195
545056
543960
533695
540513
529203
535230
528004
539772
530419
531995
525184
522656
535618
528674
519168
535535
526195
530457
534805
537467
544724
529140
522415
529339
533342
537875
524542
526046
545060
542690
527036
529953
535165
535524
525608
533176
531229
539407
524212
533426
531164
540264
520618
523542
539095
537622
530468
530266
520768
541938
532414
523655
528513
535628
526777
521604
527449
529549
524219
512256
538202
523310
534177
527455
530781
531831
529009
535701
536879
534015
535581
533801
539201
540912
536272
533066
525600
527559
540276
545285
545580
521859
528492
521434
532917
531782
527182
535158
525095
536473
525717
531281
530302
521947
526077
541596
537523
526204
535515
543635
546563
526532
524986
542652
539992
540446
533278
527776
530303
532849
526298
527319
524329
525193
548481
533594
533951
523757
537894
541851
535760
540602
546745
537155
534639
542147
537629
537287
530969
531252
530494
519392
536903
523342
534038
542540
525416
531106
517476
532687
539791
521943
544455
525604
533993
526469
517167
524093
520562
527465
527566
517972
529112
523556
524361
516909
522614
539946
538509
525716
523010
539952
540014
516656
536762
534320
535340
525625
521550
530796
529879
531004
533624
535259
527012
529472
541204
523282
540252
531827
544242
521914
530707
534348
528529
525439
546639
535716
528927
535446
535711
536044
530380
531989
531973
545702
539509
526269
538861
529311
529114
523625
538395
526649
522503
537880
520877
514938
534285
530908
533195
533141
535364
534586
531461
549503
535000
540175
524919
532006
529135
545673
540477
537740
524208
537369
532467
522018
541314
522399
535269
526977
554663
532690
528433
525259
538357
531749
533990
543069
528204
538519
524862
536029
540174
531168
534321
540496
532296
526814
540585
528131
528818
533764
539691
535710
522606
538719
535724
531668
536949
528078
533615
528610
527133
530725
532616
543197
542734
527521
533998
543283
536399
524378
529992
536663
518265
525596
529523
527256
534426
526116
523820
531268
528806
529588
527273
538070
522926
530855
530570
522076
523361
533597
518590
539748
532146
534784
534893
534612
532810
529404
532084
533749
533742
534695
528708
547572
519322
545284
530037
534593
536528
529332
528694
529960
536759
528106
513045
521414
537675
525173
533940
533495
542765
523520
525164
542356
545560
534015
524087
530649
532233
525773
531938
527117
544141
531937
534046
528564
526131
529738
526297
525451
523332
528138
521707
524222
532461
546823
533202
538321
527907
527119
524003
534017
537147
540761
531919
532479
532972
521510
541092
542716
528117
543868
524816
529503
542082
519063
522828
534242
519976
532823
521632
540985
528090
547057
542563
516251
534553
542489
539709
533666
536258
527711
533677
540284
537681
526645
529538
518765
538786
533775
519356
530506
528306
545186
534198
527243
541499
538452
538575
527301
519526
538556
535551
543315
534055
530553
548992
544016
524072
526824
529467
535428
521935
529991
529587
534464
532001
536014
533276
537149
532843
537507
527324
531216
539129
538538
522264
538210
535169
531413
529789
530588
529153
519814
536628
531154
538468
523273
545267
524619
524503
528584
530462
535282
532472
536531
515932
531288
551400
538967
528488
533925
534604
535115
536316
531318
530547
530051
527099
530673
522155
540399
522391
525295
550091
525973
521413
529487
533358
531445
541602
537195
517942
551676
529658
522741
522262
537001
529309
535069
537594
534036
529484
537975
536956
529406
532453
532008
521883
533885
537265
543062
538838
541906
540156
531248
534956
516327
528528
529811
530565
540119
525502
529789
532346
530605
529821
528876
532625
530840
531687
536274
536942
537472
538202
542093
530948
550556
541742
537452
519286
529726
529915
530179
530767
519826
533726
523939
535038
525853
532370
534307
532928
553051
532080
531605
528219
539837
525477
541265
550188
525241
539394
517656
540585
532553
535599
541841
524240
540904
540824
537045
529816
540693
527025
536233
530443
548346
548992
528217
543304
535593
541639
530314
528780
535706
538670
531667
530853
525135
539980
530801
548541
535489
520567
525333
532942
535102
530773
536130
537735
530505
530204
516923
519693
530176
540793
524709
541650
523989
528561
535459
539752
540326
528768
526260
530708
527815
532964
524064
527658
531784
529066
533135
521161
547400
527807
536846
529844
531341
513874
546037
535582
527219
541894
536816
530628
544314
534363
534481
529667
522800
528549
534062
528513
529647
540420
519005
538238
533505
528927
540049
530952
526844
529115
534681
527028
530042
529594
529760
527690
532764
534155
529709
530794
531794
533393
525604
528584
540678
524900
525046
533956
539939
532724
533779
528831
539936
533216
543778
538195
527839
529798
535084
539476
538255
528368
522320
543481
528290
539781
546001
522232
542546
515764
527224
534078
525211
533587
529052
546852
539670
541748
542843
524572
531076
532084
543272
531240
528231
522590
536588
540175
531407
535440
528265
555369
521247
521501
521638
538372
526962
532753
531363
534967
518235
533384
533107
539197
522801
531339
544344
526818
529354
536771
524787
519403
528992
534851
531351
545131
526960
545996
541953
531547
530875
549898
530043
531191
537529
525378
533408
525108
538819
539097
527003
523119
529509
535721
524241
523867
537314
530952
532982
526198
539954
534948
539619
524024
540302
535878
522560
540220
533450
529889
528842
533398
546664
518820
539536
520197
523112
534910
535866
527627
532624
538501
526975
535118
529493
518703
537112
541622
537036
533665
529572
531353
535922
529155
524770
521643
525704
531948
541876
522259
527773
530415
543507
531933
538445
529230
533317
530397
524896
524805
529666
529577
520767
542008
532249
529603
532814
548741
528685
537631
531355
522515
525333
527423
534064
532847
523667
532226
528531
530701
526706
534733
529765
522757
537200
538647
541653
533670
529091
520225
528339
528560
522986
534293
537348
533909
545346
533632
538702
523209
537028
543016
536726
524773
533431
526487
542596
531686
528939
531042
514250
536267
533077
539443
529032
531041
528669
533407
536062
530327
542226
535973
529691
523062
527836
537804
527977
531747
535062
522651
530323
530338
529735
525617
530472
530344
518004
543110
536911
531344
533487
533217
537457
533275
523133
524086
524008
527464
537526
542836
530613
528932
533644
533140
530230
527465
527397
525411
543817
532918
537092
534682
519674
548374
531172
533805
526254
523118
526718
526098
524785
542551
532764
528391
531043
536212
527938
522309
525395
538636
525296
537263
556258
545365
522063
533707
535898
524229
528454
530012
539259
524882
530479
526028
527164
533244
511581
534292
540351
528491
540005
526477
525607
540312
515843
517817
529629
531941
522551
527020
525920
527058
543432
528614
538050
530749
519616
528143
525289
519046
527116
533570
519891
525251
529831
519633
530940
542992
527715
539226
530776
537415
537250
513712
533433
527125
517241
523309
525430
538443
543055
530317
522827
527712
534281
535581
536082
525916
528742
537857
545429
522045
527467
534765
531091
527675
533594
518699
519859
531952
525558
522918
540338
534217
524796
522983
535939
537116
531322
529535
523625
543735
528067
547233
528783
548470
538249
531561
528509
530703
529403
544742
542723
540833
530398
532409
532704
523380
523960
531360
532043
526467
530425
534508
534550
536890
528393
513742
533609
515275
535033
533672
524604
519873
530167
526481
520307
518215
540441
530038
533082
523995
527948
532519
541082
526016
538882
526062
535579
542157
523600
522763
534189
543485
527929
535979
534920
535203
539538
530653
538693
525087
526240
532823
523956
537492
531718
529070
521688
528989
528250
521832
529329
552002
536158
527630
533979
523399
529870
525449
553399
533637
522278
540238
526421
533599
529715
534955
528702
539189
520502
526567
523069
532786
531688
526275
542913
535515
520736
514050
542098
534696
523449
544258
545466
531285
534999
528460
539386
530853
525591
530883
535420
523832
541836
536647
526633
534114
534938
535408
533345
527092
539340
530236
531249
532594
525922
543753
532375
531594
529167
543455
535935
530277
530375
536099
528849
520260
548548
526491
522284
535687
526504
534538
537036
539624
519344
525392
534476
523189
531636
516537
531675
530698
527758
531523
530642
528797
513338
525149
525866
513747
529392
523485
542200
529175
532039
527102
536855
530157
525850
539187
530803
530418
523369
523539
530376
534791
550553
541065
547030
530598
535390
539704
533882
521800
534641
546812
535089
518093
522969
524710
543956
527726
537089
533537
531438
531847
542667
520752
536132
526529
518247
523678
521955
535192
534824
524913
518524
522597
542737
526276
539117
544454
537912
534624
530266
523380
541929
529551
540033
526547
526281
518338
530876
529222
552313
531549
531342
525404
533016
554133
524773
534391
524768
529207
535295
524499
542926
529811
539608
542446
527524
540820
529954
528398
527940
535704
524535
535930
525350
531613
528999
518450
530602
518118
544632
533482
527204
532575
533191
532735
533668
532642
518645
536724
520354
533159
534297
548070
522140
533283
527220
555263
537747
552866
532209
523048
532986
537264
530576
541218
523542
532249
522900
532643
535097
537314
549486
527153
536759
525310
527579
525363
534241
532008
528368
524639
528386
526873
519996
544868
539963
522489
530351
538015
528202
532592
526679
540136
517973
530383
528783
528742
532611
543247
534012
529824
552544
534832
528689
534288
530498
528711
536270
527242
536212
538815
526711
527926
529636
536987
535526
534697
524086
523843
528706
532765
532974
522458
522607
525660
536233
529431
547735
523695
533556
536282
535921
543557
531267
525193
533585
531274
546918
532657
532226
543820
534443
528021
521315
524527
533267
541581
532137
529658
525827
525479
535778
529647
548226
531178
527508
525927
533580
532012
521684
533585
533310
528217
530658
519410
532601
532378
534822
540008
541201
527422
529603
536335
524819
531961
539069
529481
520805
531858
532648
532837
529016
535639
528376
530544
533557
540685
530265
537149
535263
526338
542260
531403
543392
548060
526627
541108
527989
526663
536042
527564
532964
525050
536672
530839
527638
541202
540196
527031
524941
525305
523306
541635
515907
545050
534225
537388
532427
529266
539027
537339
537350
527265
527998
535129
531175
523270
532015
526473
534129
533513
539869
518930
528970
524888
532497
523777
533616
528746
530726
531102
532637
525519
532691
532505
533374
547133
529390
538517
536238
526688
524926
538316
536820
527914
521222
537618
535899
536809
532519
534369
541859
532139
514917
528007
535700
524749
530894
528079
522731
523508
532603
545504
538651
537171
531384
527702
521292
542723
533036
520673
540683
522294
522430
537030
523943
531853
533881
523648
522058
536511
523277
538580
533663
529351
524220
534925
542479
528365
531503
530252
531747
533823
530339
539164
534124
519364
530699
535947
531178
534015
524510
519685
518282
539980
524425
528754
546535
541763
527031
522130
522325
526549
521105
521963
524488
532785
541560
527475
523475
530348
531307
531582
513872
527980
529610
526847
542724
534937
530482
533695
528061
542990
542959
532616
529905
522258
534987
541526
542757
527636
541678
526066
531735
539362
521916
534301
530834
524848
534701
537731
535324
527691
525284
531550
523856
524692
534361
522343
537957
531352
530446
544503
534882
519307
543181
531068
522165
535038
535921
515254
546292
522429
518105
530610
525039
527097
528194
536000
528627
528698
526492
524041
539527
531326
537175
527137
519574
532243
539477
521393
534768
534767
548940
524815
527266
530463
520648
525875
529528
536868
535885
539184
528189
542880
532088
540339
525010
535715
530338
537535
525159
526177
536851
534626
533135
533433
520465
530417
532411
533939
531274
529893
529239
529925
537517
526120
518203
533045
543618
529293
530134
525729
539331
523901
528739
529478
535413
530953
522863
540721
537870
537477
526388
523344
523689
530482
518705
543761
533814
528861
531498
523828
528615
541976
526733
528178
525186
533669
526990
533612
530082
531112
531062
530264
531650
524455
537118
532739
532115
544953
535634
529864
528470
526289
537134
526335
521399
526789
533648
530530
533768
520315
533310
527644
531157
534408
537085
538168
526992
530417
532176
538439
541583
520452
539889
540787
522595
537928
556931
527255
532953
526872
527289
540368
531446
531307
522732
528083
541196
521887
528768
536813
530853
533267
529399
527265
544591
523781
536230
527269
543915
542555
530883
534009
534676
538949
533874
546405
536406
538018
527200
523109
538285
518850
519391
525070
532375
533630
523398
526642
525806
529375
535899
535591
539202
528471
533525
521066
517573
531276
530730
528894
532457
527701
532486
524138
551133
525803
536093
525633
528799
523276
526925
516970
533845
520313
535069
533006
539186
526893
533612
522183
525637
546628
527587
536672
531526
524739
531916
520067
532975
536950
537493
540302
524697
540795
535563
526090
531073
530714
535638
524282
529453
538132
535893
513590
527929
526714
538473
529598
529328
533013
533248
537809
540286
532794
525061
546262
534828
527459
532149
520656
525021
526832
540265
534329
540156
530108
520876
534009
534654
524191
522519
530596
524044
522898
530669
531919
534978
534313
526202
528613
533215
536578
539645
534150
526501
529631
539828
527708
539107
521315
536967
536122
527806
525209
528447
526760
540188
535931
533200
533795
531080
530121
544358
543070
538105
544005
539841
533668
538118
519246
527618
521338
530145
530247
537682
525453
530649
533264
530017
552825
530564
536829
515501
532458
535641
537867
536952
525160
541583
541609
528483
533866
540079
542981
529670
513535
527651
526831
543830
535265
529761
529785
524060
537905
531663
519866
535488
527296
527677
529855
525772
528943
524146
525994
535357
529666
528527
531213
529302
537682
527853
524921
532407
547005
526562
531748
522998
528034
538015
535781
529016
534801
529538
521047
535330
530190
541470
528241
535116
546754
525814
531340
538735
528046
536561
533340
526741
535160
536817
531747
526606
531590
541694
533752
541521
522825
529491
537375
534446
537293
526505
537230
524970
534787
528005
529307
539910
520492
530796
525273
537442
531152
525202
526771
524127
530230
537298
526724
532763
534540
532745
531683
533724
519309
529031
536194
524907
525676
530433
539839
531985
521252
528036
527812
522377
529326
538673
543297
537638
542773
540778
543281
531033
535014
517272
528316
544036
517800
538196
531137
546031
528436
542968
525371
519615
528708
527700
522771
512607
533271
536893
534596
535072
546927
525646
524313
531201
529247
532930
531045
539741
528679
522113
533560
529337
533250
534951
525218
522330
538608
524328
527750
532311
528436
533199
522786
537825
531178
525661
535641
539751
528871
525913
522977
526369
522889
531184
536345
529360
523264
526852
528538
541148
531254
535601
548898
529068
528123
519950
543766
529094
516580
535427
525500
548495
541756
530212
533238
543135
534221
522787
535316
526642
533071
524949
542002
524963
535383
526365
536129
531709
538193
528501
529876
527837
530817
548509
531727
533966
540101
520574
532385
536496
543625
526651
531564
527461
532777
526757
525560
526599
530476
534024
545773
540260
531744
533691
543849
541133
521699
535285
534239
522958
518365
526099
546341
531032
540016
521563
522950
540988
527683
523683
542159
524626
525006
538198
532458
524293
534259
531861
531260
529179
534557
530263
521287
538890
539063
526999
524815
530735
532728
545839
523117
543264
525750
525629
527152
532926
539194
533970
533620
536454
523486
530411
531536
532439
530520
533156
526016
532414
535987
524683
536455
527509
527386
531486
523104
542716
519799
522465
530043
535954
526459
520056
531229
531872
545285
532570
522872
533643
517831
532936
549957
540696
534755
531572
539297
523775
531627
521144
532499
521812
533382
534136
527353
534533
530281
537289
540102
529347
521786
525918
536352
525846
532199
536953
520266
521170
539511
524963
537928
528802
532509
542987
529196
527884
522730
525080
545354
530845
529639
529235
516153
538037
533280
522458
537202
526305
537968
534900
536953
536474
542457
538920
521133
525822
523026
526926
538372
520230
540837
528247
536193
532460
527874
525298
548348
529929
529338
537394
533660
534631
536241
534697
528059
526989
530044
532333
543578
534490
538825
515896
527570
523734
533412
537992
534253
533966
522804
533568
539586
536105
527823
532608
532784
528778
534820
532383
524133
549456
536160
533883
542061
533213
521800
533702
534910
513635
518271
538976
535285
532347
522208
522993
528305
545292
526887
537747
537660
532358
522022
528158
536100
518518
542748
532265
519881
531551
539932
540750
529029
519907
537945
524186
525704
526496
531087
528639
521237
513202
538599
531945
523290
524717
532174
529459
538558
528460
542595
529187
522713
535749
528100
545040
523437
533776
534761
528748
528913
541223
530619
540089
521339
531279
530934
519742
529768
535719
530480
533666
529408
534443
532855
524362
534090
524375
520576
529092
535290
533225
538992
524932
534864
536305
537286
534656
538623
551483
528140
524521
529693
527951
519365
516650
521167
538619
534085
539579
532317
540157
529297
530491
529505
531978
526835
517641
532588
523583
539635
526231
535316
541556
526278
525835
540904
517659
540592
533529
545683
529854
545183
544402
526243
521043
526327
521669
536494
538272
526290
532718
534887
524914
525568
529552
536915
544300
531548
539229
515873
531766
518290
534430
522677
519672
542352
529553
547943
538949
547499
542381
521038
532983
526930
524160
528130
532286
520832
532212
539708
527337
524011
530851
531998
535502
531523
538651
526541
529814
526217
534291
524938
534780
527798
530560
541159
536689
539241
530506
538089
522920
541477
524947
524446
537607
536177
528162
543047
538444
522783
538900
539943
539673
530068
532519
526211
537863
519375
533910
528944
542066
539568
532456
530027
517925
528092
526767
538494
537602
526790
530229
533461
542062
538196
531745
531550
537665
530943
526213
540580
531565
531954
538086
528795
529116
539416
524526
528151
535048
547991
549209
527415
531680
535980
540006
521314
530184
529560
537842
530200
536822
531843
534147
536356
524119
537783
522128
527145
534690
548727
530163
519566
541134
539923
537453
530791
529390
535367
534255
526479
529532
529841
542614
529255
538197
544125
539829
542124
540698
539567
530106
536552
534152
524549
521042
537143
539190
541857
537560
528981
516166
543737
537760
541501
527132
534080
525410
542649
531931
525131
537424
528549
535190
531404
531757
524982
522014
526997
526006
534067
515007
531409
538356
537098
533840
531892
524229
527948
532876
530651
520983
540514
548170
522517
533447
533749
533508
530346
525475
522757
524010
513338
540119
522366
529088
537362
523840
535065
522665
536954
520926
530952
529478
541256
524171
539710
531947
531660
533057
519453
537299
541887
534310
543452
537564
533673
539382
532199
537712
536091
534676
531239
526251
533954
538088
535919
522970
534511
538494
530113
531692
528245
529414
536490
526813
534530
530484
530965
534277
543128
534159
541257
539681
527724
545958
520822
530541
530161
519434
543066
527946
532777
524920
527612
534048
533279
528684
539991
522173
538586
524474
540777
533281
521717
530785
538570
525120
538849
528605
520707
529431
528643
537176
521257
523705
534563
528432
538517
540543
543547
516509
531837
534168
522489
538730
523093
530944
537666
531341
536179
522405
537281
522167
532715
541586
532809
532008
536848
537293
520634
531636
525736
537394
552447
539658
518430
530450
521799
525771
540053
523591
527819
529923
533906
526392
545257
540991
540421
536338
518331
527394
524833
536679
517809
531123
532737
519391
526099
529419
533776
524889
514399
555282
533644
517292
533655
528429
538720
530257
524713
524750
526302
533365
546238
525920
527113
517125
535372
527353
537752
543894
525882
535421
541875
534103
528362
530668
525090
535270
545706
533857
533121
533518
539916
549591
529168
536743
533440
510754
539954
531122
528345
525949
527320
532854
535102
517689
541754
539308
536865
524044
535517
539280
536299
526688
535091
540667
528338
532704
530977
527041
542802
518206
525253
531345
538779
525543
537712
509057
521608
550103
526446
528697
540987
528141
533541
526728
533165
522155
525000
535281
532016
531472
538293
534134
528486
519020
544512
521544
543294
520520
516908
542089
527093
524750
536734
531827
535822
545030
543979
531309
525414
532187
524070
538882
522272
527665
527712
524195
533255
524991
531191
526804
533650
539073
536291
533369
536160
528916
527933
526979
537599
547369
527357
532113
541457
536814
531034
527246
528474
533116
532512
544855
520774
531783
520530
535982
532996
534577
521177
528028
531020
528709
513001
528492
531989
521695
532372
534067
514033
534515
531607
542024
526164
529114
534819
534719
531035
517685
524001
537684
540832
527285
528855
528026
530789
543864
535987
537360
528456
534357
537111
529697
521558
522024
543190
527359
528075
535881
546179
534634
531967
524610
538017
533230
537033
541574
535409
537024
527578
521796
526686
523830
529905
526120
522665
518596
538344
521366
538729
519092
530283
526125
528706
535263
529017
527223
550408
530297
533305
538613
538197
533689
531333
534332
535726
535966
544723
539993
524597
529876
531597
528243
537113
533165
538578
534481
540262
529495
526226
540552
531695
525161
522960
535083
533740
527051
546306
530773
527628
549662
539058
532451
521597
537866
542467
540103
531173
531745
525284
541919
538919
527575
541211
530892
525354
527664
548120
534017
539735
542298
529036
537740
517298
531886
529092
548661
525951
540931
534052
542187
532020
537131
524661
540365
529817
540449
527020
539318
520797
535393
528626
524156
525351
525393
526203
520511
537369
538293
544199
534225
515590
521591
533384
526776
530516
529091
532781
531306
525540
545039
523208
537348
528206
536658
523355
533111
528396
531203
532793
522200
532035
524719
527948
530421
547100
529642
520179
523045
551214
530432
520913
533797
522779
546513
526389
524553
543882
532675
515049
534134
532190
527796
535660
539788
528573
526429
528774
533775
525570
528183
530529
517977
532058
533512
535579
529602
522279
532872
537196
542717
542708
539711
527143
531444
531261
533384
536904
527916
532357
540848
534266
539970
526995
532867
531772
536238
536157
548655
525431
529545
541309
526163
532420
527334
524729
536730
527461
526398
530809
532295
522617
540950
534023
521295
530128
524550
535953
535686
526012
524287
535092
528132
532049
537429
517441
531015
522340
521601
526045
529368
527048
537871
539041
534149
539443
547477
524465
536779
546796
517010
538636
540489
549327
533610
528924
532607
537857
542997
544804
528310
530667
537818
526769
536305
518356
542129
530292
523109
529360
520758
547917
531371
528240
533421
532591
527791
532335
521618
538980
526572
517677
545566
525431
526702
541083
529087
518156
518398
534431
539009
517702
535171
536279
534021
531012
526655
534147
531515
521650
534124
518562
532743
541601
532772
533915
531719
535855
532451
524045
526664
527908
525031
516349
527204
531392
541695
520808
544474
529207
524226
523392
542972
522461
526395
526421
542652
530277
530923
530777
527715
531928
535750
531275
527032
536317
524824
527934
535408
527424
525084
525042
529117
528032
548544
529618
543614
540607
532469
529707
529085
532541
545072
525217
523372
523728
526364
531405
528105
529570
531719
533144
534320
543514
534486
537554
521856
532346
528574
538115
529715
530874
530328
534684
524038
535863
524355
536494
526708
519561
544077
540332
536619
539097
532649
522724
537068
527379
531880
538086
537875
540136
530390
530965
529533
531105
515727
523026
532747
537797
536959
536239
531106
528202
541654
526443
519330
528155
532448
530208
526817
535765
533299
539047
538261
533833
521985
536149
536075
521640
520086
530599
535177
531058
539828
526429
533690
521395
529995
535730
524100
534726
533200
534226
515255
526858
528340
528592
525152
534025
530523
539546
532272
531502
529043
531162
533112
528221
516113
529620
539670
542260
529942
534896
526504
524550
538424
532080
530640
541010
526006
536957
527718
535062
523677
546924
529814
531049
527086
531200
527555
523921
532530
531977
527422
522010
532159
527346
515327
538175
531075
543539
537292
534436
524780
521796
525455
529125
532476
524721
532514
528723
524429
538940
522065
518336
530422
543336
542562
530396
532341
527451
537957
527805
520005
535750
520832
538867
542872
544123
523324
529911
534352
525286
526621
529899
531101
546174
539937
532565
538432
535656
526759
534873
537749
548153
543418
535432
544979
533151
519039
541188
538241
535051
536544
537755
536974
526123
524546
523754
528962
530195
520368
543756
540672
523707
538747
539426
536993
535741
527682
526327
521952
533772
528327
527185
534533
549120
550609
542461
531618
527800
538225
531890
542304
545233
523467
529589
530817
526704
522125
518007
521955
538090
530613
522465
536316
532603
532259
525781
528485
523136
520445
536128
520627
540313
521403
527621
530925
524975
520461
527514
543843
528030
529589
530410
543943
536289
532039
532854
539513
528309
527902
540978
540485
531657
524558
528054
522245
527024
528252
544403
522441
542873
527058
545560
529266
522961
530516
522597
533136
526619
541901
546665
540508
536583
531198
523126
525039
542481
537170
522435
538244
548883
553968
520080
527221
510605
525235
532498
533817
528222
524616
532582
527577
522645
524512
542277
534487
532658
524171
542316
541226
523918
533074
532170
529544
523523
539537
537496
545380
535580
528059
537722
530260
539596
542297
537395
525504
526314
525770
528219
530844
524950
533068
526205
528528
532283
534009
537006
539182
534821
545600
555866
529824
533548
538805
520258
516197
528458
547402
538602
520195
532866
531295
541438
517413
526751
532203
530214
532813
537890
525405
520635
536080
538499
538434
529331
536678
535101
527469
531818
539993
541525
521378
525448
529639
518213
522712
536055
533942
529028
518575
530685
527958
531460
524533
539571
536055
543893
525992
522725
543151
530327
531848
531503
536954
539993
532304
535782
536944
547361
531630
526707
523877
525476
542509
536299
515320
529462
543815
536360
527853
527639
515547
525534
537074
538310
536272
531943
533916
520749
541679
531672
533528
530801
533980
529164
524711
527881
520609
529548
532199
548659
541046
535190
534841
529898
528224
531497
533038
540561
533386
520572
522566
532927
527523
523698
539127
536109
531219
526458
533782
529529
542212
531116
545117
525416
535344
533717
539323
534819
531250
533721
531097
527818
533757
522461
551621
536731
528339
528858
531626
533628
534753
526554
528561
535658
534314
531713
526762
527135
521655
538834
524382
535946
524126
523493
528087
531743
522253
529779
530462
526609
521175
541576
532278
532999
527969
534707
534540
521402
517901
530849
554300
527607
526819
546508
529109
525970
524534
529333
534644
523722
527830
537746
549908
523708
529576
524061
521405
537891
528775
523208
540781
528801
549120
517842
531681
536938
543544
527101
533260
537593
526853
529673
533274
530349
537692
518801
527880
517838
527289
535523
537610
525542
510524
543624
536154
528419
525090
540560
527648
529628
526457
528652
551980
532227
533941
541736
527165
534711
524958
530060
524243
536035
535092
525258
526125
527393
540932
534253
539085
532348
528551
530647
529835
519078
533571
533644
536705
521765
542426
533378
535915
534271
536752
527041
543751
518523
541831
531956
539424
534494
541179
516279
522053
534016
527898
531610
537558
531560
532318
550817
540578
517608
527696
533794
526121
540282
533973
544621
538240
525514
528161
535668
526891
554059
543217
525622
524325
536535
522095
542438
523794
529977
547724
543436
530353
528481
525720
531259
534679
527837
530426
534020
532054
534490
542439
520414
539605
537637
530133
523012
545930
532719
531577
525786
530460
534757
528808
526650
533364
530639
537814
538697
519715
527282
523422
537494
531436
536792
522868
528792
525497
544381
520362
531948
533108
535312
532125
532373
523798
522758
540911
538163
535749
528179
530626
535115
530743
518457
536998
524212
536116
524777
521132
530026
531911
525983
529716
522243
532078
517487
529269
534646
525409
534782
522687
537394
532099
538325
532790
544779
539063
524745
534989
530178
534825
530452
533071
547987
538520
512533
542677
534207
548403
534910
518345
525559
523850
535541
542880
539634
532073
542904
524798
533275
541632
533159
533095
535844
528108
526068
527270
534700
532167
547757
528322
540305
527082
534829
521128
539952
539826
529317
535107
535348
520929
523864
536694
514115
520388
528417
536731
526307
526386
527003
531412
528251
531629
527371
532151
526800
520840
519865
527952
530647
551195
528005
518245
519957
534068
529319
541398
540101
534610
523549
530499
531008
544876
536226
533922
524766
530431
529850
532482
516295
533297
525445
543177
527837
537818
535199
529797
529404
523748
530905
524883
531805
534195
521687
523868
534033
528558
530690
529001
538451
527827
531900
535617
534883
526629
550321
554451
551975
528732
533476
535520
525711
525624
526931
524926
534776
528946
546045
537039
529700
529834
536532
516265
520923
521837
523751
529057
538076
536981
523668
535689
528367
535728
542654
516029
537245
517516
537900
548275
531666
539667
540434
531616
530791
529509
523776
520685
543886
526310
524483
535883
538266
523974
529686
528167
528055
545411
540235
533006
518566
540788
525726
535858
523119
536632
530743
540517
521836
536502
541166
524690
536452
520289
535630
538499
553473
531588
539317
539478
531348
529255
533786
534616
536349
536777
524983
549514
534480
517768
535855
544356
535747
529555
525693
526449
542124
524986
527007
537289
521999
546170
527471
522652
526703
528154
537187
537339
527646
541571
526555
533736
522023
521772
529102
527982
529661
529212
529333
538468
530671
528448
541751
521706
524354
537145
533199
538291
530408
538791
532660
540879
531401
529891
536614
535308
529758
531958
530153
530411
532396
533098
537236
521897
520472
520994
529622
533932
528713
527627
540970
528378
531169
534951
518893
520338
551928
539963
537016
539771
535482
527893
528805
523144
547792
535496
536282
531117
539687
525080
524892
523911
523473
526025
531565
529668
535055
532375
536749
531567
530803
532698
529841
528820
541072
524188
516232
529215
534295
540296
531890
531155
530739
533774
526874
534177
533275
533002
529792
527647
532853
536150
514258
519108
537053
528718
525654
536932
534471
529308
527100
528588
522994
526465
525251
539942
536237
536560
540599
540204
533008
541626
528144
523052
521144
530443
540726
544056
519771
538348
541698
524073
529495
517533
539835
536240
523695
540397
544471
530192
528672
524936
529753
528888
543358
531453
537573
537485
537309
528411
530763
543974
530928
519847
521195
521839
520580
526474
543693
532847
542545
531255
531827
523579
534878
552296
538274
546763
539141
512726
534726
531843
533664
535935
526925
532824
544398
529104
527870
537646
533612
524214
532091
539274
515453
528632
539983
526111
530777
523353
516859
528086
524156
535933
542318
528848
525896
530454
523208
529602
532704
541290
532347
535950
523769
521579
542756
527261
527954
534964
525760
536922
530484
532859
537676
533184
536717
549456
529759
538602
531438
536466
526686
544626
535148
538023
518270
542162
540525
540697
544153
524190
529668
531368
526412
536740
525438
525883
539183
520163
536158
537704
537939
524081
541243
536327
534486
529233
537982
527550
543639
535013
533839
530762
535062
534540
528688
529147
539747
530847
534884
530508
530823
535578
536209
536304
537438
523859
523810
539578
540674
532925
516394
530404
521120
529309
538883
542492
531930
534706
541713
522558
530055
531904
527954
523328
547627
530198
532778
536393
516248
531210
536697
534797
522895
538775
541100
531606
535267
529006
526052
543056
537459
517401
530638
534142
539759
520398
526108
526662
536126
528755
535488
551780
527770
540995
527428
521251
530362
529924
539637
528017
533068
528517
540260
532641
530795
533115
543281
524637
536089
539246
541701
534783
537569
523048
516477
534475
523166
535929
538252
522140
533692
534867
546322
538154
540975
527912
531444
527205
518819
533296
539639
521870
530786
529785
537750
529722
522338
537104
533367
534282
534509
533640
542446
536010
543675
541502
542126
530489
528769
531941
537907
530193
538076
531986
541156
535409
520587
524368
537952
515804
532809
515415
526224
554744
539772
547212
523299
534372
525538
538661
534163
536846
524536
526312
536476
527669
515536
539320
529165
524712
522216
527678
530964
526735
531868
533775
529998
526442
528328
537279
525991
530350
527754
530103
515084
532408
548143
534138
533979
542943
550129
531968
547160
534919
523421
528944
531143
524808
518744
539028
525434
546526
532672
519339
528484
531949
520956
537441
533605
527943
538525
535807
534875
533121
531438
532168
533318
539839
549419
534784
531595
530304
523275
531808
542231
530725
531985
537421
531386
531327
540220
529472
525642
535281
524621
518770
528149
532481
529817
537006
541487
521863
533794
539820
532416
537574
533518
531601
538732
529644
539586
528160
522713
515137
537330
527118
525857
524603
541857
528815
530876
535655
531360
530485
536700
527271
540145
523674
522795
537991
538163
518907
538550
537041
528970
522134
529429
521217
526899
523931
530032
531575
537018
535431
539263
533548
533433
529432
526808
532072
533105
542532
527886
515294
526436
531660
535873
535077
522592
531870
537047
535972
542785
532036
528253
532496
522471
552923
523156
535995
538430
534905
530220
536808
546671
547892
520874
527451
520983
527301
528958
531107
537169
544566
542850
537937
539359
541466
537583
525038
544267
532452
521246
525682
519482
540849
525384
540378
539118
532615
537664
542119
518732
534772
530821
529291
533906
522079
527073
535783
525603
543326
534778
533992
532322
526186
532485
521475
526636
529989
533125
536592
539341
520984
547264
529663
535998
527145
525137
540180
537219
534877
535951
520138
548398
535419
538225
548869
523697
526199
533993
528835
541159
539179
530923
533195
524624
536343
525639
523856
527352
515928
518216
543158
530982
521637
534593
533093
529497
535428
523819
536059
525583
536639
521767
532121
528442
527793
536800
531358
542330
540551
528955
535742
530348
541783
544153
531357
525791
535559
538020
534714
530988
542361
518314
530217
524255
544590
531781
522720
531999
525412
543595
533163
533225
529475
535947
528533
532933
538128
526567
532568
536476
527546
533435
548209
526771
521145
528358
528942
526883
544836
523702
536623
512911
538202
536939
524381
534843
530017
527866
535452
529210
535730
530218
541738
526520
535874
536948
541157
527573
539570
538408
532995
538953
523102
532793
524379
545271
534561
524571
542652
531737
532773
535769
535033
519779
524834
526838
526075
526705
538046
524932
524513
546866
530471
537633
526322
532233
523293
531211
528302
529380
532137
520273
544251
530890
521800
531442
541823
545065
533239
535125
520368
539033
537374
539051
531598
525732
525917
527049
520679
538664
524868
541659
527814
525770
535450
523951
534801
530981
507319
553835
526137
530174
540348
526080
542691
539279
526835
528079
529543
545330
545124
531926
522887
530428
527968
528083
544789
528799
542777
546214
532246
544589
539252
532068
533612
546464
554032
533175
547312
532415
549062
532987
521361
528532
525476
534558
532600
524099
522021
519090
534400
523068
540010
531490
533642
539521
532581
527709
533510
527151
514371
519135
522187
530935
533567
534394
534827
527318
514470
535694
525460
533756
521909
546030
533824
537066
534090
528466
529126
532002
520513
528265
531466
530730
524137
536342
522378
527653
535779
537813
523991
523837
523788
526568
524885
534460
539344
537402
535927
521938
526573
533752
529425
536657
515261
539793
525820
532978
524233
531084
532868
520230
534696
538381
543345
545407
522203
535403
524942
532517
542073
533355
536175
528218
514023
531203
521463
527263
518015
529299
534987
541373
520901
542851
531492
535468
537516
544201
536892
535211
524972
535361
539044
519700
529328
526093
524642
528697
534514
532743
518044
529558
526032
519361
537723
526874
532582
530123
526411
525462
543501
534801
525351
540005
524935
525173
522669
530231
528433
534799
521571
545593
528470
544616
523749
539494
531807
523776
541790
539885
549995
529102
528168
527500
527739
524843
542419
535469
526808
516951
530810
531061
541398
542645
542893
532196
531040
526388
529465
518281
541590
522470
532418
544091
528197
524397
532942
532775
541409
541064
541322
557178
534424
529054
539379
532630
531744
526497
524688
526185
537345
523430
523262
529642
530164
533130
533004
547124
526328
536570
539993
527891
543019
534889
535192
531136
533171
530662
542086
527966
522311
526281
527436
526831
539301
533686
524662
539208
526274
526869
524371
535564
531025
527734
536425
518678
543601
541890
530779
534546
559817
540342
533530
529438
532605
540175
540581
528863
538929
547424
534177
533532
531652
549946
528504
538730
522649
537988
537030
532590
533982
529287
539473
539545
526549
527129
540318
535566
545022
525806
525879
533875
521171
532811
531095
537758
532716
526762
534604
534693
524662
532674
527748
538215
546239
526945
530571
518472
540407
533900
532690
533246
526428
530788
529432
534963
533119
526611
542440
529567
538634
543056
541114
520911
520522
528664
526479
534376
532174
531451
530355
542955
518463
547857
525074
530753
541802
536259
538958
524389
525010
533332
533049
528129
533619
527078
534435
536760
526615
531288
530162
525819
532046
547264
538438
528063
531764
538913
536637
521072
532041
541222
530620
534575
534446
531387
539332
523400
544177
538006
532510
528612
534228
532108
530406
529294
523635
548709
531745
537934
517402
525925
540844
532653
528701
538829
533897
539898
526808
529353
527986
533926
534144
530972
536531
524440
527574
537593
532453
538093
545182
528151
528723
520488
534616
533378
536910
535346
527919
532436
543001
531113
525139
531165
534070
522067
534662
527491
534529
528665
535028
525776
525972
516490
537671
538700
534115
538608
548664
538153
531479
534792
534220
535457
520121
535530
518585
545297
543960
533593
530083
525006
537390
525090
548928
540751
528014
532527
536379
543010
527235
529624
539796
530588
523974
529864
521950
532449
535809
530821
527078
545019
533106
536510
531046
537481
538332
521928
538517
527260
528466
536347
528233
531500
526373
542158
522726
526339
523715
528594
545235
524148
526255
529519
538465
520673
537735
531870
528197
524820
533014
530991
531406
526884
546070
522682
520369
538534
545277
537050
534812
545333
523999
521522
529146
538311
542634
540119
512827
528818
533796
537924
534324
533230
528145
527992
521800
532473
546976
535038
524723
544472
535163
522348
535398
510244
537451
521642
542131
540451
528723
526295
529547
522546
535060
515135
541128
531494
544448
531955
534034
538489
528900
540514
525063
529868
535805
530106
532274
538190
531369
537206
542345
535379
542281
543473
528619
527153
537191
526487
522448
540138
541916
536144
528121
544062
520376
531505
526656
529285
534069
524244
527262
543644
530231
538038
528259
523278
524599
534389
539832
524749
533574
522255
532056
524258
538934
528767
525051
527919
541370
526103
533594
533099
530821
529118
527811
528745
527774
532027
530413
531782
535564
515206
525722
529591
530420
530723
522372
539598
544366
531300
525936
535496
534042
514051
537468
530136
542746
523029
523749
528778
531484
534245
529066
534537
533073
538648
539265
524918
534738
533092
521646
539406
537512
527133
539847
530847
526478
538282
540544
527455
526176
522867
530558
534706
545383
540246
536290
528227
525662
520357
535706
525268
523784
527883
525097
531127
540923
535891
536390
536726
537706
525324
527040
537185
517439
541765
540593
520749
535978
527153
538736
529748
538201
528726
522886
540949
530493
517981
545370
523334
548219
520043
531184
530987
534307
535069
549981
535916
536776
525180
530314
533622
533745
525173
527988
532071
518700
520876
529672
526516
522535
535897
538242
535918
544975
539634
533397
539381
525167
543384
540869
529762
523700
529157
533328
533592
521856
532123
526008
526617
526590
529465
535831
529123
530494
538115
527278
530820
530542
520002
534034
523260
548146
530301
537396
530912
528270
535110
537530
528780
532978
534154
527545
533078
528181
536979
534806
532052
536512
525103
531518
542078
533204
545662
540132
522046
531750
523571
539295
540676
528193
528082
545423
533269
528544
542572
536859
547292
536028
540901
524597
531671
534120
534661
535055
531925
531291
524443
532253
536141
535033
527642
532119
524533
537130
520658
521485
519281
529210
526922
554410
549569
535714
521063
531352
530397
532002
522052
521874
541958
540926
529769
523831
530955
550457
532181
537739
525847
526854
534364
536668
527017
530679
518372
525657
533625
521025
523595
535013
538871
533388
539239
535561
526033
523817
528362
536261
529368
526180
525612
531050
527013
538654
531586
534968
516390
545800
541573
525173
533063
529789
535108
540571
525621
533885
534003
524817
531234
523563
542230
522905
539743
547158
535650
518769
523462
543679
537221
546320
526002
521370
533223
533616
523530
520863
545167
535192
525732
530584
540019
525146
533848
540351
533529
536862
549432
539943
531574
524321
516714
527219
524128
535480
539448
530768
533916
529524
530955
532973
520104
533001
530093
533385
533668
534322
526930
536364
528433
539391
532621
538686
524188
531782
531806
532649
525535
534570
539209
535519
536675
529463
533720
539111
542287
522939
535816
528554
528003
538546
529625
538701
525500
547917
536987
526775
546676
535361
545804
516000
541847
554900
525380
543281
545037
534594
532722
544470
532121
526356
519020
522041
520731
540815
539010
532423
536411
528596
536536
535143
539590
527683
525613
530908
536291
534635
525996
525890
544183
533955
537512
531622
534965
534190
529319
537498
530881
534372
533154
515996
520094
527244
524797
533391
529406
521549
533954
528092
535271
527485
525880
533060
537912
523332
539706
545410
543267
525100
549949
529928
521940
524053
524424
530630
545791
531909
546193
527940
524134
536459
528379
532265
531367
523853
532749
528160
528579
529532
537168
542667
535524
538681
525520
528385
536096
538306
529667
532128
527993
525984
522977
537723
518021
525692
534407
544302
523407
519208
536062
538282
529015
542669
534494
530021
543135
521850
528963
536492
529656
524901
530881
519600
524139
544178
531587
528834
540180
539846
535113
535867
530990
525752
531642
529485
535362
535808
540854
541668
528227
525447
530477
531457
523552
533814
534181
525810
531221
519957
550453
534864
533478
533149
524696
535351
530379
529726
521180
528590
524465
541469
525862
519262
540829
537308
538635
529358
534154
521252
528737
521474
528781
544411
527864
539370
537628
536069
527468
529368
528170
539929
521557
534560
530931
532727
523483
532351
531760
535750
541846
541262
536119
539799
530902
520948
539392
522961
541511
533123
541885
537144
528782
525490
525789
527825
530170
525821
520026
527870
535198
534098
515711
537749
536315
516039
533448
527855
511897
526123
527259
522233
538609
535472
546721
542894
532122
534217
532443
529935
534345
535387
525804
538718
528744
537444
531929
533394
537891
530238
545324
536560
537398
540875
532501
547706
534916
529800
535950
525847
530178
525706
534681
536959
537725
526336
538499
532307
525678
530655
521833
532507
528054
531024
534396
555084
527454
531123
530957
528095
528075
545399
536295
531691
522851
534510
540668
516632
536984
530776
537551
535556
537979
525118
545486
531509
528579
524921
544045
530556
524990
522560
535643
532953
528589
534080
526910
525702
539324
536528
545144
524129
530643
530371
532418
528804
541995
539845
543024
525715
531501
531590
532713
538865
523550
540532
528833
544877
521091
535088
531532
528671
546409
536108
528151
528565
536420
544736
542114
525689
543583
534307
524974
545276
537504
531205
537440
539129
523948
543465
534451
538070
531480
527770
521323
532545
547273
545880
526051
525718
532838
530249
527882
525542
533355
523293
534553
518813
523622
541215
531804
541449
526373
527316
528501
531543
535503
537457
532688
528529
529341
532139
542777
525430
532520
521187
533106
523401
539556
519029
522644
521489
521334
511457
527797
529540
529884
538630
525595
532449
529837
527308
534825
524190
533754
528312
538727
524151
542284
524803
541866
532140
531813
522964
524320
533727
525291
531018
534463
540675
522006
522646
532497
520409
536942
527227
531792
535102
528862
542059
521865
518036
537902
537932
542262
527146
521102
517424
526374
533768
521792
531153
512347
523772
520199
534229
531540
530335
528112
535260
530011
525590
520676
537012
535097
541434
531674
528890
533394
549523
521858
539691
525492
530681
535395
524175
543172
528289
531945
541936
517782
537590
524873
534642
524933
547701
531750
531698
530493
532876
532199
529836
534402
530389
550129
548618
527257
532266
550979
539291
535686
533452
532006
530940
537121
541149
518400
527586
526417
540252
521543
541315
532469
538917
538774
528548
532499
528841
535311
549468
530411
514655
538810
522108
529095
543986
531511
537194
525249
519705
534821
525716
536206
534792
532585
538268
528738
525158
540474
548541
517458
522286
522785
524072
520675
539626
538159
537429
527159
523676
539620
534763
531862
538086
533823
525899
526500
546980
536126
543108
518910
530745
539839
543947
529546
527593
528341
519635
525916
528904
535476
524009
530192
533892
530594
517853
538845
523382
538200
534325
531575
527860
518126
523801
532409
527677
530202
531671
531236
519866
526823
521908
523523
532330
533386
542512
522699
524823
542260
520490
534208
529922
529117
541572
530948
530728
533898
528245
532055
524290
538604
541022
516548
535752
537173
537021
532471
523268
542618
532369
517426
547193
527484
547603
523049
530943
523457
532174
530267
525022
529849
522014
532023
527440
539310
536988
524151
532262
536316
525927
523371
534416
522774
532946
534628
521572
540850
530451
519099
540690
526796
540871
535358
523284
518239
538749
537846
531043
533888
527528
529205
524522
533198
523610
524582
519092
542018
533789
527566
525062
532412
531529
516949
531468
535260
545948
540625
525738
523058
517934
538012
540475
517595
531926
529255
529258
533788
538519
521473
543188
534956
529321
535985
535892
535660
516588
529207
538471
525782
516722
518939
532153
523065
520813
534220
529220
534843
543815
531639
529683
533403
539771
541906
524734
532907
539831
530112
543034
527304
529542
546327
518234
535091
533108
526816
525817
530088
538711
526800
526699
529054
547819
530167
534104
523208
530757
539762
535347
542949
538359
535764
537493
536474
541100
533397
535156
535183
528729
539412
531538
533816
530548
513875
526959
520380
514976
530810
532901
544703
520150
534215
529045
526785
540852
531769
535791
530173
528734
530224
520734
529175
536227
530083
532307
546345
536144
521191
528543
529340
526579
538761
528576
517353
537483
513592
534634
540006
538479
517671
531095
529067
523843
525380
548648
528405
529093
522402
513335
534258
526802
539023
533813
515257
533148
528579
535354
534601
530862
544769
534921
529407
543396
540724
534157
536448
519443
529300
528516
515630
532775
527844
531315
525306
521822
540676
537485
528556
536275
533202
541580
541589
531198
521272
529169
542198
535270
523198
530903
526512
543340
525981
540887
538031
535460
530490
522845
523443
532272
527641
524589
534346
535309
536716
541578
532358
541390
529039
529507
539304
537833
524956
522788
533189
536840
526787
541306
535753
517931
543136
521445
534967
528748
531012
541282
536600
528448
532702
524927
533828
518653
517814
540786
527307
538308
541461
530907
535331
529104
525804
539378
537496
542973
525908
547708
535777
551062
534143
532057
528365
530342
537909
527487
527212
536031
532550
525740
523091
524142
543454
542414
545028
535477
539335
534200
546010
521809
537632
525208
527387
532700
530403
527683
533586
531392
540160
531699
533233
529616
535521
530913
536717
523120
533430
537076
534676
543950
536552
516472
527824
521229
533429
530754
528428
533499
532242
536590
517559
536809
534622
534495
531760
549487
526379
543455
535739
535698
545524
533371
542885
531766
537688
542821
533573
530244
531737
524743
529736
517028
542630
538761
520620
539262
524856
536081
530942
550529
549922
530314
529923
533821
537366
524345
529219
531674
527451
527809
540586
526033
532918
516590
525180
520074
531160
535435
521229
530947
527724
537472
530745
528594
526817
523795
524050
533317
519928
534303
517078
514942
535594
532925
533159
526476
549444
525329
530541
536626
528539
521165
527049
526287
521301
533454
515231
532748
529827
524429
522244
548803
547284
536053
529167
530914
546461
529662
524637
540557
530613
521543
534794
529630
528831
526710
549513
540211
526233
524150
526918
529203
531165
529680
524809
529439
539177
527880
529362
538309
534125
523145
529167
538770
527941
523098
537633
514964
531447
539211
531514
528818
536051
526056
534133
535919
526128
532358
538630
535252
537276
523151
534361
528372
530534
535100
530252
536159
540807
523857
520842
525771
537319
540985
526666
528060
528776
539377
526753
527441
536807
524266
522151
529531
530120
525967
528839
539117
530978
524110
526322
546740
530515
528599
533490
528402
538584
530345
534992
530630
536124
543248
534993
530094
532512
519021
531088
542119
534311
524101
518967
546798
522876
534498
536870
529424
531529
536843
543772
527231
529586
535347
519552
532261
535152
533625
540145
540139
548045
523139
533212
532027
519853
522520
526872
532857
528027
530822
550824
529793
529223
532378
525250
528994
528970
535322
542439
537227
524137
529696
544260
522594
527087
531838
534001
533933
543783
529356
542914
547140
532653
546927
524798
533694
533740
523601
531708
528645
529865
523332
547294
532067
528801
540867
533757
532200
521597
522268
535475
529938
534023
526408
532466
534876
537627
539147
535652
512792
543824
531025
527325
529756
542186
539093
531918
538487
535028
530098
514344
543481
537076
538488
519951
527397
545435
540683
537300
521250
522742
528097
531603
537456
530437
530660
525372
536021
530917
541286
535604
540911
529773
529946
538842
538761
514597
540491
523305
532827
530402
533205
528007
531169
515614
527672
538248
541981
540219
534143
531887
545623
527776
526583
536550
528000
529592
524133
533543
525287
532775
532987
522180
530648
533911
535433
530268
550217
524620
535660
531799
540232
524133
541190
540490
532820
536009
522366
524910
529875
546323
536306
532495
541525
534530
528806
538489
521571
538796
531973
534834
537313
524999
537592
539642
526937
530580
530607
534664
522847
528407
544302
536707
532353
541268
532707
525350
535753
537659
536342
526628
540554
531839
546144
538414
544722
517387
536338
526545
529957
516168
528854
534287
527371
535497
536480
550400
527897
539543
534768
539886
531544
535349
529627
528426
535713
528552
527104
529999
525319
530916
535311
536309
527491
548938
531415
532927
536317
532110
541450
531908
529440
530249
520321
531866
527451
531141
535992
548148
527902
527770
531518
529265
549843
531308
547651
523273
536295
530061
533636
540563
528346
528845
525696
531528
521820
540578
529789
530201
537704
524758
538089
525259
524267
544197
525018
518264
540014
533234
538968
535371
542631
529848
542394
533095
516049
551481
523414
522351
522218
531940
528455
532390
553042
539790
528912
532986
529456
526828
538413
523072
527990
529489
538616
538629
528162
534920
530919
518111
531368
528373
532460
530293
544365
539229
533869
540067
528010
528905
536619
530174
534295
526041
522716
528939
530698
534221
524809
525058
520368
542142
529879
528264
539170
523096
529164
531020
538460
539791
530085
531444
546052
527987
545839
532427
523072
531573
523757
518315
537401
532770
525693
534619
547703
521095
544625
533575
528924
529817
535277
524040
525914
548674
544478
541684
541973
520944
517659
530846
546417
534215
524719
533523
527596
531741
541802
517537
537180
522839
533673
535745
532481
525453
537448
532305
520343
521100
527733
521561
532745
535803
520029
525975
524134
526287
525919
523595
533137
532659
532256
535022
529186
535820
533321
547479
526196
523603
541680
539437
536656
527884
519284
528242
529729
547633
531102
545188
525604
527787
539052
529726
535528
532230
538047
534267
530675
532903
544560
527508
526709
527392
523159
536336
520691
531339
525696
521941
533018
538099
534765
535196
538151
535921
533692
538320
527809
531652
533693
528772
535023
538364
530291
533329
524345
533216
527749
535771
524098
528467
536936
530299
538714
534800
538817
518134
532801
531580
525386
532458
525028
536113
528321
534094
532370
527783
533870
525413
521219
535518
527652
528616
535216
540017
526629
530462
522605
530912
530665
546295
531021
507185
529490
526369
521935
532607
529780
536583
532178
526385
539443
540056
535379
534191
526560
534397
546734
530250
527800
528299
540902
541616
526847
530165
538609
541447
538158
527796
532945
531430
540583
533289
528758
532916
546852
520883
546153
529440
525062
554999
531004
525305
525843
534702
538377
522273
527781
545408
541379
529316
531982
526148
523760
537661
538646
525808
524873
529775
535571
536658
527650
523582
544079
530147
537799
526716
530023
513212
520673
543591
537657
524104
534940
534815
533095
542804
523039
524782
532495
530128
532420
540234
531215
526693
528548
539676
539798
514822
539896
532032
523494
529174
538964
535236
537820
536917
530412
523543
533113
533049
522032
544071
536078
539089
534074
540738
537168
531914
535249
530767
536717
517546
531327
530461
534374
525012
530539
530991
535250
532728
521823
534316
538628
536634
527984
536277
522950
528116
516833
534598
545942
525953
531944
542102
539948
548611
532457
532209
525270
536838
538061
527132
529063
521969
526590
537870
520081
520630
524910
521900
523431
544027
545918
522329
536731
535191
528744
526981
527904
530344
537199
528362
537922
522356
531363
523905
550697
538796
538654
539528
523947
537222
527394
526118
533153
534183
537000
522853
535542
524207
534518
539265
540113
546472
538189
534739
530878
532503
529491
534429
534714
530151
533727
541800
517120
527381
530504
533184
544050
525261
532365
519874
552150
520672
525817
537264
531666
522104
523055
519228
524319
525708
530245
527836
533889
523087
536747
517226
535918
534604
552213
521155
537974
536251
529125
535099
540964
525069
529970
537273
532124
532067
520809
536123
536959
540705
526695
521644
533799
525666
519452
525386
537786
534104
528044
526402
534337
544159
534608
529704
538115
525372
530163
534302
523981
525395
520696
526509
522890
533552
527907
535174
527742
536931
547342
530711
517606
533329
529592
532027
549594
536423
540894
546112
541616
545984
538357
533813
537574
538387
531884
529272
525743
523529
528555
530365
519773
531283
548698
518282
536034
536250
525767
531528
523798
526155
528672
529859
539468
523636
532850
521424
522815
533380
532351
537190
527606
521231
525683
529526
534023
529328
533590
536549
518386
527558
540259
537149
525841
532936
536938
523517
534062
528937
536982
520595
530626
526724
519392
539332
525881
539328
527773
529609
530671
525803
537680
525466
529218
527576
527542
519977
537116
541858
544447
537123
529575
535583
537176
520673
527779
521812
540780
533549
535177
535060
540759
544861
526538
518632
545275
530608
534648
534561
539751
524778
527745
537036
526369
533797
525100
539889
541561
537036
539505
529957
539180
529982
539752
532447
543161
542082
529818
534258
543736
547018
521765
525188
547554
532358
525864
529953
534176
531467
517501
534298
520463
537027
535133
536389
543611
533641
529205
527811
541232
531691
534317
538853
524516
523784
536186
531522
524449
521675
528910
521634
544474
530894
525981
541250
536845
533011
541594
533741
535405
538103
524997
532462
539941
549137
524667
536197
527919
539096
541542
526484
541323
534317
535922
527544
528847
538300
538874
526916
517282
532757
522462
532743
542984
526307
530714
524023
534976
529354
535549
531254
538513
532416
540747
550812
532317
539688
525752
541027
525297
532514
534371
535959
538745
529092
539145
541232
528214
528019
526737
517622
533857
542735
526661
534434
532686
545446
537164
531069
531604
520688
518767
537067
530673
550685
522283
530583
544188
528328
538256
548154
530872
531041
541593
535953
529002
532291
531306
530156
533485
526131
554176
528006
531581
527564
537147
528219
544027
528540
543312
538307
524515
528947
523723
534756
538093
539574
531261
532389
544577
535190
539794
524848
521769
533730
526934
529998
543843
547970
528912
541278
540382
525778
524925
534367
521422
537005
533612
521182
530576
522964
535114
536089
524149
533328
542197
534446
529498
529638
537951
520429
537886
537679
548100
538168
533769
535129
537295
526033
539968
541519
533069
527721
540906
529414
542086
538336
526595
527305
517796
528396
543331
539484
525547
528245
524936
531277
522888
532644
539781
521524
533507
528180
523031
542482
529696
533247
544812
536812
527983
540863
522716
527457
542874
523978
532362
537148
524441
541804
535939
528849
528722
529273
532545
533601
528299
535758
544983
531687
547018
536363
534511
535019
531418
527420
526878
538712
544475
516115
537297
531079
531195
516797
547169
526903
525881
537962
527050
541472
531336
541443
531621
529977
535476
537471
543271
535795
538898
539088
528292
536390
527333
529296
539751
533186
540173
536371
535281
528992
530007
523784
524459
525157
538578
536806
543024
535625
526025
531856
536141
530615
535317
541813
520882
529252
533777
554982
530970
530895
539874
522919
543283
536033
540516
532406
526763
539606
532784
535509
537868
534298
533418
535512
524948
530170
536932
532705
548071
532023
535813
543712
532509
546770
534437
534667
525379
531739
529840
535149
533071
533885
517243
519807
537914
537602
533666
535248
533436
524873
533131
536727
522022
540563
525236
537340
530793
536930
535077
523107
522422
541223
527021
525780
534526
542165
528568
521861
523468
537972
536659
527021
536897
537743
526653
533206
542466
517332
532345
529245
528347
532160
534764
532700
525561
519810
534321
541804
533876
513610
526977
535528
544683
520811
524639
524973
519315
543680
557218
533318
540088
527403
534217
524855
534106
528063
540579
521663
532906
528011
543546
540180
541719
535829
531354
528135
535033
537586
542122
533325
533143
529152
529503
531946
530331
537346
533598
525751
523659
537551
512534
525939
522590
526456
522669
547209
530397
521573
521505
532931
540363
538308
540087
521805
533334
530906
526708
537584
520525
530294
525497
533129
536266
533513
532446
527286
525507
530412
532804
531907
528113
531614
529476
558050
526853
531382
526797
525191
530206
528933
521492
534500
532827
531051
549458
540332
531158
543648
521698
521141
532880
534050
526251
534724
539300
537041
528247
528447
534420
530436
533856
535228
538936
527115
533016
530492
519776
522273
528137
523078
534414
522124
538434
539723
525950
532489
538315
544757
529768
537245
529660
530100
534100
532005
537087
529085
520298
537020
518849
532737
538830
525860
537946
533265
524999
537315
526789
528846
534620
534471
538299
535520
517152
529329
538661
543385
532834
524565
530778
538330
520151
530722
518421
530953
535439
536205
535994
537866
541617
527729
527166
530877
531568
535618
530628
529628
535138
535215
530545
519531
536897
542410
533700
533436
544564
521796
537146
526019
547818
528409
534591
531351
519394
532133
529403
524028
526098
526990
526787
526907
533560
540718
529900
529864
527575
518479
532235
526698
531370
533166
531958
529338
533251
535907
534962
538010
526277
526301
529753
547019
520471
541593
533346
535963
531608
540484
536807
541052
533559
530909
534497
537491
538718
526208
525377
531165
544119
535803
523189
543831
527450
532892
539259
525566
530876
516009
530112
519711
524435
528687
542742
532095
537996
538462
523819
529968
543342
529759
531163
537376
527409
537862
526447
527488
532664
536599
532787
533803
536491
528176
528012
529186
534054
523218
531733
523839
522541
530729
540953
534214
520848
543299
536280
531661
542502
526672
527202
522863
530886
529973
542324
530285
528577
540824
528896
538166
539499
525890
527128
529181
538377
533739
542623
546227
528774
522717
520320
522062
536384
522963
544692
527045
532207
538452
526717
535449
518048
519638
549043
528835
540111
530133
525588
523592
537806
534721
532825
544128
533783
534288
537773
539756
535187
517380
544292
540526
521356
525943
544808
527736
535391
541372
520319
533127
532773
539691
524175
523167
529984
533550
523497
534380
544033
533399
534923
522340
522282
535980
517574
551685
528181
513968
536543
537734
539890
526905
533382
541038
547270
538835
545038
531269
536019
523290
527585
524016
545842
537504
536378
530305
538269
529118
531083
549414
544864
529951
529952
522950
526205
532879
539989
537946
536673
530835
537573
536131
529542
537682
540778
544407
541199
542787
529791
519935
520727
528934
538901
543767
530479
535687
542271
530680
525465
545108
527983
531225
545552
532961
521872
521532
524379
524187
525135
526100
541271
547515
534505
543376
540619
531555
530763
522544
537955
546939
517864
537812
527736
535478
536438
524074
519783
536925
521715
533389
537319
523052
525128
537557
535486
529172
533622
534539
531103
538731
520080
537515
539389
527923
528112
529986
519218
541353
535292
532901
536077
541024
544567
533273
525985
522997
546833
524347
532374
518339
525385
540543
551491
531990
511236
525923
528836
527854
535416
538566
530936
524958
530436
548438
531138
522091
519337
528706
521122
522893
550438
532702
546525
534088
538436
537547
533827
526331
526020
554605
527281
545246
518630
535375
532498
518934
530532
535956
521279
530240
521201
540756
527833
538628
519805
526937
521657
516388
526988
518148
528125
543320
530048
529435
536615
543949
527485
536971
547942
537671
528380
545465
548234
518137
537980
536370
525972
527664
535895
536428
532825
530548
529200
538738
527411
532247
527339
544262
539804
523984
520214
532690
517511
525447
538019
533723
530806
532468
525277
523893
529067
545444
530480
534150
530723
530132
523130
533310
524604
545249
528685
525421
519317
530290
541190
530766
534070
536256
536427
543820
533457
536929
516366
532551
534963
523215
528778
516251
534248
528773
539403
527317
531269
538548
537334
521527
534924
541889
541896
543298
528050
529197
518938
527144
522234
519964
533620
543321
539518
542298
524232
527176
523918
530388
530588
531927
532598
526726
523498
536900
531560
538427
522884
535211
527368
529457
537109
529234
546624
534266
524316
528348
529849
527216
532453
529937
532311
531585
524382
546399
533844
533068
533075
530400
529656
527475
533128
520196
535307
522835
524171
522390
525410
534103
545075
521505
531540
534018
536362
524552
530281
530964
518345
544077
528287
533425
532972
519187
534362
518276
521057
526862
547210
525144
537828
524306
532837
542072
539021
531784
531788
523639
527943
530898
532040
532183
531341
520224
541648
532332
531233
528158
538328
526792
541338
533806
529877
538119
544271
526301
530409
539753
528084
530867
525346
541414
537063
537922
533985
528362
526198
525758
528809
522762
526581
534733
526415
534035
531811
540938
526529
539664
532346
533202
539900
530514
531071
525056
541407
514960
519543
527987
538607
523775
532609
530484
535199
517838
531643
524913
532273
537238
520165
532411
527111
535634
528394
544301
527755
542210
536833
544204
523679
544775
525139
530585
524516
527593
528795
529837
532691
531332
530799
537675
520504
523778
529150
525624
537858
527129
541489
534799
521936
534325
542031
534850
519785
531334
525248
543593
532577
525911
530355
533727
530058
533560
521139
527163
536900
537540
538025
532755
536683
524977
540979
540207
542566
551224
533604
534554
534446
525166
531151
531562
525028
537637
534404
542790
528047
530552
531164
524974
526016
541598
532584
529460
531474
526838
537406
523349
538009
536118
538981
524193
540068
530245
529110
530325
540520
533293
522802
540215
537647
541066
526874
521437
550822
535200
539717
539996
525888
526536
529700
525633
543875
537788
538669
524689
534608
521911
532660
541439
543070
531403
531532
531414
534901
522465
554107
525579
517358
535568
519734
533924
528271
525820
527141
523745
533136
535565
521675
530657
528094
533345
547451
519701
545633
544538
528465
528929
523866
535913
535205
529449
538321
543482
528107
536836
535306
531968
530885
519867
540152
528958
542096
531119
521929
531507
535120
535931
527736
528008
530480
531295
543060
530494
530275
539546
530573
527084
530195
546600
527055
539024
531469
530332
533927
527855
542954
535231
551468
527771
533346
532618
526314
534763
531966
537704
526728
525755
526187
545362
529565
539366
529056
543163
536292
526947
535352
519972
536931
524768
544483
526826
529315
524463
533506
524503
518894
520878
533862
526386
531969
527047
518683
525045
516251
523680
530371
522901
534258
524686
531332
526407
525095
518137
534433
518754
530545
540261
518779
519722
531926
523817
530354
532964
534074
524483
526285
533314
523088
541684
535466
538385
525184
536859
540263
539961
534107
524666
539061
530131
539130
544745
537256
540851
532272
519601
532176
527148
538928
538800
520355
529484
536017
531097
538157
532483
547198
519687
539207
531573
541222
536316
532906
526560
529016
532108
538485
529669
525246
517791
530111
525573
535305
541411
525248
530793
523522
513237
531907
531952
524559
530833
517520
535854
538139
539735
535876
540394
529042
537716
541346
534384
527736
532373
539213
539259
535190
521749
523895
536826
536570
529869
534896
535749
538526
537067
527224
531762
526010
523888
541871
526517
537128
543273
523507
526398
540020
517728
535753
527012
539277
546864
539613
540512
533042
527701
529777
544174
529665
528253
541378
517830
531234
534826
535269
527406
529570
530011
535453
524549
552312
539561
539004
527436
517883
537106
540625
547564
528775
533190
537330
528172
529210
530118
543323
534625
531295
532055
529347
536847
535895
533983
528873
529967
526633
546684
531798
532747
520509
536350
537425
529469
530973
527193
539706
525859
527861
542873
534081
541526
543922
533107
535272
543348
530086
528934
528986
528949
535010
529988
516329
536689
537288
525955
530023
531213
536486
522622
531746
532957
530076
542732
526134
538242
535079
534665
536366
527393
528253
541495
523329
531774
538380
537727
528256
530317
536141
547386
518857
530275
529461
541104
513588
526517
523986
530262
536686
542235
530583
524199
522654
545337
539120
521147
528397
533855
537069
545443
522170
536985
531160
521835
548316
522042
532884
533308
524762
531762
536820
528752
525953
530421
523586
535501
524251
529816
527943
520379
538332
542795
528861
539561
556118
519941
527593
526624
522542
534329
557895
547446
535746
528407
536791
531622
534136
533191
526091
526507
541419
518362
523878
527817
532750
532316
528380
531138
536148
538135
527755
530101
541359
532360
526991
530361
535011
526588
523595
523810
522242
540683
545421
523781
544753
530115
520409
524872
538316
523491
536515
536637
529921
539239
532857
528470
527472
535002
524897
523559
522375
548794
529191
537177
522098
527480
527866
536364
514074
536800
540701
532169
527621
525381
539469
527359
523563
519889
526430
530731
530071
519489
531221
517283
535433
529809
522852
528928
531132
541797
538619
525608
536239
537108
525667
534011
525234
525599
532612
523210
544616
525540
522922
540340
531214
526486
529592
526840
520478
529251
532894
533317
542552
531914
521336
517115
526110
531947
522985
530048
531660
535899
522796
526338
534872
527198
532016
534998
547421
537975
538446
542137
533247
530189
536260
543289
539185
537575
531301
537873
532862
536884
535737
529896
541164
527643
528164
515502
521796
548001
531108
527428
529161
532713
530093
526166
532262
532772
537074
528310
528782
539314
528021
533572
544474
527891
539401
518206
529817
526763
525499
534554
536305
516088
519187
518469
542716
536160
539553
520488
541071
538410
535494
524370
521263
524050
535701
523065
535772
528220
523657
539784
524525
539999
541784
528907
522576
542458
539569
526367
535028
527170
512135
539357
531784
530318
527637
540619
542545
532857
527068
537696
526694
540367
518152
521843
547414
526106
520331
539776
527243
533443
536156
537495
528027
534644
529206
524949
521419
528757
522187
534015
542185
527993
521075
526364
526615
524402
534138
533750
529326
527782
532773
530505
539849
534264
533843
537699
530172
526497
524977
535810
526345
538972
522660
523082
537295
520472
525685
532121
537747
522135
531407
536427
541629
528095
535236
530075
522321
518986
533484
541120
522181
532374
535155
522519
536515
518305
519569
536623
537177
527570
530141
536380
542996
533381
545297
532372
534380
531731
538713
533920
530768
531044
527481
528586
541041
521538
535947
530516
536766
540214
532901
520125
536644
535123
523960
543204
530458
539183
533589
524344
535821
537536
532869
517164
535673
545507
527373
536562
528543
542346
524749
552889
536851
535743
537852
536563
535819
546237
529943
531851
537362
525669
532091
526627
529082
529780
531953
536206
527503
535678
536653
528996
528733
523689
538018
539844
521651
544814
541260
531223
542819
527760
532090
529741
537630
533250
534521
526402
521846
525931
533168
528219
539983
528265
525085
546539
533372
541023
523846
513534
539460
532917
527382
531888
528412
528716
534205
524312
524371
538087
542208
533887
539005
530133
533017
536206
530509
541600
529975
543056
536124
536062
538305
542627
540817
525783
522620
529910
535537
530310
529504
530664
528591
528820
532932
539396
533234
533705
533959
530355
534632
524845
529894
537528
530086
536220
544816
543470
546791
518404
527133
535549
527965
523918
538377
539741
537129
533349
541479
538495
547231
521209
535387
530239
546031
543863
529409
521045
529356
535527
542203
523792
524225
527505
542270
536214
535272
531752
536936
529709
527802
533833
529198
538703
536347
539064
540613
532192
522915
539861
530385
531178
532674
540372
523702
543619
541148
543501
532196
524098
541490
536333
522510
530323
540375
526127
530943
529038
525556
518539
538704
537530
532069
534529
520931
537753
534763
528431
525609
537248
531353
531388
540757
530957
530890
535416
516458
534494
520185
537799
536100
538095
536254
525633
526929
522105
526564
538662
556545
543441
532475
537865
532516
530913
518137
518981
531028
529131
533127
532776
536159
543143
541697
527011
536556
532411
534571
527056
530201
530924
537824
530317
529576
525220
532417
523298
528533
551149
522830
524232
537790
528124
530581
526703
541627
527575
526807
532297
537669
526356
531066
528038
528836
526088
531232
531686
534636
525017
535659
546907
537354
528816
533321
533362
531945
535861
530184
537358
542251
543374
526654
535157
540738
518744
538849
539021
519340
538628
527109
538196
537518
529759
532053
532525
532148
530337
542152
528818
521985
546898
537680
526259
551254
528546
534367
530478
543521
524660
537231
528074
526097
526411
534585
533520
525753
540773
541201
533882
536277
546309
518437
537508
515471
532310
531097
539301
543575
535297
530993
544390
538056
536674
538697
513867
542932
524725
519596
525462
529565
532477
531924
532551
535006
527077
547979
526149
534960
519004
531596
526682
527109
545386
525113
540499
540858
544948
526253
537204
520998
529062
534303
523997
538008
530816
537740
533604
527272
529862
538491
528951
537051
540762
526157
528081
528096
538027
533877
528826
533385
523635
526219
539451
541166
536510
539047
541428
524296
536006
526577
534773
534238
533090
523328
540255
530712
519547
542726
527698
539802
538753
528674
539029
529672
523131
534811
530906
531979
540187
528588
545181
528712
544852
524624
521823
523179
549092
527883
538170
539904
530713
532332
522053
538372
528864
540574
534865
525072
524580
538035
528062
528027
530628
543447
529984
530048
530135
522766
543020
535204
534845
535932
533249
523203
538461
528562
528309
537344
527059
531669
533563
537261
533454
526055
535105
534898
538615
539561
527174
536889
532597
529095
533227
531827
534343
526997
534752
543350
534536
536022
527318
524505
542605
527059
529502
536021
534831
536425
527373
529996
533594
554324
531601
536057
528550
536991
529147
515372
529094
527399
533896
538574
525216
535154
549200
524869
536868
534553
526951
527879
534560
521943
536299
524917
527448
541809
537268
523672
522513
525471
539959
530693
539422
540943
532720
542700
539793
541995
533269
536031
533954
523418
527574
541413
531247
539438
518632
523538
534428
548961
526843
548131
527308
551916
538867
528053
520154
535029
520437
530767
526579
536036
538455
539226
526309
525260
522833
522907
520313
535548
538702
536832
524941
523440
523504
523770
532142
530620
523547
516730
517867
514548
533042
525311
523385
522324
534316
525973
543103
547219
531050
535381
529750
525831
520201
530012
533695
522839
527866
534093
536647
525391
535250
518190
526808
528725
522479
527731
525713
536435
528528
539959
531004
527920
524828
537079
525112
538167
529200
537383
534044
528724
536673
529864
526658
533232
547378
529340
529772
527954
532275
538893
524476
530390
532744
525700
548152
535737
548834
530182
526667
521231
536492
528912
541496
536095
539389
517413
542150
543702
528832
531326
535220
547714
542299
522047
533469
533476
529063
537335
543806
528406
530950
536024
535701
523183
530025
534505
536988
532943
526107
528501
533137
520746
528613
540755
532239
531361
529760
544005
529139
529213
529266
536376
539961
532133
529422
528513
525484
528906
513272
532937
533560
541953
543802
526312
532086
533398
536128
532612
531083
529016
532906
530302
546855
543954
527446
533753
530127
532512
523498
518444
536775
539160
529006
524878
539599
535068
533453
525059
526865
537161
533747
530393
531737
513915
527485
537541
537201
533215
534123
529747
538402
543754
537379
536438
539015
525329
535272
526862
534567
526770
517812
523014
548135
527975
521820
551552
528193
523089
537269
538520
525611
530365
530173
532751
542010
527354
541551
541872
524640
549682
535787
539239
529820
538654
535548
540387
523869
531546
534482
526916
543363
541679
537236
528758
543465
542087
537590
540654
534342
531913
532661
529403
540746
522827
529172
538341
542989
522334
539261
524346
543272
539151
527832
532188
529276
522454
534548
546560
545488
546594
531304
537065
549820
527323
548910
526770
543557
534191
526858
525650
537521
531134
541021
552488
515228
524453
534673
529772
532957
537489
522719
532479
532730
535364
542761
552331
545272
519299
544772
537624
539318
522116
529123
522427
518758
539038
532956
527623
529443
542873
537404
530343
524774
532201
531036
519327
529690
539392
540886
525516
533140
522014
536927
545247
529816
527988
544097
525694
537251
538808
523169
534991
532061
531070
542826
534183
527694
530718
531358
537561
542624
533796
531561
524737
537360
525959
525645
540862
543895
538786
529196
538692
531562
532818
534169
537403
523212
531119
525543
527673
535678
545100
526011
526890
529717
521511
542749
535581
533473
539334
527506
524911
530574
529486
517692
526892
535396
531594
533469
530317
535172
534646
538892
532935
517045
528369
524330
527396
548443
537824
533747
520376
530706
534614
533995
524866
534496
532735
517838
535163
543895
531711
529818
543008
528481
540164
530901
531876
517284
531660
530304
523853
533884
529299
534786
540834
540942
526445
525882
525732
525042
532378
541954
531217
535585
528278
539886
528177
529894
525455
524455
531705
524526
522730
528516
547283
532964
542199
524203
527694
530583
538240
547806
525188
525198
535614
527820
525326
534040
519149
533618
547362
538947
524477
532409
536469
528881
535054
520113
533432
519220
518510
529790
533841
537761
528203
536936
544048
530241
538613
522676
532562
521580
529717
523840
541610
525863
539468
518876
534616
524836
532777
517711
543285
542277
525856
535334
542392
533055
529132
528902
521819
525500
531469
525128
528826
533532
534077
525134
524022
542259
526547
534998
537278
538502
517829
536530
542737
530204
538382
534664
529752
523425
539000
529124
528507
537321
545750
546885
531343
543872
525066
520127
528557
528807
530664
539072
523695
537268
545309
530742
526284
532739
539960
541229
521784
518944
528574
534601
532710
528597
536977
536464
534933
529655
523833
524083
522449
535045
531884
537849
519048
537231
537075
530125
530927
533066
537808
532818
535109
524385
525179
546351
540963
542593
537601
520573
524924
526366
529869
530791
522183
529073
545610
529214
531706
525069
539236
547356
561432
534929
528631
522504
524852
540663
536397
526766
531256
537833
527161
533338
523054
531885
533360
540513
526529
524228
532300
541172
526184
533250
533897
538953
523341
538556
540670
536984
530261
528195
526431
530565
529158
543874
520474
530790
531244
524699
531877
532328
539600
536516
531404
536540
529984
524770
516239
525227
538174
528148
545647
521331
535553
530100
531415
518850
532244
519372
533184
516548
532262
524368
524842
519648
541976
534354
525997
532590
540313
532414
541576
517561
531764
534166
519328
531840
551050
535725
535638
534609
528401
527519
537779
537028
531034
530183
534445
527982
529718
526919
533940
530780
527691
523510
521756
529395
523479
528407
533061
506732
542165
530392
531485
527242
538121
524469
527096
524534
536752
528464
518702
523718
538680
537397
538671
536799
528226
519578
535901
536752
531795
528040
519606
537149
528559
528977
525036
532068
521457
533020
546390
531242
519764
538574
523766
524284
538688
529301
535305
526027
527558
532337
526685
533805
522794
531237
531861
529403
529361
543099
529948
533244
530716
537166
520209
542126
533519
539802
524651
525370
527164
537548
534875
532189
527770
537751
525754
525572
535014
535956
509896
526991
522619
544412
523902
530755
527717
529555
535965
532203
531297
539725
532064
519145
524548
537667
541618
533883
550915
527548
534772
524875
528772
539184
550557
550583
533367
533410
530133
527071
535905
530177
532959
523882
529045
526161
540473
535554
538030
540925
522553
539186
529662
531366
532606
535785
528545
542092
534868
521871
522918
534112
518330
526150
520989
525130
525368
532125
526453
526940
523275
520872
519108
512278
532872
535400
527941
537831
548884
542734
537635
530955
541797
528191
534156
536144
533988
538723
528954
524114
545521
513045
528483
545968
536220
525079
524099
530328
539239
523403
542524
522235
530523
531090
532512
531549
529015
530676
550865
544648
517066
527428
530544
529258
534715
530980
522880
522487
550806
532697
534745
526759
533479
530986
541947
536832
537287
525245
541975
531147
524267
530115
522832
528515
548142
527931
541748
539159
528402
535024
530272
527751
532087
534039
536334
535006
534966
529838
533405
519524
527927
538396
531614
532102
529118
526810
539484
519281
519507
539852
535052
537342
537554
537253
536506
534345
546416
530756
530773
533634
524576
528992
527698
529854
531313
538497
536808
534401
524100
516891
529046
539777
527169
520509
521781
528565
520881
524865
536949
541483
535275
523751
537356
529237
519503
553005
528480
522004
542042
548634
522969
535614
537947
539794
528076
539884
535119
537351
532286
534136
536591
526412
533039
520610
519524
528500
535545
525589
526018
533760
529501
527917
537714
535159
542186
520672
530002
536115
536304
533195
534444
537853
525209
532071
544741
530528
518840
530281
533054
530974
527632
522415
529453
524046
517685
541001
540190
536880
543667
536165
525995
525537
533841
531495
533855
542998
533720
533153
523128
531838
531123
526018
536881
551157
525455
534251
517451
532574
539981
530469
529216
541152
526567
540992
530697
534099
533972
541633
539598
540322
522413
535001
536417
531286
515588
524790
535443
520043
524310
542109
533654
534791
528834
532931
519849
530705
533422
527034
528584
529634
524436
518516
518524
529672
528468
537713
536981
540791
523658
533780
533968
540559
532160
537054
527349
530964
523338
527692
527344
530328
526529
523391
538434
550771
526596
536613
545046
529224
539105
528510
524249
517085
532863
538434
539578
537534
519308
531761
533798
547106
527300
548832
542839
543999
539376
536644
529230
540132
530778
528797
527017
514636
524366
533424
528780
523271
524310
541729
518508
535437
525665
519892
520643
531692
547679
529876
538583
524661
542175
521133
530015
532460
521981
540110
544358
533246
536677
536191
525535
529545
530080
543892
516119
532998
526996
531520
529605
530358
532980
521016
528201
540025
529482
529065
547230
517031
520005
538321
526698
539985
534903
537399
525815
528279
534714
524772
528899
523851
521859
522472
531086
530009
527632
533158
533719
541120
531500
542629
534565
529307
543779
527685
534978
538833
529875
519408
524173
532107
541779
533250
532752
538667
518641
534870
529550
518247
528614
531813
524789
534073
539542
534920
534589
539230
534308
539769
527003
539205
533301
518718
539178
528719
517511
523274
535399
525349
543777
533533
523041
516182
523488
535189
528749
531593
525492
532187
536777
547975
541998
523182
537576
527072
525961
529290
528815
536881
529109
521195
531249
518534
522667
523074
526865
533631
534769
536862
531386
537293
531967
533281
528449
534473
523093
545449
518996
521752
527076
533034
533491
545137
535156
522690
534167
535251
530606
536980
527625
525201
535370
535676
543907
533680
541806
534525
536083
531500
531726
530756
537454
533743
539630
524517
531202
534106
540176
530270
549465
532041
531080
529957
522844
524255
538273
531905
527356
535765
526508
540810
521301
533848
533805
530813
523621
540709
525267
541412
534337
524904
522774
530328
533036
521928
528935
536395
538689
538444
551211
536523
531883
529207
531086
525984
531659
525064
536553
533704
536131
533278
525349
536753
535906
533571
533342
527224
528281
540144
531742
555565
547869
527338
542163
529278
535482
535526
530854
544740
545166
541071
528989
526816
529848
531416
540108
530555
516333
536920
526569
523192
539192
539164
532361
524737
519599
533437
539912
539168
532142
532491
531824
530181
531639
530601
529048
536654
533220
533286
530569
528134
533560
539580
521495
527174
532692
528138
543742
519387
523746
545927
539557
534609
526699
527834
531412
533431
534903
532291
528488
527399
527346
528507
536187
521197
528500
540496
540365
531323
535864
536912
524390
520965
532405
530576
533821
538714
531201
528535
533996
531932
523204
522100
524349
538340
539842
529736
546962
526374
519629
531362
538647
536811
547077
535594
537458
527414
531197
546814
537573
528460
527558
526769
531519
533993
541983
535084
538979
535680
544747
528601
534568
537340
524447
523414
528757
529319
526861
538766
532694
520975
537695
536528
524021
544891
540192
532052
550072
530992
535344
524207
526568
517155
528595
545842
524615
526937
549817
517669
529745
529288
536546
531743
530580
521874
521280
519854
542413
529389
529813
526948
540039
519113
530638
538054
532012
522717
551336
530263
547782
532985
540190
532563
521070
526549
533646
520487
520923
527808
525630
541300
523927
531133
534459
526533
522513
534084
539070
532314
531961
533998
528785
537078
526601
538794
522854
550687
533156
536734
520932
530752
527499
530754
543179
532690
530213
527991
528801
546205
544001
527638
517921
542759
534625
535527
532807
528346
534044
532110
544195
518754
522483
544472
531749
535581
526783
527665
534386
526901
530906
540113
534502
527972
524823
530542
529146
529726
535080
522886
537878
528400
532577
523663
528379
528663
530039
521314
532339
534618
544803
519290
536711
539605
528389
537163
549184
539504
542036
532573
517068
535933
543994
521357
523693
538343
527171
532188
541370
543031
546604
525218
532670
531908
535856
527277
533246
546306
543112
540357
520908
521835
531934
518856
531765
534590
528955
538173
531750
530986
541143
532750
535409
545752
534015
535890
525923
532406
537487
531746
531466
539369
543774
521867
538108
536908
530959
529160
529692
537946
526687
546375
529384
518983
534412
524199
525487
525710
523088
536864
539938
532717
542873
531594
523841
523537
532293
527860
528755
535946
536707
526556
531719
522448
528861
525587
523877
525849
543946
530322
534823
521503
528859
522802
531252
528714
529805
531778
528087
527408
541568
528034
541804
536766
531211
530285
532947
545665
527560
529312
533609
546510
533986
529872
539004
528265
528519
528234
526858
518634
536760
536932
523075
530583
527520
541584
527370
535651
522149
539572
533141
535548
529731
523171
525312
531970
527121
534758
524262
539664
541760
523887
527609
524053
536243
538593
531295
540981
533107
529824
523165
543510
535579
534547
534383
527244
530615
536564
539688
545915
522478
517548
528731
540690
539406
527367
529863
536452
522857
547193
532995
533275
531327
528125
532054
530164
530417
543097
525443
533128
539553
527383
528814
535294
536518
532140
518183
526195
539324
524644
535797
527220
544511
533903
530272
527317
528834
539915
530082
525217
540902
527614
544589
533476
535340
528246
536411
518272
527854
532270
527124
536899
533884
530321
544461
519116
521362
523822
530786
515146
546285
528859
532920
532468
522976
541005
529864
519357
538924
528224
534768
530169
517150
527877
541824
519239
536723
550563
534328
528847
532823
536954
536024
525778
526644
533857
542611
534226
529221
535535
530148
530929
541084
538224
531239
532054
530770
525963
527119
529557
528003
530005
541549
530815
534570
518849
518433
526598
545050
535901
533913
530053
523491
529318
531914
522643
537686
533829
522893
521180
525903
545559
530478
527642
531512
530882
531837
528092
531232
538574
536843
524869
521977
533841
535340
524478
531585
528272
528674
523036
520007
520132
533204
538415
536606
529639
534994
541066
541698
531895
549489
538878
538550
530202
531012
536070
522982
530396
538809
526333
541110
540406
532442
533270
530164
525762
521728
536774
542164
536641
530667
527157
530980
540528
534752
519551
540153
527773
529066
529666
528675
535865
534443
544650
518770
518070
522306
550276
525186
540346
524882
534435
525707
519279
519386
520448
541179
538258
530389
523935
522014
531043
524271
525200
528429
533819
534624
536337
538905
540542
533633
532407
528771
543852
533610
523558
537583
534173
543989
524441
521400
528582
533306
531075
542813
528046
533637
533777
534705
527051
543406
525827
533307
528456
524133
533803
531382
531878
540792
528526
538074
528411
528788
536340
519670
537423
517130
531336
524638
534747
539498
541136
528386
526845
541557
515584
537536
532322
536258
528688
529773
538126
531280
544745
517608
527112
538749
519955
520861
526350
525628
521891
522038
532527
528083
532685
537144
538629
527580
535846
529283
524419
523169
528246
533284
530154
529358
530087
524899
528896
536324
525023
542115
526743
521535
529181
526474
537384
533790
535441
531678
541338
521931
519297
529217
521090
532098
541396
525679
526313
526421
532730
530180
538857
528549
521657
534458
527842
528354
533273
524407
537037
527199
540096
527406
529234
546144
539090
530816
535845
532630
542797
530079
537140
527500
531323
531517
546701
532791
524727
526986
532750
538678
522478
539130
535095
535777
538521
530286
527858
540573
522355
536247
548439
536233
528016
543687
543026
524177
533818
540267
524169
527258
538215
528561
547380
532624
536619
522712
534720
537927
527235
536872
542739
525259
530603
545067
530843
524621
538445
515957
523952
538068
523125
532982
538137
530932
527565
531852
520055
529740
535746
528387
536894
529772
541393
540387
537975
514056
523500
529074
527768
531743
523102
541155
527191
531136
527912
524338
536911
530169
533110
532759
530922
522165
537489
533414
524973
539119
534929
542808
522325
530104
536156
532447
526378
526699
543061
548716
532297
533178
528710
537943
533094
535878
520448
528311
524728
524790
545395
530735
526973
533187
529345
526650
539046
517451
533559
526447
542990
528582
537659
529448
525314
538986
529484
533737
539480
533013
535747
542722
532683
540592
534122
535604
534705
528817
530680
537984
515881
529068
527604
523192
523636
534357
521225
538313
535052
539325
533634
521429
531983
530704
536640
526223
520957
535791
535562
524682
518719
535111
538142
530180
526458
544791
526304
542768
532355
527889
542127
532596
516865
546408
517257
525653
525250
525703
534155
527061
525366
527970
542696
532152
535408
532204
531399
526364
538662
524716
529383
531763
547276
541421
538890
523246
534738
530892
532062
522677
534453
525593
520662
518169
534897
535390
531277
528653
535767
533464
522762
540979
531212
526167
528827
532120
527080
533418
528926
533238
537786
522979
529380
532212
528862
537843
528244
540333
532477
532816
543829
538640
525240
531614
539695
523092
543985
529468
549831
534981
542799
538216
531879
534853
537260
537215
529270
539258
529449
528952
531099
543348
538708
539918
540108
528608
530830
537196
532345
540621
541242
522465
529869
546389
525406
527343
522220
522735
528500
530942
524938
533656
520994
527616
537546
543378
525118
539422
532156
538961
540358
535892
528449
535834
532732
536843
520228
530056
544418
540744
542462
530546
531356
536285
538091
527407
541084
535888
527597
532861
534957
534201
524375
532950
531747
536521
531496
539353
524966
535040
525510
530707
528115
530863
520528
530281
533432
519336
528442
543297
542807
529191
529631
532437
538442
526916
537082
529611
519824
535530
541277
528255
529385
530285
521083
535747
524602
525505
528729
541553
526421
528203
528737
519835
522525
531022
525814
521197
526289
531086
530839
528843
531401
518511
520917
534721
524168
526064
536405
530901
520994
528372
536488
535819
537083
529871
531744
527512
531240
543316
536518
545623
520031
535547
544638
531905
533374
521763
528941
536551
526891
529926
519431
530538
543779
534586
543171
531056
541156
541272
544633
530803
534130
528982
540033
529101
527034
520799
525330
539898
538848
530379
537339
533878
541036
534277
538246
531158
526639
531228
529980
533910
545792
537924
534187
532500
527043
550030
545218
527085
521769
532393
539381
534300
528292
538991
527183
534152
524041
538565
523150
537052
536391
524194
537973
527507
536916
536822
525833
530374
522576
528383
536035
537061
520471
545112
526068
528642
527359
523448
530795
531175
524873
528119
537346
530930
529383
518785
538660
539249
519908
534625
529791
526323
525482
536761
530643
537475
526184
534748
530724
527858
532220
528922
532910
540093
522270
537698
523725
539006
530418
536415
523585
545672
526600
536400
536873
526116
521620
529952
537024
523309
537209
534027
529804
529655
530797
538669
536906
521684
531553
534009
528680
534712
526498
541788
528543
531330
539720
523367
534632
528091
522086
525313
528664
538753
534560
534342
542520
531414
532634
525948
527449
529875
537999
517571
521406
531809
523441
520869
524697
545674
534103
534790
528028
522656
538662
530551
538348
525532
519458
521444
535723
532252
527375
531348
530285
537622
530861
535484
540635
538610
528819
532508
527175
543773
545825
536931
533323
536180
530352
528069
532296
530178
525507
530951
529123
538986
529097
526401
537776
526856
538822
532582
527200
535133
530085
528553
535800
534402
532186
546746
525163
539257
539496
533422
535639
541858
523970
533633
530133
534018
531014
530190
526699
536424
519680
531257
537246
523918
526981
524640
529022
536262
542769
541945
550810
536682
526475
530583
525046
528822
533664
533378
520812
539733
527818
532586
532681
532565
518510
527156
529314
532976
528694
525674
523286
537901
525101
530534
532571
536352
518497
536220
527340
525998
533275
525259
537223
533169
540413
533396
546499
538158
545639
530295
541393
518471
534216
532857
530885
514669
543331
541046
527199
540054
531440
540475
527284
517298
529705
518877
532825
540788
537561
535877
530057
531512
531040
535740
537414
535994
538429
535500
532774
521647
526617
532408
529094
520120
521633
528986
522576
525961
544510
544652
526113
539637
536782
533940
533217
527319
523290
528544
531495
533750
528393
525914
530838
536886
537576
529892
533490
531286
538224
519939
529056
529185
529441
535068
539253
539080
531529
527002
542885
541579
525871
539525
523385
531983
530949
537319
521089
525694
528177
532303
555062
532535
529681
528966
540869
540362
523676
527546
516877
535356
532309
544639
541139
537156
534424
551836
525542
539605
531597
531228
525781
535680
529440
535722
520546
528704
539316
536462
536128
534883
535417
525620
528640
521671
526733
517217
551703
544151
543944
537586
533867
526186
534536
520388
529085
529113
530745
529618
529908
537203
520903
535433
538984
540966
535311
518955
533282
530391
535462
525129
530154
519297
520076
541510
533114
538812
536872
530975
526183
525457
522536
539069
547698
533680
527537
523794
530161
528688
526404
525156
535332
540982
530579
524080
538814
531444
529283
537130
521520
526075
543397
520204
535670
539961
533852
530704
512390
530658
538418
525911
551275
539225
538660
531825
537257
533697
533219
525746
525948
545291
529009
541355
525458
521317
531984
543013
526931
519697
529932
538010
540177
527737
532089
530693
545627
528835
534201
537049
526256
535241
532131
532180
527568
529002
540575
537956
533572
531379
524981
530088
528124
536644
539060
531530
524219
524401
541099
533817
533513
534332
531547
525138
530466
526362
531104
529740
528317
550648
543792
531269
526827
531335
527862
527576
526765
531290
540944
518222
536344
528467
535058
528969
548573
528661
529532
547675
516678
525725
540296
529195
546539
549182
532016
537430
530785
525389
530469
536587
542573
532434
541919
522227
524924
532449
537509
538798
536670
527245
536387
534296
536439
524670
526071
512761
537477
526780
523728
530062
523898
542423
526334
534462
536946
523081
535717
527467
540588
527659
541258
546119
534991
531432
529037
535596
533766
534212
535814
536217
526966
529048
526660
541794
529632
533912
522798
519970
525529
517295
531291
534625
521018
532597
536880
540271
535015
539582
534537
526692
534862
532345
533459
533076
533592
538264
524865
549138
528109
531838
524977
535492
541716
531897
518648
537037
544123
538539
524036
536100
532550
531489
523248
526485
527205
538709
533973
523189
546293
526575
535978
530534
533535
528668
534119
532047
524361
526170
541118
527369
524040
530282
528198
522832
529188
546299
532019
537678
529378
525040
524098
540832
527456
534034
538832
528923
523494
530235
526937
535584
526739
518356
530321
535654
532570
541828
532426
542867
543445
530838
537575
546489
531638
541984
539344
523426
515410
534787
528583
531327
529763
517190
526066
528927
526998
531114
539537
532854
526862
528850
547581
527449
533840
530942
538818
539239
531873
529388
518915
539105
549082
547748
540763
538740
530879
523250
532906
518447
548703
544770
523415
536910
525126
537528
538168
543492
532125
534529
524103
522443
522860
548439
535850
532684
542631
536992
531208
528551
548039
542461
539136
544935
521332
522738
534794
545668
532601
533277
525220
528199
529881
532371
536588
529611
538108
520915
536819
536457
535971
534677
531781
524186
530519
528625
531360
539407
531051
524270
530438
533855
541444
542806
518935
540113
524211
542642
540287
514157
525786
528392
545485
541331
533125
540579
530072
528975
537199
529573
525330
528023
530917
542127
525403
541750
527822
532714
533305
527609
527632
530613
537119
541123
546535
527907
520016
527213
522599
531194
521929
529146
529238
546844
531005
539950
543488
540459
539781
534640
531432
541345
530881
522707
526580
541690
530089
530306
532233
510447
538158
527617
529521
530240
528200
537504
538022
548000
527514
546144
538219
525209
536347
540036
524410
535468
532884
524765
530417
520850
533305
531160
541778
534736
530243
549031
534036
537779
538321
533998
528970
528794
521746
542932
513115
520070
548857
524011
518150
533539
523943
532725
522943
529102
525736
528696
543544
535860
529915
527826
529772
532016
537228
535846
545491
528172
542001
535471
528253
518080
522582
536591
527497
537030
520132
515973
545742
538027
531035
549975
539763
545057
534855
516598
542412
520154
526400
517605
526417
532389
535949
525785
534075
536978
529338
537344
529975
536972
531465
535048
521224
524334
536507
531963
527390
541214
532674
535094
530123
527846
522582
527011
540474
532219
534856
525551
537990
536264
527612
526841
527788
522612
536125
544940
524105
540502
534403
526596
538784
532200
524216
535745
525441
525351
533020
534123
528292
532991
529646
529579
536376
519718
547263
522598
529833
528868
530194
532558
524211
533303
528164
526438
527142
529453
537751
529374
529999
520543
531306
525436
531161
517998
525256
535627
527428
529830
534397
518905
538630
532444
536710
534212
536662
528375
534809
537421
535085
539189
524920
524069
532419
521364
539158
530818
535816
525491
534025
535623
524162
527081
539150
518422
535956
535149
522252
532655
535199
544062
531566
524204
535855
528222
520314
540060
540672
533729
529669
518151
545245
544305
538991
528363
535638
534440
541146
526798
537658
537624
523270
526396
517473
523275
536079
551147
536834
521358
546343
522413
525789
519959
518454
527736
524970
528063
539083
527957
544992
532511
510975
525225
529651
522212
546681
543976
537274
525207
530236
536109
530667
536031
524403
544933
545167
523118
520334
535260
519354
520356
550258
539181
534396
516139
534160
530435
526900
535991
526296
532181
534592
526241
546601
522640
531242
537446
519812
523388
530013
529701
544210
528796
534200
535954
531247
545919
527588
529554
537160
520787
528906
519718
543629
560066
536627
530062
534775
530682
534424
524631
532124
539036
533345
538180
531150
528158
518454
531897
526054
521409
523224
532339
532141
543425
532837
540264
530822
531086
529716
542877
531445
527822
551760
525966
546188
537698
536061
531080
526567
536805
551644
541146
542992
546237
535831
533176
539972
522367
536712
516941
532435
539012
532452
536780
536979
525086
539095
539510
523295
522223
538958
539851
538496
527861
528215
538429
542179
521333
531902
525554
528309
526273
543282
535317
539806
534290
529320
527263
523978
527551
513846
526622
529728
529774
553706
535136
529547
527933
531360
544050
519233
537204
522290
536399
527719
528089
523239
532153
534602
528770
516341
530825
528842
528314
541559
535957
525955
531292
529428
523812
523736
534646
543003
539593
537156
527958
520615
527828
540047
531785
530020
526596
534001
531145
529109
529315
534287
528965
529603
538253
537169
521100
528797
533472
536399
535994
527428
526116
536709
535455
520518
536222
527817
547744
532512
533035
538835
523434
527039
528978
534256
539385
533721
521309
525711
541249
548899
524059
535706
530139
539451
541621
525347
538400
537065
536083
531550
534960
528279
529271
521473
528402
527025
539736
526356
531458
532628
542598
536177
528105
527133
527650
532200
537679
540837
529535
522772
532791
528673
536522
532235
547071
515854
537073
532596
526607
519866
533462
526522
537128
520614
534864
535112
529270
533218
535613
525683
536976
529337
533943
540788
529077
529142
529622
540160
536480
544328
532536
540554
530709
529705
527129
532702
517881
514498
534811
537731
537628
532454
539420
528049
528119
546676
539749
522746
537872
531251
530212
528655
538448
521719
518453
523818
528540
542984
533403
520149
538857
524628
537457
536100
536696
536143
533512
531735
529087
526975
524505
543042
528993
519702
529457
532527
537145
537976
523309
535391
522665
535792
532008
532551
517278
529167
537192
531303
546139
534871
529616
533935
529130
543996
544525
523114
526727
537946
526441
534990
530167
540196
538046
527204
537497
526006
521538
538508
527552
525511
526496
540365
551630
530025
523385
520603
534697
517592
539473
519345
519627
527140
541114
534411
524424
534072
530099
527218
530284
549129
533245
529048
524886
523727
528267
536034
524365
531341
516206
536909
532032
549064
532565
535546
513734
524067
529562
532007
532858
529424
534508
538780
521262
545467
519667
529828
521260
542307
538292
515098
528488
525952
523979
530618
529062
529689
541900
528143
532427
537703
535381
519613
525863
536282
535412
544548
520638
530981
539309
519151
521793
518445
530303
530900
531111
525747
527122
545724
531204
547722
524952
527532
530005
532844
522100
526720
536388
529582
529236
540849
527877
525055
524708
533378
532343
542153
527691
533233
525102
544895
533818
529058
532762
541586
540768
523177
527130
532979
524791
535711
531202
527212
538486
522103
532464
550423
542896
542197
527350
533619
521653
534281
533812
534804
519509
519953
528236
523755
525243
522357
524891
533197
542961
533828
529241
525530
546327
525545
525677
537328
537103
533957
526329
528487
534006
525960
528889
538519
535797
548982
538129
531252
532051
538013
542886
523217
533295
532236
531237
533538
524192
524317
538132
548762
542886
539987
539201
526560
531998
529113
536062
524752
529168
536919
531935
524805
543263
535489
529842
527574
522012
538020
534028
533501
531800
535330
534625
546010
522308
545250
534946
529290
533637
542783
527595
524734
524375
524884
541491
539849
525770
527244
536290
543545
534186
535390
532537
534077
531037
524989
534500
527243
532544
517701
531831
535881
540209
526436
524449
527941
526176
526483
539477
526063
532314
546368
526758
531899
525773
524607
526459
544069
528413
521523
530057
546545
541517
522770
536802
525408
528004
527542
530983
532527
533517
529570
534391
542080
526383
538471
526699
530867
535521
535281
524019
536775
531499
519154
523528
526047
530994
544362
528297
533477
526420
532882
524457
514879
549500
531794
542934
519766
521201
527962
537753
530105
527686
531863
528059
525355
524505
517202
533486
541763
536069
525036
532563
543429
531450
525955
535951
528524
542398
527657
522141
520344
534549
522516
525422
528677
519330
542486
529061
524141
537850
523559
523767
533743
539904
521870
540927
535005
542677
531030
527091
529006
535842
531928
514825
543658
532368
533716
531975
521091
543867
521221
549749
553815
535973
534975
531204
537362
529486
540713
523615
531101
535927
534228
526342
523416
535895
540049
535290
528375
528631
528427
527236
536901
527654
528501
530625
532381
530108
518118
532649
527227
522005
520349
539301
528056
535150
528382
524382
545983
517109
524161
532124
532677
533189
525314
531026
550523
543399
532963
528046
544596
544154
530459
536073
525847
541760
529784
533473
527804
533060
538048
535499
546089
535400
527891
533902
541381
531719
523194
531355
521122
534184
540124
544734
530267
536453
529204
531410
530240
535222
523622
522073
534674
535878
531677
518651
532278
535347
533365
530591
537632
537317
535973
538196
529550
517191
521744
537906
529845
525808
538556
519838
523508
526204
543967
540034
521226
520670
542664
525652
534006
523401
537663
526446
530445
534627
526105
531652
535955
526622
526950
536641
534020
532539
539430
522325
529654
535856
526638
526617
530378
539809
531612
530121
522218
518124
538198
524014
530910
525465
534457
521216
530268
531557
534117
527130
523273
541756
535992
527865
527056
539582
533383
544085
526500
531605
530743
515617
528098
541029
523694
517539
520297
548069
531723
539309
520037
523731
537448
522899
536551
543419
532235
530201
524886
534698
524055
530183
523224
527821
528722
536581
517664
539317
532943
534052
530323
526509
528463
531345
538802
531781
518442
527226
524654
524451
522844
519692
530894
534627
522486
534292
540271
533373
530132
527302
534554
524980
534539
529049
525211
532864
549159
517781
528562
541946
536934
527386
529178
537222
528475
536839
546892
532257
521524
530796
525771
529213
537686
545184
527646
529824
531542
526258
525495
537905
528509
528872
521690
523773
540879
535305
526917
528362
534916
524554
531386
525917
529454
521615
538035
536357
529191
533902
530435
543607
546436
519403
528008
525660
525914
535191
534314
533505
528263
519001
552634
535441
534233
530118
514976
529753
531063
549497
541854
540523
521257
528331
532411
539652
532466
531181
533334
539781
518620
538934
536249
531970
521471
529056
528432
544339
536947
524562
533689
539378
541768
535554
541336
524131
525498
536743
531538
532496
542153
541066
534811
535036
534064
537395
538315
525900
531903
536111
530801
527925
531574
523766
528982
529489
533763
535770
537854
525008
535066
526319
531716
532738
526964
531406
525754
529478
521842
534986
524145
532849
525371
523954
527444
537707
524299
525503
524629
536509
537486
523957
531859
532942
541000
524523
528054
545387
517703
533294
527190
539030
534290
548255
532462
531710
525133
543694
533717
519139
535411
527381
531207
528276
532839
530145
535358
536438
530810
518959
521045
529924
520903
535019
524152
522623
534914
529016
549830
524727
519440
547693
525611
543848
522087
534006
534931
527641
527529
522517
518817
531214
542609
542254
552192
548079
538939
534526
541947
528086
535666
535608
538154
529533
539126
534878
534660
530515
549088
539654
520335
538574
528900
524072
528302
538745
520281
534345
530146
520710
536263
534657
534282
525427
534312
534258
527287
520699
534661
525559
529169
530017
518502
528541
531596
525456
527276
531253
539324
523405
544552
528958
530312
524946
538782
550723
531881
525493
539748
523713
528989
531818
535592
523494
526574
524618
545342
521613
526142
520273
532607
542263
516345
544088
530524
544735
542140
528602
536251
525903
527365
525876
528375
543070
520912
532879
524740
532751
527440
541108
540907
548744
534448
523955
515774
529967
541407
533333
544936
545433
527050
530499
527895
532749
528596
532369
533041
533408
524189
532032
526630
519078
516292
548807
533574
528901
527984
538994
536775
531537
519857
526585
532306
524631
525487
530590
529171
530953
536150
525493
529994
527894
537272
529476
535773
542006
523229
539729
529585
521635
528544
538188
537149
533619
528776
522747
528119
529278
539168
524876
527835
532913
542152
555204
518997
530480
527184
531830
534008
525441
523116
533767
534411
534999
528661
534438
536832
547520
531185
523317
521273
525163
528675
534437
525592
547997
532045
535012
526938
531519
515927
523045
522729
543572
535173
537101
521489
546275
531752
531279
537685
544683
523005
525797
536225
539153
537151
533030
533521
541971
535607
528099
539436
537884
529689
527828
535150
521914
531946
512293
525957
522800
532478
537426
533712
528215
545252
540164
530436
552822
529560
548701
529145
527293
522512
536338
528564
542932
533056
543099
536667
528661
532889
526699
523935
532954
531484
532938
515055
530154
525700
530012
553126
529754
541386
530381
531183
542680
521404
529933
531520
530997
528089
521885
537410
541580
532210
522748
527473
530458
537927
534170
525424
537021
530675
532883
529260
525445
541232
535317
541009
535311
526846
535994
532094
535223
516212
540077
522642
544324
537783
534139
543799
523879
522652
532082
527470
518839
535097
545959
543530
532012
545526
516932
545304
535473
530119
519319
538576
535765
531612
525794
522393
521693
529278
520514
533884
539381
539648
544213
521549
532728
537130
533351
541968
536335
533289
528531
530582
531324
525786
533294
544774
534176
534465
527917
547377
529559
531488
526443
528548
526846
530291
534362
530208
532514
525282
528082
535375
534038
520436
534169
521736
535613
539030
527444
527504
532616
529828
531293
522107
537483
526451
536741
529288
536385
532088
546468
529221
530955
540279
548630
547241
535149
532533
540997
543660
521396
532020
521107
542114
537150
540307
535565
542696
538919
