203921
200285
201620
201327
198125
202437
204525
204527
201087
202600
203943
202623
201215
200353
203287
199622
199746
202617
202326
198666
204427
198597
200691
201726
202599
205916
199043
197133
197561
198355
203560
199512
198225
197902
204885
205743
203883
202059
203869
201897
200835
200204
198394
200930
205067
197716
202902
195938
200318
198684
199107
200071
204224
203154
204073
201410
200755
204469
200700
200471
202353
196606
198286
199070
199824
197535
199328
200753
203630
199099
200561
200943
198365
200133
206316
204694
198325
202445
204424
201192
204373
198290
203873
200435
206323
201674
197780
200526
201446
200047
201910
199896
204632
203436
198696
201949
199526
202039
203657
203439
200983
203327
198106
200366
196512
198892
197691
204822
203611
202621
201015
199666
200851
198480
203692
198255
202597
201866
202461
203140
202317
198190
201181
201529
197879
200953
203023
197626
197140
200566
201678
207526
200387
202377
198290
201711
205521
203890
203641
202049
206559
197420
198825
199608
199551
199307
206465
199615
199650
202418
200127
202804
201533
203666
206468
201800
200386
203405
196676
202081
201473
203225
198060
207810
200953
205162
203413
197251
200452
203351
198017
200609
202734
203331
202083
199106
202607
204212
201367
200574
201090
196412
205906
199800
202431
201173
200814
202710
202200
202601
197704
203260
199995
202076
201293
199256
199977
204557
203557
201638
201902
199234
200536
200398
204887
200562
201229
202505
204238
199240
199421
202091
202112
201266
205227
199760
198972
197535
200373
205175
202571
203089
201228
204206
200102
200400
202153
201798
200584
198938
202200
203037
200703
198825
202639
202479
204064
200617
206363
196806
205050
202079
198899
200977
204709
201424
198982
201127
202728
200644
201895
202120
206815
202510
198825
198823
199118
204548
201961
201524
203929
201292
204793
197840
197746
198197
197841
199481
202324
200536
202053
201440
200976
196762
200907
200364
206032
198879
201745
199596
198809
206797
202237
197818
202697
202277
199689
203989
201984
200403
201983
200155
200919
200219
204365
202232
203189
204579
205732
201327
202432
202474
202447
201170
201553
199334
200505
199876
200764
201466
204011
198585
203215
205886
201903
198564
198424
204175
200708
198131
202008
198890
203225
198849
202086
198941
201364
198415
198229
205003
201430
199041
201113
204321
199612
198778
204645
203158
202134
202407
200737
200345
200006
199674
197566
203514
195432
202422
199390
201804
205192
205379
203345
199897
202920
200676
200265
198051
203736
200600
201037
201979
202743
199053
199181
201467
199227
202200
199295
200401
203163
202097
202481
201733
202173
196875
205711
203129
201058
201069
201090
200288
201790
200054
205819
202452
201674
200383
205758
201224
201209
200405
198016
199539
201655
204372
199947
198208
198900
198835
200125
199453
201199
199972
199270
198170
197633
202235
199075
199543
199548
204295
199323
198046
197492
197105
197110
202143
203748
204037
198243
201052
196355
198463
200699
204072
199649
200179
203851
203599
201808
199810
198207
200802
204530
203071
202211
200902
201602
202247
201259
201849
200680
201382
201824
205950
201678
200639
204767
204230
209524
201758
201579
204482
204112
202200
203033
200515
199284
204986
201791
201605
200806
208125
196845
195791
198511
198170
198672
199492
201009
199242
201420
203119
197509
204915
201983
200470
202737
201715
198741
200751
198475
200683
203769
203466
203429
206205
197746
201006
196527
201288
202500
201689
201274
201588
197327
199534
196750
199962
201090
205194
202993
198054
198632
200484
198845
199551
198221
196040
202109
200171
201673
202298
200574
200613
201383
199263
205543
200586
201827
198625
202778
200800
200371
198132
205574
202686
198454
199052
199436
206837
202344
197980
199515
206242
196880
201943
201888
202462
203069
203987
204013
201821
200545
198066
204123
200187
203071
201658
204855
198728
197860
204115
203444
198505
201085
199337
202652
201025
198233
199922
202277
201551
199691
198091
197904
200719
198528
200257
199935
198241
200428
201887
199760
201317
204664
197267
198463
203560
202836
204770
197730
198186
201442
203355
202563
208940
202065
199170
203406
202078
200136
198251
202377
200679
198024
200018
203890
202584
204400
204672
202475
196569
198344
204618
203304
195696
200754
202104
200413
199546
198405
201490
202285
199704
201072
197982
199410
200314
202243
198117
200529
199836
205104
202175
200781
202237
201342
200473
199766
204993
198723
202463
201459
200105
199668
204710
201932
199864
203791
201062
201816
205771
199494
207874
204948
199852
199854
199285
196212
202514
199515
199581
201195
199999
204923
203785
199068
202941
203536
197814
200904
199520
203979
200470
201231
201852
206186
199248
203380
199461
200353
199266
196911
205091
205136
206103
198528
199629
201579
199278
202770
201104
201457
201949
200552
200888
202824
201657
204701
199883
199071
201375
199686
201338
204034
204323
201030
198997
197903
205581
202529
199895
199443
203704
200162
205780
203907
198491
201284
198685
205403
203768
202656
197436
201207
204674
199201
201231
202975
200693
206920
198051
196660
199988
198189
199942
205027
196539
200287
202200
199817
204226
199086
200797
201115
201274
199555
201770
198215
202403
200770
203097
198723
204006
206846
203133
199459
201334
201015
201982
201290
200808
200964
198351
201799
201839
201463
202483
202490
202065
202548
200591
200083
200270
206048
199948
199070
198851
201353
201262
198733
197205
202038
204873
201424
201754
200721
203742
200625
197190
197416
198394
199268
199622
201783
200906
197149
201862
202594
204536
199992
199041
203250
196762
202751
205947
204911
199786
198415
198819
203087
201674
201338
201060
200412
201400
203070
199122
198885
202160
198917
201517
198921
202395
196162
202672
199832
200924
199050
200137
201424
204783
203005
203692
201337
199639
202326
202350
201160
201733
198441
197366
202405
200559
198455
202903
203819
201212
201442
202607
200005
198447
200959
200323
201554
199340
202825
203883
201537
209385
200651
203427
197466
200787
200323
198241
199891
200220
196910
202399
202249
205109
202387
200364
201199
204935
203137
203321
201080
200399
202418
201588
202092
199821
202189
199191
200386
196907
203023
201514
200620
205888
199218
197936
197856
198904
199932
203441
203485
204997
200140
203508
198225
199499
202042
201233
198301
201264
202885
199297
202119
199553
199744
203013
199540
199302
201693
203294
200946
204386
200256
202783
199275
201116
198940
205513
201327
204122
197366
197976
201021
199902
200171
205184
200843
203131
203032
200708
202861
200396
203528
201260
202397
199118
202053
205507
203656
198792
204748
198331
200170
200735
206228
200053
200768
202091
197500
201635
202351
202553
205143
199537
201605
207740
203231
199044
202359
202594
196091
201571
201766
202028
198944
206129
202468
200168
201993
197227
200980
204847
199522
199192
200816
205707
200946
200120
200674
200812
197037
200829
197344
204213
203643
199862
201889
197911
203789
196749
201944
205733
199377
198420
202277
202181
202471
196907
203552
202372
197773
203500
200275
203210
201435
205721
202953
206254
203414
201718
202385
202057
199386
199607
198896
201091
197802
200980
198005
205642
205310
200904
201819
202088
201881
198258
199895
200199
200665
199396
201898
202753
200359
201480
201990
197657
201170
203348
202127
199106
204482
203752
201791
197300
199715
198860
203963
203852
201494
203407
199527
199306
201654
204305
201697
201827
203671
203310
197742
198813
198279
201580
200625
202054
200380
204447
200760
201619
203703
201107
201950
201956
203364
204462
202778
202231
198735
203555
205465
203862
199018
199919
197747
201268
202596
201840
200839
202177
198385
200747
206179
201487
196386
202659
203105
198419
203763
199595
200648
204095
206378
198684
204348
199932
201225
199877
206402
203257
201699
202425
201420
202307
204382
202602
202046
198462
201271
199170
196734
206369
202273
200884
200946
205061
200274
201381
201333
201457
201480
199366
203088
203455
204570
199681
200751
203103
198626
199616
201205
204611
200984
197868
199767
202694
200973
199418
204020
199685
200743
201994
200972
197662
203103
201237
201297
201254
201494
200355
202119
200171
200388
197987
198709
198728
199431
201161
201553
199994
204879
199381
200865
204029
202288
199408
200057
199811
201260
199294
202460
203268
199830
199941
200645
197110
197925
205214
198631
206746
205115
201403
199761
202473
200125
199429
199007
196949
206531
200318
200171
199507
199608
200227
204723
198358
200635
203137
201579
198879
204191
200591
202092
201744
206551
199684
207183
204105
200591
200207
202120
202312
198158
200551
200267
199731
205445
203713
202472
199837
202222
207004
202418
202047
200195
199485
203619
201211
197829
198892
200350
200097
202886
202483
205574
202751
202043
200147
199071
201289
199427
201619
200965
197551
199988
198752
199008
197776
197999
199702
200013
199939
206917
198505
202881
200401
204887
200996
199091
205738
202112
200930
203123
201588
197474
200644
199534
196685
202564
202459
203196
198386
204298
200479
200749
203097
199022
199325
200557
203268
203740
195995
201230
198886
204350
202352
202434
202257
202532
199664
205716
198489
201403
205459
204092
197980
205997
202426
201248
200674
199240
204063
199586
203421
204530
201575
203668
200526
198613
197968
199647
204450
202376
203643
202057
200040
201050
200174
200520
198115
197720
199800
199034
198757
201384
200611
201649
201553
199034
200912
199954
204443
199675
199473
205036
200304
199821
195995
200448
202330
203203
200845
203611
200200
198606
201038
203343
205766
199818
203539
201918
199313
201239
201323
201637
204226
201534
202694
203748
198355
198810
195887
202214
200390
197432
202676
199470
196846
198802
198229
201913
200297
201477
201693
203042
204220
197275
205419
205036
200084
197991
202559
201909
201261
204291
206256
201696
203861
199575
198623
199059
200212
201207
201854
199583
201223
201192
202908
199770
201272
200456
199559
201113
203097
196829
202698
206210
200648
201075
202387
204224
199867
204540
199359
201123
200790
201797
202088
201083
198688
199246
205538
198382
198836
198325
201227
203583
204730
200175
204071
200290
200781
203958
208395
198898
203631
203466
199240
199685
202482
200610
203820
199509
198593
202775
201034
200403
200722
202487
201209
204141
203310
200972
199627
201116
200592
201418
202590
202186
203096
205385
204267
197232
203060
203713
206789
199500
200703
202555
200835
201684
199937
196212
198994
203753
199716
201214
199730
204012
199984
199031
200428
199083
203032
202369
201798
202756
199659
200475
202639
200888
201550
197097
203631
199188
202969
202537
197967
200306
198846
199885
198786
201873
204095
197922
197769
201861
198835
198681
205478
201274
199874
202645
204914
201759
200125
202478
199371
203307
197439
199248
198168
204226
199638
202201
201040
203967
204190
202012
202344
200192
201479
199949
204726
199937
201065
204830
204490
201827
200044
202601
201297
197485
204067
201052
204419
202643
204477
200909
201457
200455
201611
200548
199362
198976
201429
200885
201854
202583
200415
204635
206301
203976
203686
201688
201824
197676
199721
198294
198382
208054
199147
203689
205377
200406
203262
199829
200610
197815
206006
202905
200175
199408
201461
201490
198681
201856
199147
200082
198757
200531
201427
200304
204496
198939
202973
204167
209124
203536
198056
199443
201323
197887
198865
202838
201580
200208
201072
200146
201949
199138
200936
199605
203117
204806
200500
204525
200902
201703
203663
199270
203394
198684
201247
205556
205316
206687
199902
201314
199523
197316
197946
200351
205158
201617
199673
200662
204157
201715
201233
202495
196668
202914
197025
202438
200441
200229
203097
202747
201408
207272
201228
199905
199339
203243
199598
199327
202084
200994
198155
200401
199291
203145
203479
208464
198419
200168
199099
196949
202033
204547
200513
202909
199323
206197
199603
204135
199199
203793
198867
196848
198316
200111
204661
203630
201330
197344
200171
200879
201495
200118
200999
204567
205063
206844
201160
200675
198357
201383
201673
201810
202749
198961
201398
200949
204123
201954
201110
201060
203254
201296
205898
203257
202220
198776
203207
200576
202682
202521
198776
200554
205820
200117
197532
198130
202177
205543
204999
198344
208258
201237
199934
200159
199105
203994
203283
199204
201119
198072
201055
203349
203569
200312
201495
203008
198331
204436
197018
202737
202122
201664
197950
205324
200173
199166
203918
200313
200331
202061
200670
204108
201390
202145
201896
200882
199850
200535
202685
206774
200171
202185
201124
202777
197745
205279
198861
202284
200529
199654
201227
205722
200625
200459
199693
199616
202316
200275
202235
204978
202065
205201
200187
201596
199530
202078
198459
202592
198189
203302
201213
200469
199206
205391
201352
204051
199890
201180
200551
202716
197478
202152
198710
204217
201803
201380
199613
199784
199313
203132
202091
200088
202771
201591
201737
202301
200578
203169
200213
203699
201540
199964
204356
198327
199769
202260
204815
204169
199820
205115
200195
203387
201583
203419
199068
203864
203408
195856
203343
198684
201030
201640
200401
202149
200930
204165
200836
202464
205349
203305
201355
200832
206016
208225
198616
200960
200651
209309
200413
200647
201060
204872
206198
202562
206307
203506
199148
206276
201683
197455
202748
200023
202789
199505
200220
199060
202789
201008
201640
197171
200361
203514
201791
202310
200440
197456
206025
197669
200954
196658
200210
201307
203069
199570
199975
200879
199417
204723
200430
201142
199252
204989
199417
197542
202035
198605
197728
200454
201164
199746
203263
201624
197336
201191
204135
198635
198892
201294
198911
199256
199754
201614
198899
199858
201878
204746
202766
200363
199240
201259
201866
198419
202348
201966
199071
206262
202338
201990
204053
200267
199714
202937
200383
197175
206883
199693
199604
202655
199099
199381
199432
198142
201367
198658
199875
197588
202119
199052
199884
198308
199516
202237
200628
198945
197706
207209
200724
201575
200349
199221
198374
199732
200908
199776
203478
204141
201839
199530
200067
202036
204475
202653
198431
203292
199867
197474
201666
199793
200806
201555
198752
200198
200882
204622
199951
205721
202487
201234
199714
201826
197865
199252
199370
202328
202209
204145
200576
200708
198182
206203
201857
203999
199693
203038
200423
200459
200839
198931
201165
199968
199443
199017
199175
200723
200733
202436
198323
199818
206535
203629
204666
203634
198312
201954
198865
197427
201246
204355
199846
204710
200873
200288
200776
199095
204896
207354
199736
201111
202021
202386
201188
199244
200136
201927
201341
202688
202965
203324
199661
206202
199431
203238
201134
198485
204767
202410
204628
203166
200288
197251
199148
200619
200442
199637
198746
200720
201183
197075
202786
201988
198355
204704
203388
200037
200770
199850
205224
202480
201515
201229
202740
202825
198744
203921
199280
205007
200736
203890
200768
201759
200884
200352
199179
198551
200385
199477
198676
201573
200685
200070
198275
203808
201785
202760
201186
201354
199464
205105
198959
203537
202263
201003
197941
201482
201970
201092
203013
200934
200571
198977
204211
201478
203618
201078
202196
205205
201945
204227
203296
201839
201854
201348
200202
200507
202501
199206
200758
201400
196097
197523
206378
200023
203176
200927
198819
199540
199771
201828
203393
201284
199338
201440
198493
204706
199534
202984
202886
202510
200022
202714
201334
206330
198095
202159
199655
203290
203158
198784
203337
202487
200651
201136
203939
201434
203092
201898
204027
198809
200231
198389
198370
204910
204939
203895
202692
208121
202977
200314
198168
200625
199830
206564
198940
196825
202144
200296
202387
201774
200735
202188
199497
197478
199997
199757
200566
198312
205092
203263
202486
198692
198654
197075
200457
201840
199958
200914
198451
199600
203331
199229
198587
200863
201662
199286
202077
204209
202106
205413
202607
201247
198530
196841
198125
200600
199504
199001
198949
201741
201218
200601
199929
201188
202569
196374
202624
202922
202232
198351
198546
201246
205711
200581
201174
200669
199985
203164
198780
201761
201081
202423
201158
201645
202529
199130
201911
200059
200916
204158
203201
203703
199902
198914
198221
201115
201144
204987
205896
197256
197362
202728
198554
199132
200712
200880
198129
200741
201218
198296
199178
203342
196450
203891
201191
203128
203231
197929
203422
200647
203440
199568
199034
200578
204306
198216
200212
199858
201472
203751
199121
201266
200618
202685
201438
198321
203863
202260
199790
204049
203294
201459
199878
201276
196512
200850
202761
201870
203984
201851
204797
199963
202311
200624
199510
201441
203404
201931
200066
202833
201543
202270
198732
200978
200662
196551
200617
200397
200176
208085
197592
201142
201625
197476
203522
203180
203540
202230
203779
198175
199389
198071
198837
198224
201058
203364
203307
200356
202436
203630
200812
200783
204187
198532
204412
203649
202219
196091
198252
198839
201633
201081
197799
196052
200228
203268
200913
198945
196629
201783
198883
201376
198557
201241
201115
199942
202720
203055
202441
202763
203898
198045
200941
207186
203412
199275
199902
203161
201431
201384
204118
199671
202073
203866
199781
203651
202709
207171
199959
206137
198673
199660
204673
197826
201123
203507
196872
199889
200221
203849
203315
203296
203498
202974
204185
201346
199380
201068
201273
203995
206391
202959
201069
198564
203848
196776
201097
199198
201875
203959
199693
201246
200057
198718
203447
200511
200485
199604
199539
199851
204587
204574
203159
200704
203530
203070
200743
201559
200306
200309
200496
201112
205782
200453
198735
199624
200340
197965
198240
200780
201732
201132
197131
200129
204319
203836
202384
197155
200444
204689
201015
201774
204324
200799
202544
202944
200869
200007
203449
200451
201365
198516
203608
198788
200194
205416
198607
203731
202138
201400
204016
201245
198447
199936
201793
200963
202969
201227
205564
198840
200186
203139
202051
198632
200230
203564
201580
198022
198888
202617
202226
201053
204827
201510
202694
202593
205997
201905
201070
198814
200666
202899
202910
201500
200090
201320
199853
198593
203322
201422
200562
200800
199594
200021
200202
200283
197793
202905
199058
196984
200814
204494
200175
202207
198984
200149
203686
198006
197875
202356
202612
201544
199878
200492
200162
196339
200222
199995
201229
205632
198646
196347
200195
203880
205834
200747
204553
202350
199450
204087
201033
201689
201147
200747
203948
198744
199255
199105
206518
205294
199482
204208
202615
202649
200097
199493
198705
204591
200070
201868
204189
207159
199901
201555
199092
201699
201377
201770
199669
199553
201966
203343
200072
202436
197109
202413
201502
202442
199140
199373
196355
200442
200029
202621
206009
205175
202560
204297
202592
201463
205582
198568
199040
200538
202965
200134
205270
203172
198310
200067
201992
199596
200969
197727
203103
201558
194692
200875
201233
202292
203435
197446
200984
199469
197842
201093
198203
201568
195775
201647
203950
199542
202674
199252
200883
199242
203884
200877
198703
200571
205182
203528
202074
196865
197493
203280
200236
206718
201872
200624
206053
199852
204002
201501
200900
199175
203567
200913
198741
198022
203564
204192
200229
198568
198551
199090
200452
198795
198794
201565
201713
199267
199999
203164
199206
200658
201068
201749
205505
202299
205536
203846
202004
203874
199998
203727
201694
200826
200636
198806
196872
200709
203492
199838
203480
197809
203152
202143
199708
202686
198344
200876
201609
200560
199782
203732
200022
204810
195811
201744
200223
196850
201076
200252
207603
201566
203658
199860
200085
202266
197730
203951
204476
208506
202743
198202
200128
202358
202338
201874
201490
202055
199427
200784
201256
198610
200568
201973
204331
200141
201733
201164
202888
202478
201488
200938
199388
201426
198692
200510
202035
200647
205998
200906
200231
198125
198735
202149
199316
201786
198465
204219
198450
197040
198308
201337
202610
203184
202782
204554
198359
199176
198593
202070
202972
199980
198835
199899
202798
203306
198360
200210
201578
203722
202234
199948
198036
199503
201496
201197
201705
205213
203305
204118
200226
200088
200526
202800
201906
196764
197556
204602
199036
204507
199067
201357
199452
202372
197929
197493
202722
199460
201211
200325
195451
198336
198585
208754
198976
203028
203965
200939
203193
200403
199736
198285
202360
201915
200058
202179
199526
198756
202958
207655
205264
196543
199957
202104
198925
200464
202698
199620
198457
198432
200814
204277
199110
201624
201319
201663
198326
201675
202623
201508
202845
198610
200209
201131
203107
199727
204017
197990
200431
201332
200965
199278
201163
199626
201230
199466
200091
202776
203046
201420
201782
199110
200162
204774
204554
202772
201034
202330
199860
199455
200747
202418
198447
206427
201137
207502
200549
200618
200591
202723
203630
202179
205382
199972
202129
199120
198221
198336
207557
201971
203947
201248
200448
201129
198536
197615
201806
204468
198477
198949
205436
200224
203205
198710
203850
204406
197519
196750
201673
199478
204235
199378
201715
199711
204785
202145
203104
201497
197980
200307
201366
202736
201437
205510
202074
201793
201356
201442
200403
204754
197566
198462
200889
201714
201289
203682
201949
198194
196355
200171
201141
201013
201037
200902
196753
202023
202352
200330
205057
203290
202906
198445
201319
197730
201597
202272
201615
201267
197405
201813
199992
202139
200034
199995
200548
204661
202281
203780
197677
201630
204811
202009
202513
200544
204098
199470
200627
202899
197427
203319
204173
203591
199298
196317
198340
200531
203998
202303
201081
202522
196689
199891
199901
205790
202059
198684
198612
199555
197277
202023
203307
201765
201407
205583
204469
198900
199067
201762
199081
204353
199581
198283
202101
204904
201589
197627
198584
198643
204161
203214
202341
201817
202088
202519
201330
199508
200598
201080
200921
198819
198733
196971
201255
198726
203702
204908
203962
200155
199348
200424
201246
200785
199417
200075
202645
202641
197183
204022
202714
200829
198129
205996
203779
201737
203207
199087
200721
199651
202724
200325
202439
201938
201950
204907
197535
202085
200390
198459
203377
199807
204037
203907
205709
198338
201443
206629
199959
200345
201182
202695
201766
203874
200164
201993
198290
199800
201827
201803
200873
202724
202940
198280
204015
200008
200258
199554
199341
199532
198856
200916
201589
200332
196737
199225
201582
199112
201604
200523
200513
202179
203119
205654
199138
204856
201223
201790
196075
200958
201357
198367
202374
200110
201887
200680
205346
198861
201097
202515
202028
199904
197270
201466
203132
197972
198879
200668
202433
198524
203831
199510
201469
203429
201329
202082
202810
205176
199961
199352
202469
203803
205481
199761
197700
202390
199498
202320
204343
197246
202496
198562
201966
202026
201825
198881
200881
198606
200209
201839
199149
201067
202325
204224
203801
201741
197552
203021
200864
203351
202179
200594
199201
199315
200346
201977
196710
202113
204206
199459
201185
200810
199014
198392
200913
199783
199803
202253
199498
201244
196708
200765
201632
201238
202886
200626
201471
205291
204944
199570
199026
197067
196795
198238
201241
202387
202527
199431
202167
199909
200498
202933
196750
202377
202783
199612
203738
197887
196715
197741
202465
201524
204027
197871
197581
203159
204998
201412
201176
202100
201646
203221
199984
202143
203726
197010
201351
199048
200741
199308
201490
202709
203268
201422
200704
200793
204048
198821
198160
200091
202222
198772
199083
201628
201455
200912
201203
201008
201151
201952
199923
199919
200860
202626
202722
200510
201352
199409
201724
200257
199855
200489
200474
204473
198034
200224
198344
199677
199530
202581
201476
197720
201229
199850
202402
204944
199433
198275
199936
204274
201824
204653
204277
204518
202748
200784
201923
199946
200115
198224
206166
200761
201689
203008
207071
201626
202627
203194
201044
199616
207552
200204
199528
199769
198432
205183
201323
200813
203784
202092
200807
200216
206686
201571
201170
200123
198477
199860
201261
201503
198279
201207
201269
203070
196386
199768
205024
201510
202249
200725
200840
206132
201669
201614
198848
202546
201401
202952
200933
200147
200277
200785
205242
201882
200869
203857
200116
202552
199315
197987
198537
199140
202029
204498
203321
200113
199426
202267
198785
204139
197971
198110
203455
196711
198592
199144
198654
204413
199871
202607
203998
198837
202751
201542
203217
200586
204437
200923
198154
206146
204018
199269
202234
198657
203406
198941
205300
199764
200528
206044
203807
199751
207279
198251
200029
201578
201540
201993
197865
203698
202186
198280
201685
198833
205071
199920
198505
201343
200151
201393
202183
199985
204569
198129
202886
200072
202333
198799
200496
201999
205708
200095
199278
202989
200509
197566
200542
202131
199813
199461
204012
204233
203430
196949
199271
199501
201176
198216
201439
200775
198505
200737
200965
202088
203536
201845
199305
200544
197838
200529
196654
201586
203652
200273
201473
197051
201038
202195
200605
200407
199647
201553
203293
203378
198968
199212
197523
201831
205715
198340
200667
198470
197821
201411
200166
202855
203406
200300
201878
199005
201280
200437
204162
199455
197163
200957
198129
200422
200548
201733
203114
202161
198280
198501
198489
199085
202352
204918
197612
201628
199276
205294
200318
199754
203117
199903
203349
197507
203235
199950
199494
200470
202179
204607
204718
201632
199143
201994
198935
199459
205070
201392
196091
197232
201155
199480
199655
202576
202104
202549
203408
197592
198390
201917
200574
202197
200613
202663
204492
203068
202373
203124
202409
206083
200743
202326
205462
200793
201017
197512
202660
206047
198685
199925
203669
199197
199793
200149
201836
199000
199599
201295
206309
199799
201904
203473
201270
198379
200780
201905
201597
197270
201323
199242
201557
201949
203284
203378
200685
202962
199502
202619
199041
202036
199345
203196
197327
201087
201942
205529
202199
204307
200253
204151
201409
202901
203587
200415
199958
200452
200833
202204
202564
200495
204743
196810
198136
197994
203023
198925
199199
201632
203569
201229
203898
198315
200275
198301
200088
200395
201041
202214
205206
198247
203340
204411
204294
202936
198739
198815
204952
199731
202875
201168
203842
198147
203506
199904
205227
198485
202320
198969
200275
201388
203113
201952
203623
198297
204155
201650
201123
203563
201188
198068
199577
201432
199335
201032
199582
206012
200164
199016
198966
203809
203479
194895
198477
200042
199872
203060
200349
198714
201608
201989
197493
202180
196347
201419
201357
203066
201303
201994
202615
200461
200767
202482
200619
199558
202630
199471
204312
199543
201246
201390
201650
201970
197976
198271
197925
201966
199350
197777
199386
202326
200955
202097
204614
202637
204351
201026
202433
199208
203496
199741
200684
200486
205275
201589
202951
205631
202091
199846
204708
200106
202338
204408
200925
198863
199282
199399
207811
202529
201290
200139
199515
200482
199735
199751
202815
199913
199865
204472
203225
202880
200456
198030
203418
201940
201748
203026
197627
199501
199582
202086
203260
200678
205143
201379
203457
198150
198749
202496
204507
198949
203894
203947
201467
200175
197677
206642
200701
197209
202122
203931
198770
199777
203889
198147
200794
199777
200729
198397
198963
200618
199443
201231
198945
195871
201943
200005
199711
202452
201729
199129
200974
199284
203326
203243
207465
201422
202541
201105
199133
198215
197657
200972
199689
200892
199494
199055
203714
200598
200452
201622
205281
198294
199754
201907
198469
201808
202693
200092
199306
199626
197947
204259
198853
200717
201023
202586
201410
199574
205099
201130
200425
199899
202051
203357
203143
201160
198741
206392
203237
202134
196922
201852
199793
203123
200805
199252
204861
203416
197435
205671
201901
197377
200282
204959
201748
202116
203414
201018
202362
198298
200096
200210
205172
207859
203408
199183
201760
196863
197927
197864
202018
198324
207492
204530
199946
199282
203127
204866
199958
201644
204041
201865
198169
201700
199717
204780
201445
205147
203956
199277
201015
201966
201889
201643
201430
198586
204146
201247
202523
205099
201978
200343
196815
203327
197147
204246
201045
202749
200738
202113
198650
202339
201779
203827
198363
202096
202139
200344
198080
199391
203366
202556
200458
203346
204832
201904
198973
201824
204267
200141
200381
203288
200821
205161
202626
207167
202888
197562
199595
198954
199650
200865
201220
201329
198665
202694
201470
203403
199306
201638
198591
198120
199755
202308
202578
200071
201980
197922
202887
206353
199516
204015
200266
199124
200969
203150
203152
198656
201249
201379
200436
199994
203359
199252
203271
201423
202042
203789
203583
205900
201939
201023
202936
201260
202536
198301
200139
200402
203741
200578
199564
200635
202360
202779
199480
200045
201778
198186
201345
203560
202490
203806
201821
202879
199902
200416
200914
201092
201933
199279
201971
199820
204955
203839
204011
201044
200752
199218
200741
200789
203461
202262
197772
200461
199362
203479
200216
204252
202554
199976
201554
201140
202283
202303
200218
200959
195753
204565
204243
199277
198585
202769
200635
203890
200391
200054
203126
201143
198634
202858
199455
202344
202376
201131
202594
205361
202151
200286
202199
198370
200226
199638
198982
203417
200169
201698
199377
205007
201370
198325
199321
199339
203431
198240
200574
203615
202731
201554
202047
198424
199211
199423
204562
204864
198696
199906
203410
201466
198839
203320
198390
205772
199123
199345
202069
198485
201478
200264
199671
200596
196841
200662
198949
200562
202759
199345
202212
203640
199769
201705
201299
204373
197370
197791
201952
201860
199951
199968
205369
201257
198931
199156
200349
199636
198679
204122
199684
203146
199522
202879
199740
204753
200470
197796
201620
203107
202182
200064
201272
198925
200835
203961
203713
201061
203687
200002
196892
202953
198454
198428
201038
201345
201180
203561
201808
204238
201289
200680
203374
203412
201767
200581
204101
199662
199547
203536
197106
201608
200068
202497
204818
204814
198779
205710
203825
200923
202440
205147
201042
208660
197984
202681
203763
199461
200938
203449
201490
202346
202759
203866
206651
199010
204086
197232
199275
199472
200239
199700
202080
202290
201237
198182
201290
200990
199135
197171
205774
201571
202600
203703
203160
199826
204802
204702
198154
198163
203579
205269
203272
203280
201321
203148
203271
200116
198948
202421
201650
198202
200872
201989
201078
200247
202963
202971
199258
199244
202403
199842
203199
199762
199015
203438
201464
202239
199244
199954
204181
197432
202894
200802
201900
200317
202855
200717
205481
205175
204423
203168
198822
199156
202454
202315
200231
201050
200720
201768
198681
198194
198117
196685
201538
201873
202536
201938
200311
204067
200847
200450
198746
202668
198845
199014
199546
199655
205453
201121
198186
201767
200729
204284
206684
203994
199193
199233
199066
203672
205985
207033
200626
204274
201800
203688
204177
199806
205298
202327
199076
198431
199963
200545
201212
203296
199740
207029
203602
201184
205877
199015
201525
200419
205007
199797
201408
201689
201553
199421
197576
197106
199338
199650
200325
199738
198982
205837
199707
202570
200213
203676
200767
201065
198190
202151
200229
200831
200812
201111
203357
202494
201256
202026
203647
201789
201210
196774
204183
205094
202371
202538
204926
202373
203457
203089
197726
199585
202448
203185
197320
201050
200213
202645
200900
200879
205464
204602
198970
203990
202614
198262
202939
204810
201634
204029
200927
203526
199191
205488
200441
204870
198879
200977
200538
198005
203324
201159
200241
204453
204022
200092
198938
201274
201674
199929
201508
201854
203154
198214
205087
205050
198918
200161
199937
200644
200483
200051
204352
199145
201545
202017
200812
197687
199156
200266
198674
201591
205396
203937
199833
201886
200554
200049
199133
200528
201889
197669
199651
200881
200233
196362
201445
199710
199784
202385
199931
200617
207974
199355
198282
203168
201697
201921
200810
199282
204830
202398
200932
200798
197400
204489
200881
199355
199712
202693
201951
202533
204029
200696
205263
203087
200999
200236
204113
201593
199966
199377
200598
197857
202090
198284
200674
198715
200392
202008
200854
204513
201882
199780
203119
198523
201817
202577
199361
197028
203352
202629
202871
201010
196871
198593
203522
198780
201950
201785
203295
202029
198906
195772
201749
199343
198685
199095
203694
205711
200843
202808
204185
197508
197588
202953
202746
200630
198537
202745
199351
201780
196075
203186
199735
200592
202251
201986
202360
200658
200664
202812
204159
203099
199493
203604
201618
201014
202604
202184
203497
201788
201249
201214
200583
201540
203390
200965
204432
198610
201616
202564
202368
205877
198650
199828
200286
204580
202188
204739
199980
203258
205986
202348
199115
197841
202017
203903
204228
201892
198685
206149
204181
198115
204346
202751
197006
199220
199168
197627
200099
202273
201857
201482
198213
199085
198132
199405
202100
199860
201774
204084
203176
205949
199470
202969
203422
201518
200080
197532
201572
200687
201571
200424
200804
197052
201258
201429
200710
204749
203992
198080
202190
198742
202226
199958
199141
198823
199650
199716
205659
201789
199155
200659
204326
201754
198807
201986
202708
201500
204369
206096
202644
201506
205297
204180
198681
202147
198358
205552
204256
203648
199842
203113
201241
201345
200071
200220
201063
206871
196853
202260
201118
202713
197888
200739
201270
201767
200224
202304
198344
201111
199997
202997
199007
202288
202109
204388
202747
201767
201038
203091
200223
206961
204382
203357
201118
200265
201751
197830
199986
205053
199213
198090
199333
203060
206119
202940
202153
200445
201020
199394
204916
199026
205162
198744
204173
199772
200884
203956
199239
201073
199647
201565
206085
202421
199405
198375
201068
202221
199208
200981
201471
204470
202504
201103
199984
198451
199846
202574
201739
198752
199128
199179
199352
201076
202104
201344
204262
199728
201713
201879
203528
202283
204586
201748
201044
202263
201688
204602
197806
196465
204305
202818
199783
202423
200009
204297
199068
199449
202937
201443
203430
200713
200771
199020
202258
207370
198980
196551
199366
201329
200851
200576
198819
198898
198867
200094
204597
200709
198485
203518
200800
199861
200721
199551
204345
199619
201768
202026
201233
199236
201254
201970
203038
196902
202185
201394
205192
201186
200479
202423
204254
198013
201247
199862
197891
199438
206820
199386
202876
204761
202505
198727
199517
199781
202441
198566
200219
205145
198731
205103
201479
201961
202724
200458
204422
199937
204527
202158
203613
202259
200648
201629
199594
201357
199304
204975
198635
203237
202099
204077
203816
205349
202758
200931
201561
199539
202513
200635
199121
202255
207717
204976
200767
200729
200639
199570
200725
201109
201339
200446
199128
199469
203015
200720
201375
198636
195731
202221
200570
197602
196841
200072
200459
199737
197250
200727
195568
197876
199858
201918
202127
203891
198613
197109
199428
204683
201636
204849
201034
204239
202643
201826
198296
205032
200454
204002
207577
205475
201444
203967
205137
200074
197082
203128
201087
199309
199512
201412
200314
201675
201450
199392
198312
202519
199470
202194
202153
200025
204839
200125
199972
202051
206846
202363
204310
202080
202686
200977
203422
203000
197980
201168
203448
201693
201542
200153
203335
200579
201618
203010
206111
199396
201895
201996
206622
198005
202495
200731
199677
201142
199900
198428
200149
205421
199598
201188
200545
200809
203911
202214
203062
203742
197984
199937
198004
200641
199665
199419
207444
201401
196569
197431
201280
197921
203205
199550
198845
197045
203913
197669
202065
198102
201546
201483
198306
199728
201659
198408
200414
200161
203050
199244
202028
198540
201720
200468
198554
201499
200778
202837
201424
203435
205366
199714
197453
200764
198422
204925
201329
204424
200437
201635
203435
198378
201818
201601
201491
201086
199004
199462
199781
201395
200155
206411
201489
199667
199290
199942
200053
200151
202824
203026
198451
201801
202291
200727
198770
202501
203389
197757
199841
200659
202369
200682
200029
205414
202222
202719
196982
199776
200753
199899
199636
201290
199807
205758
203497
203190
201654
200116
200731
198047
201382
196166
198308
207300
203254
205642
202604
201931
200653
203057
205587
200101
202898
201885
200853
199695
199387
202815
200937
203058
199663
205170
197592
199620
203502
200466
202323
203782
205275
200412
200492
201441
199248
200692
200421
200760
198983
200843
203107
199452
201734
199598
201688
201726
204145
201431
201721
202636
200332
201310
202521
203398
200802
205624
201579
198769
200336
202962
200975
199010
200513
203020
201131
203984
199410
207187
208474
198472
199532
206559
204637
196669
200239
203022
198060
205343
196611
201809
202650
207308
200889
202313
200144
203619
202127
204960
198823
205570
201145
199423
201442
199344
200768
201342
203134
202509
200651
204177
206052
203706
201479
199528
202432
200261
199732
203989
202041
200226
200784
201233
202774
202742
202290
205762
202708
200374
199793
198904
199474
202688
200687
201984
198363
204157
201986
200191
204056
201185
198780
198707
202936
201067
203361
202206
204750
198202
200857
203118
198881
199229
204959
199034
198922
201818
203560
201942
199594
199805
200526
201588
197869
200262
198293
198342
201009
200500
201525
201670
200186
199233
204338
199773
198623
202682
200827
199658
202517
199719
199477
202101
202264
203024
199960
201819
196906
198944
200816
199802
198711
202213
197207
203318
198235
203717
199811
196762
200737
201257
199048
203969
201103
201229
201237
206794
204749
204779
202893
198530
200735
199470
201700
201939
201355
201370
198916
202593
197738
201899
203639
202171
199827
199515
201884
201001
200558
197370
201176
198221
202055
203643
203626
203658
202805
198363
200114
197687
198458
204162
199394
201120
198103
204139
202417
200336
198447
199417
198787
200337
199543
199105
198849
197795
203170
204340
200100
199289
201958
201455
201127
202432
201705
200504
201440
198698
201871
199455
200435
199734
199455
197769
200938
204129
198059
198584
199061
201918
201604
203347
203818
200305
203399
204423
202897
198471
197622
198321
200300
201610
197474
201410
202587
199565
198363
200687
199124
201422
201834
204122
203290
195780
201536
202566
200502
197455
200071
203846
204061
205471
205519
199595
199763
199982
196355
197124
199506
201752
199029
204112
199022
198726
199396
201487
200842
198277
199356
198646
200544
197691
199664
201638
200218
201023
206813
200948
201549
201400
202381
201041
197595
200383
204996
201739
202771
206758
202923
205840
203566
202637
200980
200225
202643
204787
199239
201612
201218
197858
200235
200742
201797
204864
196850
202978
199789
202454
200314
199110
199370
204006
200485
199512
202654
199677
201397
198519
199417
205380
198885
199860
202119
199377
200845
198408
203702
201439
201949
199811
199051
201382
202437
203839
200474
195792
201089
206025
199128
201609
200546
205505
199887
204262
197037
202133
201958
203790
201760
200869
199712
202142
198133
200072
203934
200859
204073
203775
199866
198999
203092
202610
200299
202009
204181
196650
201555
201430
200564
204625
202599
200499
202844
195990
202166
203697
200363
200878
201392
201068
200993
199180
202851
203109
204365
199728
203251
202312
203300
205941
207204
205234
201219
199147
201621
200804
203332
200033
199305
203004
204267
199690
201475
202347
203241
203890
199967
202722
204348
202613
197405
200948
205476
197110
199234
204981
201115
201456
201910
200417
203287
199999
195662
204866
203973
203300
199635
201196
201224
202879
197206
200223
201874
202450
203788
201895
202022
201555
202179
199454
202721
202592
204994
200950
203801
200739
199603
199466
198731
198442
200039
200028
204894
203532
203196
202963
200171
202212
199099
201355
201987
203613
200649
200015
203742
200659
196972
203874
198259
200812
197895
207082
197026
204045
202164
203186
203035
198066
206128
203249
199005
201607
201796
200808
202682
199056
204294
202357
198991
201076
205317
197405
200881
202481
198125
197661
198420
200080
197435
201336
197834
199206
202605
202301
201830
198162
200533
198792
198760
200259
198887
201391
201671
199542
201796
199477
198091
198182
197791
201319
203180
201787
197175
201602
200564
205752
201303
200784
200103
203733
197596
199766
200481
201702
205015
200143
204878
203115
203054
200109
204312
197938
202564
200561
203492
202198
198772
198667
201241
200352
202875
202616
205032
201670
201819
198853
200930
202289
205383
202860
200111
200995
200825
200816
200721
200960
198650
202263
202815
198784
198814
204273
201814
197313
198227
202433
200162
202849
199203
195646
200828
199354
203284
199566
206063
201701
200501
198630
197549
201346
202159
199350
204424
197075
200181
204448
202661
202802
197807
206196
204202
201947
199947
201090
203790
200997
195506
199875
203695
199926
201884
200231
198397
198754
206560
203914
200304
199271
201693
202489
205364
202169
200448
205007
200293
199231
198085
199150
199311
200344
196737
198626
199118
198129
201938
200788
199352
199144
199220
195792
198285
202533
201735
199534
204910
201877
203104
203788
206422
203016
200058
202245
203529
203490
200349
203300
201973
201228
197526
199801
206539
200573
200335
204423
198976
200380
200851
202287
203874
201266
196273
200263
200888
200773
201564
199242
199939
199109
201441
198220
203067
199162
203199
199389
197548
200871
205031
203280
201809
200836
202659
202248
198776
198965
202321
204223
198674
199486
197097
203383
199034
203694
199916
198585
202633
202390
201300
200159
198784
198839
199303
200359
203408
202514
203359
197296
201943
199891
198886
201277
197632
203943
199687
205294
198406
202426
204146
199386
202198
203517
199954
200380
202647
201202
199164
198075
200781
196256
210463
205674
204085
198626
201584
202281
199589
199555
201852
202939
199849
200702
201522
197796
201442
200779
196390
199295
198784
202887
200253
202368
204865
202352
198320
202836
202086
205880
201398
199417
199282
199861
202252
200983
199667
200973
197807
198339
202434
200763
203553
199190
200695
200726
199221
198585
202713
203336
200735
203409
200289
200744
200536
198684
203967
197421
199691
200899
198242
201548
201051
202459
200137
201543
198411
206992
199663
201219
204334
203629
201498
202148
201183
200412
202088
200977
198876
204409
203294
200195
202890
200605
200219
203332
200253
203969
200513
206975
200812
202880
202072
205092
200121
198926
202759
199495
201547
199493
201945
201786
200314
204802
203175
202188
198666
203357
199719
201923
202320
199188
198178
206751
201789
203998
198651
198588
199551
198091
199666
205431
203586
207684
201388
200544
203959
201108
203268
199374
196872
198019
202747
200053
201924
200423
203010
205108
201681
199551
198201
197930
201479
200625
206661
198700
202824
200210
204983
203650
198060
199718
200943
200805
204319
199298
198055
203754
202534
198818
200324
199588
200809
202952
200600
198514
198746
200130
200934
198068
202591
201480
203927
205163
200622
201089
199807
201996
202309
199783
208467
198469
206197
201332
201016
201185
201329
201750
198612
199278
200391
203517
199790
200881
200451
200715
203838
201743
203562
201801
199285
200648
198516
200869
201589
198643
201189
205105
202036
200513
200566
200843
204165
197155
198270
204335
198949
203643
200584
209596
199551
199531
202299
200647
203599
200114
200531
200511
199992
200773
207910
202527
200923
201832
199033
199765
203984
198336
200850
201733
203357
204379
200762
201741
199529
199181
199804
199834
198845
201701
201248
206146
203214
201323
208424
201639
201654
203284
200928
200035
200786
196152
200486
202655
196668
200751
202886
202034
201506
199958
201909
204073
199741
200300
202832
199956
202371
203149
202823
201571
203556
198582
199336
198807
203792
206000
201562
201785
199411
200775
201370
201229
203817
204411
201266
200852
197907
198948
206961
200358
203288
197526
202935
201030
200895
197825
200308
200261
206020
201030
197987
208164
199554
204067
204947
196832
202314
203468
200173
202065
205178
203638
203526
203058
201984
199164
201064
198892
199829
208083
199435
201515
198488
200959
200237
203763
202025
203097
196968
201643
198845
202123
200755
199473
196036
201467
203703
200171
198076
200899
201923
197687
197995
203988
200963
202190
200854
205123
201323
200034
199527
200398
197171
203476
203626
203268
203872
198557
202683
198564
201379
196450
204081
195987
199489
198802
201858
205220
200224
199775
201201
196872
200503
200015
199612
201866
203086
199846
200856
202359
207018
200120
201594
199850
201112
198783
199213
207303
202365
196949
201710
203528
202820
204074
199018
206496
201767
200758
198772
198759
198980
201572
198651
199425
204277
200326
202965
201276
203423
199631
203071
203022
203256
199014
207094
201766
201722
200051
199113
201786
204656
206195
196871
200973
201414
201971
200895
201058
196746
198233
197833
199156
200265
202307
203363
200578
202063
203160
202878
201319
202737
200324
199685
199880
204272
203140
203108
201579
199099
198660
201772
204366
200374
203103
197760
202659
200519
202077
204058
198201
200128
200574
202999
202546
200500
201389
200726
200540
197814
199287
201620
200721
198928
203388
202860
201998
207411
201986
202561
200090
201204
201752
202148
201901
201724
202806
203223
199150
202888
201929
202223
199413
202584
203005
200283
203701
202088
205247
197922
200289
201420
196386
201134
199585
203472
200738
202967
205103
202380
203628
198719
201333
200391
199231
199216
202618
199925
200180
203712
201932
198474
201453
201978
207282
201238
201215
202944
206126
202002
200026
201095
201850
202425
202288
201118
201784
200916
204496
201056
198639
206425
201048
202431
198906
202432
200228
208693
202406
202634
204112
197412
200802
202671
200342
198212
203417
202071
202673
202839
198941
203626
198060
200586
202429
201210
200685
201604
202222
202479
204055
202881
199846
203755
202272
200325
203847
203499
202649
199339
202660
202806
202897
201085
202069
201409
202023
200304
204507
199195
202899
199413
202375
200500
202950
203381
201851
201092
206038
200755
201146
196941
198589
197865
198182
205325
200038
202434
199738
199659
200609
198873
203099
197296
204659
201115
200214
201980
202993
196237
199074
199791
200687
200127
199285
199961
201004
200257
199922
200855
199370
203339
199911
196463
202775
206151
198880
202537
200406
200464
200710
202048
200445
201085
204073
198279
197800
201970
201230
202354
196451
202537
198365
199915
201470
201761
200365
200458
204458
202912
201129
198375
203319
204189
199261
201671
201186
203031
200094
203681
201697
201791
198933
203287
200535
201406
199605
200925
198967
204709
202138
198373
202555
201121
205308
203802
197232
202110
200142
203533
201943
202523
199357
201894
202505
201323
201959
202718
204856
199585
198895
203836
203242
202071
202145
197831
200912
200259
202158
201813
199057
198991
200857
201982
203385
198305
202919
202065
202415
200164
198283
202455
203640
205120
200696
202402
202998
203845
200261
199130
200325
203026
203727
198528
201897
206534
202546
200153
200343
202417
197796
202100
199083
200024
201827
199938
202592
199206
200207
202822
200857
201005
198949
201227
198925
201663
203146
198056
202255
202685
199854
196642
202033
199695
202912
200499
202868
206749
198701
199559
199384
198489
201407
204435
202507
204144
204915
202908
201891
199756
199375
202330
200685
203816
201407
200588
198935
198213
201830
201639
198746
200099
204790
203321
203763
202840
198731
202681
198220
197607
201994
201849
201068
197836
201931
201240
204452
198036
202215
199114
198984
197190
199360
206569
203621
198520
197620
200405
200144
202421
201553
204184
200025
204501
200473
202334
203479
201138
203994
202889
200497
203558
200496
203731
201383
202228
197635
200104
197834
202957
202579
200533
201270
203776
200081
198727
198419
202255
199101
199642
200249
201255
202336
200647
202085
201345
197535
198685
201278
198640
198086
199845
204409
200609
194392
201560
200069
205237
197620
199612
200594
198918
200294
199213
202240
200574
202763
203308
201874
199489
200191
198642
202663
201169
201818
199138
198576
204889
204821
199252
201929
199028
204354
200188
199714
198321
198099
203642
200190
207410
203102
198902
202839
199709
199497
201682
199734
207218
197722
204372
196830
198344
203428
195527
199655
198905
202666
201515
200599
201821
205972
203965
199544
198747
200589
202840
201013
201042
199889
206396
201173
200702
198883
198286
201190
199017
200044
198921
202073
199603
198072
198788
198202
200913
203379
202970
202353
204096
203772
206378
201065
199696
198117
198162
201178
202280
202798
202039
201029
200726
202213
198279
205099
199949
201070
201892
201148
203715
201936
208376
202287
196815
200947
200100
201414
206423
201582
203235
198758
197063
205583
199700
197727
197783
202223
201696
201174
200995
201180
200812
202323
201323
203123
204985
200782
201795
198149
200356
201894
199642
201168
199733
201618
205865
201517
199207
202948
199196
204879
205352
200200
201944
201021
196202
198007
201264
200374
201090
205709
198076
198185
199399
206929
202118
203739
201321
202583
202469
201944
205279
200695
201494
198737
204021
203222
200574
200924
200292
202197
199906
201479
202288
203708
200218
198624
199501
209397
202170
199327
202569
200705
199413
201492
202427
198186
198941
203751
201109
201362
201755
202822
203391
200171
201191
200306
200152
201728
201772
199923
200839
200912
202035
201767
197631
198776
198759
201213
201685
200824
200378
206236
200525
200248
204336
198731
199181
201751
201398
202329
201561
200320
201439
202096
206032
202326
200851
204433
201038
200310
201902
199091
200197
202840
200670
201226
199839
200136
199566
201097
198385
202827
200409
203124
201777
201567
201123
203366
201525
201038
202084
200241
202256
200538
201923
204416
205341
203186
198575
199591
202346
200196
201063
199157
203835
198427
200439
198542
204047
204195
202525
199156
198887
199474
201272
207608
198351
199923
199589
200314
204961
203594
199370
200168
201325
202777
203473
203055
198126
201073
203382
199550
199350
202016
203938
201118
201766
199785
205196
200341
204495
200195
205026
197366
203646
198546
196221
203323
203242
201825
203244
200491
201021
201280
201751
202946
201602
206125
204954
205412
204679
201673
202094
200639
201632
200610
200740
197872
201270
203002
202295
198448
201046
202165
198145
199855
202605
201390
203743
201809
200370
199855
199455
201118
199847
203287
201396
197527
201944
205636
200076
200173
199889
205022
201710
203603
201783
200489
201303
200867
201040
200215
201369
206152
200578
197505
202529
202703
198264
199944
199443
203089
202255
202902
203738
202923
201037
205073
204399
200386
203101
201020
206004
203043
201010
197412
201923
204177
202645
202928
200049
201220
203030
196979
200818
198436
199807
195228
201471
196572
202038
203340
202349
198593
200458
203105
204954
201519
198539
203270
197400
199502
201292
199212
200858
198784
200587
199900
198308
200130
200898
201414
202757
198991
200522
202631
204604
198507
199013
203783
202360
201319
199769
202724
201263
198059
204523
198095
199488
202932
201249
199555
196987
198282
202629
203169
196191
202804
200538
205280
200118
197891
200795
201028
200687
199120
202232
198136
200099
201943
202173
200109
198485
200808
205741
202418
196317
203718
197987
202850
201228
201831
199041
202541
200374
197526
201711
203158
197474
201416
197868
199413
204236
200831
200391
201794
201279
201060
198876
202267
202190
205130
201391
196746
203642
197067
198973
200813
199213
200756
201999
198917
201269
201035
204504
203789
203679
200821
203709
197565
200919
199565
201602
201944
200916
199187
198973
200509
197063
201510
203807
202057
198359
200997
200132
200057
201168
199251
202432
200536
201395
197627
202179
197526
206793
202337
201793
199144
200736
202736
199277
204247
201496
205067
201987
198786
202690
203374
202339
199905
202515
202145
196700
200041
199586
200487
198323
197907
200312
202794
198551
197531
203147
198355
203944
200389
205043
203234
197730
201000
202035
200369
203461
199946
200984
205480
202757
202097
203484
198888
196846
202397
199140
202403
199424
199860
202142
200638
201676
202252
200139
197530
200291
198845
203600
200633
200908
204897
202062
202507
199542
204202
203597
201823
197271
199162
203651
203373
205031
200139
199030
198861
201439
200535
203069
202327
200542
196746
202920
201229
204805
202762
202842
201412
203898
199716
197929
197281
206111
201051
202364
202448
203413
200362
198665
204609
198193
199206
200902
199689
197210
201796
200294
200432
199809
197922
202149
202824
201367
200965
200261
206824
203948
200965
203513
199604
197966
200287
199400
203373
202214
200835
203360
200526
202039
202375
201064
199664
201463
200252
200163
199807
207822
198516
203469
202409
199639
202785
200465
201323
198442
200666
198233
201022
201412
198701
202294
200514
200993
200377
201606
200122
204915
196412
203031
198730
199965
203310
202574
202177
204726
202152
200255
199811
200281
201217
199341
200136
202349
201487
201046
198942
202094
199443
199749
201573
198919
201241
198822
202082
198151
202348
200064
200274
201981
199564
201037
200732
199632
199915
202779
202127
200157
198485
197015
199832
199036
203591
199140
203371
205190
203233
200739
202026
203524
200848
200482
199578
201534
204350
200620
199498
198550
201228
201686
201034
208301
199344
202669
200719
197175
199068
201049
204629
199457
204570
204416
199352
198332
199866
199362
202954
203512
198601
200473
201809
205414
202253
198227
199438
196616
201578
199059
201675
199486
200527
201485
199330
203499
197436
203265
200871
200845
203129
198009
207010
200440
202756
206278
199845
202841
200249
201317
202736
200999
201463
199807
204897
199612
201557
202455
199822
200904
197943
200237
199083
200245
198979
199137
203958
203453
198723
203630
202075
201833
201091
199434
200840
199867
198645
201999
201444
199206
201589
199783
202355
202039
200735
198612
202102
196949
198949
201008
204612
202717
198251
200107
200578
200294
202733
199291
200878
197227
198381
201976
201109
200097
202527
203532
201810
201194
201459
200249
202082
196848
199802
199156
202750
200438
203487
205700
202812
195051
200282
202355
203341
200028
204978
203353
199394
199433
206500
201133
202893
201365
204205
199986
203383
201160
197612
198691
202901
200383
203908
200526
202373
197075
207010
208621
202683
202920
200961
199398
199803
203777
198791
204045
203658
202641
203603
197436
200617
198396
205980
196845
200577
198289
200622
204081
202938
199620
202199
205642
202835
201770
201554
197348
198988
197102
202532
198555
196852
203418
202674
201333
202441
199463
199730
201502
202794
197461
202255
203551
202099
201038
200509
198622
199333
207096
200129
206244
204413
197405
198941
201735
200859
200812
200122
202177
203564
197730
200541
198643
201803
202691
199840
203283
201369
197592
205541
198845
200024
206320
198004
199485
206057
202760
197653
204101
204745
200514
201870
200822
196470
206254
203558
201290
199582
201378
201171
200349
201819
202408
202307
197864
197764
199838
197934
201158
204783
201878
202560
197826
203269
201620
200085
198060
203170
201406
202232
205264
201563
201721
202437
202814
197808
205505
198740
199701
200906
203977
198033
199135
204506
197627
202098
201072
201715
200235
198216
204571
200791
198978
201442
195913
196746
197753
202370
203834
202281
201494
200552
206713
200062
199952
200318
203860
198691
202764
196833
197999
199486
202997
197881
201793
199850
197286
200109
198681
203288
197600
201714
200370
202281
205441
198281
200859
199707
197378
200871
201330
198371
200498
199375
200875
203251
202343
200478
201674
202196
201579
202603
201188
201992
203280
201752
200243
199752
198536
200202
200114
201012
204145
198015
198635
198446
202528
204847
205220
205167
202416
199584
199062
200710
198375
204512
203866
198011
200456
204450
204100
198639
207180
202877
201847
203312
199613
205520
201072
202933
201303
200475
202931
204583
199705
204055
200104
199993
201970
197826
202401
200848
200471
199139
204171
203607
202086
200653
196201
202355
198543
199321
199711
201941
199527
201334
199541
197799
202781
199160
198275
199745
198221
200555
201902
198730
202824
202275
201071
200672
199806
201717
204090
205922
203313
199095
201197
200776
199248
196631
198170
202001
202478
200776
203585
205461
204124
202394
205881
203249
198949
200587
200663
199598
201858
202053
201652
198984
200784
199716
202936
198941
195792
204127
201566
201457
203103
202229
201258
200938
199445
199695
204228
199713
200383
198480
204163
200572
203359
201944
202322
201558
202625
205771
200684
197459
199435
205975
199861
204147
201106
204926
198812
201411
200369
202192
201429
198788
201543
199297
198248
200396
200941
204179
198481
198787
200621
202477
201791
203959
203268
201389
201689
204301
203142
201514
200701
201264
196850
201315
201490
203033
200841
202991
202599
203842
205181
205391
202831
201804
204008
201694
201858
199889
201958
204993
204362
203493
200029
203068
203925
196512
206026
201928
198327
202324
203015
199738
201815
200251
202330
200279
198700
199391
199616
204456
200900
202403
200035
200980
201331
199609
203658
205490
204000
206634
199173
198426
200570
203504
202644
200941
207564
199472
200192
201429
204232
198386
201305
203928
205367
199730
202859
202685
202671
198128
200973
201384
200617
201053
201425
202390
200745
203310
207302
202124
198695
203416
201572
200139
199693
204157
204618
202731
199009
198689
199197
205329
202566
201735
202123
199911
204123
203199
203937
200674
199586
201387
203123
205182
198029
201346
203220
198597
197816
202900
199139
200468
203983
201506
201111
202541
199014
200422
197474
201866
198727
201149
197696
201718
200098
196936
198969
202884
199556
200149
198727
199802
198651
201034
198401
198684
204357
201195
202878
201722
200419
200636
207226
201993
201638
199388
200278
199775
197940
205444
200432
197834
198285
204187
200101
201120
201414
201464
199372
204125
205166
207268
202737
202587
205295
208784
202060
201144
201990
198623
201188
200125
205217
204305
202458
196152
197576
200232
198966
199473
200763
199850
204685
199030
201009
203734
201890
199037
200260
204028
199388
205368
203906
200225
196815
201219
197152
199900
202368
204233
203017
202546
197006
203691
200515
199768
201732
198892
199106
205957
200199
197488
199554
202977
200237
198034
200015
199204
198985
198597
203173
199785
200526
197010
203294
200946
202490
201094
200863
199815
201264
200864
205252
201527
198852
198250
197417
200478
198830
204418
198639
201026
195998
200474
200363
201958
197523
201800
202386
202371
202897
203089
200869
202777
201966
202520
198250
199855
199489
203383
198648
198790
202949
201375
198580
200731
204573
199344
199844
196451
204532
198945
195995
203809
203043
201317
200863
198368
202089
198777
203778
200186
199542
204763
201089
205839
201939
199036
203396
201162
199715
197773
200617
203956
198874
201606
197706
205658
202138
202566
199488
201182
197850
200324
202954
202285
200673
200985
209043
199639
198819
199013
197618
199461
199529
201675
197446
198193
198807
204190
201455
203444
201506
197764
201374
202118
200114
198805
199978
199697
204096
196355
200940
205486
197079
201075
203144
201308
201894
206920
200561
199937
200129
198776
201964
204057
196608
198676
200965
205466
203255
199185
199793
200308
208292
199053
203625
200104
200825
204306
199482
197871
199237
199644
202161
204734
197773
205765
200855
200473
203788
203392
200985
202764
199026
200055
201348
200524
199122
201246
203582
200291
201230
199470
200784
202599
200947
197328
201927
196520
202623
201126
201395
203085
200529
199712
201135
201305
200562
201372
198888
202140
202238
197925
198309
203008
198158
202794
200086
200359
202067
198835
201850
201183
201819
202682
203815
204388
198792
201318
201796
202651
198754
201221
200147
199637
198131
201184
202496
200859
201242
202174
200536
201951
202324
202609
202102
200509
203604
204443
200320
198474
198227
201491
199362
202335
199122
201290
201534
204816
199742
199359
201786
200221
202104
203042
204488
199552
199083
203859
198117
203691
201868
201114
200211
198591
201865
203493
201150
200808
201888
199531
204293
202244
205442
196976
197777
200995
203326
202129
207694
201016
198967
199433
203696
202552
200014
204537
200205
200564
201673
199103
200562
200243
202422
205437
200996
204431
198701
204349
198837
203552
205475
200254
201819
201808
200708
202888
201534
201749
200175
201726
198056
203778
202048
205182
198911
199970
205770
198874
204600
199051
200932
200468
203466
203881
201295
201724
198615
202064
201593
202521
200903
200617
202346
204865
201176
201160
200387
206626
198900
198186
200245
205296
201107
199385
199138
201636
202779
199537
202916
198286
200002
203422
201888
200241
206698
198799
201467
203009
197600
200958
203489
201885
199461
202276
201178
203426
202260
201528
200655
199850
200877
204073
199801
201159
203681
201850
203464
199123
202085
202899
202168
200437
203043
204662
200025
200800
202965
206591
199463
201697
200975
196703
204352
203338
199765
198871
202744
201903
203611
205228
197492
203138
201590
203289
201735
199417
201261
202378
199284
207700
200399
201532
203034
197927
199396
199011
199612
201111
197482
201523
203543
202665
199546
199468
200619
200052
201884
200891
202087
200916
203408
199975
201116
203656
206414
201236
201221
202758
200854
202262
200340
199840
199164
203645
199738
200971
202943
197447
198715
200926
200980
203062
203553
199352
200569
200902
200756
201504
200641
198279
199949
202012
200568
201060
199850
200661
204055
199159
200247
200884
199169
196347
200316
205445
202232
199547
205484
200151
199275
202737
203282
198886
200454
205322
197465
201798
200880
203138
201666
201095
199858
205552
202722
201433
197432
199250
201216
199941
200772
203874
206860
201016
203978
201053
203597
203370
202187
201340
202931
200621
199045
202825
202346
202060
201005
203194
199533
201253
201860
199926
198610
204314
198101
203059
199095
198631
201768
200751
202861
199672
200796
197057
204511
197124
202810
198819
202335
204015
199446
202131
196426
199041
204727
199114
201644
201420
200408
201368
200059
203417
201779
201201
202177
200067
203510
200985
201436
199120
203715
199807
199271
195995
201286
200415
197551
198599
200766
200583
201160
200011
200970
198922
201745
201449
197075
201945
199440
203047
199178
200530
199986
202502
200263
200007
202554
203628
203119
198562
200012
201374
201314
198079
200816
200470
197171
198382
198732
200681
202587
204165
198382
206537
202583
197991
202734
200258
199653
203379
206237
198038
203237
199561
203057
202697
206363
204041
199647
197716
201563
205329
197482
202934
199026
202234
200630
202207
201893
204051
199608
198601
205918
201795
200250
202704
200549
198791
203231
200824
199554
202637
195792
201296
200544
200717
203369
197026
203108
200306
199497
202659
203975
207314
199607
197746
201951
198447
203058
203064
199372
204769
198679
200370
199731
198851
199879
200345
201467
196911
202775
201741
206322
201675
197991
200395
202008
205591
198908
201361
196953
200661
199609
200599
200175
199313
200168
201818
203585
202823
198968
198588
198092
198658
196489
198022
203589
206126
201980
201306
202269
198282
200704
199942
199718
199769
201854
201221
200565
197657
203852
202824
198841
204893
199674
200013
204480
203988
198900
201060
204435
201819
200366
198831
197941
197573
201230
203614
198770
197773
205273
200026
204953
198129
202224
200346
202288
203652
197442
200321
203803
198264
199040
198394
205879
199511
202070
202952
198718
201962
202578
201556
200824
199660
202819
202352
200544
205937
202686
198807
201684
207247
199755
199948
201451
198625
198524
200024
200163
199605
202988
203665
202418
200745
200934
200175
201589
199802
197608
200484
197358
202657
205635
198485
197431
205323
199920
201996
200568
203078
201958
201134
204325
201436
199680
201004
202327
197271
201384
196761
199507
200348
200257
198184
202459
202945
203369
203125
203423
199141
206995
200209
200373
200939
201030
197478
202270
200751
205443
201732
203087
203411
198714
198949
199053
203180
199284
199277
197435
201551
203910
199300
199980
202930
201978
198981
197622
204053
202142
201935
203276
205850
203333
199649
205536
203005
200030
197830
204728
200509
197446
199144
203186
202757
202295
205259
201263
205345
199336
201191
198570
199222
199317
202131
204183
204475
203701
200294
200645
203418
201034
204512
202153
199071
202351
198668
197592
201054
198939
201754
197566
199231
201579
202608
202092
201492
205084
202704
198829
197535
201220
202859
203102
197250
202190
203531
203229
199197
199624
200064
204750
204315
201839
201728
203752
203300
204787
205377
201701
199776
202863
199938
203656
201395
206256
201827
200203
201199
201044
202848
197539
202909
202067
202040
204514
198892
201606
203852
199402
201276
195731
199191
197853
201469
204566
199649
197535
204141
200085
201789
202987
197734
199706
200872
199049
200409
200664
203233
198029
197891
205093
199744
200353
201639
200001
200159
204488
204683
201422
204812
201095
198420
203563
202677
203150
200645
201142
197681
200218
203227
202893
200590
197650
202035
199472
200890
204433
201666
200839
197944
199470
199938
208115
206864
199095
201605
200442
203402
204077
199861
197466
201444
201248
198071
201805
200677
203258
200912
200159
198701
198829
202836
202962
203923
199639
198860
204061
200371
203569
203083
196186
200635
201390
197562
201451
199454
201272
204664
198753
203754
197883
199617
202556
203782
199776
199191
201628
200203
199764
199280
199765
199478
200089
198029
198068
205875
200783
202904
196749
204130
203296
203764
200024
195121
204795
199073
203018
202233
200908
200586
200562
199960
204323
201540
204649
200704
201635
202179
198087
203851
200628
200141
201480
201114
203030
199143
206204
199215
201515
203513
201188
196979
198734
202403
203745
200888
201380
202084
199117
201442
200841
201288
202122
195527
200438
203919
200349
198450
200548
202018
203008
200890
201439
199479
200013
199850
201136
205443
198633
199703
202455
197956
202098
198285
196850
201591
201410
206111
199604
200870
200880
201662
205231
204808
201441
201378
203130
201874
203216
201300
200015
196949
204878
203312
205693
203817
201195
200566
200866
198227
205589
201242
200107
201304
200005
202283
202338
198251
205661
200752
205524
205730
199324
201249
203743
200447
200991
201515
198355
202797
199645
197534
204888
202818
200278
199356
200912
203426
201225
203775
198485
200884
199877
205121
202596
202910
200621
203205
198768
203386
199122
197562
202299
200863
202786
200977
198030
204846
197826
197934
198308
199128
199800
199147
204726
197566
198714
199751
200469
200139
199760
201306
203110
196841
199840
201424
197171
199681
200029
197938
200635
200961
203379
201887
202206
203049
200619
203135
203627
207211
197347
197952
203448
204761
201882
202082
201160
204831
204421
205817
200624
205303
205726
207023
200730
204944
204447
196761
200468
200622
198228
202067
201159
199799
206261
198946
202376
202444
200764
200833
200980
200713
201776
200312
198015
199391
200678
200730
203308
199694
203530
199709
201107
207798
201885
202537
197465
198745
201707
198739
200436
202188
199874
196715
199170
199553
196949
197796
202633
202996
202861
201413
199600
204887
201420
202192
199804
204112
201799
199384
202285
202258
204645
199669
199886
197857
200006
202212
206979
201432
198431
198431
200183
204106
201978
201497
197553
202237
202511
202875
203553
206208
202687
199926
201529
200844
199958
197221
197928
198144
199775
203026
200005
202014
204112
199252
199903
202021
202226
199350
201686
204255
200663
203174
201225
201990
198528
201302
200120
198938
198941
200936
202692
204540
201680
205920
202100
202753
199221
208112
202001
198730
202622
199764
200752
205872
197179
201034
201254
208278
201538
199309
203929
198829
205425
199538
200728
199879
201238
203845
206088
197287
200682
198439
203722
202743
198725
200726
195476
203023
205939
200991
202761
203524
204458
196511
198393
203307
203860
200692
201174
198756
201339
201269
200751
200432
198068
201630
201337
199971
202472
202773
200166
202184
202302
201623
197801
199030
202993
201843
199252
199554
202239
201293
204379
201319
204274
197957
197922
201103
198888
200236
204281
202296
198258
199045
202031
199313
203109
205032
199870
198063
202249
205660
204623
200734
200781
201000
200348
204740
199650
199735
200635
200054
198861
201475
203660
202509
200490
197013
201009
200049
199205
204073
204217
199746
200674
203201
202242
201829
207545
197362
200235
198373
204672
202530
196562
200694
199645
203369
196451
203872
202383
201714
199266
200778
202318
202082
199967
199474
201618
200622
202245
200375
203563
204922
205949
200322
203071
201016
202108
204944
203479
199869
204797
197696
201330
205103
198171
202844
201069
204047
200049
202594
201097
203811
199153
201227
202179
201888
204706
203664
198037
199106
200552
203074
203007
201840
198434
195432
203976
200202
200235
198105
204286
199013
202948
200825
199103
198006
200145
203351
200450
200241
202962
197535
198709
199811
202180
199737
203509
197444
201825
204709
197574
198938
199976
203831
199235
199246
204767
197092
206386
203387
202168
201339
199406
200977
202338
201322
206222
206010
199958
201331
198343
198845
199765
199057
198666
199947
200912
200076
200663
200283
207912
198221
201865
204733
201504
206596
202129
200009
198746
198783
200399
204572
201298
205748
201004
201446
203119
200698
196976
202436
197417
201746
200606
198308
201151
198837
198893
200908
201284
200904
204576
199193
203823
202425
200386
202633
203644
200517
199980
199189
200692
196857
203712
198490
203901
203190
198605
197057
198631
198774
204433
203085
205520
202916
198386
201410
200088
202838
202123
203803
200184
202305
200782
200744
201056
197911
203386
200763
201408
200447
199954
197539
200396
204704
201183
197919
207280
208311
199711
202637
204650
199729
199068
203257
203605
206127
201265
197086
201333
196707
200169
198581
201854
203135
206407
206747
203518
203167
201447
197566
203772
204550
200717
202581
200925
201058
201314
199034
199455
200038
204524
201168
203951
202972
200657
199477
201345
203401
199854
199333
205533
201355
205435
204282
202282
200231
200742
200545
200874
204584
199344
198770
203768
198624
200375
204633
206563
200625
202467
199533
202533
198105
202185
200932
199667
201257
196864
202136
200742
197344
198087
199360
208033
198778
200980
200664
200127
197922
199106
201759
201793
204400
203998
199804
200749
203188
200440
203676
201079
202023
202794
197991
204981
204339
197356
199455
200735
204410
201672
200689
203530
201260
200843
199561
201944
201398
199475
202659
201418
204427
199928
202112
202464
201837
201774
203223
203691
199354
199405
204612
202468
201536
203060
199980
200557
201145
202316
202912
203528
202642
200017
203532
199814
197670
197807
198431
200906
204222
203519
199387
199999
200010
198735
199166
204553
199751
200255
203788
195432
201740
198322
196815
203573
199292
198260
201082
199738
196056
197232
199431
203831
204811
204370
200060
203603
202789
203203
202824
197980
201116
198608
201748
204757
201195
201423
198664
202409
205094
199693
202807
202980
203465
200352
201338
200943
202349
203975
203557
203714
199147
201603
201230
200289
200800
202041
200739
204392
201840
200617
203682
202946
203292
202369
201149
201023
204417
204513
196913
205012
202127
197670
199243
200808
200249
197598
202186
200402
203083
199531
202243
200310
201502
199077
203403
204249
202076
199131
201530
200719
199140
197665
200718
203215
199524
205442
200351
200574
202686
203580
199429
198562
202038
202609
200812
201774
200638
199071
202114
199002
201941
200324
202690
201819
200302
202210
201020
201037
201306
203172
197242
201874
203791
202295
201367
202738
196995
199532
202780
200464
205952
201539
201414
203785
200877
203392
204440
198411
205093
197531
204915
200215
199960
203466
200383
201380
204434
201284
199040
198530
199007
202092
203523
204879
201185
199935
200550
196971
200730
199289
204777
199719
203772
199067
201092
198653
200377
199819
204458
198363
201008
200947
204159
202453
196075
199939
204141
203693
201332
201545
203623
200439
203019
200818
199849
203711
197309
203896
199124
198350
203370
201429
201633
204381
199921
202226
199297
200625
202694
200816
198631
198952
202088
200369
204888
198186
200335
199385
203672
198845
200515
203294
202112
198735
203217
202571
201097
206920
196913
202123
197115
201534
196915
198497
204312
201232
201980
204796
198335
204065
200800
197730
203388
202536
202686
201407
196485
202199
203945
204193
199830
202389
198846
200593
204688
200362
204517
201687
202169
203990
200350
201034
204930
202130
199099
200689
198167
198877
200977
205980
201319
206710
204206
198076
199176
204156
201191
201626
200702
202741
199011
201737
202616
199919
199765
202769
201483
201346
199279
202176
200210
202500
203996
200414
199845
202088
200300
199083
201743
204435
203245
200849
201915
199705
199627
199251
201516
198931
195792
202377
201579
199771
199213
206054
202513
202722
204183
198236
200306
199400
198147
205578
201239
196630
198413
199686
198501
201227
202521
202232
202792
202730
200110
200904
199980
201169
199183
201586
201685
200511
201640
201933
202950
202924
197327
201620
200313
201672
201086
204172
200234
199234
203136
199106
205175
200286
201951
201441
203922
200045
200687
198693
200529
202780
199306
205057
202010
201180
199354
201077
200909
203372
203522
198089
199394
198072
201614
200236
198684
201544
199309
210495
199681
200484
204031
198747
198568
197948
201040
203050
201434
200564
196815
200367
200294
203392
198068
199935
201222
201258
203786
201744
200029
198523
200306
203073
198725
199613
201927
200149
201993
203943
199124
198428
200320
198850
199496
199087
199957
203560
203363
202460
201877
197018
200375
200954
201814
202488
198750
203135
199264
203028
200388
199155
199052
204051
201749
201246
201945
201803
205749
204135
197561
200652
200841
200304
204008
200967
200039
199413
201145
202780
200752
202685
202855
204283
196982
203128
200513
201506
199386
199134
205204
203322
201714
204993
199102
203568
202960
204533
199120
206140
201629
198826
204274
200320
201417
201754
197106
198412
201856
204390
204239
198565
203253
201859
201034
202235
202187
198490
204239
198045
205017
200797
198316
200692
205012
203952
199132
203388
203752
204436
202534
202050
206042
201593
203355
200472
201158
206784
198174
205330
201988
203952
201915
199724
199655
200988
199828
198737
198562
201304
202908
199506
203274
203793
201091
198479
200345
205679
202922
198838
202127
199477
198507
197282
200471
201124
199199
198774
199704
202690
203017
198773
198583
200175
199744
201469
197631
205967
200619
199252
203457
199389
201592
206114
200430
200674
196815
206174
201422
201349
201944
202970
202079
202218
200300
201306
200008
202521
195432
201418
199314
200206
199777
202173
203905
200851
200470
204652
200076
200588
198202
202735
199460
200191
202077
201881
202922
200164
203108
202190
198194
201510
202720
200410
201288
201722
200839
203298
202755
199405
199032
199934
199668
204039
200985
205764
200361
199470
197145
198909
198991
200605
201532
204575
199415
198013
201140
202039
199506
198819
201998
202572
202409
201949
202692
198060
201544
202505
196685
199605
200831
201681
198190
201877
201377
199700
204465
202996
202771
199685
197861
199448
201429
201414
200963
200157
201257
199152
204279
203183
200821
196725
199394
196497
203323
200339
203043
204169
199820
200259
200338
201571
203185
202606
199010
198363
202751
201029
199099
203198
197051
205076
201858
202314
200539
201123
205352
201534
199087
201368
206426
200400
200994
204570
204244
200523
200877
203439
201894
200845
203406
198953
200584
201189
197668
200227
202390
204777
202959
201905
201081
202767
201783
200059
198420
204980
202854
201484
204000
197474
201349
201390
203701
202542
198945
200608
200863
204682
202064
199709
199756
199551
201148
203887
199401
201590
200669
202953
200049
200240
201309
199801
201728
199607
199022
197370
202309
200496
202308
197232
204506
199681
199455
201065
196451
196968
199847
196707
201130
202702
204696
200528
202056
202461
203593
203601
199665
203209
201952
201735
199101
201961
199265
201752
201573
202485
205498
204163
203174
203744
201779
200864
198029
204577
203286
203905
197373
201585
199539
200141
200694
201713
200177
199206
206939
201828
195696
200564
200103
200831
202759
198261
199963
203119
198021
199819
204814
202488
199750
198237
197876
201682
203670
205730
199501
204737
197032
203023
200332
203681
205223
200828
197776
202859
201911
202254
199685
198303
199927
198501
198790
203436
205990
203718
198015
205861
201723
199541
205927
198899
198601
199160
198182
198727
200916
205201
199461
203329
202128
196128
200566
203319
201586
206053
199876
198596
204295
199822
199002
201130
202492
203773
203585
201157
199114
203512
202139
201762
199773
197405
205581
204403
198003
196576
200477
202103
202916
200515
206955
203171
199195
202883
201878
202508
203799
200299
204436
200375
203461
197405
199461
201703
196056
200820
200175
200857
201217
199382
199297
201174
199876
198155
199995
201416
201780
203695
202238
203185
203142
198544
201038
201277
201060
198076
205939
203617
203104
201093
195772
205369
201774
203109
199995
195228
199821
199264
202931
199568
202037
198080
200317
198740
201490
204279
199517
204535
200994
201288
201026
198766
201069
200496
201315
203149
198317
206785
200102
207623
203373
199819
202626
197500
199005
198746
198122
198405
199141
197179
197478
202563
207998
201534
203451
201225
204564
202628
200535
200851
201472
202056
206138
199570
204327
199193
200362
199156
203958
199645
203889
198813
203751
202558
201820
202745
199208
198365
199999
203732
200694
199542
197903
201037
198737
201530
198351
204565
200925
199664
203445
198251
205711
200098
203174
203131
199297
202162
199809
202491
201327
200004
199630
199607
203813
202444
201780
200957
201279
201218
203585
200309
201152
200012
200712
202292
203977
199673
196711
205782
204323
197684
204049
200011
198921
197718
202583
205079
199212
205737
198435
202201
204393
200828
198447
199325
200596
205677
205102
198837
202365
201801
201575
200047
197206
201884
200032
198037
199830
197895
202123
203160
201887
198945
203491
200793
201974
200397
199083
203968
202201
200591
207387
200511
203758
203314
202138
199348
206495
201161
202416
200214
202644
200311
200358
203503
200218
205877
201339
201403
201164
206082
199113
206454
202641
203996
201645
205580
201246
197340
203970
200984
199401
205780
200116
201064
202375
201355
203261
200288
201021
201480
199607
198889
204013
204352
202019
199991
201367
203055
200830
202300
196907
202088
204685
201636
203770
203483
199325
205031
201893
199400
202912
201067
203701
200371
199907
203066
201716
201454
204471
202362
202153
200261
201015
198700
204312
203435
203792
199218
200473
202570
201180
199555
203237
197846
202711
202806
201245
200485
199471
201164
198182
202964
205319
200221
206136
200639
205548
204631
196520
200443
204409
200946
197574
201924
202192
201031
199516
199340
201923
199312
199600
199900
199949
205998
201338
204476
197780
200643
197466
202561
198413
202743
202621
202427
200507
198014
200849
198059
201521
199113
198945
202080
201455
201471
201633
197436
203696
202226
205902
207333
198007
202972
196711
198056
199983
203556
202474
205082
202809
200262
201128
196905
202279
202806
201790
199429
203660
203885
197926
201269
198644
197915
199162
208121
201763
204046
200221
202204
199181
202618
204836
200568
200068
201046
198549
208126
198815
201097
201137
199682
205148
199986
197535
203992
204264
200826
197910
198546
201386
196308
203692
203200
196386
205435
200358
199140
198911
202269
199391
202273
204393
199470
202896
198316
201786
201891
201474
202868
199331
201532
201185
198282
198170
199934
200716
200491
207980
198644
200712
204229
198377
203416
204376
198658
202627
205404
203693
200457
200869
200264
201971
199252
196512
199134
203200
202135
201097
201481
200670
201454
203840
206789
200175
201104
200583
198939
199906
199566
199662
200350
201118
199976
198867
199470
201864
204728
200760
198554
203123
202047
199198
199345
197643
200892
200433
200499
196715
205427
202236
204850
199726
199578
200158
197175
199014
200385
196685
198955
198439
196581
199636
203040
202452
202150
200324
200421
200249
199405
200132
200938
206124
203400
199841
198516
202472
200460
203026
200725
196685
202614
202771
202816
199746
198849
204123
202264
203633
201967
199840
203254
200791
196750
201215
203363
205758
201761
200039
202876
198658
201527
199210
199786
197010
205371
201797
196569
197991
201290
204228
200590
203070
200224
204148
200513
200580
203237
200176
200119
204396
204587
197588
200252
197600
201067
200196
199992
199360
199309
203224
201929
201480
199875
203852
203560
201164
201449
203215
200980
203656
199341
198381
199242
197911
199099
201855
195492
202334
196910
203689
200444
200898
206846
200695
202563
201227
201002
200831
198530
202955
203154
202717
203764
200008
197625
201326
201525
201474
200002
201382
202836
206311
205545
201871
198992
206152
201483
201577
201012
202859
202993
204865
198431
201229
200778
197627
200416
201336
203587
203636
204530
202250
198965
201522
200986
198247
201107
204244
199206
200293
198241
199967
202348
199850
200857
204325
201255
203105
200288
200413
201518
200415
198696
200314
199710
201112
206756
199474
202305
200198
204501
201042
202412
199225
200725
198186
198416
196542
201820
201718
204752
201605
198091
200828
200836
200870
201436
208112
198947
199183
198781
200636
201267
201732
205167
205395
197818
199433
199629
201174
206369
201332
204396
200302
202826
202093
201451
199948
199872
199639
199085
203149
202659
200800
201123
201450
202250
201906
201800
205876
205100
200671
200288
199589
198454
201780
200855
199915
202189
202255
199653
202621
205302
202806
203263
205788
202824
202822
199991
201478
200833
201508
198684
199485
201613
198523
200959
198831
199758
200215
201903
201856
197222
199087
199965
203138
203519
199120
198891
198603
201619
202658
205804
204414
203827
198883
204299
200171
203904
199212
203566
201690
204153
203950
201198
202238
202503
203764
199455
202571
206645
200222
205507
204400
198744
201709
203601
200068
205890
202587
199252
201882
200806
201949
203209
201892
203926
199007
200009
204274
201252
203296
200335
201367
198850
203894
202036
199655
199256
201264
202441
200524
201668
203426
202702
200253
204397
198745
202531
200460
200836
200798
201426
200799
198546
203060
207123
203168
200835
210735
208725
201939
200210
200497
204511
207345
201403
202966
201919
205580
201358
204663
200378
206210
198987
197626
203883
200283
200546
200719
200015
197063
199136
200060
204791
202324
202611
204611
203697
199207
204583
202350
199106
202657
201016
198010
198390
196822
202655
202087
201376
201191
202578
204389
200459
200757
199909
197010
201258
203784
203225
201396
202632
201222
201978
206181
203630
197236
199075
199760
208549
199344
205393
201575
202585
201103
202035
200960
202138
200384
199903
199916
200574
201783
202421
200005
199345
202844
203260
198885
200933
201894
204554
201944
196762
198585
205655
198298
201029
201560
199846
197761
203410
200250
200292
200565
199370
203935
198871
202037
201484
201763
204112
200592
198342
199260
204266
203033
200949
200796
197979
202713
204169
202531
205183
201131
199355
197160
199900
199109
202172
199330
201747
203778
199850
200985
198290
202574
204433
199309
204952
202817
201457
197808
196416
202676
203461
199000
200910
204566
199036
205413
200162
202748
200353
198087
202348
198857
203601
203552
199295
203583
203059
197581
204612
200805
200617
200184
197873
201268
200524
197829
199663
197427
199502
200567
197669
196531
204659
199361
200461
203745
202822
202170
197699
200231
200310
205288
204374
200605
205194
200100
206411
201858
201437
203436
199600
205078
198479
198953
202534
202122
202382
200783
201937
201933
198275
201388
203204
202338
196481
202003
203704
205542
200856
201394
200101
201372
201486
201896
202395
199178
200698
201223
200545
201619
203237
197210
202901
202766
201479
201149
198508
201859
198917
205065
203541
200471
201641
200381
198528
198439
198278
200448
201583
200829
199596
204762
205243
203703
201904
201707
201349
200962
203906
204822
198090
207932
202340
201442
198626
200692
198828
199712
203634
203580
201847
198446
206694
202650
201077
199182
202621
203176
198041
202448
205556
199773
201472
199794
196114
204875
201329
203065
202509
201843
199465
200473
201272
202153
200369
202044
202456
204372
199585
198670
200635
199606
198106
202946
198052
202627
201576
203316
204085
202199
199817
200454
200165
201376
202832
200269
201339
203773
199085
201770
198417
201892
199338
197565
207790
200423
199229
204238
197350
205344
199481
201285
199503
202794
199512
198956
201354
200060
201776
198911
202902
203659
200626
197787
200647
202690
202027
200698
203117
200377
197980
202150
201989
199148
199344
201509
199469
200176
200793
201730
202954
202110
199765
206349
198026
201489
200487
199460
202396
199008
198308
202911
197853
201986
198543
199274
197482
198811
201010
202780
205559
205505
198446
201608
198443
198776
202474
202887
201444
205948
204848
197565
197427
200316
206062
199787
202378
204449
200320
201988
198325
199482
204767
202701
200732
200114
197087
197470
200459
201733
201614
200550
202887
200154
206819
200872
196715
194692
197657
202923
199914
197899
197101
203255
197912
197028
203247
203201
197562
197214
201315
201026
200334
200536
201575
198566
201449
203858
200939
201186
201180
201481
199187
203097
201776
207697
202019
202320
199239
201128
202555
202783
202808
200613
197936
199199
198072
198229
200210
200814
202067
198356
204154
204633
197054
200805
202206
202374
203286
206827
200754
198688
200572
201129
197677
200272
199937
200357
204472
201999
198090
202215
200644
199245
201051
199800
203516
202613
199463
198094
202127
200501
200705
201339
202609
201544
196587
204897
200064
202404
204877
199347
200432
197902
204561
197336
202459
202145
200050
203441
200608
203580
197830
199333
202081
205252
199791
200466
202074
199213
198103
200876
200107
199674
198261
200277
204517
199216
200779
201449
204049
202496
198432
199915
201567
198106
203974
203272
200249
199920
204509
201414
206335
202049
200296
196746
201900
200456
201294
202299
203208
200942
199889
203796
199980
200850
200757
197401
201084
203477
204239
200788
204638
202122
201289
200390
198247
203461
202871
202034
201067
199647
199205
196270
198711
200148
202750
204278
199790
200670
199986
203244
201909
199071
203115
201397
199758
205418
203062
202454
202116
201710
204385
203243
201856
199283
202673
202195
200787
200780
200290
202523
197952
203784
200258
202197
198325
200778
201599
202663
201210
201445
200812
203457
201468
202726
199355
199398
203974
203774
197492
195932
205959
199594
201756
200316
204976
204582
201735
201437
198646
202947
198899
202871
202685
201829
201270
203190
203283
203447
199336
204657
199443
197808
202634
202347
202682
200804
203602
199832
204148
199500
198329
200821
203456
201661
200906
203044
204804
199111
199283
204908
202313
200487
200158
202706
198742
200413
200813
204769
203360
204742
197834
199277
206590
197608
202692
204439
200570
199602
202255
198489
200694
202418
199250
200568
199185
203612
199149
203663
200871
202724
200010
197407
200836
200068
201724
201105
204598
198841
201107
198584
198696
201601
200755
201738
200306
201824
201749
202740
199045
204218
203223
201982
201068
203008
199556
200658
202481
199026
204296
202025
200543
203109
202222
202797
200026
201583
205145
197938
201000
204549
199377
201981
201329
206374
202841
200243
202371
195492
200255
204348
201324
204567
199899
205918
201113
200609
196941
198513
199248
198084
205521
199954
199105
205351
199041
198825
198554
205500
203363
202649
197605
200962
198673
197730
198607
198189
200260
205798
199189
205073
198453
198762
203097
202875
198827
200470
200387
199704
198477
198741
203707
203165
203388
200541
200860
197987
199435
198593
203902
200371
203039
196746
205618
203134
199047
202948
199048
199230
201244
202424
201295
202200
199199
200475
202057
200265
198493
200782
198888
203431
203983
205659
202448
201178
202135
200118
202012
202013
199469
206025
202300
202195
198326
200428
203708
202907
201923
201277
200605
204611
201677
206329
201363
199100
206507
202791
201128
203069
201403
204334
202786
200212
199696
198945
205604
200607
202078
201131
201636
206145
198695
199645
195792
198642
204334
199963
204805
199435
199875
200883
197301
202526
202362
198707
202505
202966
202616
203551
202184
198164
200557
206678
204888
202403
199655
201488
198802
197552
198070
203780
196872
208625
202539
201444
201418
198333
201334
201865
204549
203103
201091
198688
198294
201440
200534
200011
204214
200407
201784
199500
203967
200811
198947
202621
203019
203019
202428
198725
197313
202794
199155
202674
205654
200175
201667
199823
199344
203511
198657
200224
199357
205246
203158
200375
200621
200100
199752
205802
204822
200766
200129
199949
196843
201563
199244
200091
202547
202844
201194
201522
201280
197507
200777
198976
201219
201099
201004
198068
201567
198650
203640
199458
200595
203104
200331
199387
204324
203071
201309
202221
201809
200036
203888
200487
196738
203116
199825
204008
201850
196685
206319
197631
200999
199136
200821
202478
205707
203860
201932
201475
204039
203069
202932
199956
199045
202847
206012
202413
200114
201020
202434
199499
203165
199954
200336
200149
197114
204045
201654
199108
200767
198510
201056
200025
203073
200936
201429
199790
203392
200367
199195
203558
199447
207997
202048
198136
200782
204408
201459
201573
203003
206351
200715
204162
202822
201888
198516
201725
202270
202395
201463
199704
207723
199034
198170
202033
202967
201281
201317
201198
200605
199577
200904
197665
198870
197105
204364
200374
198186
204419
202144
200724
198090
199356
205444
201227
203573
200487
200818
205090
203959
201503
203241
199014
199370
198136
200574
202742
201497
198344
201618
199776
197208
206664
200345
201071
201869
200628
198068
203817
201031
199741
200886
198321
199105
201300
199684
199138
199141
201622
202675
200895
198610
198658
201854
200909
199705
201099
203536
199616
202564
200576
198555
198975
199271
200959
200435
201471
201107
198631
202162
202449
204883
200002
202299
197505
203111
201925
199769
198215
201654
198935
198443
197911
202649
204692
201806
200772
201845
204246
206049
206582
198839
203149
206474
200816
203030
199086
199561
199535
198406
205141
201325
203882
204198
201699
205059
201230
201245
200132
201289
202155
203517
201789
195937
199010
203302
202910
198037
198004
202436
197551
199933
202654
201540
199699
202500
198605
201691
197928
201685
202409
201397
199232
205220
202396
203723
196715
199736
200724
199604
198584
204373
201932
199191
196765
199854
200996
198983
200624
201062
204254
202228
199762
200790
201087
204838
201806
199440
203609
203722
199473
204571
200325
202238
199727
198674
203532
205347
201533
202370
202600
199600
201852
198252
200402
197305
200674
204315
199477
202096
198453
202317
202684
202886
203563
199192
196074
198147
199486
198707
199313
204019
199824
200483
201172
202801
202068
200765
203707
204689
198312
200127
204352
203132
202515
201280
198419
199582
199689
199531
200761
202875
200359
204617
198635
200433
199693
202033
198956
201181
198575
198650
199844
201885
201812
200820
203564
197010
202067
201004
200492
200249
203035
205346
199700
199819
199968
200723
201134
201915
203298
199227
204247
202232
202205
199057
201639
201931
199126
204502
200313
200442
199446
206946
199331
205442
200171
201571
200198
201711
203294
200157
199378
199926
199199
201051
200139
203032
202974
200140
199306
206463
202737
204828
199989
200308
197622
199704
199535
201036
201744
200943
201038
200038
200674
203481
201123
204814
201024
204503
203402
201483
198233
204126
201613
205020
199579
207624
200397
202063
204249
204063
203911
201775
202826
202137
202839
203929
201238
202532
199764
205692
201510
199760
202214
199995
199807
204515
202061
201258
202587
199901
201083
198377
204841
202153
201069
198283
202073
202184
200216
201927
200225
203179
206383
200210
197748
203105
204463
200706
197887
198667
202828
203138
200064
199761
202189
205185
200617
200488
200235
198827
196999
202508
201789
200259
200999
197436
201722
204361
198420
199980
200423
203393
200007
199919
201414
199187
202178
202891
205265
200388
200674
201446
201215
200661
199040
202446
201517
197312
199301
196937
200951
201614
198557
199405
204531
204249
199266
198994
199589
199279
200635
200116
200611
199090
199169
201689
202646
202213
201684
200064
200912
199057
200799
202270
202606
203289
203872
204857
200875
202244
196091
198700
201025
201803
198186
199470
200381
203818
202004
200635
198973
200314
205121
201597
201940
205718
200536
198742
202847
202675
204620
201022
199532
200365
197271
200748
198147
197293
202963
202337
201634
203406
202149
202231
199783
199663
201354
203087
202051
198358
202296
203204
200355
202350
199645
198613
203032
201413
202520
198711
201988
199132
205229
199746
204073
201872
199474
204060
205220
200842
205588
197627
203228
196941
201725
200996
203370
201219
201206
199612
198301
200969
200448
203801
197208
201914
203006
200884
203811
203677
201402
199266
203821
205934
200987
199044
197086
203316
203000
200387
201734
201968
205418
201009
200414
197404
205361
205467
201260
199547
199706
200440
200316
202839
201345
205249
199431
200099
199516
200318
198919
202303
199399
200507
202789
203433
201156
200805
200770
199825
203090
202803
202097
201850
201756
200466
204683
201086
201538
202483
203496
202447
200980
200114
202322
200428
205239
200246
200969
200548
201414
200351
199138
202005
204114
201382
201789
201868
200739
205018
200375
202230
198725
203009
202093
203718
200542
197950
202123
203840
202589
201224
203161
208140
200645
199936
202307
205645
198947
198155
197830
201675
197417
201978
199793
200666
200160
199704
199816
200206
197045
196772
205251
201475
202212
202473
202732
198149
204777
199360
199045
202379
202188
198414
201034
207059
199095
203522
201889
198455
202515
202570
198985
205514
198901
201111
203980
199846
196762
200487
205070
203983
197188
201616
200773
199765
202274
200948
201923
201732
198367
198213
202580
203197
201294
201333
202376
200019
199306
199674
198285
202691
203258
204855
199391
203498
201200
201451
202220
200383
205825
202771
201556
200174
203471
202850
201021
203775
202840
201230
197574
200965
198147
203189
199775
202763
199108
200941
199999
200981
204026
203564
204165
200470
197842
207694
201506
199012
202395
202212
201387
200523
202562
206876
203834
199932
201670
196880
200279
201489
199722
201963
199656
199816
202899
204777
203670
205670
197677
201207
200203
204265
200032
201211
198700
200740
201021
198389
200076
200139
198702
198480
204580
198446
201776
200849
205457
202314
199083
199516
200522
201079
198711
202954
201029
202495
200189
200517
200462
199772
199668
200756
200118
197822
198536
200770
203901
201509
203958
198734
197790
202373
199604
201003
202748
200935
200907
203290
200930
197334
199838
196952
199344
201229
201500
200026
203107
202721
205859
201133
200951
201111
203754
204561
199228
200093
199575
200471
201376
197309
198375
198692
203406
206196
204004
202334
200997
204118
201186
203100
201897
199594
202083
202077
202465
202441
206582
196781
203431
200239
201874
199828
202952
202959
207953
203679
202852
202194
199376
202034
201615
200877
199895
204300
199755
198175
200129
200422
204731
200192
198485
197581
200456
204643
201966
200345
198075
201433
197577
202307
203483
198585
203119
201219
197686
201260
204922
200379
201671
202739
201070
202416
199371
199109
205370
200375
196887
197800
198481
204309
199494
203878
200100
197063
202463
198546
201289
199424
199555
199458
201338
203451
204764
204950
201609
199310
200138
196121
201168
199609
198481
200432
201054
198696
201738
203021
199800
201779
203597
200570
199714
203768
201726
200245
201592
202049
203841
201939
202742
201138
201306
197730
200286
201728
202935
201559
198605
201731
208957
201671
203843
200858
202025
198639
200216
202331
202012
198776
201915
203797
200152
201368
201264
202753
203899
205932
203468
200887
199468
200036
202808
200383
206817
201150
197510
202422
204830
200083
204943
200876
200896
199840
199372
204176
205931
200703
204334
195841
202411
200474
203945
205416
200883
202948
199565
203093
200539
200261
200965
199926
199195
200570
200100
203142
202777
199264
201306
202247
202423
200167
199485
201503
199141
199246
201034
199716
201467
197171
196753
199818
200008
200133
201363
201081
204483
197930
202224
204708
198845
202169
203843
202245
201482
199252
201397
197967
204366
200570
198702
205222
202804
197171
205842
206341
202350
200473
198512
202732
204576
202559
199819
201839
200800
199710
199792
201352
200236
201464
197741
203272
204113
202139
204949
203020
199134
200056
199484
202893
205609
202349
198804
200691
205082
199050
204488
199481
206283
201986
202452
205903
199041
200103
206284
202755
199427
205479
203472
204001
198646
201722
207273
200545
199594
200767
197948
201756
199400
202934
199651
201847
201103
202412
197663
199056
200625
202420
199506
198447
202417
202283
198037
203550
199200
197309
201129
202163
196979
198580
198168
202337
196095
201446
208752
201565
202633
200361
202391
206048
198766
200275
201852
201908
204852
198871
201120
202004
202606
197938
199099
203699
199604
197781
202805
198918
202421
197328
198677
201874
199466
200232
200054
198804
201080
207856
206079
201133
201866
198700
201253
198288
200598
200463
201948
198980
200190
199252
199264
203911
201945
196715
199724
202568
200938
199256
200804
201733
203654
200238
199143
204175
199841
203902
201626
204836
200423
202829
197639
202494
200660
201135
200850
199693
202250
199855
202068
200969
199645
202958
200310
196872
200170
201547
198650
199206
206592
200519
205255
201483
200415
203379
199469
202660
199508
200471
200233
198507
197013
198615
202324
197017
201376
197626
205268
199437
202530
200175
200782
203611
204321
198961
206402
202301
197626
198776
198880
199612
200781
198788
200271
203166
201610
198992
199566
202535
201384
202028
198032
202061
205131
201448
200314
199656
202431
203413
201442
201258
197489
202458
201796
200206
204617
202073
202661
203712
201402
202695
200882
204310
204546
203049
203969
198963
199225
201944
202012
199412
201672
202861
199309
202873
205337
201464
205304
197942
201634
199174
206760
204279
203869
201276
199701
199011
196212
201291
202092
199783
203211
201269
202808
200174
202253
198324
202421
199903
203828
197883
200516
203006
199699
205017
203469
203947
199086
197562
199690
200562
204851
204369
206113
202007
200375
203799
198489
200175
201033
196669
198426
202308
202152
198685
200639
202775
202365
200634
200812
201531
202732
203939
201297
207107
203339
198922
203495
198813
200849
200875
201889
199429
199469
197687
201345
200227
205046
199356
199998
202112
200752
200924
203288
200212
202426
203926
199815
202185
203831
201988
202304
203555
200458
201822
205831
196355
199916
203058
202371
203328
199801
203284
206795
201444
202574
201632
200308
201940
202848
200725
197208
199771
198796
203436
199253
202832
202134
201388
199917
199996
197047
202571
198869
199921
201986
200154
198477
201644
200562
199578
200216
200226
198717
204722
198442
198273
199301
198650
204173
198973
203915
200985
203918
199543
197542
200624
200015
203253
197995
203640
198266
197891
205059
201129
199591
198945
200465
196140
198775
199193
201939
202401
196572
199654
199239
204278
200698
202131
199837
200659
204822
199092
199343
202346
199956
200264
204577
200139
202338
198367
203154
198828
204641
202878
201069
196761
202460
201623
201763
202400
202256
201091
201599
202084
201290
199695
202564
200823
202172
203315
200994
198020
202927
202883
197553
200969
205548
202604
199661
204334
199547
199545
199761
203186
197677
199375
203518
199455
202568
203626
204828
200170
199681
198580
200212
209818
198918
205982
203915
201927
198688
200177
199585
201802
199997
197786
199617
198224
202355
197185
198739
203878
198003
200270
199398
201472
201105
200172
200754
200877
198701
201022
204252
200747
202214
197561
200816
198106
199443
199425
201571
200864
199681
202183
199773
202174
199416
203624
202791
203263
198229
199730
201114
205481
198870
202819
197727
203154
203772
200884
200486
205745
200656
201258
197991
200479
202510
203328
202098
202791
198225
200947
201205
203399
203441
205566
200100
200510
200623
205003
202772
201362
198927
199531
202183
201927
198721
204068
197620
203046
202686
198757
203489
200591
203896
201227
200662
201745
202437
204391
204090
195894
202142
199214
199370
202124
202560
199209
204278
198689
203255
204205
205536
199611
205194
199044
205111
202377
200612
203521
200917
200799
203746
201852
198963
198405
203856
199995
200095
201345
203328
197570
201529
197487
204065
199408
197423
199486
201137
198730
202555
200812
200574
203337
198942
202862
202335
202498
202291
201280
199791
205179
198365
203304
203827
202442
200712
200398
200414
202808
201953
202352
200813
202625
197769
200764
201486
201416
201589
203397
201890
199117
199980
201184
202241
197639
202831
200806
198848
199844
197790
198082
205025
201875
200847
199370
199831
201101
199744
199547
199993
201503
203029
197670
203833
200721
201116
201732
201344
199855
201624
198835
200166
202200
197649
210917
201368
197269
202275
198839
208060
197865
204122
200387
201066
198071
204051
199341
198485
202032
205076
200109
203346
200145
201661
201008
198835
203653
201664
205193
202643
200375
200781
199220
201566
198164
207043
202043
202225
201172
205565
204064
200059
195792
205135
200902
201646
201502
203328
197726
202380
199829
201970
202947
199687
201807
203896
201502
204666
201768
201543
206627
203473
203089
203656
202754
199203
200805
201443
200074
197195
199706
199351
201500
198056
202265
199706
204132
198658
202720
200522
202599
198529
202087
200487
198435
203752
199022
198454
201956
203768
201225
199475
201565
199915
204132
202784
201932
196762
202310
196980
201425
197474
199316
203445
198264
202139
202097
197539
198076
197635
201754
202364
205025
197087
200841
200095
198753
204053
201863
201533
203243
201053
202856
196750
198846
206962
204661
201949
199639
201132
203772
200463
204354
196581
201043
204456
204855
200889
199310
203076
201151
199325
196227
202302
203180
204173
203607
200060
199257
198657
200118
203174
203769
202598
196872
201965
204983
203097
198984
202923
196929
199976
205707
199417
201922
201368
202499
199769
200784
202311
200655
199696
198799
202322
197704
199293
203870
200349
199864
201202
200751
201973
202249
200425
199231
200998
201817
202670
198819
202539
204511
200919
201906
199134
197998
204045
202019
202593
200225
199328
202187
204838
198735
202184
201619
196056
203460
200670
204964
201023
200855
202625
200812
202661
200301
200984
200722
199260
202161
204119
198623
201840
197006
199843
201974
200828
199326
199707
201468
202789
196646
197388
199160
199085
198601
202394
198308
201457
200836
204057
201949
201734
201394
202302
200904
199313
197576
200663
198741
200832
196461
198212
199260
198480
194596
201737
201996
201237
202866
200905
202694
196642
200925
200995
202230
200772
202424
200947
202584
198906
203806
204791
203319
201884
202665
205289
203296
199971
198804
198585
201962
202095
196347
198931
198076
202247
201887
201034
200117
203272
203442
199765
201219
207284
200963
198274
199689
199649
203591
200666
201440
201979
201380
200071
203973
201947
200538
202057
199384
202643
201849
196746
203530
205923
199956
199078
199649
203094
198128
198159
201927
200396
202147
199798
204659
200963
201107
201711
198408
198612
198201
205061
201184
198615
201063
202816
205581
199561
204086
202548
200222
202342
199396
200665
204978
200776
203552
198225
200485
203467
200037
200202
201870
201996
200487
202621
204100
200094
200204
201606
201302
201504
200555
202416
205078
202613
203054
200998
202222
198670
202523
200306
199827
199401
200251
201420
200060
202929
199307
199872
201043
198118
198837
202386
201821
206169
203004
202990
201655
199779
200010
199281
199130
201750
201150
201650
202667
200600
205949
198735
205975
200041
201591
202411
202923
200192
201988
201425
200839
198668
205186
198915
205967
200645
196556
198267
206620
202491
204498
199946
200639
199132
197856
201185
198477
201983
201004
201644
205707
201324
201793
199335
203220
201029
204844
201649
204993
199577
200930
205639
202749
202750
202083
199773
200747
200935
199410
201063
201486
199556
202253
201353
201767
202207
201446
200635
202141
199282
198168
200421
201233
199160
199360
203768
199174
199295
202617
197208
198990
202985
201059
201127
199065
202660
199766
200533
199850
210180
202863
201532
205196
202791
200873
200883
202841
199279
202830
202111
203339
199478
199425
197991
203042
195492
202498
202266
205097
200916
203253
200096
198857
206038
204177
201058
199830
198827
198641
202560
197826
200924
199163
197719
200737
200305
200562
198681
203894
204301
204960
203272
200122
200259
200164
203197
201937
202059
199239
201424
198375
203370
204506
200563
199247
203142
197553
201713
198243
201244
201184
201688
200030
198349
204525
196259
207009
200712
201474
201744
201823
198278
200069
202355
201373
200788
198584
200470
202179
200489
205747
201206
199344
200366
201699
199577
204581
202902
202293
201118
202017
205185
200639
203089
201469
199907
201641
202787
201335
201880
196750
203838
203967
203014
200734
201511
201496
200405
210256
202510
202042
203054
201474
200334
197620
205773
200265
199653
198355
200215
204523
205807
199891
202610
199566
198351
199311
201317
201030
202224
201754
202852
198171
201946
196589
201701
196600
199543
200682
199741
202485
200668
203320
197028
202273
199700
198343
201242
202148
197301
197331
203660
201812
200064
203752
201252
202920
200924
203223
203734
200007
199046
203160
200410
202844
198741
197297
200364
199138
198125
205756
202017
199416
198692
202893
201547
204915
199612
198851
199446
197375
200412
200815
200707
198163
201689
202228
204921
201289
202189
198117
202987
203467
199695
201354
198635
199409
199401
198469
199225
198354
199505
204047
203226
201473
207537
202058
198225
209008
202025
197726
201250
200039
196949
202244
200141
203882
201968
200356
199758
205109
203762
202985
201322
201615
202623
196861
202563
200601
206024
202746
204128
202016
203522
199482
202767
201284
199955
201537
202332
198221
196676
201935
199667
199304
202889
202625
203303
199934
207848
199853
201799
199999
199578
201654
204180
200869
199911
198524
204971
201377
201450
200940
200271
196596
201916
200706
199988
201860
197183
203158
199927
199994
200204
204567
202689
202560
200299
203452
200544
200332
201736
198815
204809
201086
206138
199483
201355
199434
200691
197595
200419
199022
200162
198282
199083
198203
200889
200586
202114
199048
203685
202127
205182
200859
198829
198615
204365
206423
202543
201622
199980
197991
202570
201342
200327
200440
202659
200578
200558
203261
199836
200815
198133
199608
200510
200119
202081
202198
200979
203666
199719
203802
202522
201441
199128
199597
201334
201302
200989
202292
199961
201499
203601
199761
201725
198490
201900
197282
196806
199703
201224
205927
197830
205208
203016
198324
202503
200722
203046
198624
200759
198129
198156
201138
203324
201896
196608
199452
205303
201754
202053
202783
201441
203587
200990
201209
197826
199819
198080
201969
201882
201350
198470
201159
201682
198003
202354
199934
204124
200525
198921
206056
199665
201111
201076
202360
198290
204004
199973
199859
204179
201420
205758
203671
202832
203840
202153
201474
201337
197664
198752
203835
203102
206785
202061
203215
202004
201104
199160
199378
203946
198528
201467
201276
199307
200627
201103
202432
198991
202061
199507
199053
202372
200375
202521
199451
201349
202733
201148
203497
200659
201628
195328
197209
201097
202969
202365
200461
198323
199402
200575
199410
200735
201493
203001
199503
202266
200299
201999
200707
197491
200618
200251
201614
200578
199213
204112
207458
199699
202502
201322
200962
198953
204031
201627
198451
202779
200763
200535
198796
198117
202483
202611
200996
201266
201793
199789
199569
199871
202702
204368
203551
199867
199642
200774
199343
199526
204560
199532
200310
204576
203662
201962
202394
203304
199076
201772
201665
202226
197730
201640
201054
199747
201524
203291
198076
205409
204190
204004
202196
200849
198853
201752
199626
200815
198992
202663
202399
202073
204583
202129
200110
202883
197752
199503
200428
200386
197980
201917
201638
211079
202599
201381
197707
197325
203667
200928
199087
202586
201344
197956
200149
203810
200751
197336
203926
202448
199759
202935
200700
197746
200312
196689
201927
205196
202390
199651
201019
201793
195615
199316
200493
204630
202474
198477
203105
201708
205962
203811
206590
202668
201107
204881
199321
199976
204513
201184
202140
204574
208894
202851
200375
203146
200959
200965
202980
204743
204906
203453
198068
200503
201378
199022
201449
200210
204600
203365
200741
202651
203321
200644
201589
199603
198695
198860
201311
201050
198865
197738
200071
198669
202033
199417
198631
200951
202702
202035
201133
200913
203313
199053
200208
200755
201101
199356
201404
200916
199183
200924
198807
199661
203010
202178
199330
205247
202923
206562
207173
205711
202036
210082
199906
200206
199494
204230
203665
201425
198329
205655
200193
200700
201004
202072
205943
202931
199909
203967
201047
201095
199885
198220
198896
202739
201766
200015
198776
200072
197045
205420
205601
200369
199853
198646
199207
198770
201708
196654
198647
202246
202772
199199
200540
202000
200921
199175
202587
203231
198525
200800
198351
202270
202297
202345
201157
204047
201346
202474
202555
201434
202409
203296
201235
204001
196872
201002
204097
201266
199875
202519
199110
197061
206128
201162
202958
203679
199967
205191
201405
197890
200465
199716
199143
198624
199484
202909
205643
203845
199563
200193
203749
202027
200552
203191
197990
198440
198530
203811
200098
199994
198910
200930
203095
202665
198359
199684
205121
197292
201494
196650
200552
198266
200375
199490
201980
197171
202123
198113
205084
203094
203667
199766
199594
199860
203442
205443
202127
198558
200869
199247
201310
202408
205601
199507
202041
201500
198722
204328
201986
203839
202961
203296
202344
204370
200695
200550
201606
204531
197309
199386
203019
195432
195792
201235
201791
201528
203667
201765
200580
201622
199807
203689
200200
203600
201513
199297
201763
200653
198845
200570
199244
201235
199034
204983
199860
203220
204168
201748
199651
201047
199673
199695
202119
203693
202722
203729
200562
199451
201830
204676
200252
197393
199390
199748
200570
205366
205314
200765
198922
199197
199578
201327
200851
203059
199948
200107
198924
204378
202220
203687
198656
206637
199770
206276
200324
202444
201695
203313
199220
204642
198307
199908
204077
198485
201004
197143
200019
198880
199861
201710
200401
200092
199211
207260
203284
198961
201107
203518
199336
205343
204173
204232
203305
203131
201040
200666
203318
203148
197669
202600
203902
205952
201166
202543
199744
196191
202843
200701
200304
201583
203004
203584
198224
199742
198688
199580
200281
201955
204663
201060
199850
199710
203882
202141
201856
200129
197561
202422
203757
199135
200165
198430
199142
203420
201844
204212
203703
206193
202184
198884
199431
204739
201840
206724
202932
199417
197392
199600
199716
203901
200079
200934
199508
201868
199864
199543
204152
203213
201830
203503
200201
203188
202230
202120
196929
205118
200032
199765
200793
198129
199596
200379
199797
198984
199920
201890
199911
196907
200804
197819
204910
202287
200103
199157
204736
203309
202449
199992
200969
202082
203619
203219
200825
199706
200276
201038
199607
207321
201596
198386
201013
198709
207877
202179
205169
198581
202808
205980
201140
200275
199887
201731
200043
202349
205037
202803
205251
200758
200746
201973
202016
203275
202560
199697
196806
201795
199929
202653
203282
205848
197948
200725
200702
199281
201838
202762
198934
198520
199126
200896
196708
198979
200448
200862
200232
203223
196604
200891
198691
198714
198984
197883
204472
198848
199979
204856
203327
200223
201372
203037
206026
200088
202437
201060
202234
200451
204225
201000
203187
199663
201161
205785
207726
203662
200432
198957
197094
204942
204965
197830
202326
202968
200171
202659
200234
200979
198489
205934
200783
200161
202256
199041
203318
199509
201925
199342
198920
200761
197206
202199
199385
202063
201044
203149
203004
200204
197267
199086
200195
202049
200651
197884
201525
198037
199616
201289
196095
200625
199972
200074
203283
206939
198804
201605
199589
200262
199277
198414
200702
203813
204272
200764
199052
202667
199697
202096
197754
202057
200744
201281
199340
200981
197432
200752
199985
198067
200095
198064
204274
203249
201407
205620
202106
201378
202364
202169
200898
198337
199208
201523
201110
198034
199334
201958
199985
201038
200622
198734
195779
203908
199480
204477
199690
201243
199409
201111
203742
199144
199710
206142
201711
198051
203266
206686
201335
200415
201141
198994
200489
201061
202226
202900
200908
200428
203941
199187
204883
198522
204433
199364
201118
203475
201489
197948
202025
198290
202499
205255
199657
198178
201183
200026
202598
201935
200249
196929
201099
202063
203058
200184
197006
198252
202958
199296
201637
200621
201172
201929
203840
200330
200304
205465
198400
202877
199993
204839
201436
198102
199067
200912
201380
197669
199757
202105
201427
200587
203022
199404
201085
199834
199954
203529
199701
201466
201490
197937
202025
203218
199787
197891
199708
198921
199140
197507
200354
204868
201114
201926
202537
199781
200291
200332
201199
202981
199404
202118
202111
201394
203928
198861
196331
199787
198800
202657
200755
198862
204256
196595
196692
201380
197062
202446
197432
202734
199316
199199
204713
199944
201167
201060
205830
203648
200859
199065
199417
203089
198412
198340
204250
200814
200375
199589
204569
205508
197076
201601
202442
203033
197386
204128
202057
203277
201793
202184
198950
203604
202492
204324
202173
199915
206901
200838
206022
201820
202980
202294
197416
202915
202500
205471
205226
202444
203521
200568
205743
203090
199229
201007
199305
203453
198137
199059
198489
202504
201849
199138
204945
197296
204474
201767
200548
202886
205918
201858
202650
199925
198578
202287
200412
199815
199811
198995
202698
201228
202847
199193
206159
204893
199834
199346
197704
200336
198896
198867
201500
201592
201305
203078
201760
201234
198397
198776
199819
199357
199212
206419
201315
197423
198290
201801
198180
198890
202649
205657
204662
199968
197485
205072
198275
201140
202794
197826
200781
203112
200440
202184
202346
199784
202988
202584
202285
200035
202394
202564
201749
201777
199194
200514
200417
198789
198416
199911
202814
202029
199510
202342
200793
199141
201822
200573
204883
202737
196842
202149
201609
200931
204556
200985
199764
197627
203392
200995
202005
200127
200855
196516
202643
199388
197232
203362
199315
199850
200325
200148
200639
196405
202840
201250
201090
204126
197926
198882
198930
203173
201109
200699
198099
199706
203151
205141
197289
202904
203603
199209
204197
198994
204511
200529
198736
200870
205328
202269
200452
203652
200761
201890
201522
201019
200764
203190
198585
201488
199106
200930
199121
204968
198892
196749
202555
199340
200172
199807
202408
198485
199856
197818
201467
201580
201765
198144
202110
196213
201979
201212
203278
202086
200054
196404
202654
200982
199398
206669
203243
199626
199868
200342
204738
199337
207515
199044
201084
200968
200942
203046
199999
203838
197045
199105
196481
206652
204227
204918
202880
200063
201805
202128
202403
199726
201634
200920
199519
203135
198580
199485
200369
198892
200664
200288
199144
196317
199912
199360
199669
201403
201779
199584
202840
201503
198332
200375
200995
203669
202249
197569
199488
201581
199307
198004
197945
205192
200543
199294
203901
199512
198391
202610
201353
201228
200307
199305
203274
200394
198888
197542
201351
204392
202698
199370
201905
198502
201862
202510
204975
204607
201069
203345
199144
201207
203024
198538
197474
205531
198787
201034
200040
198734
200980
199742
200957
204014
202312
200524
199933
203986
197907
204331
199248
201275
199474
198450
200440
200209
200990
201340
203349
198661
203467
201221
203824
201854
199442
197875
202799
196830
204124
199725
199745
201511
200542
199301
201766
199948
201077
200849
202934
199048
198637
203069
199726
200125
197417
204503
199482
198945
202321
202769
201354
200087
201225
199936
204461
204164
195603
200305
197588
203722
198889
204078
201925
201408
206335
199865
199747
198919
202383
200364
204853
201009
201442
198726
203864
202127
202574
201214
201258
201636
202015
202048
198413
204911
201724
206291
200094
201838
199106
202781
203113
201506
203062
199455
200129
199304
205824
201123
200704
203069
199232
198788
202549
201247
206198
203850
199466
203707
198692
204159
204862
200532
204049
199542
202810
202088
199992
199299
198650
199006
197566
200282
197503
200486
199258
202725
197109
200383
198488
203906
203562
203855
200680
202172
201320
198074
203058
206512
200601
200285
205021
197396
202938
201932
200821
200837
202340
199907
198231
203349
199849
198009
201529
200175
196811
199211
199339
199347
201591
201151
205421
199417
200249
202306
199278
201490
200428
202172
201982
202647
199297
201913
201142
201836
199313
201276
200670
201966
200118
203754
201513
200664
204160
199331
197887
197727
203604
199539
201264
201022
201732
199500
202267
199734
202259
207051
202513
202040
200544
201134
200108
201431
199844
201706
205123
200245
197367
199906
199079
200497
201381
197691
203065
200190
200019
196746
201403
203457
202313
206623
198485
197773
199691
201368
200843
202085
201370
200402
200570
204097
202936
200381
201869
201923
200463
201441
203096
200110
201958
199956
200321
204953
200401
198084
202062
202831
203550
202167
201915
205155
201783
201441
205848
202377
204706
198175
202971
199061
198906
204022
200072
202229
204525
199411
198424
198841
201591
201051
203202
198332
198527
200940
198332
198748
200366
202086
199507
200200
198087
201805
201185
198190
199812
202485
198446
203937
200765
198922
200593
201906
201334
197582
197829
202385
199960
207617
199984
201485
202782
198954
205174
200380
200779
199907
201440
205473
199784
202239
204558
204077
203306
201803
200245
200163
200519
205690
205468
201601
204088
200094
203345
201514
200216
204077
200397
205479
202644
201385
199446
203518
203658
203109
201410
200625
202710
203638
201736
206698
198662
201526
199484
198651
198696
204437
203546
201501
198595
202749
197929
203118
202295
203025
202542
202686
198986
199982
200998
207821
201309
200328
198477
204117
200011
203125
205548
203541
194596
206036
203168
198673
203745
203390
200920
200117
202965
200276
201354
196929
201857
203571
202470
202355
202292
203303
200260
200574
200731
200930
203955
205007
203616
198133
196056
203097
202249
200613
205563
200199
201624
200535
199911
202947
201318
200826
201787
203036
201229
200864
204415
201808
199311
200329
202529
202977
198225
201370
199485
203443
204064
198746
204005
199377
201908
201049
202098
200736
201151
201181
207000
200113
203550
200952
202854
201241
200659
202852
205174
201858
204309
201567
199931
199630
198967
204541
200802
203538
200702
198919
199295
202622
200413
199508
203102
204860
203075
199305
201028
197630
198244
203467
200220
207511
198866
206315
201628
203581
198157
198711
198563
202899
199503
203967
201812
200383
200521
200858
201587
198400
201677
199767
201899
200770
205934
198886
203618
201050
200696
199942
200137
201260
200063
197531
202500
198350
197776
197861
201092
199938
200287
197562
199359
198420
201699
201467
204592
200798
204295
201478
199138
200138
200785
202593
203090
199793
199746
198403
199972
201793
205339
203996
203188
200474
200761
201382
198544
204875
200304
201590
202415
198041
201335
197755
199255
199511
200093
201721
199810
201266
201354
197328
197251
205265
201943
203035
203170
207020
197328
200474
203205
196791
201783
202203
200145
197331
198745
200175
204600
204952
201282
204215
203302
199754
202406
201998
197804
201056
202971
205372
201189
197995
198544
204546
201751
198125
201016
199641
203563
200572
198741
200102
200814
200756
202214
205953
201209
199637
200387
201149
201030
197241
199170
203809
204585
198549
202116
202958
203804
205567
196557
199604
200530
201533
197879
202110
201077
204403
199435
203335
207683
202765
201201
205377
199801
201461
198827
201077
201385
199043
197861
201634
200210
202507
201843
200327
200680
202242
198813
200157
199556
199745
198837
200214
202300
202608
198982
200247
202320
200648
195442
199405
197826
202571
199022
202174
202021
199524
200006
203131
200335
202878
201532
201706
206392
199699
200127
201869
201149
203776
201063
199219
201622
201024
204293
199466
198837
204980
200820
203179
202506
202309
197929
200818
197952
201389
197301
203680
199998
200331
198162
198229
199002
204353
201866
199602
200450
201366
200543
201020
200442
196355
202593
202720
202448
197925
203679
198202
199051
200678
203207
201757
201544
207214
201652
201553
198639
198642
198324
197871
202820
201357
205777
201500
203667
204772
200906
198627
203269
203124
201954
198691
202051
198129
198892
200719
204713
200969
208196
200323
200619
201130
201947
199365
198235
199891
201484
200296
200703
201593
202004
204133
202450
197358
199042
201713
204260
204648
203770
203522
199632
199234
199370
202207
202329
201760
199948
198724
199459
202698
205277
203446
204325
201988
200450
207630
198739
200842
201368
202110
201329
201828
201454
204535
198056
200605
203302
197980
200041
204190
202603
198507
202651
200187
202109
199083
205555
200296
198159
202658
203058
197831
198032
199816
196608
197328
200792
203545
200737
199329
200349
203801
204459
206372
201996
201072
201863
201063
203826
200288
197841
197757
197984
202138
200169
199923
200564
200568
202746
200854
199285
200580
199340
204130
203357
201431
197991
200308
202207
202262
199960
200261
203324
200859
203503
201785
203147
202836
201940
200548
204805
204012
201951
201229
201262
198574
202217
204411
201626
198047
200067
201036
202561
205566
197132
199804
198325
202409
204810
203959
200880
203338
200112
198711
198393
199006
198328
202722
201335
202552
204196
201665
203455
203356
203613
199220
204025
204222
202788
199408
202866
206171
201806
203714
199398
202967
201430
200965
196929
199690
199732
201717
203115
201003
202097
199213
201763
201441
202573
197651
202900
204598
199244
201063
202666
202919
199050
198021
202937
202122
203532
202063
197417
200543
198624
199297
200512
201287
200191
204284
206751
204724
204756
201199
198547
201417
202868
201975
200849
200670
202943
202512
198015
200272
200741
200294
198607
203473
201441
204139
202281
200320
201898
201293
202260
204520
201058
199556
203717
203357
205036
204697
197865
199103
201510
202377
201104
197446
205507
206551
201933
203459
204409
201115
202922
198727
204263
203488
198121
202322
199760
197028
202987
204324
202807
203176
201533
205023
198554
197826
200145
199134
204309
199948
199291
199014
201130
200956
199240
204519
198921
199486
202806
198863
204944
201358
199004
201374
202478
200086
200023
200627
199811
204463
201965
204371
200262
199986
197952
199493
203556
199616
198416
201924
201002
205983
201628
200097
201547
202242
199067
199567
203840
198269
199400
204112
198009
199485
200954
203640
201145
201988
198083
196465
197922
202834
200938
202926
197642
201637
198867
201688
200369
202977
205275
203615
205028
202086
204327
202119
199754
198602
205615
197370
201891
201759
200524
200862
204040
202458
204459
200603
202168
202710
203395
204933
198910
201573
204495
206429
202807
205407
200777
200692
206337
205045
200279
203318
197105
204206
198365
203996
202739
205434
196746
203445
203457
205606
199391
196650
198147
198147
199278
198733
197516
202665
198859
200772
199450
207043
199248
200793
203040
201130
198133
198258
201381
201350
199691
201665
202924
200805
203536
201316
199896
202412
202088
199731
200955
198180
202460
203813
197182
201020
202877
203050
202292
201793
203009
198984
203296
204812
198645
202902
204564
204676
204344
201219
200321
203787
203068
198325
201906
203184
201453
197876
200596
203971
199266
205703
206049
198654
202106
203416
198168
205360
201118
202613
199840
200216
204672
200132
199757
201035
200184
202260
203347
198149
202900
203391
199769
202150
200728
199828
205121
199874
207199
202719
200440
202630
200150
202775
202334
203539
197670
200422
201778
197221
197796
198681
200178
204475
199253
206026
206171
202326
201618
202458
202626
199743
199707
207383
203486
198956
202503
202610
205990
198980
204848
203782
199473
201442
204619
198601
200381
198918
199856
200442
201500
204837
205239
199905
199290
202504
198654
202087
198430
198750
202553
199105
201065
203097
200749
202293
201388
199606
202291
203323
205005
202151
197438
205808
197171
202734
205943
202252
200714
201640
203362
201127
198873
198239
205281
203823
200281
201056
196677
203810
200297
200413
198988
195676
204563
200660
200015
200668
200535
199655
200985
200648
200185
201191
202326
198626
198255
200703
201450
199992
201484
199985
204175
202209
202660
198953
203347
200366
200758
201683
201388
203577
202364
200839
198041
202239
200292
205531
205570
204659
201043
200820
200525
198687
200510
200759
200988
201788
200962
202016
202721
199168
204219
198953
202927
201246
201279
202149
198784
200106
198906
199492
203412
202831
200601
204935
199511
203455
200859
200464
204785
199797
200863
200428
205471
199793
204783
202186
201441
199543
199451
199076
198046
200578
201613
197991
203668
199085
201422
200859
200966
202095
200609
199582
202341
198176
198391
204411
204038
203390
199690
197769
199940
200302
200331
203319
201247
202073
200120
202646
196642
203131
204038
198605
198017
203027
201559
200971
203469
204173
200360
204511
200562
202852
204496
206765
198584
202438
201085
203574
199431
199967
207400
200334
204613
203910
201544
207235
201645
204999
199800
199356
201601
203365
205867
204114
201489
198291
200856
199597
201943
203663
198824
198623
201168
201189
199151
199696
198365
201041
199930
202808
200391
201413
198427
202307
198885
200040
202698
203834
199263
198290
200630
200357
199124
205227
203808
203113
200564
204138
201282
200841
200322
201249
202218
197612
204012
199607
198255
202437
203828
204411
200619
199649
200176
198892
203341
197946
199856
205121
202040
197691
200857
199079
200371
196488
201668
199758
201234
200739
199196
200311
200774
201384
203322
202852
203898
203446
199543
202905
200310
200141
203736
204871
205489
201606
197285
201577
197626
204482
199704
201026
203615
201758
203139
199405
202098
199344
203357
201690
198485
199891
198945
200023
200664
198733
198457
197657
204055
200413
201385
202407
202529
201977
200174
201386
202362
200197
199592
198129
203446
200050
203482
200456
200262
199430
200450
202535
196182
200459
207966
201513
202410
202465
203044
204695
203742
202491
197752
200905
205680
203674
203726
199459
200639
200004
201481
200552
203270
198170
201770
200012
201517
205123
202267
204434
201970
199766
206141
198746
199147
203603
200366
202542
197438
201988
201109
201785
199978
197145
202349
204295
202955
203883
204387
195753
200893
203491
198332
200492
204953
197112
199187
201369
202462
199295
202334
201727
197466
200015
202027
196882
202438
202824
200509
199283
201010
198710
202413
200361
200773
203382
197193
204013
199420
199245
201835
203685
200489
197637
198125
204018
201544
202122
200599
198944
199547
201209
199753
200116
202636
202195
204594
199013
202274
201739
204365
204209
197309
201472
202017
203456
202297
200864
197980
198567
204663
205397
200231
200786
202542
200206
198790
201635
203423
197535
200205
200587
200176
201730
202269
202353
202706
202361
202976
202744
201383
201386
201029
201058
200869
204240
202203
200809
202544
199675
203084
199529
199365
200515
202074
208153
201895
204799
199686
199221
202672
206500
201577
201654
200414
202739
207369
201828
199668
203396
197608
199131
200236
200435
201521
202962
200239
203956
199873
201887
199660
198632
200753
204879
202027
203993
201755
199470
203406
201971
200751
197987
202586
200983
199821
199372
202542
202914
202732
197270
203157
199160
203253
201195
202275
202487
198237
203811
202914
198528
203839
202415
201282
200145
203571
198176
202456
199980
199990
202988
200275
198981
202486
198520
202549
198741
199107
201370
203063
204671
198290
200149
199772
200747
199412
203283
208333
205694
206209
205705
197145
198585
202613
204245
205226
199413
205355
201961
202137
203479
200747
203892
204509
199601
201687
196623
205180
205981
197397
199977
200432
197396
202976
200201
199205
200587
206406
202646
201557
200930
205542
198445
198807
204509
200287
204080
202641
207723
199736
200130
203762
201392
198945
199748
197061
200869
202413
206049
203207
196737
198015
207175
198105
201991
205950
202889
197720
198325
200773
203178
201265
199762
202505
203840
204041
196562
198451
197741
201438
199976
200786
203545
199985
197282
198791
199798
202311
198078
202160
199591
203157
204811
199443
202820
198674
203599
200749
201189
202493
199461
202825
198241
202184
204570
200946
200612
195696
203791
199151
200954
202487
199850
199853
200243
201873
203165
198340
199793
203042
201371
204212
201872
200044
197720
200897
203617
203583
199504
199610
204825
199865
198087
204163
196810
201449
198696
201170
201771
198654
202227
202037
200873
201682
203491
203756
198520
199591
201130
202683
200889
198281
198216
205637
203337
202831
205100
198787
205367
201432
204193
200835
201034
201654
200167
202352
196270
202908
201497
201430
198271
202292
201060
202924
198194
202019
198558
203271
200457
199026
202936
202943
201215
201014
200985
202671
203022
202438
201191
207491
198325
201789
200902
201700
202035
199073
199865
200066
198765
203579
199046
201162
205385
204529
202587
203613
201321
199628
203045
202191
202980
206146
201089
206706
202061
200613
199762
199459
202477
198133
201663
200153
200674
203780
199927
205630
202003
201379
199335
199275
201114
199800
201345
199230
201502
203222
198857
203123
198029
198297
200398
201112
204304
200105
199710
198539
200547
201028
198546
198041
201881
200718
197171
203233
196324
200806
201099
197672
201168
199205
199455
206907
205960
203984
201246
203545
199247
201514
202034
202065
201869
204654
204522
197562
201680
199105
202663
203501
199842
200715
197657
206244
203237
197648
207117
202223
200208
202909
198189
203009
198975
200929
202727
204844
205500
201330
199555
197818
201340
199264
201115
201890
204272
203018
200374
195963
205361
201175
200837
202311
202311
200037
202193
202200
200357
201413
201597
203936
199162
203210
201249
201333
197976
200848
200626
201795
205056
197826
197330
200751
203762
198555
200943
201651
200139
200054
200231
204504
197911
203185
204745
198980
202132
202895
206401
202177
198170
199021
199347
200766
200526
201954
199814
199602
203213
204826
202952
204846
200752
200286
203020
197113
199045
201805
200806
202256
202575
205340
195573
200387
203092
204288
205561
197309
199404
203944
201222
201068
200772
201992
207971
207723
199673
198745
198094
198735
200949
200467
201198
204773
201304
202846
201620
198973
201673
196616
202079
202902
205788
200401
204580
201539
199990
200079
198911
207039
199921
198845
200040
200997
195250
197417
200001
201416
200940
197367
198373
202283
199841
200655
205552
200639
199608
202675
203066
204755
201021
198324
203448
203805
201540
197647
198371
199122
200064
202840
204447
198895
203016
199125
201675
200029
198975
202756
201130
198742
198189
204525
198771
204212
197852
199282
203774
203862
197937
200383
203605
201345
206148
201372
205173
204635
202277
202379
200166
200609
199730
205446
203473
198804
200570
201464
202145
199818
202366
205891
200344
202464
202211
199221
199440
199145
198871
198180
203096
204993
198769
206136
203115
198871
199984
197772
202032
202083
197692
206446
197716
203128
201377
204031
201229
201211
202448
200046
198562
202602
200701
199808
205239
198924
203368
202559
206486
201703
199756
201680
205841
206207
199594
196883
200603
200514
202120
196971
199655
197720
202388
201845
204539
199640
201378
198692
203674
203619
197551
201319
203595
204743
199463
202363
197409
200589
203274
202438
203514
207352
200005
199895
199823
201197
197720
201379
197527
201066
200279
202027
205083
198147
198689
200895
200883
200917
202738
198774
205454
200796
204484
200262
201525
208232
199915
204397
200835
202356
203600
206111
201160
200122
197436
203634
201667
199305
198229
202975
204040
202667
200426
200671
198370
202211
205970
200595
203392
201349
201379
202840
200763
197688
201586
199508
199486
205026
200982
198479
202181
198442
200196
201487
201914
199716
198501
202548
201540
198355
204123
200428
203458
200703
200815
197870
201527
200294
199034
198963
204155
199785
202472
200370
202005
199281
199425
201939
200245
206145
197417
198472
204273
202821
195792
202311
200292
196750
203042
200236
204887
202609
198508
206324
197390
200565
200541
200698
202848
202084
204522
201501
199170
203243
200530
201685
200198
206449
199185
201325
201855
198205
199948
198786
201068
203070
207048
200356
198581
202647
203067
203313
203430
206170
199105
200437
198526
197735
202450
198585
198814
200149
200898
206357
199729
203009
198935
205590
202235
200220
199309
200717
201143
200772
204862
202875
202816
202635
200634
200330
202695
199477
203884
198351
201317
203567
202897
203313
197911
202899
207286
200522
204887
200667
204284
202116
202253
201404
206995
203707
199071
203210
201838
204653
201879
201963
201162
199850
199128
197401
198694
206433
202060
201766
200256
198117
199638
200228
202682
200724
199099
203153
201528
201838
201870
196607
200004
200906
198769
203980
201630
200028
201702
199233
201441
199506
202226
197267
203722
200884
199010
203068
199429
199783
201445
201958
203809
200724
197612
199642
205902
203067
198841
201464
200237
200104
199738
202435
202255
202745
199466
206543
201220
201129
202784
201577
201716
202021
202659
202806
206278
201966
199455
200560
206472
204050
201445
200626
198902
202844
199731
200137
200980
200324
200660
200580
203246
204568
200164
202299
202498
199292
202832
200161
208970
201618
199846
201687
201699
200310
202334
206308
199243
198450
201701
205992
201468
200850
201745
202781
205513
205235
202338
199494
201437
202024
204799
202143
202021
203922
200043
200355
206178
200464
202928
202985
199621
199498
197616
199013
200145
203807
201080
201564
201962
203228
203351
201577
204162
204422
200152
199447
202110
199842
200860
198091
203249
198806
202698
198956
198120
201223
203770
202441
199743
199340
202571
201998
203103
198055
198965
198485
204068
198202
205368
199321
197535
200517
201848
199408
200823
200872
202298
203606
202101
199647
200385
200782
205060
198661
202367
199265
201467
200014
202615
197262
203596
203419
196611
203236
200497
205408
203085
204224
202866
204134
202464
204770
197816
199376
203593
201605
205802
202778
208264
198987
204919
201339
202147
204291
200609
203426
200746
201880
203492
201962
202524
200471
198385
203115
197588
200816
203700
203300
204804
202124
199930
199821
203390
202513
201881
206361
200499
200436
200993
198154
201529
203699
207360
202274
197124
197591
205174
195852
199395
201942
201229
202724
198707
201465
201235
200880
202913
201777
207707
202138
202292
201034
200743
203597
200284
202749
203937
203253
203818
201737
199960
200908
197397
200540
202295
203314
201409
202508
199771
206414
202589
204963
200911
204341
201986
199524
200130
197432
202564
202750
197938
204488
197704
206821
201111
199806
199377
197386
199986
199134
198553
201963
200002
203451
202373
199582
199410
202434
197397
202675
200150
200517
204729
201601
199113
199100
202525
198255
198141
200859
198072
200564
202283
201221
204879
202651
205062
198718
200845
201962
203221
197431
199632
199611
199997
198340
198078
202969
200770
201659
200452
196407
201510
203793
202577
199980
204583
199091
201716
203736
205893
199696
198237
200574
199752
202375
197639
203967
200906
202301
204169
200603
199170
201133
198944
204012
203392
201053
199731
201831
205155
199130
197451
204609
206302
196041
200911
199946
203385
205300
200835
203378
199435
207007
200823
203831
197076
198610
198845
204769
201878
202933
202643
197716
199026
205950
200221
200979
201175
197865
205735
200765
200532
199804
199617
199577
199949
200640
201697
199935
203339
198566
197405
200141
200688
203640
201143
202200
205839
199468
205775
199366
200681
205156
199180
198531
204841
201047
202637
203207
199038
207520
200375
200626
199026
203029
201659
199825
198044
198941
202560
200149
198664
202073
200460
198290
199436
199938
202977
201401
200153
201253
199791
201843
203447
203942
203777
200011
198637
203814
204228
203294
205945
201268
200314
203903
199264
201559
201297
202266
198186
197853
204773
200025
202815
199856
198386
198377
200847
201638
197133
203496
199217
199104
198497
201175
201206
198593
202429
198624
203422
202912
203983
199887
197209
198651
202901
199318
202306
201519
198654
204413
204902
203782
202088
199551
205007
199516
201418
200682
201407
200515
201834
201392
201252
199078
201215
199665
200296
200782
204072
199112
205390
199948
198757
204507
201345
205253
203695
202603
197282
202999
202056
203522
201891
202405
208830
200437
201089
198450
203980
202367
201166
202860
198255
202562
204077
202774
200567
198507
207090
199239
202338
202808
198222
204161
200689
202991
198796
199330
204060
203946
200600
205103
200092
196762
203033
199850
201671
201371
201989
199311
202047
200790
202140
198367
202097
199801
199291
202634
198921
201484
201156
198224
199961
199222
199490
207361
199506
202120
202926
200209
204208
198520
201025
201766
209226
199986
199745
202600
203726
202349
202233
199693
203732
205052
204668
201022
200948
198358
204103
203455
202959
199943
206443
200809
200441
201783
199222
198162
201161
201727
204900
202263
203450
196792
199854
200679
204877
197105
206093
202065
205790
199069
202759
202200
201827
199968
202966
203882
199554
200105
202670
199236
201183
197470
206969
201764
199638
204927
202746
199547
202192
204665
201103
197984
199604
201621
200709
197784
201168
198520
205770
200088
199461
198965
197417
198434
200624
200331
197926
199179
201786
205706
204355
202650
202987
205203
197968
199262
202808
201588
202328
197627
204261
198261
203077
203104
204103
201510
202109
199461
202730
202871
200114
197395
200836
201744
199531
204112
201212
201607
199409
201534
202074
203561
197267
202023
200688
200423
199589
201673
200226
200711
202613
202812
202934
199976
201348
200040
196608
198784
199853
200742
200874
198718
197911
201414
198432
196202
203498
200799
199704
201494
198535
201279
199112
200247
204550
202220
200429
199998
201322
205497
199651
204462
205353
200007
200640
200563
199248
199995
200295
200607
199626
199925
200721
203542
197853
202112
199370
202123
197436
210036
199438
198546
203082
201828
201133
201362
199573
199309
200286
200050
198503
201961
199861
197491
200285
198650
199191
206201
202106
199923
203493
196806
199742
202693
199850
196911
201675
201000
203355
200787
202253
199225
204103
201003
196715
204876
202953
204902
202807
205015
200869
200652
202088
199264
200927
200965
200440
200407
201579
202000
198141
198133
202076
201763
202958
205033
197307
195995
201521
200542
202672
196806
202352
202753
201541
200310
198400
202617
204812
199347
198382
201485
202354
199264
199704
199083
200751
196646
202499
200353
198297
205481
200464
198538
202895
200385
198186
203013
195696
201256
202270
204995
204948
200933
203783
199557
200348
200595
202647
198991
196110
198971
199802
199601
201290
202298
199811
199389
201943
203135
203050
201383
201510
203084
199965
202247
201068
199931
201367
197160
204739
201725
204100
198703
198485
202108
201866
199333
200536
201034
200929
198450
199475
205069
198570
199099
199904
197788
201069
198025
199635
200430
200031
203292
202449
199448
202814
202662
202120
201805
199503
199656
198259
200432
203282
200271
199050
199017
200900
202766
197804
201220
203316
205397
199865
202281
200450
199178
200181
200232
199339
203311
201931
199745
201425
202498
200440
200220
206721
206726
199875
203013
199075
198175
200666
201213
205514
200860
205089
198894
197606
201375
198520
199603
204662
199992
201575
201849
201219
201502
198101
200009
199785
202920
202197
200252
198884
201510
202470
202788
203330
201238
200187
198125
200670
203122
203492
200201
198392
200149
202709
199900
201793
210633
202039
201424
200580
201054
197907
200160
201554
204047
199516
203585
202392
202455
200474
198037
199086
199698
201675
201082
203404
199895
201027
202877
199294
204094
202781
200788
199978
202647
199415
200063
203803
199825
200284
199769
203516
203260
200293
198804
199312
202049
203136
198479
198611
203549
203782
200165
205983
200696
199565
201805
200535
201776
205380
201654
204326
197435
200064
202572
201618
198741
203402
198181
201469
204387
200939
204110
200102
205206
197105
202720
197773
197865
202808
202230
200691
202602
202824
202482
200175
200675
202923
199455
