243519
242229
240811
241679
240746
244218
242565
240358
242134
242475
241302
242561
241449
242000
241367
241368
241776
242955
239950
242002
242169
240990
241274
241271
241771
243892
241306
240842
242688
241841
242782
240502
243239
241718
239950
240966
241363
242641
242378
242236
241719
241219
242626
243239
242554
240290
240751
241271
239950
241448
240382
241365
241366
242566
243138
241613
240502
241422
242560
242626
243255
243185
240751
241855
240811
243366
239950
240502
242298
239952
241787
242259
241783
241679
241436
241086
241918
241436
243432
241236
242651
240286
242675
242406
241219
240987
239951
241371
241798
240412
245083
242254
241823
242002
241366
240987
241837
241938
241147
241326
241638
244460
242162
242780
242687
243205
239981
240987
241837
241529
242403
240811
242569
241147
241706
243829
243579
241542
243067
240989
239951
241542
243530
242329
242432
244444
242227
241365
241607
240502
244158
241823
241612
241542
241918
240987
241367
240966
242403
242806
242623
240987
241449
240414
240843
241302
241776
240506
239954
241272
242955
240962
242378
242964
241273
240410
242409
239953
241271
241441
241387
240987
243355
241539
242378
243861
241305
241449
241271
241369
240410
244022
241825
241485
240411
240962
240967
242389
242877
239952
242636
241436
239954
242392
241327
241079
239950
242655
241539
241920
242230
242236
241773
244215
241447
241823
240682
242475
241482
243470
242473
242505
243127
243424
242272
240962
242863
242565
244557
241447
240290
241213
240610
240589
240988
240910
241326
242227
242958
243487
242959
240910
242811
242230
241718
240987
244007
243187
240413
242636
241638
241838
242782
243207
240811
242468
242869
240361
241788
242098
241539
240411
244554
240811
241870
242473
242850
243825
242071
243200
241826
242227
242565
241788
241370
244138
240811
241158
243676
241710
242083
242002
241823
242403
242554
242496
242566
242300
242815
241147
242430
243470
241763
241555
241817
242557
242640
240818
241144
240681
241826
242098
240358
243363
239950
241450
242178
242811
241159
242378
242389
242403
242403
242731
242015
240502
243200
242300
241919
240814
242958
243027
240358
243663
242865
240962
242663
241693
241798
240811
240684
241366
243647
240410
242568
244482
241693
244774
241368
240987
241233
241156
240811
242779
243690
242863
240987
240987
239952
242180
240502
243581
242866
240506
241539
241539
242483
242866
241271
242097
243424
241920
241703
240750
242340
242571
241365
241837
241774
243644
242379
242258
242407
242421
241720
239953
241824
243189
243577
241366
240750
242678
241878
241971
241611
242779
242473
240681
240818
242813
240502
240410
240505
243134
240990
244524
242247
242339
241867
244476
240815
240504
242687
241148
240987
244229
241906
243677
240987
242389
241700
242956
242391
241306
241542
240817
241210
244004
243583
242230
243580
242098
240811
243072
241910
241826
242626
240410
242255
242718
240410
241150
241918
242556
240991
243203
242803
243415
242005
242802
242389
241826
241303
243575
240410
242499
241447
241384
242626
240506
242606
241436
240811
243730
242270
241607
242633
240410
240989
243667
241718
242405
242098
242273
240410
243207
243594
244187
240506
243208
242227
241363
239952
240502
241302
243666
243180
242098
241838
243581
240838
242230
240683
243109
241696
241825
242669
243203
242301
241438
242608
241449
240987
241618
242230
243294
243660
243691
241367
241143
243664
241793
243418
241385
240812
242784
243291
241363
243091
241451
241045
240286
243355
242687
241397
241693
240962
240410
240812
240987
240750
240358
243187
242094
242955
241542
242865
241363
242958
242594
243415
240988
242173
241219
240965
243365
240506
239953
240813
242734
241364
242518
239950
241273
243418
240988
242234
241541
241141
241679
241825
240686
243111
240814
242404
242687
239950
240502
241919
241366
239950
240976
239951
240502
240410
242071
244147
241607
239645
241541
242851
241142
243231
241707
240382
240377
242563
243363
242014
242499
240816
242849
241824
240962
240813
242599
242431
243418
240411
242239
242004
241841
240813
241298
241774
243297
242353
241271
241366
240410
241364
241236
242159
243823
242584
241618
241762
243034
242001
242094
241611
242378
242961
242791
242647
240964
242094
240988
242955
241772
239950
239950
241233
240359
240410
240410
240818
241141
242781
241312
242403
242408
242567
243024
240504
242779
240502
240990
242897
241078
242810
241447
242379
240962
240506
243027
241702
242815
243204
243182
243487
242270
240814
242741
241299
243178
242955
241542
242230
241693
241307
241855
242811
243687
243512
241481
241614
240410
241271
240992
241779
242528
243713
241141
241941
241045
241271
240413
243291
241221
243029
242166
242246
242073
241539
240412
242019
241787
242744
241642
241826
242228
243180
242568
241823
241611
242556
241447
240963
243605
241366
243511
244906
242719
241838
243987
241918
243217
241385
244279
239954
242717
241722
242782
241539
241679
243589
242781
239950
241882
240504
241436
242757
241366
242689
242013
243551
241447
242166
241855
242402
242227
239951
242779
241542
243319
241139
242258
241364
242779
241299
241616
241271
242311
243109
242072
242853
239950
243091
242163
242398
242801
240962
241302
241210
240682
244221
241607
241384
241366
240818
242687
242378
243204
241210
242246
240848
241539
239950
241440
241607
241159
243662
241394
242779
242222
241363
241679
242255
241918
242781
241878
242688
240681
243892
240502
240991
240987
243029
240965
241142
242813
240746
243972
240411
242801
243257
241705
242178
241682
240813
240750
240681
241771
240286
241784
241439
240358
242959
242783
241541
240964
242116
241828
243648
241823
241147
241877
242000
241540
242431
244457
242337
243025
240815
240962
242690
243594
242955
240790
241219
242094
241922
242335
244139
243179
242863
241906
242379
243580
242779
241679
241448
241436
240410
243502
242788
241918
242403
240412
242163
242123
241271
244041
242163
241679
242097
242961
242254
240410
241450
244106
243382
242894
241221
242227
241837
240750
242390
240410
239951
242878
241855
243663
242022
243529
242230
240506
240979
242687
242893
241999
240812
241837
240410
241540
241542
242740
240681
241826
242379
241141
240746
242631
240290
240410
243759
240814
243095
240750
242000
241539
240502
240681
241137
242403
241823
241837
240813
244435
241999
243440
240987
243970
242554
240681
243239
241367
241774
240964
242780
241447
242867
241363
241363
240410
239950
241447
242405
242167
242782
243117
243446
242404
240962
241837
242458
241363
239952
240813
242167
241302
242743
243415
242559
243239
242623
242691
242504
242159
243025
242692
241141
242955
241826
240814
241989
243756
243214
242029
240962
241918
240750
241436
241528
242159
240410
242339
242480
239950
241919
243418
239950
241529
241366
242467
240976
242779
242378
242311
243056
240962
240841
239952
240912
243416
240777
242718
245010
243135
241826
241918
240287
241827
244155
240468
243510
240682
243645
241144
242098
242406
242339
243512
243510
241947
240410
241823
242178
241941
241539
240962
242342
242403
241271
241826
240681
239954
240976
241147
241838
242003
241638
242565
241539
240502
241909
242598
240819
242235
240411
241539
242043
242472
240410
240987
243191
242378
240989
239951
242978
242902
241572
240750
243435
242595
241824
240412
242779
241367
241999
240976
241827
242871
241366
243203
241529
241718
241696
242783
242649
240503
242635
241234
240962
239951
241539
241676
242687
241449
240746
242160
239950
242231
242159
239950
240966
243253
242404
243092
243758
243358
240752
241736
241375
241676
243203
242868
242404
240502
240964
242996
241530
241271
243663
242730
242389
243824
239648
242270
240502
242687
239955
241368
242254
242247
243240
241141
243141
241302
241304
241212
243187
242997
240504
240812
240811
241366
241783
240681
241762
244374
240681
242955
241147
241312
243264
241233
240910
242161
241826
243192
239951
241919
242897
243415
241681
242566
240913
241316
242785
242571
242957
240502
242324
241855
242635
240502
243115
243541
241918
239954
242166
241450
241210
241826
243056
241703
242097
244135
241999
240410
240750
243987
242730
241720
240286
241271
241075
242852
242637
241528
240360
243109
242526
242403
241938
241305
240412
242638
243652
240962
242167
242230
243422
241829
242311
241597
243440
241142
241772
242403
242687
241539
241446
240410
242556
241614
242565
241611
242554
241271
241693
242142
242163
241947
240987
239950
241273
241824
240976
240502
242378
239950
240987
242259
241830
241762
243975
240362
242335
241147
242565
240965
241787
241838
242974
239953
241447
241542
242354
241947
241541
241618
240815
241234
240410
243296
241363
240502
241693
243488
242342
240502
241541
241306
243364
243042
239951
242863
242786
241680
241367
242277
242691
241274
243097
240410
240987
241271
242908
241826
242661
242635
241837
242462
242170
240683
243759
242812
241539
239952
242867
242960
240410
241247
241449
241385
244316
243746
241272
241304
240988
241878
243703
240503
242335
242084
241395
239950
240813
242342
242802
241364
241528
240838
241837
244093
243608
242352
241696
240987
242135
242568
243257
241273
240966
241693
242955
244146
241447
242893
241366
241396
240977
242687
242123
242900
241780
242276
242554
240811
243119
242407
242557
242250
240910
240502
242379
240412
242688
241999
240817
240962
242181
241539
243138
243971
241530
242249
241149
241142
244721
242378
243898
240962
241785
241988
240746
241783
242342
243430
242788
245037
241704
240746
240977
242779
242639
239954
241675
243847
241920
242228
240965
242273
241363
242101
244771
243881
240751
241540
242227
240815
240813
241711
242518
241827
241273
241446
240811
242863
242780
242730
242258
242392
242015
239950
241877
241693
240411
242779
241394
241858
242745
244127
240987
239950
241436
242000
240838
242254
242473
241542
242730
241702
240963
241047
242125
242390
243208
241142
242094
241998
242397
241921
243239
242869
242496
240811
241918
242227
243070
242959
239951
241366
243594
242014
242557
241017
241447
242732
242554
240410
239950
242473
241693
241918
241539
241762
242000
243576
241539
240291
242195
242728
243362
241271
242962
242633
241540
241364
240410
241823
244279
240987
240411
239185
241787
241826
241651
241363
243664
239950
242403
241370
242990
242971
243357
241367
241539
239950
240988
241366
243515
241772
241541
240977
241828
242687
243110
239185
241366
240502
241827
243276
241247
242378
242335
240502
241219
240811
243623
241363
243271
243365
243045
241363
239950
242019
243831
240962
241452
241918
242649
240681
241918
242227
243825
240505
244069
242247
240811
242779
242703
241828
243274
240685
241702
242403
241019
241790
242160
241918
240976
241844
243835
243115
241366
240503
241178
240811
242013
241542
240754
242033
242964
242003
242507
241141
241233
241223
241223
242877
242955
241366
241046
240987
244071
243415
242097
242123
240962
241147
242689
242227
240811
241233
240361
243842
242167
241271
241999
241777
243826
241368
242687
242227
240359
240962
242014
243322
241542
241273
243449
242403
242227
242270
242714
242461
242403
242675
241528
241370
240962
240842
240962
241271
243135
241855
241837
241210
242514
241612
243511
241531
242166
241615
242473
241154
242586
241774
241302
240910
242961
241613
241394
242231
240962
241678
242799
242960
240503
239950
241271
239950
241679
241446
241529
243066
240505
242403
243660
241436
240990
241722
239950
242899
241366
242259
240504
243664
241274
242749
242230
240987
240910
240681
241530
242247
242687
241826
242167
242514
242949
242790
240987
241448
242905
243246
242094
241540
241828
241528
241210
242314
242779
240750
239950
239950
242567
241366
240503
240502
242799
241607
241954
240910
240962
242107
240503
241675
242097
240977
241366
241774
242407
239952
240504
241607
242006
240502
242004
240502
241543
241950
242003
241948
242095
241366
241999
240962
240746
239737
242404
242863
241703
243651
240410
242863
242651
240989
241858
242714
240502
240962
240746
243976
240842
240977
240412
242396
243649
240977
240815
241366
241947
241918
244374
241918
243687
241271
241544
243825
241783
243970
241542
241141
240814
244384
240976
243418
243763
242094
243112
242227
241679
241718
243930
244039
241532
242779
242008
240505
242687
239951
243416
242570
242956
243152
240410
243679
241825
241384
241539
242180
241947
239953
240977
242744
241447
240978
242403
241999
239950
243971
242002
241825
241783
243272
241147
242339
244742
242687
242964
240502
240811
241539
240410
240411
243817
242299
242746
242259
241772
240358
240817
239952
242849
242173
243378
242787
242166
242688
241786
242136
240681
242849
243557
240383
242001
244022
240410
241528
242403
242165
241366
243523
242758
240502
243245
240977
241762
240811
241708
242957
242002
244039
242922
241545
244050
242403
240360
241823
239950
244122
242378
244083
242229
241708
242638
241369
242184
241999
241539
242179
240751
241823
240286
242400
242227
242339
241440
244435
241855
241922
241543
241370
240290
242228
242163
240838
244334
243686
240962
241541
241918
239954
241826
240815
241988
240286
242461
241665
243240
244001
241999
242227
241271
241541
241544
242689
242403
241787
240291
243045
241762
243189
242781
241787
241366
242381
243751
242227
242403
242475
241857
241363
241141
242973
242719
239950
241271
241324
243013
242626
241219
242779
241387
242740
240747
242714
242097
242779
242196
241271
244148
240988
241528
243322
241366
241367
242342
242234
241787
243059
241274
242180
241878
242209
240811
241366
240751
242626
242687
241920
241773
241365
241142
241541
242003
240414
241448
243097
242975
240286
240838
240988
240976
242349
240410
243671
242477
241366
241366
241447
241436
241918
243117
240410
242651
242625
245106
241213
243239
243822
241371
241718
242338
241988
241918
242403
241152
243199
243416
242718
242389
241616
240811
245175
242779
242162
240811
241366
242002
241275
243028
242625
241219
242227
240411
243910
242817
240987
242797
240976
242897
242520
241762
243931
241366
240414
242072
243030
243359
243758
241696
240987
240681
241722
243751
242300
242716
242782
242719
241529
240990
243510
240811
242255
241447
242392
242901
243103
242863
242184
242099
241541
241787
242030
242259
241541
242690
242227
241540
242160
243199
242779
242339
241408
241045
242013
242178
242747
241530
240410
240818
240815
241613
241367
241762
243112
244140
241447
240812
241366
240502
242002
240286
243028
239950
243415
243239
242297
241774
240811
240414
243728
241366
241365
242098
241920
241385
242108
242973
242403
240987
241213
241298
242955
243095
241855
239950
242407
242554
241826
240672
244280
243597
239950
241138
241447
242342
241398
240934
241693
242960
241271
241447
240811
242863
240507
242228
241447
241679
241954
242259
242680
242863
243121
240987
243540
241784
239950
242234
240987
240286
240502
240963
241830
242690
242800
242328
241539
241148
242729
243429
239953
243203
243120
243677
241840
243973
244005
240813
242812
243239
242237
242408
242687
241679
244785
242257
241017
241546
242094
239955
241549
242675
241233
242853
243359
240358
243027
241210
240811
242195
243586
241233
241542
242983
239951
242250
241451
241302
240992
241141
240683
242391
242863
241542
241540
243594
242957
241947
240410
244375
242001
242473
241844
242167
242097
241823
240987
241918
240964
242731
241398
241921
240746
240963
241210
242675
243825
241408
243820
243475
242165
243488
240748
244004
240976
241539
242179
239950
241721
240814
240411
242568
243575
241366
242849
239950
240811
241155
239645
242864
240811
241369
242167
239950
242227
241546
243508
240411
243608
241918
240502
243135
243204
241215
243365
242572
241147
242626
241999
242960
241246
241148
242882
242095
239950
242000
241988
240683
242731
239950
240749
241879
240502
240838
241436
242687
242718
242194
243681
241771
242178
241275
244041
242474
241783
242097
243575
241787
243244
242458
242085
242229
242097
241086
240987
242890
240811
241772
241370
240410
242378
243451
242569
240962
239950
241989
241723
240989
241368
240814
240911
241395
241918
241697
242232
240414
243415
241219
241363
241611
242958
241323
242687
243544
243109
243134
241271
243432
242227
240287
241855
242849
241363
241823
243240
242432
242252
243551
242687
240988
240503
239950
241271
240987
243123
243192
241696
241363
242519
242011
242786
242852
243028
244146
242002
242264
241542
242863
241315
242555
241272
241612
243551
244135
243025
241999
242565
243270
241919
241323
242263
242033
242792
243663
242955
243703
240812
240910
244094
241363
241143
241275
240987
242785
242565
241271
241918
240145
241451
240811
241317
241539
243825
240988
242074
243580
244475
242559
240502
241302
241830
242690
242718
241363
240410
243726
242565
241999
241324
243097
241827
241447
241611
240681
240587
241918
241827
239953
240813
242649
243025
240411
244039
242649
243134
240987
241436
239950
242474
242380
241783
243109
240988
240410
239950
242227
242566
243187
241827
242556
239951
242850
241451
241539
242003
241693
241366
242313
241365
240410
241471
243594
241236
241312
242123
240750
243240
242407
241826
244039
242787
241233
242799
242688
242960
242475
241989
239738
242877
242779
243242
240503
242501
241447
241771
242571
241221
242782
242074
240753
240987
243825
240819
241539
240811
243758
242780
242404
241826
241542
240412
242779
242379
241826
242566
240976
241824
240990
244096
243091
242495
244396
242679
241368
243541
242565
241211
242518
241271
241829
239951
241844
242690
241366
240812
240358
241642
241999
241823
243691
240410
240839
243316
240360
240962
240962
240976
242475
241858
241611
241778
240410
242382
240838
240410
242254
240505
242518
240987
241936
240989
240814
242448
242228
242046
243530
244903
241528
241951
242473
241684
240962
241141
241582
243828
242715
242687
241718
242379
242863
240411
241449
240502
239950
244486
241734
241449
242389
242897
242494
244906
241437
240684
240839
241305
242405
242774
241365
239950
241951
241766
243825
242623
243188
241851
243418
242863
240415
240962
242382
240411
241447
241855
242138
240979
241528
242558
242167
241271
243041
242403
242075
241732
240815
241324
240814
241999
242718
242675
242863
242339
241539
240533
241396
243757
241718
242957
241612
242741
241824
239950
240506
240988
241360
241214
240502
244600
242555
241366
242458
242964
241366
243241
241447
243594
244498
240681
241235
240992
241447
241368
242139
244118
242409
241212
243760
241787
241543
243093
241447
240413
242473
243970
241542
243541
241824
242738
240681
241447
242227
241320
240540
242170
240987
241881
240411
241539
242688
243579
242297
242001
240505
242174
241857
240962
242721
241693
243579
240964
242166
241447
244005
241447
241569
241539
240414
242961
241213
243825
243387
243652
241612
243434
240815
240503
239952
243297
242473
242410
240963
242409
241236
239950
240410
243664
242955
240502
243363
240987
242729
242557
242286
240410
241159
242289
241325
241823
241477
242779
243135
240506
241961
240811
241271
242688
240815
241150
242163
241998
240987
243974
241918
240966
240502
242955
242462
243510
241363
240681
240410
241210
244165
240412
242389
242232
241396
241875
240962
242302
243540
242886
242973
239954
240815
241363
239951
243847
240360
240987
242689
244771
245099
242565
240988
244004
239950
243915
239955
240413
240988
241540
241366
242780
243421
242245
242071
239950
242324
241363
240997
240962
240507
239952
241734
241918
243096
241276
241823
241210
242227
241528
242406
241086
239954
240411
242232
242379
242404
240811
242955
242649
241774
242878
241312
243109
243961
242898
241823
242164
242465
241922
241609
243686
242471
241397
242187
242626
242739
242273
240673
242166
241827
241250
240412
240963
241275
241211
241017
243276
240815
240746
241279
239951
242227
242259
241363
241718
243178
240504
239950
243025
241366
242389
241158
241826
242163
240988
243271
242002
242208
239950
244375
243271
243027
241696
240504
243512
243151
242406
242955
241989
242955
239950
239950
240502
241274
241450
240504
241364
241542
240288
242783
242565
241961
241826
243202
240987
241446
240980
240382
240815
240814
242383
242475
240814
241144
243189
243418
242378
241363
242411
241323
240910
242389
242403
241395
240411
242247
242071
242561
241448
241999
241363
242239
243825
242404
243369
240412
241846
241303
240503
241731
242179
241837
242345
242256
242135
242339
242568
242718
242627
240503
240988
242390
241543
243294
242407
242349
242626
241855
242985
243415
243240
243115
243654
240989
242503
240817
242675
241368
242227
242097
240962
239950
241220
241919
241369
243420
240812
241998
242168
241762
243827
241541
242101
242017
243487
242256
242234
240682
242227
243950
241388
241774
242905
240811
240505
241918
241448
243579
240988
243034
242227
241528
240413
240755
243581
241544
243023
241693
240813
243109
241611
242814
241367
242691
241709
243201
241823
240752
242003
242957
243999
243361
244383
241271
241276
240811
244135
240415
242543
242297
240989
241388
240987
240411
242811
241839
242270
241363
243099
241154
240412
242637
243205
242191
243756
242380
241720
242405
240750
240977
243203
243664
242867
241147
241528
241394
239951
242730
242345
240286
242515
242718
243121
241918
240410
241775
242043
243025
241213
241366
243200
241448
242722
241824
241528
241394
243756
243031
241371
243187
241364
243189
242071
243580
239950
241271
240938
243612
242094
242380
243368
242626
240812
241147
241483
242343
244395
242403
240977
243581
242236
239951
242383
243445
243973
241838
242687
242407
240962
241826
243415
241243
241786
241826
241879
241272
243134
243025
242342
240748
242687
240413
244397
243597
243101
241999
240962
242166
244462
241539
243487
239950
240962
241539
242297
243470
241367
243970
241298
242271
241020
241365
239185
241542
242101
242729
242693
241210
241777
242300
240962
240410
242341
243134
241532
239950
240410
241539
243531
241944
240503
240979
241787
243649
242650
241274
242247
242163
241777
241762
242378
243417
239950
241951
244040
241922
240502
242720
240410
240964
242955
241918
240981
241837
242473
241089
241855
242298
242959
243819
242687
242702
241478
240987
240814
241139
241271
241539
239951
240990
242477
240843
243686
241141
242403
242378
242231
241947
243423
242000
242011
241611
240681
241367
240839
240811
243970
241540
241302
241702
240987
242407
241452
241363
240815
244259
240814
241846
243217
240410
241989
242072
243058
241370
241219
240962
241540
241438
241539
240811
241990
241772
244394
243686
240811
242649
242354
242407
242249
241449
242865
242557
241485
244513
243756
241147
242958
241988
241539
242477
240990
243109
242675
239953
240410
242568
243370
241718
239950
242177
241918
241665
242688
241368
241796
241719
241276
242623
241543
242378
243239
241219
242849
243513
242637
242184
242514
241436
239950
243647
240811
242714
243187
240414
241999
240413
243913
241830
242339
239952
242033
244279
241439
242690
241947
240410
240987
243287
241702
240987
244039
240987
245082
242799
242783
241219
242013
242421
242572
242180
242800
241641
242403
241838
244215
242744
241539
242159
240414
243040
240502
239950
240750
241824
240988
241540
242403
242499
243031
240410
240502
244279
241214
241367
241366
241921
243206
242313
243415
242247
242687
239955
241545
241707
240987
241540
239950
241718
240814
240987
241823
241451
241210
239953
242342
243755
244146
240812
240811
242043
241446
240412
242863
242666
242229
239950
243134
242227
241776
241147
241363
243190
241367
241366
242849
242557
241272
239950
241988
241363
240410
240685
240987
242433
243589
242167
243239
241699
242249
240988
243916
241696
240811
242238
241826
243755
241851
242558
241271
243415
241366
242779
242610
242779
243253
242897
241999
242475
244689
243897
242494
239954
241543
241839
241271
240506
241528
240821
242249
242034
240288
240993
241365
242786
242719
241363
241366
241824
241363
242014
241611
243727
243181
241147
240989
241787
241918
241869
241477
242870
242724
240962
240502
241837
240502
241235
241324
244039
242910
243754
240286
242955
241776
243751
241823
242099
241238
242900
241271
242245
242015
242298
240506
243594
240814
243632
241875
241612
243291
241823
243172
240819
242687
242555
244781
243071
242169
240410
242094
242250
243420
243756
241312
242316
241528
240814
242863
241758
241298
241142
242382
241539
241235
242405
242174
243819
240812
242339
241771
241366
241221
241802
240812
242236
241366
240750
242641
243762
240934
242572
241545
242298
243200
242423
241271
244227
241988
243273
241787
242974
241539
241878
240601
241539
242001
243135
241844
242074
239951
241371
243207
242164
241855
240818
242863
242573
243263
243415
242679
240967
242502
241607
242799
239953
241528
242566
241366
240840
242407
242565
242297
241366
241113
241556
242405
242718
240410
242231
242074
241363
240286
240814
241999
241399
241233
240818
241528
242399
242567
242176
241304
241446
241774
242799
243056
243813
243296
244256
241540
242893
242403
243828
240412
242627
242649
241363
243663
240811
240910
243735
241613
242229
242475
241233
242421
242600
240752
241762
241366
243828
242779
240811
241828
242714
242623
240965
244053
242259
241762
241447
241271
243354
241695
240358
239953
241271
244419
241370
241719
241539
241539
241364
243539
241271
241221
242957
242952
240978
242083
241545
240290
243386
240978
240977
240361
241947
241312
241415
241274
241824
240988
240502
241366
242564
240988
240410
241141
242901
243316
240989
244167
242665
242178
242232
242335
239951
242559
243387
240681
241948
243597
243239
242760
241271
242287
244146
240784
241919
239950
243934
242782
242166
242897
239950
241544
243213
243831
241922
240820
241555
239955
244057
243751
241826
243895
243205
240963
243415
239952
242959
240962
241694
242403
242219
244439
243688
241448
243272
241611
241682
243291
242554
242018
241613
242389
241823
241844
241947
239950
240987
243028
240746
241436
241366
243415
241272
241370
242403
240504
242178
240989
242959
241607
241710
241364
242315
241700
243415
240750
244145
242227
241707
242895
240811
242812
240750
240410
243366
242098
244145
242974
241710
243705
241868
241272
239954
242973
242227
241325
239952
242179
242178
242015
240747
241783
242259
240505
243669
242000
241234
242570
242180
240987
239645
241773
241999
242566
240503
243915
242895
241838
240987
242849
243419
241638
242394
240815
239954
241366
243415
240988
239950
242565
240822
242576
241366
242690
242013
241441
240410
243333
242903
241826
241999
241366
240987
241477
241395
241824
242135
242327
243513
242255
240410
243946
241447
243032
242270
243539
240939
243114
241787
244052
241419
241539
239952
242863
241543
241368
241547
240963
240410
241150
241827
241611
240812
242254
240962
242893
244378
243728
243435
241869
241823
241864
241370
241539
243203
242407
243134
243608
242725
241366
242701
242303
243415
241696
241544
240750
242166
242598
239950
241237
241436
241366
239950
243585
241847
241368
240681
241271
242466
240197
242231
241989
243417
242955
243934
239951
242864
240410
242635
243029
241720
242961
242380
243027
242299
241363
241539
241675
242811
242247
241613
242423
243417
242496
241918
242788
240842
240811
241823
243061
243758
241826
241528
240988
240811
241363
242228
243189
242557
242403
241323
242001
243580
242235
241147
241950
241545
241787
240811
240987
240987
241541
239950
243533
241302
241368
241091
241436
240358
241875
240989
240681
240504
241528
241363
241250
242851
243189
241879
242000
242557
242731
240813
240838
241675
242013
241395
241827
243440
243728
242097
241762
241999
241369
243296
242649
242433
243490
241771
242339
240502
242227
240812
241141
241999
241800
242687
242784
243823
242637
242379
242330
241366
243027
240410
241612
242002
241528
242299
242272
240963
241147
241271
243239
243026
242472
240818
241366
242687
242863
240682
242637
243119
243109
240976
240976
240750
241989
240811
243686
242662
242072
241853
241437
240506
239951
240747
240410
240410
242781
242647
241304
240358
241370
240838
241720
242606
242718
241541
241599
241859
241845
240987
241271
241436
241147
242434
243595
244157
241702
241610
242232
241302
241847
241788
241137
242955
242340
240601
243594
241823
241147
242393
240988
241921
242973
241611
243339
239950
242786
241864
241921
242270
242100
240746
241611
241989
244039
240752
244109
243178
239953
241273
242729
241147
239950
242248
240681
240910
240910
241495
241447
240980
241783
242372
241541
242473
242273
243596
240818
241436
241363
241222
239951
243825
240991
242327
241449
242379
241363
243275
243435
242339
242326
244394
243183
241610
241363
240585
241909
243835
240811
242381
240963
243973
241823
241826
241581
242228
242636
240384
240585
243270
240987
241539
241773
241363
241960
240502
242784
241783
243391
240811
242430
241988
241447
241837
240410
240838
242233
240934
242095
243454
243023
240964
240988
243063
244459
240358
241828
241366
242251
242854
242566
243755
242228
242239
241937
242270
241408
242574
241773
242959
242803
244028
241823
243109
243242
242257
243240
241826
242687
241798
243191
241607
242813
243271
242779
242326
240814
240964
244300
242297
240504
242002
240987
242229
241549
239950
240962
242557
241840
241539
241528
242403
242003
241447
241988
242732
241447
240362
242979
243291
239950
240503
241324
241918
241547
241675
242273
240818
243240
241272
243029
239952
242441
241141
243239
243470
240410
240963
240410
241697
241772
241540
240818
240411
239953
242410
242230
241395
240816
242236
241303
243239
241718
242718
243190
243240
240506
240413
242726
242178
241611
242170
239955
240838
241150
240822
244623
241799
240911
240965
240987
240964
241327
242573
240364
242247
241531
241718
239953
242163
239950
243545
241364
241210
241539
241675
242894
243488
243758
242097
242690
242326
242100
240286
241947
241398
242991
242554
242297
241772
240753
242731
243114
241542
242135
243067
242718
243242
241675
242032
242074
242326
241542
240910
241328
242852
240979
241141
242378
240962
241539
242771
243689
241539
241363
240814
242004
242647
241540
240814
241704
241366
242245
240752
240814
241271
243510
241823
243207
239950
242623
242328
241718
240910
242606
241875
240358
243823
241878
245883
242961
241875
241772
241145
240817
242675
242403
243295
243199
241721
242236
242003
242403
243254
241141
240838
242163
241396
242573
241437
241271
239955
241823
241837
242274
240987
242097
242369
243136
240412
243435
244430
242782
244398
242082
240815
239950
243580
241154
240992
241707
241721
242389
241086
242430
241363
243611
240962
240910
242331
241823
242731
242779
242904
241214
242730
241919
243291
242499
241544
243117
242807
241007
241235
240376
240410
242781
243470
239954
241918
242563
240502
241826
241788
240746
240910
240410
241447
242802
240410
240410
243028
242343
243199
241533
244094
240963
241621
241272
242836
241148
241158
241653
243419
240286
241302
242164
242167
242167
242015
241210
243092
242648
241776
241531
243339
243114
243650
243239
243023
242714
242957
240752
240415
241539
242865
240976
242475
241436
240694
241528
243357
244279
243895
242956
243420
241271
243026
242003
242228
242299
240962
243590
242571
243579
243660
241323
242574
241837
241422
241868
242256
242895
242955
241365
239950
242112
243415
243034
241366
242779
242327
240987
241439
243109
242649
242389
239952
244227
242668
240502
240987
241147
239950
244314
240811
240503
240811
241856
241366
241853
241271
241610
240750
242437
243510
240681
243647
240813
243661
243501
241396
242173
241827
242097
242431
242227
242718
242270
241616
241947
240288
241436
240838
241704
242125
242227
242779
241826
243647
241447
240504
241947
241608
241303
242001
243201
242227
242344
241877
241825
240987
240992
243025
241823
243624
239950
240684
239950
242180
243028
242583
242974
241999
240683
241367
242163
241323
242661
241774
242809
241817
240602
242729
241370
244155
242166
241999
240813
242339
243510
244154
242973
244108
242230
240987
243643
241147
242166
241828
243751
242013
242378
240410
241610
241772
240987
241530
242403
243971
242958
242499
244447
241271
240750
242650
241323
242473
241539
239954
241720
241830
240364
242001
240811
242338
242690
240753
241539
242013
241436
241274
240412
242403
241143
242436
241851
240410
242343
241787
241233
241162
242554
241539
240987
239952
241528
240359
241375
241999
242002
243202
241539
243819
240681
242016
242255
243575
241275
241367
241721
242863
241842
240976
241447
242863
243555
241219
239950
242639
242379
240814
243189
241707
241675
242687
242714
240502
241826
240588
241273
239954
243179
243756
241273
239950
240816
241366
242472
243246
240506
242229
242097
241142
242648
241763
241611
242641
242687
242816
241826
242259
243206
241851
242657
242178
240410
242002
241543
242000
242227
241274
239951
244396
243825
242378
241607
240962
241367
240289
240987
241854
240962
241999
242257
242866
241436
240811
242195
241826
243120
240962
243487
241706
242403
240502
242297
241783
242246
241920
242972
242227
240993
242234
242507
242227
240410
243426
241272
240844
243686
244557
243134
240502
240811
241450
242807
242173
242179
241273
242779
241366
241847
242000
243415
240965
239951
242342
243660
242013
241829
239950
240201
242897
240694
241366
242077
241142
241682
240746
240821
241775
241448
241788
240824
241837
241539
243415
240987
241159
241682
243324
243503
241545
242379
243122
240981
240811
240962
243136
242178
239951
241528
244369
241948
242687
240838
240502
243758
241395
241539
242001
241774
242408
241718
241847
242339
241366
241446
240818
242783
240410
242959
242033
242815
243687
242779
241771
242127
242659
241999
240811
241370
241271
243025
242780
240962
242956
240815
243198
242507
240976
240838
240412
242779
240681
239916
243514
240502
241364
243241
241999
242403
240410
243584
243363
243429
242075
241233
241613
243489
242637
241693
242421
239950
241941
241366
242164
241214
243192
242963
241598
240988
241825
239951
240683
241141
241366
241395
243151
241539
242473
241539
243027
243240
240962
241710
242082
243470
240962
243178
241764
242006
241823
241824
241539
241325
241447
242645
240988
242003
242554
242411
242343
242570
239952
244523
241999
241253
243415
241436
241787
242811
240989
243048
243663
240811
241783
239953
240502
241275
241528
241447
242335
240993
242690
240814
243043
241436
241370
242229
242714
241219
242378
243083
241776
242228
242691
241989
244619
242181
241369
240962
241447
240411
242249
239950
241363
243109
239955
241447
241323
241021
243211
241544
240751
242687
240987
242725
242170
241363
241271
242962
242165
242343
241529
243072
241365
241212
243490
244779
241711
242734
240504
240750
240987
240812
240197
243239
241773
243820
242094
242094
241824
243824
240811
241302
243042
243029
240987
241920
243896
240842
241546
242690
242955
243025
242403
241918
239953
243579
244377
241918
242231
241448
242163
240410
242273
243239
242166
242178
242407
241830
243647
242349
242043
244121
239952
240937
242270
242721
241826
241370
244229
241816
243275
242824
243137
241528
242863
241437
241395
242421
241573
241542
241366
241302
241273
243028
240502
240811
240964
243575
241437
241918
243120
242349
243643
242195
241370
242013
240410
243267
240750
243187
240988
241363
240746
240696
241936
244460
242227
242863
240412
240962
241323
241871
241220
243580
240816
242901
244482
240910
240811
240504
242186
241570
239950
242054
242788
239950
242403
244135
241569
243663
240813
240503
242339
241447
241529
240812
241210
241271
240987
243415
242003
242863
242730
240962
241837
242626
240815
242015
243718
241875
243487
241684
241448
240811
241366
242635
241679
242408
241707
242168
242811
242378
243259
241370
243753
240976
243937
243510
242002
240410
243615
243575
242002
240962
241147
242627
243271
239521
240504
243727
243178
241840
241675
241271
242956
240506
241447
241367
241448
241539
241210
241528
244041
239955
240962
242959
240751
242687
241611
243095
242167
242166
241918
240987
240383
240962
240838
241528
242554
243110
242378
242955
241787
241920
241482
242479
241439
241656
240989
241371
241162
241399
241271
242725
241324
241697
242227
242378
242249
241823
241323
240410
240987
243543
241235
241999
240286
244282
240991
242740
242298
243754
240962
241541
241272
241543
242162
239950
243313
242101
240812
240987
243661
242071
242788
241447
240750
240816
240989
242802
242392
242569
242343
242582
240978
240750
243580
242408
240962
242003
242835
240811
242230
243407
242639
241233
243415
239954
242339
241533
243971
243115
243755
242961
243059
241574
241999
241363
239950
242900
241234
242404
243029
242883
241540
243025
240976
243135
241548
239952
243582
241298
243080
241826
239952
239954
240506
239950
242003
242071
243242
241948
243360
240814
241447
242849
241838
240811
241878
239955
241699
242403
241366
241775
241612
241298
243759
241363
242328
241823
241999
242107
243119
243241
241363
240914
242813
242623
240504
240965
242297
240359
241855
242955
241366
240962
242228
242040
243034
240502
241764
240965
243203
243662
241273
242227
243189
239951
241823
241877
241482
242690
239950
244711
242568
242389
244449
242978
240502
243134
242378
240750
241017
240811
243686
241368
243470
241271
242958
242000
241542
240962
242404
240989
243115
240838
242326
243271
242894
244743
241219
241539
243204
241693
242687
242918
242473
241274
242231
241824
242692
240747
241371
242803
241990
242250
241918
242094
242741
241447
241271
242863
240502
241787
242866
241446
241828
242555
243415
241705
241547
243415
242110
241436
240811
243646
241448
241834
243419
241480
243091
244113
240504
240753
241855
241213
243240
242273
241613
241823
242849
243161
244390
242499
241539
239955
241543
242013
240838
240811
243984
242298
241437
242493
241363
240502
243519
243353
242403
242258
242396
242779
243100
241271
240962
241828
241395
242779
242984
242688
241665
240962
244215
243123
241219
241544
242000
242748
242971
241675
243095
242270
242471
242389
241618
241302
243594
242623
242245
242016
240502
241366
240814
240750
241539
240996
243582
240976
241302
240502
240964
240811
243581
245174
244834
240287
241364
241451
242015
241676
242863
241225
242863
242397
243936
241918
240502
241828
241543
241271
243192
241365
241363
242649
241276
242955
242458
241542
242813
241271
242163
241765
240962
241909
242404
242271
243240
239952
240502
240681
241366
243418
240502
241366
241675
241210
242272
243415
240987
241141
240987
240987
242788
241436
242955
243594
243594
244039
242955
240681
241366
241271
242475
242866
241864
241366
241947
239953
240502
241839
241999
240382
240838
242780
240978
242232
241854
241298
242638
242802
241831
242378
240506
242018
241999
242378
242254
242000
241368
240358
241219
242812
241480
241210
241702
241675
240502
242030
241210
241272
241823
240411
243028
239950
242171
240410
241271
242849
242297
242565
241607
242811
242002
242849
240502
242813
241366
242935
242675
242474
243189
241528
241458
239950
240358
240987
239950
240962
241622
241618
239950
241327
241837
241699
243945
241540
243267
242167
242863
243025
240962
241826
241941
242692
241823
241614
241543
244013
243027
241366
242556
241837
241438
243217
242473
241365
240964
243027
241718
241366
241824
243268
241828
242852
242403
239951
241364
241273
243029
244122
241546
242001
242959
241541
242097
244158
241539
241250
242474
240987
242730
241906
241141
243273
242236
242864
240410
242036
241607
240410
242034
241951
242245
240982
242273
243758
241718
242553
243761
241771
242422
242174
241999
242098
242779
241840
245030
242227
244486
240412
240751
242115
241147
241368
242782
242518
241366
241539
240505
242570
240811
241147
242955
241450
244977
241271
239953
241823
242508
240358
241366
241828
239950
240502
240987
242404
241236
241542
242623
241999
240987
242811
241271
240988
243686
240411
243593
242561
241826
240962
241762
241210
242474
241837
242846
240811
243206
240681
240681
239950
241436
242701
242894
240838
242227
241826
241918
241613
243357
240755
241478
241141
241275
243354
240287
241437
240358
242810
243595
241298
242240
240506
243580
244093
242311
242864
242033
242730
242003
241219
242718
241826
242072
241062
240811
240359
243758
241271
241693
240987
241675
241386
241150
242478
241615
241447
240812
241271
243755
242799
239950
241920
243632
241855
241696
241918
241370
242813
242071
242687
242163
244734
242163
239950
242779
242718
241541
242406
240750
240411
240502
241545
242251
242901
241272
243095
242518
243203
240815
243542
240811
241775
242072
241918
243178
241837
240914
242407
241542
241451
240412
241366
241919
243023
242989
240410
242163
240502
242227
243421
242230
241542
243460
243239
241447
243115
243034
240976
241366
240846
240838
243755
241219
240812
242800
241677
242518
241826
239950
240812
240286
241539
240684
243366
242851
241823
241539
240811
243598
241988
243686
241450
243190
241302
241826
243120
239952
242568
242955
239952
241300
240358
241611
240750
241448
239952
241774
240754
241370
241827
241313
241246
241611
240358
240811
243075
242473
241447
240684
239951
242167
240912
241623
241363
242083
243239
242407
241543
242576
241720
242610
241823
243133
242262
241219
242230
241731
240962
241366
242691
242339
241826
241528
240962
243137
241215
241147
240964
241824
241238
241823
242958
243239
244398
240503
240962
242430
241302
242380
244091
242405
241539
244092
241447
243031
241611
241368
242097
241771
242013
242247
240287
241539
242097
240752
242637
240410
242162
243363
243203
242560
241855
242378
241366
240811
241787
240988
242249
242227
242171
241947
242625
241323
242168
241826
241366
242135
241302
242881
242076
239950
240847
242162
240842
241276
240962
241844
241837
241530
242565
241826
243205
243487
242554
240813
242271
243273
241271
242701
241611
241222
242227
242159
240812
240910
242565
240915
241395
242690
240962
241363
243109
242786
239185
240363
242165
241539
242813
241363
240411
240979
243419
239950
243582
244004
240811
242403
243240
240751
242107
242718
242230
240413
241641
241542
242955
242227
242328
240812
243066
241363
241542
242569
242178
242228
241707
242843
241708
242626
240746
241918
241387
242095
242745
244159
241827
241828
242228
241545
241774
243917
244822
240989
241919
242626
240414
242408
240502
242779
241545
241543
242173
241275
239950
241539
241875
240682
240812
241447
243120
241865
242163
243296
242013
241771
241395
240502
241210
241823
240812
243239
242799
242335
241234
241233
240821
241974
243909
242779
242636
242005
241823
240752
240681
241783
240382
241829
240502
242652
241152
242978
240962
240502
241918
242227
241541
242099
240683
242678
241823
242790
241364
243523
241542
240987
242135
242403
240503
243029
244007
242013
242473
241824
242339
241826
241238
241786
242730
242378
240811
243594
243445
240965
241826
240502
241838
242407
240682
242095
243023
241395
242227
240838
240503
240814
243686
241271
240815
241789
241842
241988
241918
240818
241271
241447
242403
241772
241918
241528
242389
240286
242554
242865
242271
242192
241529
242563
240682
239950
242718
242567
242328
242595
243756
240502
240811
243203
242863
241540
241141
241829
241707
242955
243293
241999
242407
244451
241144
240502
241370
245082
242227
244146
242863
239950
242123
241988
241364
240413
243365
241212
240987
240747
243028
240811
242475
242099
242695
242655
242381
240503
240987
241776
242004
242554
240751
240746
240410
242707
243970
242098
239952
243134
242179
243242
242163
240987
241363
241614
242653
242233
240752
241447
244310
242473
242002
241437
241366
241999
243098
240987
240987
241220
242404
242634
242430
241918
243363
243759
239186
242007
242813
241840
241855
242863
242396
241614
240411
242135
241371
242166
241999
241855
241143
242799
242160
241307
241017
241622
240990
240718
240987
243385
241546
241366
241988
243489
240987
242098
242176
240838
242391
242389
242905
241611
243178
240504
242180
240750
241718
243416
242892
242164
242324
242015
240502
242692
243754
243113
241539
243028
243433
243419
241139
242625
241953
241827
242955
240814
243415
243271
241614
243272
241447
240988
241274
242514
240586
242094
243364
243435
241271
242072
243025
241211
241707
240504
241918
243849
242779
242955
242232
240358
244011
242963
242811
241776
241233
242017
241947
242178
240410
241826
241271
242166
243973
241367
242071
240286
241823
241679
241702
240684
242350
241542
242382
240502
242730
241855
242458
243300
243111
241298
241211
241365
241220
241709
240987
241366
240962
242905
242789
242248
240838
242783
242955
244079
241528
242166
241826
241438
241910
242227
243203
242867
241777
242160
239950
241762
241772
241363
240811
241368
241999
242690
241528
242779
241918
242254
244687
241367
240989
241371
240750
241837
241539
240750
242925
242019
241999
239950
243826
240358
240811
240987
241306
239950
241367
239951
241837
242554
241271
240411
242554
243415
242852
243354
242907
242270
241017
241827
242098
241366
241999
241386
240815
241800
241401
242932
242019
240976
241539
242736
241682
242565
243959
241298
242570
241842
242863
241826
242378
242163
241368
241366
240988
240811
239951
244105
241211
242162
243242
243296
241363
242403
242872
240502
243100
242124
242166
241271
242526
242162
242849
242166
241787
242393
243551
241530
240811
241544
242231
241826
243831
243242
240811
241700
240382
244007
241485
242408
242430
240910
243420
242349
241159
242189
242071
241271
240811
240962
241224
241918
241774
241369
240507
242270
241233
240414
245311
241141
243539
240286
242271
241542
241211
242799
243109
241937
240410
241446
243267
241710
243337
239950
241704
240683
240290
241947
241826
241642
241312
240410
242379
241234
242568
242227
242249
241855
242182
242867
241271
242741
242811
244039
242813
243705
240988
241366
243316
242958
243510
241271
240814
241271
242894
243520
241826
240414
241436
242687
241366
239950
241840
240813
240989
243337
241763
242335
242378
241826
240211
242270
242959
243097
242730
242178
242195
241141
241271
243296
241826
242110
241999
240540
242381
241371
242005
242626
241701
240987
240987
242473
241449
242898
241446
241271
243418
241366
239950
241447
240963
241363
241974
239950
241856
241366
240502
241367
241826
242403
240976
243728
242567
242230
242568
244396
242227
242246
239952
240747
241855
240976
242389
240911
241999
241243
242628
242955
243095
240980
241771
242230
242865
240914
241447
241710
241539
241841
243435
239950
242898
242167
240748
244146
241213
244063
243061
242254
240360
243514
240750
241693
242237
240964
240410
243436
241700
241828
240359
241363
243242
239954
242779
242626
243755
241271
242569
242690
243653
243243
241837
242747
239952
241233
244163
242639
240505
241540
243271
240502
241646
243702
243418
242245
241271
242635
243417
241246
242636
242403
242097
242094
241437
239950
242570
242163
240811
244381
240990
242060
241272
242557
243072
241999
241788
241774
242406
240814
243579
241546
240504
242494
243028
241366
241017
240502
242072
240816
241366
242780
241365
243973
241367
241877
241325
242404
243363
240813
243420
240411
240815
243111
242407
242347
240912
240503
239952
243592
241826
242250
241447
239950
242719
242403
242863
241233
242565
241823
243204
241447
243846
241385
242557
241707
241947
240910
242227
240502
240811
241481
241999
240991
241368
242002
241219
241219
241826
241774
240991
241999
241539
243733
241824
242094
242554
241367
243257
241762
242164
240411
242397
241271
240814
242297
242853
243702
241298
242687
242863
241219
241918
242863
240976
240502
242744
241918
242958
242811
241219
242094
242779
241366
241395
242788
243133
241707
240410
241826
242687
242373
242814
242407
243329
241235
242656
242403
241452
242561
240358
241233
241223
240966
241364
242227
242407
242557
242557
242098
240414
240681
241999
240814
243498
242789
243134
240411
243199
242518
242793
242863
240811
240410
242178
242233
242328
241826
242963
241528
242813
241141
241841
243915
241271
241539
242171
242688
241366
242787
243583
242170
242166
243128
241616
241447
242961
241764
242163
241679
240818
241271
241368
243415
243578
241395
240684
241366
240502
241364
241559
243667
241849
242230
241271
241323
241271
242382
241303
240750
242227
242816
241918
241789
241829
243699
240502
240821
241936
241823
240502
240962
241852
241875
241275
240410
241918
242033
242404
240750
244104
242073
243295
242957
242043
244146
243207
241447
242718
242867
243421
239740
242247
241825
243585
241772
240287
239950
240287
243760
241447
241615
242227
240811
240987
241948
241879
240681
242779
241999
243291
243694
242864
240963
243358
242623
242574
242313
240962
243579
241236
242227
241323
242624
240413
243095
240502
241369
242339
241147
242403
239950
241271
240962
242167
241851
243200
240963
240411
242687
240323
242001
242967
242664
242159
241147
240502
242403
241234
242701
240286
241396
240286
242403
242407
243073
242977
241369
242297
242760
242097
240811
240681
242653
241141
242227
242634
241302
241762
243419
241539
241826
241482
243294
240819
242786
242100
242097
241864
240811
241451
240410
241947
241679
242229
243178
241371
242227
242409
241365
242339
240910
241949
241529
243118
241939
242099
241570
241372
241828
242271
242378
242575
239952
241697
242403
241234
240746
241837
240746
241363
243091
241999
241447
240814
243758
242718
241918
241776
243663
241367
242342
240813
242649
242649
241302
242431
243189
242297
241542
242955
242035
242863
243239
241275
241220
242885
242233
243026
242013
240503
241298
242739
241301
241919
241947
242232
240681
242803
243239
242809
240813
243697
240682
241539
240963
243185
241971
241447
241045
243207
242098
240410
243027
241936
240410
242865
242073
240413
241545
241142
242809
241859
242407
240987
242554
241837
242955
242097
241366
243846
242661
243663
242628
242638
243029
244396
242616
240681
242191
240750
242228
242189
241271
241947
243243
243906
241778
241436
241828
243185
241875
240962
243322
241830
243204
242649
241540
242964
242227
241790
240410
243097
241614
241271
242651
239951
243675
243097
242784
239646
243273
242408
241827
241999
241613
241584
241436
242503
240454
242389
239950
240750
243819
243690
242779
240976
244617
243187
243859
242016
240503
243027
240811
239952
241778
242719
241422
241143
240987
241149
239950
242228
240910
241447
241141
242378
239950
241718
241947
242297
243778
241304
242166
241324
241824
241694
242000
242239
241363
242033
240503
242329
241370
240358
243835
242692
241141
243446
242556
241211
240681
243970
241999
241447
242002
239954
242473
243239
243418
240988
241447
241541
241114
240506
242779
242017
242270
241611
241919
241137
241539
241233
242959
243420
241774
243730
240815
241788
239950
242882
240681
241988
240811
242779
241396
240288
241366
241363
240411
242957
243110
242270
241718
242391
242102
242021
242135
243937
241826
241951
240684
242182
240685
240358
240750
243686
241823
243773
241243
243026
241947
242473
241785
240414
240966
241323
242554
241693
242094
241540
240811
241540
240505
241370
241141
241298
242000
243115
240962
240811
241324
242719
243487
243185
241271
241363
242626
242378
242687
242004
241235
242227
244556
242635
240811
240750
241018
243161
240987
240046
241989
242403
242274
241827
242803
240979
241540
242956
240502
242230
241999
239952
240412
243365
243027
241271
241823
240966
241246
241825
240358
241315
241532
242863
242389
240411
242962
240502
240993
241826
241542
240811
241531
240962
241213
239950
242811
240411
241389
241614
240746
241149
242164
241302
243419
243932
239952
241150
242094
242254
240842
243686
242434
241920
242565
243272
241941
240814
241948
240412
243382
240987
241144
243273
241918
243110
241723
240811
242865
241370
240811
242554
242809
241450
242791
241826
239955
240601
241947
242633
242167
242177
240415
241477
242744
242989
242428
240750
240502
242228
242792
242781
239951
240410
241233
241447
241364
241826
241364
241988
240976
241436
243027
239954
240502
240746
240410
241539
240414
240987
241762
241701
242863
240910
241838
241943
241332
242959
242260
242563
241855
243514
242963
241542
241274
239950
239950
242391
241638
244145
239950
242297
242502
241543
241571
241212
241298
242863
242297
243363
242014
244070
244674
244299
242259
242165
242166
241363
240964
241884
242166
241543
242072
240812
243239
243532
243897
241918
240811
242638
243754
242901
239593
242471
242232
241854
241880
240838
242557
239950
240962
241954
241385
241918
244302
242965
240987
242958
241439
241530
244095
243655
242718
242165
241702
242779
242407
241539
243675
240753
240976
241366
241989
243267
241271
241299
242406
243647
241363
241540
241679
244513
241447
241272
241271
241542
242231
240415
241539
241762
242296
241911
242514
242283
241399
241702
241675
239950
242233
240811
240989
241366
242786
240410
240813
240987
241827
242976
241988
241210
243487
241366
242339
242006
241823
240911
241844
240963
242097
239521
242228
240750
242740
244484
242232
241367
241974
240412
242785
240410
242074
242566
241233
240502
243337
242013
241302
241677
240751
242570
242231
239953
241367
243223
240756
242554
243107
242408
242502
242170
242403
242782
240966
241803
241371
241528
242336
241823
241826
241539
240811
241878
239950
240502
242598
240410
241542
241999
242132
243091
240819
243336
240812
240506
242959
241693
242033
240811
240411
242002
242342
241451
240965
240746
240991
242227
241991
242379
239951
242235
242419
241363
242744
242014
239953
240987
241137
242518
243136
241937
243295
242563
242476
239950
243971
242083
242329
242390
240815
243109
241363
240811
241364
241277
244096
240681
241941
241666
241622
240411
242473
242304
241918
241541
243187
242571
242247
241147
242797
243727
239950
240838
241450
239950
242566
241693
241531
243200
241541
243116
240684
241826
242804
241852
242378
242725
242866
241439
242167
240962
240505
241366
241447
240962
241539
240502
240412
243506
241447
240410
241824
241210
242800
240288
242688
242725
243115
241827
241233
240910
241539
241539
241234
241363
241366
240993
243588
241693
242327
241544
239950
242095
240412
242071
240502
241612
242237
242727
241543
243027
239950
241271
239951
241539
240746
242473
243187
241365
242990
242956
240991
242227
243487
242655
242990
242073
241762
241999
243258
241675
242343
242623
244272
242866
241918
241828
240976
239952
240811
241718
242635
242561
240290
241480
240988
241303
243366
241618
240965
242047
242473
241221
241718
240814
239950
242002
242779
240682
242135
241367
243239
242897
240814
241542
243299
242405
242901
241718
244624
243415
241918
242687
240410
242583
241137
241153
241531
242565
241366
240962
239645
243191
240963
241772
240987
241271
243415
241528
241278
240503
243023
241795
242339
240413
242779
241271
241779
241141
243430
241436
241999
241438
239951
242799
242098
242779
241147
241271
241272
244147
240976
243429
242866
243415
239950
241272
240598
243003
242438
241233
242626
242339
241368
240962
242403
241457
239521
242811
242235
241922
243895
241999
242247
242403
242563
241277
241385
242227
240812
239954
242687
243028
241149
242151
241795
243209
241906
240987
241919
242782
241936
241707
243487
240976
241372
242979
240976
241825
242955
243418
240811
243337
240988
242554
239951
240987
241363
241679
241448
239954
241366
242649
240410
242270
240976
243207
240748
241370
241848
241611
241883
240842
242181
240411
240976
240410
242714
242595
240987
241223
242173
240987
241089
240358
241366
241271
243187
241247
243023
242002
242802
241918
242502
240811
241826
242270
242168
240286
242229
244096
242649
242259
241447
241363
242004
243666
240976
241622
240812
240840
243823
241839
239950
242055
241826
240412
242227
243178
240502
242231
241825
240290
240505
242626
242421
241829
242565
244397
239950
241539
242227
242229
243679
241306
242094
241989
243690
242863
239953
242258
242231
241233
241875
239951
240990
242733
243242
241541
241823
242114
240410
240410
243193
240811
243135
240811
242701
241366
242718
242474
241824
241999
241683
240818
243489
243999
243134
240842
239954
240976
242718
241826
242230
243826
241449
242298
240813
241823
242635
242623
239951
241918
243025
241439
242342
241366
241826
242097
243024
241447
241147
242403
242570
244452
242565
240410
243038
241449
241824
241839
241975
240382
240502
242278
241366
242849
241447
242403
241610
240504
241450
242102
242250
242798
240358
242111
241941
243270
241947
239951
242955
240782
243187
242624
240681
241693
244042
242473
241707
242014
240913
241370
239952
241614
242687
242015
241838
242335
241063
242311
242626
243693
240814
240812
242498
241438
242073
242701
241614
241363
242811
241837
241447
241222
244770
239953
240749
242297
241607
242557
241367
239950
241436
240751
242509
242238
243831
241918
241447
239952
242232
242396
240989
242168
242649
241877
240987
242719
244230
241528
242231
242403
243027
241395
242094
241235
241679
242191
242339
243068
241828
241162
242389
243239
242005
241787
241364
242731
240683
242195
242557
241365
241483
240990
240993
242955
240502
241848
243911
240988
244458
242403
241776
242691
242094
242073
240410
242863
241762
241918
240681
243296
241271
241298
239950
241160
242099
243095
241788
241776
242959
242251
241858
242254
241158
242017
242403
241999
241447
243488
241447
241237
242406
243530
240502
241539
241278
240841
241787
243914
241918
241366
241718
241303
241706
242572
242653
243008
241543
241235
241718
241366
242301
240811
242168
242340
241825
241703
241366
241271
242167
240683
240502
242571
240502
242811
242866
241395
239951
242518
240507
241363
241701
240977
243028
241147
240507
240503
239950
243223
241871
239950
241384
242178
239951
241539
241302
241852
244160
241222
242687
242167
242768
240963
243203
241447
240992
242407
242687
242411
240754
242587
240410
241312
243097
241302
242339
240990
240934
243109
243190
242228
241271
242382
241539
242741
241271
239955
240818
240962
241163
242663
243819
241622
242638
243667
242801
242565
242270
242907
242554
242626
240964
241366
241826
243135
244161
242719
243608
242072
241653
243272
242170
241918
242486
243178
240410
241546
241708
240198
241795
242556
241611
241543
242173
242740
240503
242955
239953
240815
241906
241398
240681
241823
241549
240987
242813
240502
241826
242518
241436
243434
241611
242667
241679
243240
242167
242624
242043
240410
241823
240411
241275
243296
239950
241219
240962
242649
242043
242227
240411
240410
240811
241363
242558
240820
243526
239952
241783
241539
241676
242868
241447
242863
239950
243634
239950
240816
242687
241370
242701
242299
242750
241704
241609
241826
241971
241447
240750
241271
242557
241211
241731
240977
241062
240811
241824
241219
243492
242779
243239
241702
243095
242626
242839
243596
242075
241539
240502
242640
244082
242687
243511
241826
241370
241826
241370
241363
240776
241366
240502
243370
243999
240585
241234
243267
240813
242403
239950
241323
242473
239953
244163
242690
241823
241707
241763
243203
241680
240502
241694
240360
242977
243898
241543
242001
242687
241823
240965
241233
242800
241366
240358
242000
241859
243399
240811
242351
241366
240503
241271
240754
242392
242229
241363
240978
244235
243204
240502
241827
242095
241178
241823
241573
242430
241304
241824
242228
244770
241274
241545
242779
241878
244443
241150
241826
240077
241447
242272
241219
242623
239916
241783
241529
239951
241448
241148
241366
243824
243650
242730
241439
240811
241312
241326
242606
241918
241779
242004
241302
240683
242131
240502
241608
242955
241271
241447
241918
240811
240987
241543
242300
241823
239950
241272
240502
243239
241918
241542
242664
242779
244066
242907
241941
242234
240963
242565
242705
241366
242510
242747
242166
241829
241142
240382
242167
243135
243972
244215
241539
241718
240987
240286
241312
240811
242074
240387
241222
242248
243745
242688
240814
241447
242248
242736
241528
240502
243150
241302
241540
243284
242681
243241
242007
240684
240987
242029
241271
242228
241370
240989
243363
240978
242094
243038
242626
243416
241327
243575
240411
239951
242788
241384
240988
242275
240977
243590
243971
241540
242571
243027
241839
242782
241323
241828
242016
241707
244395
240414
241694
240746
243118
240681
241366
242571
240412
243134
240505
241367
240987
243028
242626
242136
242235
241826
241718
242236
241452
241325
241437
240502
240987
240211
241611
241826
241878
243593
241211
241864
241481
240988
242353
239952
241436
242021
240503
241542
240962
243242
240962
241830
240811
242853
242557
240358
241607
241439
240813
240910
240359
241924
241681
241247
241539
241999
241450
242747
243364
240962
242955
243200
243296
243416
244050
241826
243756
244218
240410
239952
242977
240987
241684
240286
241693
242479
240987
241371
241819
242627
243512
241302
240987
240505
241274
241539
240811
243120
241271
242379
240990
242328
241838
241943
241370
243110
242000
239950
241665
241141
242556
240502
241999
242002
240506
242690
242379
242270
244353
242563
240815
239953
242408
242626
242569
239950
242404
242555
241921
241274
243934
242407
241826
240987
240410
241367
241147
242230
241363
240694
243970
241918
243199
241112
240410
242014
240813
241823
242959
241147
242260
241271
242378
240987
242962
240502
242247
240503
241774
241305
240811
242227
242094
241923
240976
241542
241450
242969
239952
241366
242094
240987
241363
242338
240503
240683
242479
240814
243757
242563
240992
241366
241855
241680
240747
241823
242634
242558
241788
241542
242783
243665
242718
241841
242340
241148
243044
241837
242254
242312
241774
243416
242866
242099
241941
242002
242192
241544
239950
240502
241276
241837
241447
242112
240502
242016
241363
241462
241271
240990
242002
242585
241363
242002
244257
239950
241823
239950
242835
241856
241989
243579
240502
241363
240979
242624
241824
241237
241977
241539
242565
243296
242159
241918
239950
242610
239950
242781
241999
242821
241783
242863
242649
241212
241699
240287
241366
241823
241999
240812
241395
243025
242894
243025
239953
242957
242094
240411
243199
240989
243097
242565
242471
243231
242958
239950
242071
240815
240746
240681
241150
242479
241141
243361
242339
241116
240811
242718
242955
242623
240812
241941
242779
241323
241210
242327
240503
241718
243187
243187
239950
241542
240962
245266
241771
243690
241368
243584
241272
241798
243110
243136
242071
242285
242779
243025
240815
242519
243751
240821
241707
241162
240966
241921
240987
240989
242013
241542
243597
241298
242378
242168
240750
243023
242135
241236
242955
241271
241611
242555
241826
241765
242378
242623
242335
240502
241147
242197
242687
240585
241826
240963
241827
243415
242254
241767
242779
242163
240964
241271
241542
241528
242556
243242
241693
240976
241223
241837
241823
239955
241771
243690
241825
242297
241840
240964
242013
241235
240683
240987
244628
242270
242168
242465
241545
243594
242126
242097
242863
241990
242746
243418
243191
243271
239951
242007
241147
242369
240987
242687
239950
241233
243027
244186
243530
242270
241271
241018
241989
241212
243432
241366
241990
240820
241702
242557
239950
243366
241367
242839
240811
241540
240987
242168
243418
240410
242637
243823
242912
240987
241542
240838
243189
240987
244063
242563
240410
241142
242098
241364
241398
241449
241363
242806
241951
241918
240413
242247
242335
241544
240964
241825
242184
240502
241999
243109
240962
239950
242565
241436
240811
243239
242687
241546
242956
242403
242235
243487
240286
240750
241947
241274
243415
241788
240979
241704
241844
240934
240962
242404
240976
240287
241236
240410
240962
240967
242335
243023
240502
243366
241705
241477
242437
241827
244013
240502
242475
243580
241989
240358
242714
241546
242338
241210
243487
241881
240987
240963
242094
240814
241823
242247
243663
244571
241363
242378
240814
241395
240502
243341
242961
240753
241528
243203
241542
241479
242688
241713
240988
240502
242162
240410
241848
241448
242554
243579
240411
242863
240286
242270
243820
244053
241271
242255
242166
242808
240962
241919
241363
241918
242958
240504
242813
242013
241841
243363
241823
241714
242781
242342
241363
242957
240987
241826
244071
241542
242270
243364
242404
241622
240504
242408
241555
240988
241447
242378
241236
243551
242955
242718
241366
239954
242178
242749
240410
241988
241875
244298
240505
241469
243819
241699
239954
242378
241823
242098
241918
240989
241539
241681
241325
239950
242522
243936
240750
241787
242637
242230
241988
241706
240410
241780
243203
241762
240746
240987
240987
241271
242227
242896
243366
242389
241447
242705
243203
243994
240289
240507
241366
241363
242851
239952
241824
243505
243027
242403
242677
243785
240987
240413
240965
241779
239954
242404
243038
240502
243583
241823
242809
241408
242227
240976
241219
241365
243516
242880
241384
243239
242430
242823
242094
243416
241693
242688
242574
242246
239952
240976
242504
240411
242390
242258
242389
243322
242473
240811
243823
243291
241366
241825
243825
242566
240683
241539
241220
241544
243024
241366
243363
241439
241183
242074
241366
241323
241989
242565
243914
240964
241386
242692
240962
241544
242408
242247
242800
241312
240358
242380
241999
239951
241542
240811
243392
242744
241363
241274
242659
241141
242473
240814
239951
242227
243578
242638
241947
242392
242123
240962
240815
242802
242958
240988
242378
242722
244375
240410
242094
239950
242300
242097
242687
241919
242955
243686
241372
241367
242863
242955
242233
242626
242043
242959
242637
241879
243185
241477
242557
241539
241827
240814
241718
242014
240988
241419
244067
241826
242071
240963
241447
240812
239954
241542
241324
239950
241771
241219
241772
241367
243490
243751
241763
240814
242300
241774
243029
240987
244421
240752
243178
240811
241539
241950
243576
240502
242248
242182
242904
241156
241709
241700
241365
239951
243581
240980
243034
242328
244225
242732
242782
244397
241762
242570
241721
241611
242476
241366
241826
242008
240814
240987
241918
242227
241676
241824
240962
242231
241398
242473
242405
239952
241825
243423
241222
241367
240358
240962
242959
243322
240812
241271
240358
241365
241439
241213
241323
243066
242783
243240
241142
242691
240411
241302
242123
239950
243109
240502
241271
241622
242802
240410
241006
242975
243365
241844
241718
243892
243671
240812
241682
242228
242287
243103
240811
241878
243421
239950
240358
239950
242664
239951
241399
240410
241272
241528
241823
242339
242168
243513
241363
240812
243972
240502
243030
242389
239950
243207
242656
241823
241438
240286
242905
241277
242637
240681
240361
240813
241366
242033
241363
240987
242687
240811
241162
242515
241787
240962
240412
241941
242893
242515
241615
244442
241675
241699
242005
241960
241369
239951
241437
239952
240962
244004
242000
242407
242403
243120
241274
242635
242246
241244
241787
241539
241212
242015
242245
240912
240505
242739
240363
242557
241447
241826
243523
242162
242166
240977
242407
240813
242184
242783
243364
240811
245476
243115
240286
241234
240503
241272
241829
242739
242230
239954
240286
242297
240502
241219
242166
240502
241436
240934
242116
242231
241817
242570
241573
242626
243760
239952
242739
242403
241918
242473
241446
242782
242257
241323
243621
240410
240912
241611
241326
242998
240811
243419
239950
241236
242866
241918
241638
241148
240145
243611
242475
243187
241219
243354
243027
242980
241142
241271
242179
241367
242077
243365
243595
239950
240502
241704
243134
242178
241825
241947
242745
242344
240976
241572
240814
242813
243211
241918
243415
240811
240811
241375
242234
243597
243751
243276
240502
241316
240410
242045
239185
241840
242179
241680
240682
242639
239955
242002
242956
241449
242978
242563
241272
239951
241532
242098
241141
240845
242228
242521
240811
241363
241395
242514
242863
243244
242403
240502
242404
240910
242479
239950
242475
243363
241363
241918
242342
241017
241540
243663
242649
242565
240911
241608
243652
241828
240410
241947
241788
241147
241302
241642
242227
242326
242163
242403
243578
240910
242865
243754
239950
240811
242982
242624
242168
240811
243416
242297
241614
243361
241570
242863
245107
241224
242687
243663
241543
242358
244310
242956
242139
242326
242110
243415
241829
241449
242342
243488
241271
242967
242166
241618
240506
243758
241826
242071
243553
240502
243417
241447
242851
241919
241707
241275
241325
240991
242379
241676
240683
244051
240967
243045
243974
240987
241271
241147
239645
240976
240683
241879
240286
240818
241271
240811
240286
243267
243281
243241
240602
241618
243415
241543
239950
241920
242779
240411
241906
242335
240813
243744
243273
242958
240775
241607
241422
241528
241150
241539
240751
242083
242558
242894
241826
241436
242863
241450
243028
243196
241697
241780
241718
240358
240962
242339
242689
243297
241787
241447
242557
242170
244004
240811
242015
241539
244282
241528
243301
241271
242637
241364
240681
241918
241141
243296
240222
239950
242988
242473
241918
242168
243418
242227
241693
241332
240990
241762
242382
241718
242071
242227
242626
241826
241823
240411
243581
242014
242744
241611
243025
242159
241999
241307
243029
243134
239953
242894
242687
240506
242881
240411
241481
242866
244022
242406
240046
241528
243109
243242
240976
242789
240410
240502
242893
243594
241368
242997
241614
240840
240683
240976
240811
239950
242410
242912
240988
242486
242403
242974
243207
241448
241539
242894
242981
242235
241394
240747
242598
240964
242863
241384
240814
241304
242640
241364
244070
240989
243415
241271
242343
241137
243271
242163
240503
243515
241271
242178
239951
243100
241271
241370
240505
243663
242403
240987
241366
241541
242782
243999
241613
239950
240987
244137
240508
241367
240410
242003
242404
239950
242799
242882
242854
242864
241988
242891
242095
241447
241718
241826
241363
241160
241366
243420
242688
242800
241364
240360
240502
241771
240414
241539
242403
242802
240987
243095
242178
242006
242557
241826
243277
241271
240838
241273
243301
243054
242013
241787
242623
242335
240811
243027
241447
244404
242097
242730
242871
242227
243366
242405
241323
240992
242184
239951
241539
240811
241367
239950
242097
242870
240502
241776
239950
241999
242637
242094
241539
241528
242425
241921
242301
240503
243487
241720
240965
243598
242955
243239
241826
240815
240962
241271
243170
241323
240811
241540
241137
244122
243751
242779
243120
241363
240812
243846
240601
241363
240962
244554
240746
242178
242297
240967
241540
240987
241918
241693
242349
243415
242658
241826
242019
244199
245284
241823
240410
241947
241774
242247
242378
241679
241437
241542
241449
241837
242852
240410
242380
242234
243512
242183
239950
241837
240811
242626
241776
244019
240813
241695
239952
240962
240410
240990
242634
243240
242961
240987
241244
241528
240410
242733
241703
242634
243191
243271
242779
241543
242389
241506
242730
242783
240987
243027
242379
242958
242651
241541
240502
240685
244096
244039
241325
243973
243027
239950
241783
243261
243361
242515
241611
241302
242231
242655
241941
241436
241541
241302
241947
241395
242352
241447
242688
242687
240964
242702
242554
243125
244071
244313
243030
244551
241370
241395
243371
241851
241326
242757
241826
241783
242003
240750
240811
242473
240382
240505
243025
241530
242403
242231
240964
241307
241719
240410
242227
242687
242094
241367
241448
241851
242097
240987
242958
243755
240291
241219
243204
241988
240962
241709
242565
240413
242635
241395
243726
241274
240990
242781
242649
241990
241366
242783
241447
241436
242897
241372
240503
240988
241614
241368
241844
242324
243200
242239
241436
241695
240681
242659
243241
240840
241989
243823
239950
242312
242403
242232
243161
240503
243129
241920
241539
242863
242717
241367
243608
241947
243153
243417
242893
241449
242473
241944
240415
244094
243297
242166
241158
244849
240358
244646
242383
241676
241271
242013
243948
240962
240962
241855
242958
241324
240813
240721
240291
240414
240410
242957
243240
241367
241723
242403
240987
243595
241437
242568
241363
241949
243827
240358
242174
242341
240411
242260
242628
241788
241923
240750
243970
241447
241710
243028
241783
241370
241019
241366
241272
241918
241823
240988
241220
241153
242961
242863
242474
243911
241851
239950
242167
242381
241449
240410
240987
240502
243024
240811
241826
241271
241366
239953
242557
242326
241539
241783
241370
242391
243295
241829
241447
242260
242336
242016
240813
241613
241878
241271
241364
242701
239952
241366
242865
243082
240358
242005
242687
242640
241839
242511
240413
241918
242403
242779
244050
240811
242163
242229
242687
241366
241141
243199
241302
242097
242639
240683
243289
241542
242301
242167
241842
243026
241771
244393
241366
242955
241363
240811
243755
241447
242705
241327
240987
242167
240962
241367
239950
241451
241210
241366
242142
242011
242809
239951
240413
241613
241447
241542
241494
240410
242865
242438
241730
241367
241447
242013
243643
241837
241529
243415
241541
242493
242623
240503
241451
240816
242958
241366
241826
241303
241363
241366
241941
242015
242003
241823
241531
240912
242195
241323
243830
239950
241540
242071
239954
243501
240813
242001
241528
243594
241366
239950
241642
240502
241154
239950
241546
240504
240987
243644
242735
242403
241436
240410
240812
240503
242013
241772
244513
240811
242286
241978
242799
243447
239950
244014
241870
242627
243686
240410
240811
241436
243299
242165
240987
241150
242035
242701
242780
240913
242235
241824
242448
242355
241368
241303
243363
242720
241831
241143
242258
240504
240976
241824
243179
243866
245079
240681
240987
240981
242502
241999
241787
241875
242863
242002
242731
243218
242433
242175
240816
240964
242565
240718
243649
241706
240842
241542
243891
241450
242100
242178
240811
242280
241363
242718
242335
242432
239950
242110
242519
242234
242421
240502
241918
242781
240681
242655
242692
240502
244021
242336
240913
242015
241720
240813
243027
242852
240502
241881
242283
240844
242473
243758
242555
242094
242565
241141
241827
240747
242714
242779
241298
241274
242716
241706
242389
241447
241210
242314
243082
241823
243987
243030
240410
241141
243686
242493
240410
243825
240410
242254
241366
240410
242227
241762
240821
242779
241707
243513
240976
241160
241764
241233
243579
243676
243126
242227
241830
242687
241948
242228
241366
241694
243219
241363
243365
242099
240503
241679
240790
239950
241693
242013
243915
243429
240410
243697
242636
240410
243091
243103
241366
239950
242689
243769
241826
241611
242245
241826
243185
242230
242246
242002
242863
241233
242406
243185
240910
241246
242687
242002
241447
241702
240681
240410
242866
240819
241368
241539
242094
240963
242178
240502
243755
242392
241151
243066
243200
241271
241451
241555
240414
243483
241921
243472
240987
240962
241447
239950
242865
241223
242071
242178
241477
242736
241437
241699
240413
241919
243095
239952
241211
243066
243070
242178
243414
240962
242502
241363
242270
242811
241367
243590
242779
242690
242403
241950
242649
242178
241937
241366
243498
240751
242389
240410
243434
243363
242687
242127
240410
242403
240976
241776
240811
239953
240967
241543
241699
241366
243178
244039
243361
242955
241233
241771
239950
240046
242864
241141
240811
242895
240962
241787
242967
242739
241438
242406
242173
242781
241918
243430
243271
241302
243314
241823
242162
243971
242163
241982
242311
242234
242932
243031
241837
241823
242744
240504
242802
240987
242259
241826
242897
244484
241366
241367
240962
243693
242557
239951
241718
242518
241394
240965
240681
241274
242389
241941
242546
240987
239951
240288
240410
242230
240815
244863
243027
241274
240503
241212
239953
241141
242750
243199
240978
242633
241883
242799
240750
243664
241450
242403
240505
242350
242461
240746
243759
242687
241875
242633
242378
240681
240502
239951
240987
242750
240358
240502
242339
239952
241608
243029
243203
241447
240812
240586
242897
243027
242163
242297
241763
239953
240840
243139
242483
241141
240750
242074
240962
242231
240987
242403
242557
241787
242343
241772
243135
241448
241436
243054
240410
241363
242231
240410
242272
240976
242717
240988
241542
243664
244246
243027
242779
244040
240840
241271
239950
240360
241872
244018
242484
240976
243512
242389
242644
242565
244146
241366
242955
242967
243931
241973
243243
242167
242782
241702
242246
239737
241545
240962
241298
242813
242254
241302
242230
242959
240502
241780
243271
240410
242569
240980
243358
240411
242955
241363
241918
242258
241826
242330
241367
243025
243846
242742
241542
241920
242033
242227
242099
241363
240504
244092
241370
241781
242958
240811
241771
242849
243513
242635
239950
241999
244316
241762
243431
240411
242999
241825
242865
242624
243070
241235
242518
241449
243417
242432
239951
241841
241918
242378
241610
239951
242628
243134
242867
242739
241826
242973
244378
241325
242002
241271
240502
240962
244513
242800
240811
242097
240814
242006
242733
240502
242179
243297
240945
243023
242786
241799
240962
241271
241395
241370
242166
241947
242260
241137
241484
241299
241275
243095
244214
242221
240966
241366
242955
244702
244064
242628
243239
242098
241529
242421
243823
242016
242000
240411
241395
241365
243429
243575
241147
242811
240410
242001
240684
242212
240815
241386
243218
242907
242169
240981
242254
243120
241791
243112
240681
241210
242378
240752
241364
239952
242247
241851
240814
242715
244298
243189
241528
239953
239953
243354
241323
239951
242167
242779
242420
242493
243453
240813
242392
242404
241944
243729
241541
242863
241823
242326
242227
240838
240987
241149
242002
242002
240286
241367
244834
242781
243415
241272
241999
240976
243579
242957
241363
242749
241366
242227
241823
241947
241219
240410
244039
239950
242623
241363
242688
240503
241826
242311
241826
242560
242565
239955
241271
240963
241999
241718
242626
241213
241611
240363
243366
242227
241875
241988
241276
241776
241274
241921
241539
242721
240502
243203
243519
242002
240979
242797
244103
241271
241823
240990
242227
240504
242473
243037
243415
241943
242403
242521
242232
240410
239953
242458
242475
243945
240988
241868
241424
242339
243984
242786
241541
241323
242734
240962
241539
241837
241366
242234
240503
242893
241367
241363
241219
241866
241787
242863
239953
241147
239952
241682
242246
243487
242381
241875
240811
242232
240976
242687
240811
243025
242477
241947
241777
240683
242231
242339
241210
241271
243421
241363
243519
242687
241774
242075
241249
243594
242864
239950
242097
243294
243925
242852
241988
242687
240987
243931
240987
242626
242033
242561
242135
241988
240910
241323
243135
241824
243239
241838
242757
243231
243835
243579
240987
241789
240813
242863
241368
242849
240681
244044
240146
243470
242167
241539
242714
243470
243206
243070
241542
241364
243243
242270
241542
242407
241271
243025
241447
242390
243203
241693
242779
239950
242071
242171
241447
241364
241326
242554
243097
242626
241143
242270
243512
243213
240412
242595
242299
243988
242403
240748
242097
241539
241220
240747
242178
241363
242339
242108
242360
241366
240965
241271
243512
243037
240411
240685
243594
242389
241831
241922
242071
242163
242635
242002
240360
242002
243109
243267
240288
241302
243366
242955
244499
242378
241999
239951
242339
241700
239950
242246
242739
241451
241299
243445
241299
242805
242779
241452
243239
241776
241776
241448
240910
239950
241693
241545
241693
241447
243635
243880
240812
243418
241178
242071
240410
242606
241569
243727
242433
242731
241302
244280
240681
241880
240962
241436
243368
241447
243271
240586
241545
242849
243364
243070
241785
242166
239950
243887
241233
244485
240814
243243
242712
240748
241611
243205
242554
240814
242725
241677
243511
241824
243759
240750
243181
242779
240980
239951
241363
241920
240811
241539
243433
242163
243432
240410
243974
242178
241447
242258
243728
241623
241707
243892
241787
243423
243521
240410
242378
242297
242328
241137
240411
241450
241918
242001
242231
243116
241817
241246
242980
240358
242471
240683
240816
241774
242095
241774
242407
240962
241573
242161
241988
240502
243381
242689
241868
242015
242247
242378
241447
242687
240753
242781
241611
243971
244772
241999
242554
241304
243091
239955
241272
240502
243970
241775
242339
241998
242688
242904
241776
241846
241385
242434
239953
240502
241542
243363
241366
241316
240964
242779
241220
242230
240414
241823
241542
241918
243134
241447
243417
241918
242692
241707
242389
242378
240410
241612
241539
242714
241762
241147
240818
240504
241470
243415
242227
242389
241447
242641
240987
241371
243970
243912
242815
240750
241625
242687
240987
242397
242557
241086
240839
241773
240410
240962
241539
240962
243429
241990
241731
243030
241826
242567
243363
241762
242196
243384
240811
240818
242389
242451
241436
242502
241323
241991
241141
242982
242554
242098
241611
240503
242095
242087
241999
242746
243865
243114
242326
241844
240359
240976
242002
243023
242474
243667
242382
242378
242719
242227
242167
241396
241999
241762
241366
242389
241949
241366
242725
242473
242305
242719
241616
242716
242894
239950
240751
242408
243751
241210
243115
243581
242378
240966
241875
240412
241876
243420
243594
240359
240838
241300
241141
241542
241679
242566
241304
242391
240410
244159
243906
241210
243758
242237
241721
241918
240413
243667
243755
239950
242227
242178
242985
242164
239954
239952
241881
243922
242180
243204
239950
241113
240413
242566
242864
241271
242958
241396
242403
240811
242687
241829
239950
241408
241540
241988
240502
243581
242230
239950
242380
244186
241449
244147
242405
242178
241542
241370
241718
241826
240991
242894
240987
240412
241918
242977
243590
241312
241072
241774
243363
241626
241540
241271
240507
242071
241447
243973
242018
242800
244955
242849
242231
242017
241327
243241
241366
241542
241271
241941
243032
241366
242680
241837
243598
244556
242461
244552
241999
242573
243511
240838
244868
241718
241714
241365
242005
242864
243257
240987
240812
242476
243437
241272
242097
240687
243539
240976
241370
242408
242393
240321
241947
241449
242779
242691
240815
242019
240989
242381
241141
242173
241947
241771
241936
242227
242007
243580
242094
242407
240962
243418
240962
243488
240990
242687
242369
241449
241787
241250
239950
241829
241276
241611
242957
242690
242405
243149
240968
243487
241437
241366
242098
240721
241447
241918
242254
240502
242408
241370
241368
241694
242343
239950
241616
240410
239954
240987
241918
241611
242779
242554
243649
243118
241680
243235
242166
240962
242783
242935
244096
242178
242095
241875
242236
241363
243580
241010
242955
242271
242273
241613
242493
241844
242774
240411
241837
241540
242013
241363
241614
243417
240814
243596
244487
244310
242958
240989
239951
242312
241696
241272
241539
242799
241707
242206
241919
240839
240815
242626
243204
241542
241826
241436
242782
241679
241539
243180
240751
242962
243361
241783
241787
242297
241829
242507
242862
240966
240910
242166
241363
241274
241947
239950
241477
242350
242410
240410
241304
240965
239950
241271
242625
242001
240962
242570
242955
239952
242780
244025
244956
241827
242760
243416
239953
239950
241142
242799
242000
243764
242094
240812
241704
241838
242235
242002
239954
240838
242227
240502
241790
241363
242518
241783
240410
243178
242811
243242
242473
243384
241918
240410
243609
242788
242165
241610
242166
242015
242675
240967
241149
241614
243190
241827
240815
241447
241539
241532
243134
242082
241302
240934
241210
241363
244146
242403
243938
242002
241555
240988
241827
242973
243898
241701
241611
241474
242782
241233
241212
240681
242408
242640
241875
241395
243429
242565
242378
243663
242169
241271
241479
240502
241693
241272
240818
241699
242863
242055
239951
242380
241323
240410
243023
241366
242478
241841
243161
241233
241324
242780
242718
242098
241540
240502
243261
243126
242575
241312
240813
240936
241852
242326
241764
241539
240838
241612
243257
242687
242101
240752
240987
241436
241365
241999
240989
239950
241762
242163
241363
242298
241271
241787
243109
243760
242248
240682
242029
239950
242270
241366
241786
243415
243023
241830
241925
243580
242637
242582
241609
242135
242958
241408
243415
240503
241272
240410
240976
241607
241365
241824
242000
242798
239950
241142
242718
242013
243207
240988
240811
240506
240910
240814
242227
239953
243576
242163
243581
242071
240411
241363
241368
243112
242389
241436
240750
243974
240506
240410
242013
241826
241243
242166
241528
242166
242165
239951
242014
242328
242687
241481
242297
240811
240503
241826
241447
243457
240683
239950
240286
242009
242897
240286
244626
242234
239950
240814
241278
242351
241271
240410
242162
240502
240910
242799
241271
240811
242378
240962
241817
240811
243916
241787
241947
239951
242741
242249
242161
243025
240502
243205
242779
242232
241540
241141
241301
243203
242382
241539
240987
241918
242835
242396
243109
241271
240505
243365
240681
242270
239953
241854
240987
241450
243274
242258
242255
242408
240414
242339
242178
241367
242219
240410
243889
242955
240813
241718
242247
242327
240698
243025
240815
243663
242631
242285
241826
241271
240991
240914
241999
243134
241774
243511
242812
243045
242178
239950
241436
242854
240811
243025
241829
241271
240811
240288
241141
241998
240502
241708
243095
241539
241906
242476
240682
241880
242099
243204
241702
242247
240814
240814
239950
241702
240811
243247
242554
241826
241368
243414
242037
239951
241528
239952
242250
244215
240586
241366
242687
241143
242403
242019
240962
242016
242383
240502
242420
240976
240684
241440
240979
243432
240965
239954
239950
241681
240811
242635
240989
241363
240930
242557
241366
243096
244579
239951
241530
242904
241776
240410
241447
240965
243136
240502
241367
242018
241243
239950
242743
240816
240820
241529
240504
242001
241618
242227
239951
240963
242166
239953
241368
242643
242627
241999
240410
243755
241787
242231
242687
241271
240845
241450
241826
241447
242520
241763
241440
241342
241220
241447
242333
241837
241787
240502
241718
241823
240976
242234
242159
242179
240411
241826
240816
243751
242720
242159
242976
240502
243013
242403
243114
243119
239950
241611
240976
241419
242687
241823
243503
242272
241942
243431
242378
240992
242327
240358
241851
240411
242832
242135
241999
243201
241299
240413
243134
241447
243095
240750
241601
241447
242206
241880
241999
240962
242583
242002
242015
243671
241210
241936
240412
241708
239950
241719
242071
241397
241707
241210
241366
241363
242433
241220
243025
242973
242099
242097
242572
244219
242405
244103
242328
240987
240964
242522
242962
241367
239950
241147
241370
240812
241233
242865
242664
240814
239950
241878
242095
241607
243415
243973
241326
241700
242098
240813
241436
243490
241823
241707
241826
240358
241086
240814
241960
242407
242005
241614
242227
242686
240811
241844
242326
242582
241447
240966
241879
242779
240358
241142
244770
240987
241533
241695
241774
242329
244007
243579
242423
241680
241699
241447
242867
241699
239950
242002
242635
241271
240962
242688
243032
241999
239951
243191
242495
241017
242629
240813
242254
242705
243580
241693
244279
241823
241244
241719
242849
241446
242247
241447
240811
241363
243760
240411
242406
241234
242960
239950
242181
241147
241675
240965
242013
241569
241364
241826
240780
241826
240840
242339
240966
242404
243154
240502
242389
241787
240415
240502
243580
240746
241826
242701
241789
243823
240503
241772
241999
239953
243239
242389
242799
241542
243987
240360
240506
244442
241776
242228
240411
241370
241829
244619
241367
242169
241323
243092
242033
241826
242339
241142
242390
242782
241918
241366
241323
240413
243530
243119
240746
243418
241158
242958
242311
240684
240410
241703
242596
241887
241765
241542
241823
243786
240410
241703
240811
242339
240987
241546
242270
240811
240814
241823
242004
243513
242262
241436
243296
241159
242801
244161
241988
243222
241366
241763
240681
240504
241999
240358
240988
242958
242782
241371
243199
242555
241363
242003
241948
241614
242825
240502
240813
243239
240914
241542
241448
243126
241875
240410
240988
240506
243034
241482
242095
242391
240991
241827
244489
243434
241775
242965
241614
241837
240410
243513
243689
240989
243291
241466
242555
243025
243030
242870
242097
240987
242074
241837
239954
242689
241484
242434
242955
240987
241569
241988
241679
243418
241718
242689
242473
241721
240413
240682
242396
243907
242687
243470
242625
243970
242559
240962
240503
242094
239951
243135
242863
241825
242558
242097
243027
240962
244394
242407
242835
242178
242097
241543
243204
242274
240963
240934
243239
241528
242664
243530
242404
243134
242690
240286
242001
240505
242178
239645
242849
240811
241086
244530
242074
240976
240989
240504
241366
240410
243241
240818
240817
242566
241539
243269
241675
242389
240987
241830
243418
242483
242558
240410
240681
241447
241219
242566
241447
241271
241450
240992
242718
241947
241612
244216
242324
240812
242231
240681
242957
240966
242626
242425
243115
241395
241776
242378
241823
242199
241302
243134
240814
240412
242378
243824
241271
243178
240981
242352
243730
241448
240811
241920
241363
241771
242565
242250
240978
242165
243239
242002
239954
240987
239950
242378
239951
243135
242981
241272
241839
241236
240383
242863
241367
243368
239950
241529
241366
241236
243452
241368
240818
241830
241694
241528
241303
243191
244227
240811
241837
241699
243826
240813
243713
241366
245079
241611
244486
240990
241823
243230
242641
239952
242018
243541
242097
244592
242259
240811
241223
241246
242392
243091
242166
242852
240976
242583
241703
243067
241868
241141
240988
242412
242029
240502
242270
242863
243027
242863
241694
243755
241923
241999
241774
243096
241366
241774
242228
241823
242894
242378
242694
242958
241823
241366
241611
240681
242076
241334
243119
241988
242957
241151
243243
241918
240934
244002
242955
240987
241544
243189
240410
242020
241919
242403
240910
241545
239950
242558
241371
240977
243096
241779
241778
241233
243363
240811
242228
241366
239950
243257
241941
242563
241323
242172
241791
241544
240683
243416
241369
241776
243201
240410
241366
242567
245192
242903
243244
241528
243291
241988
241999
241363
241528
241991
242389
242297
241437
242227
242637
242560
241363
240502
242270
243664
243187
240811
243541
242378
243134
242002
240818
241447
241707
242745
242651
243134
242135
242897
241699
242236
242297
241446
241219
242719
242866
240976
243088
242788
242003
243028
241366
241367
241439
241702
243284
241676
241436
243649
244500
241825
243296
242378
242650
242702
241045
240286
242000
242139
241017
239737
241271
242328
240840
243599
240838
241988
240962
242779
242494
242565
241447
242127
242338
241548
240962
242180
242893
243586
240987
242955
243262
243665
243110
240979
241275
241864
241149
241681
241220
241447
243239
240502
241829
242865
242557
241183
244482
240963
242001
241142
240987
241918
241943
242591
241987
241762
241436
242411
241447
242558
241539
242839
243115
241611
241367
241150
241707
243415
240811
242708
241366
241823
241940
242114
239950
239952
241948
243114
243819
241640
243579
240777
242938
243023
242159
242811
241539
243567
240812
242403
242229
239737
242835
243415
239953
242162
241702
240811
240811
239953
240987
240963
243579
240750
242708
241826
240503
242408
241920
240503
240910
242094
241462
241436
242576
240987
242557
242390
241272
239950
241706
240976
242637
241826
241233
242166
241823
242892
243414
244042
241447
241703
242703
241784
241823
241143
243134
243505
242227
243417
242311
242382
242568
241941
242726
240383
241271
244040
242003
242955
242866
243199
241222
239950
243027
240681
242227
242178
242558
240412
241788
241452
241447
243038
241210
241367
242163
242135
241855
243030
242687
243054
241141
242350
240813
241837
243295
242869
241919
242476
241276
242162
240504
241528
241303
242337
241614
242563
242379
241607
242389
241875
242230
240910
241787
243163
242971
242228
241530
240413
242004
242349
241949
241363
243539
240818
239950
242003
241826
240818
241614
240811
242867
239952
243013
242227
240987
240987
241823
242635
242635
239954
242249
241210
240962
242585
242162
241718
243772
241819
242406
242003
243254
242749
241212
243365
242863
240814
242781
239953
242378
240840
242649
242664
241855
241918
241539
240820
241541
241826
240414
240988
241531
243070
240412
239950
241147
242013
242043
241539
240502
240988
240813
239953
242503
243204
241823
241366
241022
243895
241481
242900
240751
241365
241539
241947
241159
241918
242353
239950
239950
243611
242955
242718
242693
242004
240839
241324
241370
244234
242378
241682
241651
241823
241449
241827
241323
241539
240987
242606
242228
240412
242055
240987
241875
241233
240413
241787
241826
243415
242849
242563
242802
242955
243663
241837
243297
243071
242864
240694
243727
242378
242283
241363
242957
242544
241875
239950
240410
242987
242403
241618
241783
241693
242403
242227
243462
240812
241999
241789
243581
240812
241436
241839
242337
243366
241533
243135
240812
241638
240505
242328
240987
241878
244338
241447
242707
242097
240410
240811
240989
241306
242246
241151
239953
241694
242955
241363
241212
241919
242863
240814
242649
240816
240748
241438
244486
240813
241923
242958
239951
241271
242787
241279
240286
241875
242626
241720
241384
242638
240987
241827
241607
242473
241718
240359
243361
241363
241275
241999
241947
242389
240585
241845
240962
243214
243271
243727
241370
242680
242248
241855
240988
240811
241826
242779
241147
243456
240964
242381
241272
240389
242863
241825
240410
243357
240746
242000
243756
243490
240962
245043
243756
241999
241539
239950
242598
242598
242885
243420
241918
241142
241607
242634
241366
241823
240358
240502
240502
240504
243095
242235
241141
244486
240838
242339
243693
241609
242001
242163
241528
239950
242188
241366
241919
243579
239950
242635
241708
241762
240681
240987
240811
240811
242001
241210
241243
242378
241367
243984
240286
242957
242739
241363
242256
243292
241774
243080
241919
242690
241941
240753
242272
241763
241219
241045
242987
242084
242809
243027
242378
242167
242688
240964
241875
241364
240962
241611
243239
242247
241541
243505
244215
241543
240987
240976
242863
242004
243097
243203
240976
244093
243240
241437
240588
240414
242097
242664
241275
239950
240813
242097
241839
240962
242566
241828
240987
239951
242637
239950
242635
241918
240976
240976
240412
241875
239951
241220
242378
242406
243435
242403
243580
242635
240977
241823
241776
241271
241787
242568
241611
241366
243187
243097
241384
241826
242138
242210
242029
242608
243211
242557
240413
242688
240410
241162
244022
241478
242739
242175
241141
241022
241147
242300
242196
243652
241141
242254
241702
243973
241344
241366
242779
243205
244053
240502
242179
242227
240987
242112
241274
242779
241999
240502
240989
241210
242575
241214
241790
241607
241823
240910
241449
240962
242554
242299
241988
240410
243663
240502
241618
240413
240962
242974
243072
239951
243510
240811
240412
241219
239953
242645
243243
240815
243096
243417
241612
241704
244187
242101
241851
241823
243048
242801
242247
241271
242159
241447
241546
242502
241837
241303
241776
242473
241447
241271
240963
242849
241368
241676
243269
242234
241363
241789
240502
242099
243073
242473
241776
241828
242894
241436
242005
242731
242779
241612
243996
240412
240502
241798
241298
242863
242167
244068
241545
241918
241702
240987
241385
240750
241543
240976
242270
241907
242232
241366
240252
244215
241828
241774
242378
240988
241370
242787
241783
242002
240987
241302
241617
241372
242955
242003
242162
241151
243497
242406
240811
243070
243027
240987
241718
243271
241395
242055
240965
242563
241147
242565
243513
242286
241144
239950
241542
241369
241447
240811
241539
242397
241771
241855
243769
240811
241073
240410
241298
241366
242378
242625
241823
241234
242790
242166
243686
240962
240360
241824
244775
240813
242238
241113
242000
242167
242110
241367
245080
242557
242167
241798
239950
241447
240502
241918
242407
243285
242787
244049
242326
241364
242094
239950
242227
242786
241999
241274
242324
242378
241395
241700
241919
241368
240981
242311
243024
240410
241611
239950
242920
241233
241870
243027
242405
242725
241824
241449
240911
240752
241827
242097
243240
241830
241210
240197
242686
241718
242167
241679
241447
242071
241210
243060
243827
242714
243242
239950
241947
242852
241367
242097
243611
241950
241999
242779
239952
240681
242733
240412
242799
240746
242178
241824
241693
242623
242802
243239
241703
241826
241272
239950
240502
243756
241221
240410
240502
243230
240963
243825
241826
239951
242381
241137
241448
240754
240502
242433
242178
241826
241440
239950
242326
241450
241274
240992
243239
240987
241214
241855
240503
243271
240962
240410
240812
243028
240841
242687
241826
241828
243041
240818
240385
239951
240750
242955
240750
241364
242863
242403
241541
241395
241789
241366
240962
241823
241447
242236
241447
242802
242178
240977
241787
241573
242650
242433
240987
242071
242864
240503
242406
242394
242335
241363
241999
240818
241544
243759
243363
241710
241273
241366
242227
240910
240358
241965
239951
242382
243663
242745
242378
241368
240813
242638
242565
242863
241823
242005
241615
241366
242394
241528
241775
241302
240412
242389
241539
242099
242863
240990
240410
242002
243597
243272
242098
242501
240987
241826
242389
242016
242864
242006
241762
243128
243137
240965
242626
241826
242107
241539
242340
241363
242636
239951
242812
241270
241366
241221
241366
240751
241147
240414
242335
240976
242383
240987
242878
242071
243847
243026
240991
240962
242002
239951
241324
241528
242598
239950
241150
242811
241679
243431
243457
241542
239950
240811
241366
243525
240962
242736
241609
242863
242675
241777
242736
240410
243269
242623
241542
242170
242016
241923
242557
242802
242247
242688
241542
240991
242254
240046
243491
243421
241774
242261
240502
241826
240412
242863
242162
244220
241823
242518
242731
240502
239952
240410
241828
241600
240503
241682
241447
242099
242234
241369
242349
241233
241366
243447
243353
242649
241722
242799
243203
240819
241919
241541
243096
240814
242565
241274
241363
242173
241234
241271
239951
241271
241271
242631
240962
241366
242378
243687
240819
241366
240963
241548
240811
241449
241826
241542
243069
242554
240410
242408
241675
239951
239952
241271
240502
242034
243363
241366
241918
242227
240750
241918
241787
243837
240750
241607
241540
241532
239950
241938
242013
243732
240987
239950
240989
242733
242935
242403
241879
241607
242865
241699
241718
241542
243111
242558
244849
243115
239950
240681
241304
240750
240289
241529
241787
240505
241366
239950
242237
240811
241613
240287
241447
242230
242687
242560
243111
241233
242228
240694
242815
239950
241853
242554
242730
241539
242636
242641
241865
241303
240410
241018
242002
240910
242227
241875
241539
242378
242473
243273
241437
241612
241919
241219
241944
241219
240753
241866
242640
240503
241679
241314
243649
243552
241539
240811
241366
241438
241999
243510
240412
241622
243540
242863
239950
240503
244789
242782
242568
241449
243271
242163
242071
241137
239950
242234
243013
243445
243972
244100
241764
239950
242166
241451
241147
241366
241363
243415
241988
242691
240988
243217
241448
243363
243417
244279
240990
242270
243902
242048
239952
243361
241447
241611
241999
242557
241544
243593
241369
240410
243415
241436
241540
241852
242019
240910
242739
241720
240416
240990
243023
242234
242230
242340
242687
241822
243648
241880
241366
240746
242297
240962
241364
241774
241149
242378
239951
241299
240589
242477
240502
239951
241999
242633
241447
242864
241826
241542
240989
241271
243511
241396
241823
242783
243134
241367
241823
241366
242739
241302
241988
240964
242813
241448
240502
242714
242844
241045
241086
240811
244227
242227
242626
243134
242871
239950
242005
240682
243417
242571
243239
241875
241484
241703
242337
243261
243643
241988
241938
242806
241539
240750
240410
240962
241541
242863
242034
240504
242406
240962
242227
239951
242568
242403
239952
241826
241826
240962
241823
241370
242229
242956
240751
242659
242163
239950
241274
240811
240502
240413
242162
243456
240682
241449
242163
242000
241367
241447
242565
241826
240412
241823
239950
243583
241918
241774
243415
240811
240814
240412
242379
240386
242227
242405
241702
239951
240811
242407
241544
242379
241859
240988
240504
242380
241368
242565
243234
240681
242809
242633
242407
241271
241155
243298
242563
239188
242252
242687
242720
240821
242531
241826
242691
239950
241447
240502
242002
241542
241547
242568
243138
240358
241842
240502
242072
241839
242071
240682
242022
242163
242391
243980
240962
240811
243417
242518
242566
243095
241991
242162
240411
241452
242867
241718
240838
241546
241719
242563
242689
242165
241548
242112
241947
240987
240412
240502
242482
243023
242585
242403
241542
241774
241368
240359
240753
241366
242247
239950
241774
241447
241910
241611
240991
242381
241276
241272
240962
243178
242275
241879
241395
242002
240987
243418
241363
242813
240412
243595
242572
240504
239950
242178
240502
240746
242272
240814
242231
243026
241436
243756
242094
242390
241879
241000
241611
240811
242162
242002
241707
242690
242393
240502
241923
240839
241826
244214
240913
242633
240811
241611
244880
241370
239952
241543
243427
241999
241826
243686
243045
241597
242379
242075
242162
242299
242687
241771
242378
240910
243204
242272
241707
242195
242231
242554
242159
241144
243242
242230
242736
241706
241652
242403
243292
243686
241271
240964
241607
244022
243663
241363
242863
241020
241826
240838
241447
240502
244547
242173
240503
243244
241599
242434
240814
243029
242637
242559
243663
242958
241999
240811
240750
240410
241921
242638
241369
241693
240813
241364
242378
242560
243970
242811
241826
241539
243314
240502
242894
240751
241693
240288
242635
241528
242232
240811
242378
241447
242811
241363
242338
242627
242626
241528
242651
242547
242094
241787
242864
240502
241271
241395
243242
239950
242473
243665
242345
240502
243155
240412
240504
240838
239951
239950
243220
242254
241718
241542
243066
242312
241823
241699
242802
243023
242519
242894
241366
243147
241271
241999
242404
241546
242403
242982
241774
242033
241366
243415
242073
242098
242863
240963
240410
243438
242849
240697
241271
243755
241611
241141
243150
241615
243199
241826
242011
243530
241312
243765
242097
239954
242783
241210
242135
242227
243071
240358
239950
243418
242719
244443
242328
242266
242649
243663
241539
241539
243701
243642
243116
241824
243421
240503
243471
243135
241363
240382
241302
241436
242799
242003
243097
242955
242259
240811
243594
243471
241924
240410
243267
240681
239950
243756
242864
241607
243841
240963
242863
243359
241701
240811
240697
241370
242342
242863
241763
240412
240963
240962
241271
240962
241693
243134
241607
242522
241826
241364
240358
242747
240414
241529
242163
240813
239954
242563
242799
241845
243703
241141
242166
242234
241367
239950
243039
241271
240992
243204
242654
244050
241447
241965
240811
243135
241447
244098
242227
242013
243114
244045
241787
242339
241395
243027
243240
240987
239950
243417
241271
241363
241273
241277
242167
242866
242238
242311
241999
242378
241871
241844
239950
242473
239955
240990
243677
243416
241774
243064
243651
243277
241539
243054
243498
242097
243751
241611
243028
239918
242403
243229
241363
240976
242340
244051
242228
243162
241540
239950
243029
242687
240811
241837
240811
241921
244049
242747
241542
242237
242955
242784
242626
240814
241699
241436
242013
242628
243632
242403
242627
242097
242397
241370
241840
240912
241642
241542
241827
239954
240412
240505
239645
240989
243594
243583
242780
240681
241541
240811
242905
244042
243405
241720
243530
241363
241826
241528
242864
242310
240410
242894
242000
243421
240684
240816
242300
240286
239954
241141
241385
241539
242849
243846
241449
243057
240811
243365
241837
243239
242227
241367
240414
241827
241365
241865
241363
243363
240814
241447
240681
241366
240910
241271
240979
239950
243179
241300
241837
242378
241693
240962
242687
242164
243196
240811
243180
242544
241477
240360
240976
242893
243059
241451
243432
241675
240383
241147
241364
242014
240976
242389
243276
243582
241611
242247
242403
243363
243662
242404
242227
240910
242097
241545
240979
242392
241271
240818
241774
241824
242297
240987
243666
240746
242166
241545
243397
241147
242976
239951
242003
241844
242002
243663
240992
241539
243059
242175
241840
241312
242799
243126
241481
242095
240811
242228
241774
240359
239950
242779
242556
242097
243032
241823
240814
242299
241384
242864
244730
242627
242955
242864
242687
241436
239950
240502
241699
241275
241826
242862
244403
242003
242962
240987
243851
243189
242379
241398
240814
241704
243489
243027
242015
241447
241271
242779
242649
243687
240990
243414
240586
242572
244105
242230
242378
243420
242756
241684
242730
242181
241579
241988
242002
242554
240361
241920
241622
243031
242445
242002
240965
239950
242408
243241
241304
243889
243663
243415
242192
241439
241272
240988
241772
241778
242181
241366
243135
243663
242687
242660
239950
241949
242864
242626
242779
240987
243211
242246
242788
241274
242231
242565
241826
243121
241233
240683
241776
240410
240963
241825
243594
241368
242300
241395
241545
241394
241368
241539
241544
242118
243418
242396
240413
242718
242231
243523
241823
241091
241447
243462
242004
242687
242230
241988
240812
240963
241707
241271
241824
244443
243491
241155
240502
241828
241786
242637
243192
241787
241452
242961
241141
241481
243205
241395
242779
241365
243420
240818
241762
241142
243029
240412
242001
239952
241370
243134
240502
242403
240503
239950
241542
239950
243295
241707
240359
242744
240410
243203
241363
242270
244377
242349
241825
240815
240358
241783
240987
242813
241366
240750
240811
241843
242406
241275
241238
242879
243211
240681
242659
242340
240962
241272
242227
245690
240962
240962
243699
241234
241542
241708
242571
243663
242865
243096
240410
244215
242094
240412
242072
241880
241702
242475
241918
240988
240962
241826
239953
243275
241837
242017
241827
241272
242626
242687
240812
242174
242958
240386
240410
240682
242227
241922
243257
242379
243821
242162
242718
240816
242169
242392
241693
240506
241223
240987
240987
241543
241436
242389
241787
242233
242817
243030
240750
241626
241776
240839
241542
240502
242955
240811
242690
244147
240812
241693
241367
243292
241528
243190
242852
240962
241363
241438
240992
240410
240811
242380
242567
241614
240811
242636
241826
241147
242783
242781
240962
243297
241366
242195
240410
242407
241539
242956
244281
243916
239951
242557
242637
240752
240962
240753
242458
241947
240991
242234
241222
242783
241718
240987
242163
240838
242228
241718
243838
241441
241542
243375
240681
241999
241675
241386
239950
240358
241438
242745
241213
240384
240987
241142
243820
241787
241150
242445
240504
240811
240964
240987
242863
240683
240286
244579
242678
243970
241271
239954
242565
242271
241826
241765
240812
240962
241718
240503
242863
240987
241089
242563
241681
242895
242403
241075
242408
241219
240502
242376
242730
239950
243207
240987
243028
243847
241856
240820
239950
243503
240962
243026
242790
240991
240910
241449
241243
241999
242901
240503
241220
244863
239950
241271
243454
241825
241363
240502
242518
242403
240962
241300
241223
242266
240585
241363
243285
243908
240506
242687
242002
243935
240412
242247
240811
240817
241212
241274
241233
240750
241638
241541
240811
242690
240502
242863
244039
241918
242631
242678
242864
240987
242336
241787
242681
240750
239950
244149
241421
242234
241611
242780
242722
241363
241787
243101
243137
240411
240811
241699
239951
242094
241783
242783
240815
241989
242013
241150
242247
243686
240507
241528
241323
242963
243092
241271
241274
240751
243006
241276
241246
241947
242255
240993
242651
240987
242744
242173
243135
240752
240962
242329
241233
239951
241159
241276
241920
241210
240965
241546
242002
241828
240987
242652
240286
242745
241611
242571
241991
240962
240750
242565
240750
241149
242175
242426
242379
242071
242635
242404
241370
242405
241140
243610
241093
241371
242557
243594
242690
242098
240817
243097
240811
242675
241447
239950
241271
241363
242410
240819
239950
242378
242178
242570
242896
243449
242298
242125
241918
242379
242569
240506
241823
244039
243992
241831
243584
242014
241826
242335
240842
240964
241999
243203
242378
239950
242572
243203
240991
241528
243113
241703
241678
243189
243623
242347
242140
241233
241366
241275
242227
242275
241271
242566
243487
240502
242577
240990
241448
243080
242626
240049
243582
241542
242687
242254
241611
239950
243354
242866
240991
241233
240820
243188
240977
242623
243608
241675
244770
242298
242863
243361
242689
243357
239950
242013
243357
242701
240507
241919
242399
242094
239953
242100
239950
243751
240685
241271
245162
242760
241364
240746
241302
240838
241855
243826
241369
241788
242271
242397
243260
241440
241718
241274
241210
241450
242311
243121
243370
241720
240815
241826
242163
242227
242378
241450
241365
241366
241546
241366
241791
240751
241220
241703
239950
240585
240967
240410
241271
241571
240286
241275
240910
242531
240811
242174
242339
241936
241446
242961
240413
242076
242170
241489
242403
242649
240987
241395
239950
243134
241298
239951
242568
242045
243118
243030
242961
242297
242001
241787
242823
241144
240502
241826
243025
242403
242813
241539
240811
242554
241453
243204
242378
241787
241364
239952
243415
240987
243206
239950
241440
241823
240813
240987
243583
243221
241219
242639
239950
241302
242623
242734
241235
243240
242335
242389
243981
241481
241710
242801
241855
240811
241211
241298
243415
242473
241366
240987
241999
242577
242082
243272
242782
241089
241999
241826
243664
241800
242074
242431
243753
243663
241787
242678
241363
241665
240410
241920
240410
242229
242380
244674
241141
240503
241556
241271
242001
242403
240987
242017
240990
241919
241147
240988
242378
241384
242166
242403
240989
242297
242231
243579
242566
240812
239950
240989
242405
241144
240987
241701
240987
239951
242173
242248
241272
243420
240811
242249
243166
242369
242250
242114
242503
242558
242779
243109
241623
239950
241877
242378
241437
242349
243255
244486
243189
240410
239950
241702
240750
242897
242071
243209
242409
241825
242326
241825
242864
244215
241999
241048
243271
241543
241868
240815
243418
240750
242073
242864
240681
243510
241178
243821
240750
242473
243070
240410
244457
242227
242178
240410
241302
243027
242231
242342
241271
243686
243203
243577
242653
241683
241539
240410
242014
242015
242955
240502
241363
242971
240987
242690
242002
241539
240811
241543
241436
241948
241141
242107
242741
241851
241447
242803
243416
243416
243691
240964
242978
242181
242074
242783
241918
242170
241706
242636
241719
239950
242254
241274
241675
242259
242389
241233
242174
240962
241542
240988
243530
242254
241607
241276
242960
241302
242404
242423
241699
240358
241447
240811
242055
239950
242404
243337
241298
241919
239951
240910
242178
240410
241542
241128
240814
242687
240987
242563
242863
242162
241365
243109
241395
241528
242163
240914
240502
242985
239952
241448
242702
242649
240980
242958
242687
241021
242531
241789
243759
240816
240410
241366
242431
243707
243617
239952
242679
241395
241542
242626
242743
240966
241784
241947
240811
241721
242403
242884
243755
243417
241530
242958
243415
242788
242311
239950
243498
243317
240410
243211
242688
239950
239952
242649
243663
243296
242140
242297
242636
241945
242565
241988
243666
243070
240287
241999
243080
242623
242849
241302
241272
241548
241302
241859
242003
241999
240586
244099
241271
240811
242962
240813
239950
241447
241824
241720
241541
241329
241876
243204
242002
240506
241611
241542
242015
240411
241918
240410
242408
243025
243909
241789
240811
243822
242227
241275
242688
241542
240410
242013
241271
242408
242254
242959
242005
241703
243449
242565
242687
242558
242868
243239
242227
241363
242780
242332
240811
243575
239950
241921
242169
241363
243755
239954
241233
242160
243135
242095
240811
241989
241702
241539
243533
243027
244443
242771
242958
241611
241542
241998
243115
241303
241278
241534
242779
241611
241949
242014
242328
244622
241539
242165
241279
242405
242311
242687
244282
243414
240962
243892
240987
242302
239950
242784
241528
242688
241539
244395
242867
241826
243458
242337
240842
242955
240966
242195
243139
241449
241677
242718
242563
240681
242649
242001
244551
242811
240811
243649
243553
240504
240815
243919
243028
245097
243751
242380
242125
241542
240590
241386
240965
243180
240585
241828
241014
243271
241271
243819
241447
242311
242781
241823
242231
241845
240683
241988
242862
241363
242958
241734
241366
239187
241827
242380
242002
240682
242389
242164
240987
240811
242719
241274
241718
242866
241395
241233
240746
242337
243187
240681
241448
240962
241999
243055
242494
240962
243027
241735
241272
241323
241936
243054
242312
241826
244215
243594
243751
243974
240502
242955
240963
240410
240681
244091
241478
239950
242002
242867
241271
242634
243275
242563
244146
242461
240814
241313
242227
241302
242165
241921
241481
241302
241363
242279
241711
241783
242955
244380
240145
241826
241826
242532
239952
242403
241839
242403
243756
240505
242780
242170
241711
242631
242554
241615
240987
242169
240410
243190
241372
240815
242162
240410
242812
241234
242740
241922
242298
244565
242178
241918
242690
243200
241447
240838
243689
243689
240838
243998
240962
241142
241828
241837
242389
241271
241918
243663
241851
244384
240504
243970
242097
242014
240962
240990
240910
241222
242545
240502
240821
241271
242980
239950
241158
243325
240502
243510
240502
240965
243120
241548
242572
240815
241680
240358
243891
240502
241148
241410
240811
242231
242181
241449
242473
242739
242879
240816
242565
240382
241718
243203
242341
241921
241792
241839
241735
240359
242404
242779
242178
243098
240987
241366
240838
242300
240502
242160
242655
241542
242408
241938
242071
241824
240811
241364
242890
241675
242690
242227
242784
242570
240504
241918
239950
240502
242163
239950
239950
241693
241947
241617
241776
241762
241401
242000
242094
242100
242013
242638
242378
241670
241323
242635
242863
242573
241366
244310
241540
242378
241368
241971
242270
240503
241366
242564
242475
242955
241539
241327
240286
242474
239951
241842
239950
241787
242326
242178
240811
240750
242973
239950
239950
242389
241369
240987
241773
241363
240964
242563
242342
242342
242799
241826
241233
240746
241151
241541
240411
240814
240681
242353
241755
239645
240991
239950
241273
241447
243734
240410
239950
239950
239950
240507
242955
239954
242788
241570
239950
243990
240987
241438
242626
242557
243755
244375
242082
241366
242003
240750
243417
241611
242864
242227
241772
242687
240814
241539
240813
242136
240685
240502
242352
243686
241366
241699
242955
241771
240256
244134
241450
239950
240410
241830
240987
241368
243242
243115
242095
240505
241719
243825
240962
241222
241718
241464
242739
242801
242610
241823
240987
240977
242389
241920
242403
241274
241017
240748
239950
241937
242172
241477
241545
242000
242507
239950
240811
241826
243755
243915
241607
240964
242779
242720
242400
240911
240811
241485
243163
239950
241823
242255
240811
240811
242259
243595
242389
243644
239950
241302
242637
242518
240750
241271
241448
240980
241774
241366
242714
241528
242635
241087
242095
242865
240411
241826
241947
240359
244375
243240
241829
241481
240813
241918
242380
243242
241826
241828
240410
242259
242094
241800
242403
240987
240410
241451
241919
244605
242554
241728
241528
241718
242690
243491
241302
240987
242890
242228
242230
242554
241787
241147
241528
241682
242473
241366
241312
243909
242779
243934
240991
240287
240286
241271
242571
240962
242633
242233
241828
243260
242863
242339
242687
241373
241823
240978
242730
241706
243296
242231
242098
240966
241869
242635
241141
241918
241539
241018
240815
242555
241447
243286
242085
241437
242955
240286
243190
243415
241693
242345
242779
241619
241210
241920
241141
240503
242701
243586
242391
242637
243111
242247
242235
242227
241366
241988
239951
241702
241363
242811
240410
242403
241774
243416
241539
241368
241302
243023
243187
243579
242135
240817
244042
242272
241363
241723
243757
241422
240289
243418
241447
242275
240414
242328
241826
243971
241622
241438
242404
243866
242959
242687
241702
241363
242433
239950
242297
243242
241918
240751
244227
242234
240989
243109
241839
240286
240838
240502
240502
243580
244375
242854
239950
240962
241622
242071
242863
241702
241149
241943
241788
240838
241611
242406
243109
243194
243367
243367
243575
240502
242869
241831
240197
242173
241831
241271
242473
240286
241450
240410
239950
242733
240502
241675
240147
243153
241618
241272
241399
241693
241159
240686
242637
241149
242687
242378
241234
242955
242863
239950
241679
243465
242247
242863
242227
242178
239953
242690
241541
244351
240746
241367
242554
242473
241826
243295
239950
242863
240838
244442
241823
244053
241609
244006
242854
240410
242801
240502
242627
242962
243031
242178
239950
242958
241918
239953
242690
242691
239981
239953
241298
242571
241363
242971
241086
240410
242342
242595
243030
241777
243212
241988
240681
242407
240913
241703
241771
241608
239951
240987
242564
243415
242567
242166
241875
242779
240934
243203
242473
241999
240289
242635
241181
242957
241824
243594
242389
241827
241370
241452
242164
242956
242097
242687
241999
242403
242786
241437
241918
243239
242234
243134
240815
241449
243913
242421
241368
243297
242571
242349
240505
240748
241543
240962
242228
243096
241334
241818
242195
243028
239950
241699
243216
240410
242722
240963
241363
241679
241323
241950
241827
241826
242178
242782
242380
241539
241371
241693
242566
243665
241150
243419
241539
242863
242854
242136
243984
239950
241363
242813
241542
242342
243686
240811
241826
240965
243203
242956
241324
242049
241366
240694
243117
240987
240502
242173
241837
242162
243205
241918
240987
240358
241448
241823
242687
241949
240751
241734
241363
242748
240358
241210
242877
242181
240598
240987
240358
240976
240507
240502
241823
243487
241827
241774
241675
241211
241999
240681
244439
241549
240964
241840
243070
243206
241607
243294
242850
242863
242739
241274
241233
241614
243239
241370
241611
241789
240287
241363
241838
242813
240811
242176
240505
240816
242178
240987
241921
242744
242512
241837
242595
240811
239950
240990
242379
242235
242780
242403
241017
241451
241365
241546
241366
241221
241539
240912
240811
241539
243686
241947
240976
242863
242659
242690
240222
240977
241851
242730
240410
243096
241675
243111
240504
241823
241271
242015
241718
240987
241771
242328
241713
240412
241370
242963
242137
239950
240750
242745
242557
239950
242490
240811
241679
243735
240410
242555
243578
243203
241148
242955
241447
242521
240977
240502
245488
242071
242344
243490
240962
240684
242239
241302
243510
241363
240976
243415
242779
241528
241699
242868
240811
241210
243025
242125
243463
241323
241142
243029
242739
240838
242013
242231
241541
243715
242781
240816
243240
242502
239950
242955
241837
242178
242771
241785
242000
241704
241301
241675
239951
242094
242687
241699
243027
242407
240978
241826
239185
240811
241611
240358
243754
241436
242228
242389
241999
241613
243178
241233
240410
242730
241787
242626
241784
240412
243530
242074
242779
243549
242272
243983
241147
242688
244310
243178
241771
242168
241823
242780
240504
242390
240976
241922
241852
242054
241539
242959
242849
242379
242003
241539
241718
241838
242974
242980
243202
240502
241448
241569
240811
240503
241438
241702
240506
243365
241530
241999
242230
241237
240838
240962
241447
241366
242254
241718
242405
243233
240502
240685
242001
239950
241233
240978
241837
243896
242167
243134
241999
241542
241440
241947
243126
242403
241638
241699
243510
241718
241612
242473
242381
242001
242403
242563
241826
240502
242651
242782
240814
241823
240813
242378
241991
243415
242719
242626
240746
241611
244063
242811
242099
240818
241368
240963
242803
242223
242297
241299
242403
241271
241949
241918
243136
242256
243580
240818
240987
240910
239950
241609
241368
243930
242389
242554
242978
242013
241539
243970
242228
241271
240750
240966
241147
242002
240410
240502
242567
239953
241396
241906
243242
240502
242013
240686
241825
241148
240976
241947
241825
243213
243755
242779
240200
240752
240410
240358
242647
240410
241271
242649
242862
243271
241918
239950
241086
242312
240814
243825
241851
243042
241542
240987
243111
241826
243415
243488
241831
241720
243585
241642
242804
242749
242407
242154
241827
240990
241530
241703
243761
241992
242123
241539
240963
243678
243189
240410
241824
240502
241363
243258
240750
242567
240811
240504
242275
240987
242180
243577
242958
241878
241615
241363
240811
242688
241150
242563
241682
241419
242958
242473
242507
239950
241827
242338
240747
242610
242227
240987
242849
242680
244554
242002
242626
243415
243973
243291
242378
240811
242813
242730
242160
240414
243387
242626
240840
240977
241366
241555
242179
241783
242095
241542
242568
240963
242403
240966
242823
241366
242779
242378
243241
240411
240811
243423
241519
241366
242623
241840
243066
240410
241088
240599
240216
242381
242565
242002
241210
240363
240502
242013
241876
241611
240962
242002
241366
241528
242077
243580
243459
242623
241679
242176
243553
240811
242558
243551
242164
240682
241999
242473
241369
241539
240818
242409
242228
242195
240410
243758
242811
242228
242815
241787
242005
241148
241837
243523
240359
242780
242635
242404
241990
239951
241827
243974
243119
242975
242688
240910
241825
241777
241755
240820
239950
240910
240811
241539
241838
244164
241438
241989
243354
241323
244039
241447
241271
242910
242021
239951
241711
242849
243728
240977
241762
240756
240506
242058
242163
242228
240962
241773
242179
241988
239950
239950
240814
241303
241704
242785
242787
242403
243126
243240
241436
241550
243149
240290
242227
242357
243361
242339
243239
242779
241366
242815
241363
241298
242018
242853
242230
242227
241369
241918
240816
240752
244149
243647
242235
242171
240964
242780
239953
242231
243516
240967
241698
242725
240976
241316
244107
243115
240505
242633
240963
242283
241447
242901
241156
241786
240754
243551
240502
241544
241365
243934
243026
242812
241413
241851
243647
242779
243028
242786
243755
241718
240502
240415
243971
241486
240411
241826
242389
244770
243271
242781
241706
242688
240817
241220
241395
241141
241366
241991
243294
242227
240813
241695
240412
242403
243659
242163
243119
242563
243046
242568
244097
241302
243026
244280
242166
241611
240910
243240
240846
243337
241923
242692
243510
244001
240412
240746
240815
241922
241875
242517
242757
242274
242474
241614
241251
243241
242958
240811
239950
242955
241436
241839
241654
241210
242688
240987
241762
240287
241718
241365
240502
240987
241699
242043
243112
240811
240502
242409
241829
241918
242804
242392
242404
240682
242477
241607
241823
242097
243666
243488
241831
241877
241541
244615
243541
242890
241679
243025
241233
241707
240814
241539
240838
240410
241447
241720
241273
242557
243214
241999
241788
242379
241366
242973
242565
241569
242557
243782
241826
241851
243025
243487
242041
242018
241681
240992
242689
242651
243415
243510
243095
240976
240818
243823
240753
241867
240811
242378
240818
241543
240962
240682
244422
241702
241018
241542
241825
239950
241438
241918
241829
242638
243199
242173
242480
242337
242835
240502
240504
242718
241679
240962
240814
242554
242270
241773
242863
242958
240410
241707
243451
242002
242000
241272
242349
242626
241803
243680
242159
242341
240978
240815
242094
240839
241802
240811
239950
242955
240410
240989
242689
241033
243014
241787
242895
240962
242407
242340
243116
241141
241827
241375
242135
241611
242014
241776
243354
240410
241366
242799
239950
242178
240987
241484
240360
242779
242378
241271
243930
242380
241477
241762
241555
241271
241999
243293
239954
241837
240410
240504
241918
241610
240816
242274
241795
240962
240811
240811
241447
243418
240413
241271
241906
242626
242261
241614
242248
241655
240813
242179
241837
243059
243519
243242
241395
242955
240838
239950
241581
242627
240410
243119
240752
243523
241543
241826
240966
242730
241775
242227
240358
242001
241607
241305
240813
241539
241539
243754
241702
243415
242381
242396
242389
241774
241776
243031
242687
240964
245490
243025
242326
240910
244215
243215
241609
241851
241665
242180
240813
241419
241440
243664
241141
242232
240811
241366
242002
241363
240979
242002
240502
241302
241826
243459
244486
241879
243023
241570
241367
241999
239951
243663
242745
240410
240746
243449
240746
242565
243985
242335
244218
241876
243643
242263
243138
241271
242863
243295
241918
242565
242890
243260
241837
243263
241531
240987
240963
241222
242890
242270
240504
242635
244148
240748
241154
242787
242959
241363
239950
239950
241611
240814
240502
243586
240681
241220
241682
242005
242135
242408
242744
241826
240681
240811
242257
240839
243579
242163
242958
241371
240811
243239
241701
240987
241210
242311
240411
242227
242013
243269
242338
241447
240630
242239
242606
242408
241211
242623
241371
240962
244022
241305
242897
242015
244227
242406
241679
242863
239952
242582
242229
241823
242558
242378
242688
242739
242901
241438
240987
240814
243216
242405
241477
242071
240987
241827
241436
241720
241999
241789
241864
241212
243825
241827
244218
241823
240910
240989
240987
242654
240846
240414
241436
241773
242705
240988
242046
243415
241918
242230
243723
243487
240502
242565
240750
241921
240979
241827
243530
240976
240503
241141
243242
240681
240987
241918
242332
242815
244997
241826
241233
241371
242854
242851
243067
241712
241436
242718
241918
241363
240588
243271
242000
241787
242173
240987
241151
240987
241543
243033
242781
241451
241879
242227
243239
242013
242493
243972
242799
242904
241918
243267
241449
243233
240811
241236
242623
242864
241448
240815
242849
242378
240410
240915
241719
242638
242298
242893
243239
240413
241569
241774
241844
241540
242190
241530
242163
242863
241823
241613
240502
241447
241446
243206
243027
242473
242637
240412
241363
240413
239951
241366
242597
241450
242569
243419
243755
243094
242582
240361
241451
241363
241542
242389
242559
242342
241675
241447
240411
242328
240912
241547
243511
244004
242403
242228
242270
242135
241826
242086
242864
241826
239951
240410
243189
243580
244396
242234
240993
243091
241762
241919
241367
240910
243028
241999
241546
242005
241611
240987
240962
241823
242518
242893
241542
241675
243730
242172
242779
243209
240977
241918
239950
243240
241477
242174
241219
241367
243097
241385
240842
243393
244511
243643
241370
240286
242002
239952
240288
241271
240286
241947
240502
241918
241074
241838
240503
242687
241823
241539
242378
240988
242714
242349
240987
240839
240989
241147
244186
242706
241824
240811
241337
242726
240812
243683
241693
241787
240811
241762
242571
242598
241563
244447
243364
241219
241248
243415
241772
243985
240987
243026
242297
241363
243109
242687
242378
240746
244297
243614
240750
241333
243109
242297
241363
242002
242313
241366
240962
240818
242227
242409
243445
241864
240811
241271
243553
240258
243416
239951
243552
242248
243579
241971
241796
241611
241233
242979
241926
242198
242571
241363
241855
241363
243115
240987
240685
242638
241234
239950
240818
241875
242403
243824
242851
242097
242403
242779
241147
242085
242299
240683
242272
243594
242627
243974
243390
241771
243644
241397
241611
240937
241528
241788
242169
240755
241823
242378
242403
240685
242013
241829
241419
241999
240413
243415
242499
242733
242466
240410
241718
244334
240840
240413
241879
241477
242403
241302
241693
242303
242637
242719
240502
242234
241539
240412
243581
242780
242165
241219
241614
240811
241274
241641
242780
241861
241243
240963
241419
241326
241366
242955
240814
242959
241518
241771
242390
242813
241146
241607
241543
242262
240505
244306
242029
241682
242350
240838
243418
243267
242339
239950
243034
242800
240502
242163
243934
243663
240962
242250
243599
241270
241936
240811
239950
241947
240963
242071
240415
241451
242958
241918
240681
241880
241695
243031
242522
242094
242659
243014
243647
241875
242626
241271
240987
240962
240585
240911
242863
242960
241675
240681
243421
242227
242013
240991
240987
241363
241447
240987
241823
242863
241397
242955
241141
242270
241828
243207
241090
241539
239989
240413
244149
242779
242410
241298
243069
242227
243579
242782
242991
240504
241528
242652
241182
240918
241210
240750
243713
242863
242863
239950
242270
239950
241326
241693
242165
242403
242228
240414
243242
240505
240840
243487
243025
242403
240751
242370
240197
243178
243510
241693
241277
241225
242247
241305
240989
243490
241114
241706
240413
240988
242557
243415
242228
241906
240750
241763
240502
241302
242001
242002
243526
239951
242270
241790
243357
240811
240747
241450
242740
241919
241271
244513
240502
241718
242781
244158
242403
241706
241477
241881
241312
240987
243028
240412
242344
243973
241545
239950
242565
242261
242558
243274
243274
242830
240814
241693
242232
242231
241827
239954
241759
241450
240816
243369
242784
242629
242407
239950
242096
241447
243205
241366
242730
241546
243036
239950
241528
242162
243596
241999
241366
242355
241276
242955
241539
240358
241437
243501
240681
243510
243027
243097
242378
239954
240910
243924
240964
242276
243370
240987
242640
242227
241778
242557
241371
242779
243027
242813
242097
241271
243363
240988
239950
242803
242955
242815
241363
242094
239950
244309
242349
240814
242850
242378
242163
241539
242014
239950
243753
242013
240987
243385
242101
240989
243354
241780
242960
240978
240410
240988
241529
242270
240987
241271
241542
239950
242002
243273
240410
241365
241363
240507
241274
242475
243295
241771
241546
241366
241210
241763
240962
242405
240987
243207
241823
241826
245011
242227
242161
240507
241365
240681
241772
241436
240976
240987
241481
243203
240502
242135
241826
240987
239952
242324
241419
242392
241784
242247
241693
242897
240359
239950
243080
240410
242691
240812
241448
241210
242178
240412
243204
242881
243026
243258
241363
241366
241530
241875
241366
241366
240812
242557
242404
242297
242649
241370
242403
240502
241823
244009
242867
241436
242522
243149
241233
241367
241555
241447
239950
243369
241824
243665
242289
239952
242249
243427
240818
239950
242565
241826
241448
241275
240286
242890
240750
243906
240411
243686
242882
242649
242690
240502
243433
242849
241210
241844
241436
242561
242421
242002
240979
242958
239950
242215
241700
242730
242688
242652
243240
241541
242687
243938
242035
242163
240199
242568
241546
242246
242094
242019
241999
240361
240963
241364
242163
241712
242688
242433
242650
242690
240976
242378
242094
239955
240411
240502
240838
243520
241827
241826
241788
241707
240719
242577
243235
242779
242000
242351
243271
241539
240286
240504
240962
242739
243728
241539
242894
241789
242473
241826
243209
241113
243542
242666
240811
241827
244410
242123
241045
241363
242259
241693
242799
244149
240990
239951
241530
242432
243273
240976
240988
240992
241343
241941
242236
241710
241799
241299
242166
240963
243686
243110
241086
241999
239953
241823
240967
242159
243199
240503
242328
241447
241363
241763
242956
241147
241787
242554
242227
242628
242002
242779
242240
241540
240415
244147
243490
242327
242178
241363
242328
240963
242283
240813
240963
241599
240818
240990
242955
240990
241607
242227
242688
242379
242626
241999
241639
241611
242627
242479
242168
240842
240814
240504
241148
241018
242731
239951
241774
241363
240962
240413
241654
241147
243203
241539
241999
240811
241220
243203
242340
242405
242248
240681
241323
241918
241363
240977
243060
240211
241878
243179
243273
242408
241327
243134
240812
240503
240411
241147
242162
242390
241142
243937
241219
242270
241300
241210
243666
240411
240507
241611
241528
243487
241366
243416
241370
239952
241776
241363
242868
242230
242863
241367
242174
241762
240987
240987
240811
242865
241539
241614
240362
241363
243147
242687
242867
241452
240505
242403
241792
242137
243098
241829
241437
242084
242378
242473
240222
241999
242595
241399
243260
240746
242403
243207
242650
241384
241720
241365
241302
244551
241365
242627
241827
241840
243419
241816
241363
241823
242557
241363
241451
241367
241855
239950
240976
241399
243415
240818
241611
242228
241549
239950
239950
242098
241840
240286
241298
243727
242230
241764
240410
240694
244313
240963
240962
241323
243533
240964
240962
240586
242390
242646
241827
242473
241783
243241
240987
239952
240910
240976
240751
240963
241302
239953
243608
242987
241539
242013
241541
241823
241675
241363
241837
240964
241370
240505
240383
240412
242230
243415
242780
243759
241826
242019
243119
242164
243239
242271
242897
242000
240911
242687
242390
244187
242779
242745
240962
243059
240814
240286
241305
243682
243663
241243
241823
241367
242166
241539
241772
241143
241363
242718
242379
241541
243686
240987
241528
243111
241858
242623
242730
241918
244229
241137
240990
241235
243034
244553
242867
242003
241397
241699
242349
241542
242852
240286
241210
242690
241219
241151
241539
243117
242163
240962
241089
241384
242714
241719
241419
242378
243429
241141
241921
240503
241298
242235
242789
244393
243511
241394
244279
242013
242771
240989
241368
243027
243137
242123
242814
242011
241366
243239
241680
241542
243611
242168
244084
240411
240813
241364
242178
241367
240811
240814
242178
240684
242098
241274
241447
242167
244544
240962
242780
240821
242625
242405
243822
243134
242230
240814
241676
241543
241823
242906
240964
243729
242865
243599
242110
244689
242493
242958
243686
243205
240411
242957
240962
240979
243028
242230
241679
239950
243205
242011
243418
243025
241879
241607
241271
242229
241370
241611
240506
242687
243691
240502
241612
241371
239953
241858
240987
241840
240410
241830
242195
242123
241947
240978
242227
240989
240814
242113
242311
241699
241906
241367
242406
240505
242234
241865
242164
240694
240989
240976
242014
241611
240811
241699
241367
241702
241824
242422
240962
241273
243415
240967
242227
239950
242405
240358
241831
240213
240962
240412
239951
242715
241920
243677
241366
239950
242249
243358
241149
241542
240718
241480
242003
241608
243059
242648
241272
241826
241323
243387
241702
243149
243027
243045
241447
242297
241367
241274
240410
241823
241787
242270
241302
242378
242959
240976
241787
241918
242404
241369
241707
241837
241618
241447
241829
242719
241941
242227
241584
242230
242178
241824
241921
241447
242719
242801
240358
242002
241271
242779
243415
241875
242625
241437
242475
241539
243190
240976
243909
244148
242474
241679
243363
241622
241827
244043
241918
242373
243239
244147
241539
240968
241161
243581
241875
241364
243271
242863
243751
242898
241363
241447
241823
241305
242670
241441
241366
241988
242227
241918
241699
239953
242231
240987
242634
240990
240411
242731
241693
240811
240811
240962
240844
242342
241234
241366
241497
240811
241384
241447
241920
241693
241613
242231
241366
242378
243487
241440
241394
241541
242514
241858
244039
241147
241272
240963
241611
242236
241990
241272
240286
241540
240987
243728
241837
243773
242378
241702
240811
242005
242518
243015
240910
241447
242779
242229
241271
243199
242554
242403
242868
242972
243514
241702
242071
242788
242399
241528
241447
242013
242403
242403
240410
240841
241302
243199
241607
240962
240415
241718
243253
242123
243199
243057
242001
242247
243063
240681
244232
240750
240502
242730
240934
241447
242730
243510
240811
240502
241447
242741
244906
241540
241539
243109
240910
242881
242567
241271
242002
243222
242071
241539
242002
242407
242097
242692
239645
244550
239950
243057
243487
243254
243472
242313
241921
242239
241366
240750
242780
243753
240502
242522
240989
242014
242003
242283
240411
242013
241837
241609
241143
242956
242380
240410
240746
240750
242955
242163
242689
241369
242238
241364
240410
240502
240410
243686
241233
242097
242554
243153
244227
241707
240410
243028
240682
240681
241823
241783
242557
242074
242492
240504
240815
241366
241540
243031
243887
243028
242407
243123
242234
239954
240912
242494
241448
243727
242997
241323
241675
241212
242960
242169
241137
243365
242955
241275
242232
242102
242403
241482
241771
240504
243663
242405
240963
241366
240410
243579
239951
241363
240811
240358
243032
242227
243590
242260
242779
243667
242403
242271
241302
241875
242160
242013
242799
242719
240681
239950
241682
242771
242687
240811
242786
239950
243027
243688
242135
241528
239950
242403
242000
241453
241366
242009
241921
241789
240987
242634
240750
243646
240976
243241
240962
241825
241826
242271
241857
244376
240502
240410
242403
239954
241544
241371
242650
241713
240991
240812
240962
242378
241919
239951
241367
240814
243136
242890
239951
241988
240811
243365
240987
242782
242779
241327
240929
240814
240502
242563
239950
241621
243204
240811
241787
241693
243187
242003
241947
242248
242786
241607
241706
240814
242655
241271
242406
241855
240814
240412
242652
242690
241447
242254
241539
240750
241772
242071
242715
241826
240410
240287
240288
242403
240964
242516
242325
242311
242554
240962
242378
240811
241837
242378
242231
240987
240287
239950
241142
243824
240990
242730
240962
241271
240979
243577
239951
243368
241837
242978
239951
242227
241436
243450
241715
242227
241990
243180
239951
242811
242882
243419
239950
242905
240838
240752
242408
241271
240814
242405
241999
241908
243577
244285
242055
240502
242351
241233
240361
241607
243447
239950
242378
242557
242227
242228
241277
242958
243187
242581
240976
240988
240976
241143
243091
241323
243205
242863
241301
240813
239950
242739
243033
242493
243506
241366
243239
240682
241533
242568
243357
241546
240502
239916
240681
242405
242046
240965
243433
240410
243294
242585
242389
242800
240814
243134
239952
241370
241436
240747
242955
241447
241789
241400
242136
241271
241784
243294
240963
241481
241528
241363
240502
240410
241271
243031
244200
243248
240838
242002
242724
241920
243134
242635
241540
243415
240976
241785
241988
240976
242862
241542
240987
240781
239950
241841
241823
244394
243552
243241
241363
242245
242227
243449
243579
243355
242635
240502
240415
242956
243663
240962
242626
242056
240987
242002
241777
242002
243433
240811
241574
243122
242606
241875
242595
243747
243114
242955
242647
241448
243111
242396
242691
241783
242678
241363
242228
240585
241556
243216
240811
241447
242867
241693
243017
240502
241694
239952
241272
242866
241936
242567
242019
242557
242227
241999
241219
240410
240976
240987
240814
241541
242100
241837
241999
239950
241149
241918
240503
242379
243415
241372
242403
241233
243974
242403
240934
241446
241998
240963
240912
243419
241539
244150
240962
239185
241364
240987
241271
244215
242866
242408
240811
242799
242021
240412
242404
241721
241238
241366
240840
243080
241529
242297
240811
240962
242380
241693
243643
241826
243241
240362
242353
242097
241611
244026
243365
243470
241448
242342
243354
240987
242687
241436
241451
242572
241699
241276
240818
241840
241699
241272
243839
242421
242687
241539
242623
240746
241999
241776
243458
242571
241618
242461
243484
241366
242341
243365
241371
242555
243128
242624
242894
242626
240505
242166
241275
242958
239952
239950
240746
241823
241370
244215
243611
241558
241878
242015
242168
243457
243649
242563
242180
242166
240502
241270
240980
242732
242335
242799
240504
243434
240811
240753
241482
242098
240816
240410
240811
242162
239951
242392
240410
242097
240503
241837
240503
242569
239950
242958
243296
242744
241772
241247
242955
242866
242820
241823
240991
241699
244051
239950
241651
241419
243239
242748
242650
241787
239954
241142
241366
241774
243930
243762
240812
239950
242074
242182
242238
239952
239950
242687
243769
241918
241611
242392
241141
241528
241783
243204
241875
241703
241271
242381
241682
242864
242849
242270
242739
240989
240502
242173
242475
241539
243039
242378
242231
241999
242002
243294
242866
242326
241999
241829
240503
241020
241824
241947
242801
241366
241971
240979
241611
241363
243667
243492
240410
240502
242297
241366
243041
242166
243552
243199
240410
242955
240683
242554
241675
242407
243887
240672
242354
242098
241681
240411
243115
240681
242005
242520
243756
241154
241542
241274
241367
244039
242687
242638
242013
241368
241999
242270
240750
242254
241305
242482
241449
241679
240382
241313
241274
239951
241823
240502
240987
243691
240838
241765
241271
241607
242247
242227
240358
240410
242003
241157
241140
242232
241369
240286
242407
242227
240910
242718
240505
243580
241679
242956
242626
240962
241823
240811
242720
241826
242003
242227
242689
243824
242006
241447
239950
241323
241881
241366
241540
241772
240746
243418
242330
241542
241823
241323
240502
240989
242572
242649
242426
242019
242174
239950
242271
240410
243056
240962
242802
240987
241364
242002
241302
241679
241693
239950
241483
239950
240286
240502
241878
239951
242342
241679
241734
244674
241366
242403
242705
243091
239952
241048
241918
241823
241447
243635
240746
240934
239953
241705
242649
242958
242311
240811
239951
243686
240912
242890
242687
242000
241824
241398
242350
241370
240411
243255
242328
241947
241481
243583
241212
242649
242247
240811
240976
243081
240987
242170
242389
241234
242332
240505
243134
241371
241823
243025
240978
241539
241881
242015
242799
240962
241826
241877
244321
242653
239952
242853
241542
241368
241783
242495
241184
241375
240964
241532
242687
243039
239952
241918
242718
241539
242392
242227
242403
243513
244711
242852
244070
241618
241774
241210
241618
241867
241826
242378
242389
240811
239951
239950
242329
243137
245096
241824
241274
242353
242883
242206
242022
243829
243322
242558
241481
243199
242516
240811
240410
243239
242227
