349104
347661
344688
343201
343041
349504
347238
347357
348896
347676
348612
346115
348990
346986
350106
349656
346593
348831
346607
347998
350199
350564
347980
347105
347149
349288
347103
346284
346491
348505
344753
345901
348353
348300
351334
350962
345771
347298
345201
349073
347498
348288
347265
345606
348833
345648
349114
346087
347214
348107
348812
350260
349211
346466
345346
345474
348316
347654
351000
350984
348809
346250
346892
349269
346898
348343
345906
346452
346799
347955
348018
347575
347693
349144
347201
346733
346185
348258
344226
345134
347431
351318
348050
346204
344731
349712
351109
348428
347573
346226
349430
346137
347693
349610
346947
344497
349254
349413
347028
345607
349574
347860
348857
351012
347802
348347
346065
345668
347781
346321
345563
345895
347245
345664
347803
347509
346644
345472
347755
346613
346714
346718
345907
348860
349745
346726
348692
344444
348269
348077
346026
348426
352164
344690
348234
348417
348420
346955
349637
347610
346049
350470
347445
348357
350145
348525
349592
347395
346292
348678
346934
346634
349108
350419
348014
346409
345916
348544
347311
348354
349802
349848
348325
349141
347968
349366
347486
346397
347051
348458
348191
347973
350067
349756
345899
346021
344756
348139
344608
347743
350969
346177
347276
351933
347734
345009
349747
345055
346531
348126
347743
346406
346623
349193
349525
346270
347526
344541
346051
347038
349776
345122
344207
347473
347122
346272
349718
347305
346704
347227
349869
345547
348655
346893
347225
346548
346478
342762
343812
346429
344689
347608
347587
346230
349831
346325
348777
349634
346110
351092
343525
349028
345183
345292
349593
346891
348939
346502
347523
345419
346383
348796
346510
346411
348556
346639
345611
347387
348289
347942
345495
348333
347155
346749
347022
346396
349743
346730
346713
343926
345268
346287
346518
345001
348491
348570
345260
345505
349303
348558
347443
345594
345434
347477
348914
348034
346235
350192
346859
347206
348951
346719
350449
346267
348116
347323
348035
344814
347744
349766
347082
348291
346946
349220
346716
348042
347795
345714
345452
344342
346687
347494
347119
349047
349159
347006
349148
349496
347361
348817
347258
348538
345340
348673
348402
346129
348164
345796
345075
349306
344012
348204
346460
344240
345252
345634
348824
346951
345252
347664
347963
351354
349717
346791
348405
348308
349638
346994
346544
347142
345655
345655
345796
345996
349468
344145
347095
346115
348754
348411
347914
345654
349185
347430
348080
346140
348741
346275
350684
346814
346920
347426
345854
346594
345580
350390
345442
347417
348051
347694
346053
349130
346305
345709
349500
347558
348514
346477
347150
345507
347073
349388
348035
348780
346640
346065
346695
347231
346737
346465
350059
346136
348122
346332
344702
348916
344558
345653
348927
345348
346820
346548
344517
349078
348005
351310
350475
347816
349193
348307
347835
346775
348009
347317
348311
351113
347639
347162
346359
344720
346797
349130
345441
345802
345915
349962
347258
346628
348286
346358
347016
347257
349804
345566
347702
348930
348994
345835
350887
347805
349422
351113
345452
348710
346204
348962
348038
349656
350143
352121
349020
349970
347405
347743
347342
349804
345685
348425
344846
346880
349070
347075
346812
347111
345134
349933
345675
344592
349996
351066
347856
348019
346683
345584
349808
347384
348988
348992
347207
348941
346422
347525
348533
348146
349101
346592
345966
345025
350048
345818
349154
345248
349272
347022
348513
351642
345595
346532
347998
344864
347037
350230
345420
348542
347748
345709
350551
348308
348953
347306
346987
346514
350930
347079
348492
349226
349448
348911
347473
346795
348843
350207
350309
347876
348474
345173
348243
347229
346900
347410
350307
352635
351116
348833
345327
348741
347297
348221
346210
348123
349912
345216
347803
349936
347238
344555
347601
346673
347705
345369
347835
350478
347978
345067
349623
347646
346663
344160
346365
345721
350310
345773
347237
347188
347971
346844
347170
349462
348216
348001
346689
347482
348793
347044
347177
347183
346589
345924
346332
346021
349153
350868
351155
347094
346484
348768
347293
348152
345276
351276
346156
349260
348030
347291
348166
345916
345282
347035
347314
345785
347327
346729
346114
346227
346327
346947
346333
346374
345194
346866
347009
347258
347698
346612
346147
344985
350174
345788
345906
346601
346729
351365
346797
349366
347711
346287
346804
346189
346516
346342
348343
348223
344391
347698
347847
349658
347015
350281
344994
348386
347514
346672
346540
347583
346465
345190
346675
348704
347521
346643
345020
345114
345940
348867
345784
347144
349289
346365
343365
347487
346393
351273
346626
344500
351041
346258
348381
346647
345767
347790
344609
348022
350828
346625
345733
350261
347998
348859
350329
348038
345146
346113
348393
348693
347959
348404
347216
348451
346632
346503
348723
344860
346456
348202
346743
344956
348837
348632
346807
352190
346580
346339
346354
345787
347863
348859
345507
346138
347856
346422
346133
348702
351645
348390
347131
344495
347619
346311
345041
348974
347196
345132
346238
347561
348626
349776
347311
346303
346958
345298
347233
345663
345971
345921
345964
347209
348540
345638
349801
351629
346231
348013
345711
347609
344813
345371
347883
347472
347268
346362
347915
346623
349422
345953
348630
346823
348267
347365
346830
348216
349383
347662
346104
346771
346015
347707
345478
347172
348325
347254
346290
349273
347783
345929
347378
349833
347742
347555
345983
346018
350176
347120
349261
350343
350594
348614
346055
347125
347383
348066
348927
348877
345445
345275
347461
350812
348653
348243
346262
353114
345324
350955
347945
347041
346205
346893
346348
345477
346542
348568
348262
349032
349544
346332
345595
346465
348598
347217
349295
351200
350039
347676
348744
346621
345998
350888
347953
345946
348169
348836
348121
350117
345787
348192
345885
349216
349357
349390
347452
346370
347535
348085
346566
348744
346714
346792
350092
347767
350160
349242
348091
346075
348540
349195
347541
344326
347142
347510
348200
350468
344856
350992
349602
346958
348196
347380
345980
345836
347019
350117
347216
346447
348728
346850
346518
346648
344690
345906
347337
352077
345925
349892
346894
348175
348627
351511
346501
349226
347806
347723
348640
351132
344982
346815
350573
350317
345926
348104
346264
346620
345639
348409
346012
347202
345538
350053
345013
344130
347027
348470
347176
347514
350517
347511
348590
346573
348542
347681
349177
346490
349296
349355
346139
347741
346705
347509
345918
347816
346291
348508
346198
346130
349896
347271
349119
347891
347755
351257
347063
345255
347050
347937
349877
347891
349878
346142
348125
351908
346483
349244
347606
348966
348874
347818
347245
348014
346339
347537
348754
346203
346161
348162
349071
347744
348212
345666
345818
347563
348530
344588
346644
345954
347867
347114
347839
351976
347569
347627
346380
348747
346191
345698
347675
347218
349350
348819
346099
346969
350353
346079
348341
346195
349737
350153
348890
346486
346777
347843
345425
348566
347186
349311
347165
348103
345890
347843
347642
347441
347289
347776
347463
348576
346422
346647
353288
351576
346472
346239
346209
347603
348897
347308
347486
347539
346640
345185
346860
346283
348515
347338
347094
347597
345803
346021
348402
348787
345807
347821
345942
346097
347360
347973
349823
348783
347721
345614
345857
351490
346526
344843
348202
347419
350345
345239
348106
349492
348120
347333
345174
349189
346070
348314
349213
348405
348024
347376
344720
346834
345457
345608
349218
346623
346432
349671
352208
346220
346044
345647
348579
349834
348541
347056
346663
347216
347958
346013
344927
347630
346098
348788
348672
347438
347988
347846
346486
346402
348379
348340
349648
350255
349017
347440
345948
345079
349706
350038
346581
347159
346339
348649
350337
345182
346896
347234
343743
347860
348405
345459
345341
349590
349932
346241
346718
345970
348469
349339
348492
347172
349140
347674
348772
345206
349554
347811
344475
346623
348581
346679
346234
349543
348615
347801
345305
351709
347113
344334
344114
352362
348403
348548
345107
346175
347335
346084
345434
345843
348186
348487
346843
347100
345254
346902
346405
346087
351126
349473
348041
346914
351120
345045
348258
347999
347362
347347
349033
346780
345590
345948
345955
345851
350535
347464
345907
346288
348165
347552
345402
347347
346311
347569
348190
346366
347833
347017
347272
351316
349362
345978
347708
345593
347209
347179
350017
347933
346745
348251
347542
348350
347764
347339
345439
346402
349474
347853
350688
346778
348838
349026
347907
347618
349570
346032
348808
346323
347694
348286
345663
350972
346743
347813
349970
348677
352546
350245
347138
344913
346678
347461
346021
349100
348001
348543
345020
348360
346497
345326
350219
348115
347921
345633
345305
348572
344689
346641
347451
347671
346817
346537
346056
349926
343782
349071
349796
344882
346889
348115
348953
347570
346201
347230
345525
351013
346133
347857
350160
344178
348960
348183
347063
345478
346818
347646
348074
350124
350165
350430
348225
344835
349174
344089
346467
347894
346980
347998
346562
347360
346402
348888
344963
347692
348704
347829
347249
346226
347789
349500
351210
347002
345650
347618
347746
348596
347394
351016
344529
349846
345559
344242
348872
346010
349111
346726
347085
349017
347405
348402
349390
344702
348213
348151
349625
345477
350767
346398
346950
351208
346229
347883
346281
350223
347274
348751
346760
346411
348137
348070
347273
346988
350850
348505
346113
346878
347139
345918
349422
346588
346991
347806
346860
348927
346891
346821
347054
346200
344521
349271
347256
346137
345951
347045
346491
345595
347500
345106
347884
343953
350119
344991
348421
346203
347381
347826
349835
347616
344637
347027
346243
347024
344560
348245
351316
348805
346913
349654
345554
347795
350135
345796
346690
345677
347150
347937
346065
348842
347156
346755
347326
346586
345494
348466
346249
346814
347913
347711
348361
350463
350342
348028
349243
350736
345529
348535
348986
347149
348530
349208
349774
346909
346222
351242
347828
350025
345140
346123
346890
346465
345398
347520
347705
348691
347452
349233
348557
348249
348891
346884
343915
347208
348723
346070
347281
347651
351106
347058
349394
347889
345906
348137
344145
347903
345930
347903
343827
345772
346640
346022
349477
347832
347310
349473
346250
345973
349664
348638
346289
346866
349901
350720
347928
345859
344618
345079
347291
348258
347676
345595
346220
347834
345536
350755
350019
346879
349202
346770
344712
347213
349845
344114
349297
347488
346869
346381
349835
348404
350243
350092
346041
347342
346748
348703
347763
345782
346415
346505
347483
346870
346132
347206
346833
346229
345539
347478
347568
348025
346761
349153
349803
345227
347417
348255
347744
349696
346614
344720
347008
345622
345440
347518
345631
348598
348575
345023
348097
348387
345330
344864
350279
348055
346821
347177
346412
346996
345756
348473
346709
345810
350070
346100
349600
345748
347275
349080
346373
347297
348840
348471
347608
348678
344667
346373
346251
349043
347604
345288
349870
348023
349659
347147
349303
348627
347220
346977
349101
347186
348127
349120
347288
345990
350759
348919
348416
349735
346518
348735
348893
350577
346287
348597
347209
348141
347940
346797
344383
349001
346257
348899
349339
349405
347911
348021
346236
350037
346977
344665
345595
346302
347481
346873
345339
347238
347487
347536
346028
348928
349712
345795
346596
345976
349309
348791
346251
348466
345889
349258
345467
350576
347035
345671
344484
348637
346969
351221
349151
347333
347578
346726
347150
349175
344819
347597
346986
346085
348946
348535
345053
347431
350673
347580
348477
351072
348319
345627
347071
348526
347347
347860
347024
346997
350832
349781
345320
347482
346402
346375
348860
348734
348232
349587
347845
348840
347539
346487
347649
344888
346625
344012
346633
347457
346290
346387
347022
347347
345073
347515
347333
346894
346727
345528
348354
346287
347463
348616
345056
346524
346920
347587
346751
345896
345392
350605
347317
347952
345895
349131
347752
346956
347364
348447
347198
349245
347615
348794
344894
347611
346440
347363
347214
345532
347454
345495
346570
349421
349227
346371
347991
343689
347939
348200
350085
344863
344401
346756
347291
348153
347407
348402
345585
348512
348642
350191
347197
347671
347496
349507
349861
345094
345983
345632
345927
345691
347030
349300
345241
345561
347265
347639
345192
346251
347880
350785
348472
347422
348900
346716
347991
349697
350137
348944
346674
346593
347442
346702
347603
347932
346324
346122
351799
346527
345605
347740
350136
346589
346303
349666
346134
346894
348636
348124
348397
350929
346251
348015
345650
347915
346958
345406
346413
345497
350393
345794
347607
347105
345454
347133
348054
348923
344606
347299
344253
345544
349786
349230
345226
345281
346395
347384
345675
346211
346409
347459
349557
350028
349371
348768
348070
347472
350770
350724
348945
348444
350328
346259
349047
347905
348786
346845
348311
346271
345479
345436
346960
347740
347156
347754
346960
349853
345412
349270
346014
347506
348558
349145
348395
349332
346523
348342
347785
349813
347315
351257
347147
347284
347937
348091
345774
346918
347909
344912
347519
349563
348546
349552
347124
346342
346328
346303
346811
346952
346302
348146
347170
344208
347279
346571
346897
346708
348178
351797
346992
346295
345787
351690
348303
347412
346695
345385
348094
347972
349061
347371
346945
347179
347289
348757
346029
345675
347889
346821
348320
347859
347823
344196
348371
347765
348434
348833
347740
348159
348168
347004
347932
349623
347078
346322
352275
346765
345249
345870
345038
347516
346765
346010
350886
347602
346688
347432
348826
350256
347459
349044
351269
346175
346637
348513
347297
344486
351396
346611
349165
348532
348292
346892
347911
347153
346725
349205
347247
349580
346463
348026
349269
349848
347424
345798
346563
345871
346536
345055
344945
349928
348772
346143
349029
346365
346336
347843
348220
346141
347396
345788
347442
345717
346137
346219
346953
345790
346285
345387
345338
349832
347350
348620
345903
348489
347172
344171
345869
345606
347119
348370
347501
345557
346803
346924
348303
348392
347135
348228
345787
346231
350849
346029
345115
344502
346779
346044
348322
348581
351410
346559
348610
346014
350226
349338
348156
347940
352265
348876
347712
346863
349634
345871
351621
348202
348428
346635
351478
350274
348387
347793
344076
351121
350101
350941
348922
346995
345626
347807
349782
346664
343074
347150
349014
347005
351597
346964
346787
347015
346270
345918
348115
347369
346711
349437
346740
349110
350515
347912
348222
346392
350064
352106
346934
348442
350712
348116
346277
347622
347664
349434
347914
349541
345864
348997
351359
344070
348914
349708
348006
348614
346960
345375
348145
351010
348314
348252
345611
348111
347001
344114
348053
348481
345132
348095
348551
346695
348033
348407
343075
346965
349395
348102
348226
346445
345239
347671
347095
345143
351361
346614
346213
348458
347443
346583
347992
349315
349188
347938
348838
348985
348435
350149
345887
345721
346794
349804
347706
347495
347963
347263
346729
345493
346096
348291
349957
345154
348508
346264
347258
350327
348885
347075
346667
345390
348833
349194
350068
347311
348800
347345
346417
346544
347222
350723
348276
344938
348403
349123
349397
344595
347655
346445
345700
345418
346949
345757
344886
345820
348700
347680
345166
347448
350824
345151
347101
345847
347477
347567
347839
347049
347209
348301
346824
348749
347498
346821
349548
347698
345023
349713
347106
350932
348087
348185
346235
347209
350289
346789
345982
346416
347512
346998
349467
346740
347741
350766
344854
347602
346705
349035
348475
348586
346895
348403
345200
346761
354430
348899
347306
348570
347350
345765
349796
347640
348769
347581
350307
347661
347455
347853
350109
348337
346623
346844
346087
344147
348204
346191
348521
349473
346339
346270
345391
347427
347544
351455
349254
348052
345732
349427
346734
345121
348397
349271
348731
346440
345766
345595
347017
348465
347798
349321
345665
348271
351070
347588
350775
344985
348210
346010
347615
348861
346403
344262
347959
350048
348219
349020
349774
348867
347542
350180
348147
344507
349895
347955
345710
347067
346451
344854
349045
347935
347216
348055
347390
346958
346960
345490
345719
348175
345421
348674
351156
345294
345588
348610
348693
345526
347202
348243
351424
345982
349633
346593
348534
347746
345637
347559
346277
349296
348990
351602
347706
345446
348428
346314
345109
346465
348671
346284
345761
345729
346877
347423
347137
347930
348430
344986
351633
344383
348097
347986
345185
345231
347201
345787
347424
346972
346784
347169
347597
348386
348270
349965
347685
344717
347288
348363
344464
346677
344541
344720
347904
345571
346510
348644
345664
347160
347284
348483
347915
349167
346530
347331
349520
346391
347317
349038
346640
346772
346088
347439
349592
347202
347562
346505
346098
349598
345796
345134
346944
349005
348415
348752
346830
351124
351064
345451
350308
347054
349304
348272
347594
345856
347297
344899
346889
345140
346078
347306
346592
345460
347831
345595
347721
345369
345820
348998
346358
348857
349023
350276
349665
350188
347387
349530
350636
346464
348691
346491
348535
347516
347352
349237
346250
348552
348662
348746
347568
349642
345538
346568
347106
347751
343321
346797
350914
345827
348173
348720
346979
346758
344678
345939
347939
347038
344726
348435
345012
350238
347315
350709
347907
345020
345374
348037
348200
347991
349679
347620
347771
347419
350718
349227
347969
347501
350673
346752
348346
348142
347502
346718
344913
350091
348428
348010
350019
345013
348461
345946
347611
347422
347379
346590
345638
347130
349986
345280
346444
349226
344365
346195
346619
346199
346378
346600
344444
348012
347083
346417
348011
345604
347527
349210
351325
348858
345416
349123
349265
347962
344878
346786
346684
346315
345992
346680
345520
344430
347414
348868
346656
347156
344215
348179
349210
345018
344768
347372
347905
349805
348080
346493
348616
348086
345944
346275
344877
345451
343688
350616
344828
347733
345538
351353
346450
347212
348510
349562
350728
345599
348391
346552
347181
347519
351017
346976
347650
349710
345236
350636
345421
348067
346302
345705
347140
347459
349654
347273
345157
348781
347666
347128
347920
347854
347273
348517
349524
345026
348757
346862
348778
348782
346529
345895
347403
347793
348525
346294
347227
346002
347043
346460
347571
346406
347823
349811
348276
347278
349422
348597
344328
346678
344135
347424
349135
345212
349998
347837
345658
348018
347065
348435
351487
347673
349543
348699
347343
349929
345595
347881
349011
344737
345770
347142
347967
347448
348302
348190
347658
344722
345785
349159
348000
347495
345504
346802
347629
348582
346977
348709
348414
347890
347178
350741
348374
346069
346313
344209
346872
347813
345851
346102
349576
347058
351799
348816
345412
347792
346087
350231
348347
346015
345344
348190
347092
344726
348611
345113
350504
347249
350301
349394
348760
348027
349209
345989
348502
348921
348471
346293
345189
349650
346007
346920
346465
347626
349474
348893
349958
347448
350012
349316
347418
346576
347740
346715
350095
348960
347299
347957
346985
344441
349886
345987
349681
346604
345911
347885
352543
347308
350403
347919
347317
344706
347816
346737
349980
345589
349531
347842
346235
349617
349014
351553
349807
347965
347506
350131
346220
347795
345043
347904
348490
350938
345699
348005
346978
346644
347020
348870
348797
348326
347720
348383
346853
346439
348369
347968
348292
346949
344819
344381
345721
349538
345719
347102
347296
346088
347267
347401
343754
345857
347024
347732
345128
346836
350949
350424
345487
347083
347833
344870
348994
345832
343884
350563
345591
351060
347267
347683
347953
347060
347249
347999
345947
348044
348549
346491
348497
347151
345605
347736
348931
347479
343948
346825
347654
342430
349787
351776
347035
346955
347794
350648
346956
348005
345016
344298
346095
345635
346947
346237
346618
345382
346599
349126
348211
346419
348178
347500
350156
345661
346241
348401
351493
348986
350627
349333
346141
347423
348368
348933
345605
351348
344400
346007
346754
346429
347278
346634
349760
349623
346963
345461
346442
345936
347990
345280
350493
349119
345913
345731
347978
348092
347566
349601
347906
345502
348526
346264
348580
346834
345022
348107
346102
349263
348060
345979
349068
347293
347928
347891
348390
347737
349138
347303
350063
345527
346393
349922
347769
348049
348912
347309
346102
346424
346637
348177
349008
346268
347980
346422
348055
346963
347276
349094
347008
346923
345038
350472
346253
345835
345047
348034
345271
351062
348616
346309
349119
348852
348631
347039
346451
349943
351044
348047
349443
347418
349374
347870
347040
348465
347922
347782
346035
348143
349919
349415
346912
346122
346122
346892
349759
346527
345326
348328
348040
345826
344756
344887
346666
350706
346135
347930
346270
346802
349096
347065
346910
349744
344016
346633
348296
345947
346378
346526
346310
346021
343490
344852
351456
348237
347267
347727
349972
347369
347535
349422
345852
348281
346078
346940
346397
349548
346249
345912
347125
348903
347470
347427
345138
348211
344403
347800
345800
346660
347384
349959
345823
345490
347699
346150
346566
351880
345837
345905
345002
349718
348924
346803
349056
345313
347866
350555
346454
346962
346275
347262
348483
348999
348314
348380
349435
347878
353304
346474
348291
346213
346776
346424
347825
347223
348528
346903
347048
349718
349391
348661
345451
349281
346849
346320
345077
346122
344675
346793
349930
349342
345476
344894
352012
348606
347444
345259
345507
346534
348925
349285
346512
345933
347035
347793
349358
347418
346120
348522
348618
347796
346194
347096
348899
348314
348118
345992
347079
346968
348283
347789
349339
348628
348186
351099
350636
347845
351523
350024
346535
345434
345858
350080
347350
349229
348917
347759
345721
349676
346242
345966
347786
345985
347676
347894
346403
345266
347291
347980
347152
347526
346666
349943
346914
347524
349619
349050
344877
349539
350845
346447
347293
346665
344866
346734
346557
349655
347641
346098
351096
349651
345156
348349
349005
347052
351540
348035
350802
346497
350350
349532
351001
346587
347224
344597
348991
348751
352575
347763
348052
347762
346934
345654
345904
349153
346662
349990
349432
347666
347152
347287
349203
349073
345918
348692
347775
345509
349634
345751
346747
349176
344729
347335
347217
348508
349448
344958
346387
345477
347942
345625
349180
345739
348194
347383
348115
347991
348582
346392
347662
348221
347946
347816
347441
343920
347339
347995
345178
345984
346466
349724
347630
352132
349039
346433
347302
350609
345692
346839
347674
346872
346872
347432
349146
346407
349776
346994
349175
348128
347990
345729
348549
349129
348805
346135
346209
346396
350826
347545
346353
347145
347020
347852
346404
345584
347346
345748
345462
346709
346532
347261
348840
346805
348412
345766
343827
347793
347923
347658
352301
346208
343960
348417
348411
344306
349137
350961
348071
347679
345637
348568
347061
349341
345774
350088
350916
348541
345800
344082
345321
348597
347610
349032
344767
348543
347780
346368
349929
349679
347390
347780
345683
347018
346656
344152
347161
346328
344875
348413
345339
346991
350357
346543
345154
344708
350939
349386
347480
346119
345643
347002
348685
350248
345895
349336
348281
347140
345761
350265
349042
346364
346145
351538
350096
347787
346619
344263
350856
347248
348184
347843
347975
346061
349511
346012
349481
346110
349001
345373
347644
345595
348002
345889
346924
347159
350964
345541
350784
347033
346107
351702
348955
350526
347332
344262
348201
350328
345326
348709
349787
346700
345294
347788
346678
346523
345859
345822
345172
346949
347006
348581
348991
346213
348297
349046
345952
349830
349017
347045
348785
347428
348304
350190
347890
349045
349567
346408
347103
346593
350297
347650
347320
349456
344756
348359
346928
345107
349814
346502
348760
348079
346462
348937
349892
344045
347697
346972
346591
348781
345522
348011
347024
347866
348920
346355
347764
347824
348363
346716
348960
346261
346200
347621
345194
348177
347977
344120
347419
353279
345749
346964
350042
342795
346607
346826
349277
348625
346803
349443
348448
345047
345281
343539
347740
347168
350168
346326
349782
346961
348468
348375
351177
345437
348228
346546
346348
346605
346997
349321
347494
346098
348703
351385
347058
347544
346757
346219
348684
346368
349987
349407
347953
350343
346181
349114
348825
347047
347571
347053
347952
347280
346335
349502
346983
343172
345003
348693
350360
349663
346271
345195
348505
347759
344828
344489
345248
345709
348887
346436
349697
349783
346519
347307
345814
346884
346331
350697
344868
344208
347592
349667
348700
346817
347813
347180
348361
348182
345170
349591
347121
347338
347718
344196
344938
346589
347918
345787
346083
349604
347772
345356
343988
347413
346036
347729
348432
348571
350490
346797
347082
345979
346383
346671
345774
347101
349196
349534
348545
348046
351151
346195
350393
348521
345973
344549
348041
346056
345700
346097
349958
348223
350641
345026
349702
348064
347133
346111
345269
345981
346096
347506
347500
352817
350425
346210
346096
346878
347457
348351
348433
348266
345883
345850
348219
345247
346034
347950
346648
347177
347678
345647
346948
345506
348333
348302
349840
346443
346934
348593
348185
349201
346396
348733
347162
346439
348490
347834
347921
347288
345949
346931
346480
349571
348717
345020
349441
348539
345914
347337
349318
348705
346243
349810
348003
347840
345951
346139
345763
347229
348420
347607
345051
346919
346784
351858
349786
347870
346637
346437
344667
348419
346327
349002
345400
347509
348219
347536
345536
348047
347075
349776
350545
348674
348284
347267
346887
345226
347640
349047
348311
346903
347366
346685
345238
347851
346789
347178
347447
347791
348636
347172
345177
346613
347382
349306
348118
347905
347506
348115
346521
349031
346450
345037
347381
349199
348739
351011
345780
349277
347198
355137
349597
345788
346052
350855
344509
347206
347224
347438
348165
347546
348004
346388
347795
346096
348093
346643
344678
347901
346955
344826
347759
346695
345721
346891
345756
348516
349561
346927
344400
346585
347977
346083
344253
347589
345595
346326
344663
345778
346720
346229
344082
346104
347549
347133
346778
346359
346342
349001
346507
346493
345926
346966
348388
347723
344105
346819
347411
349561
345741
345884
346602
350669
348521
347820
346424
350435
347425
348117
348111
349158
348871
348152
346520
349156
343569
347948
344775
349233
345106
348997
346364
350059
345479
346787
346201
345903
346743
353554
347218
344690
346321
350952
346314
345674
349388
347428
347128
347268
346526
346341
346171
349024
347517
346322
347719
349025
346204
346269
346948
346997
346266
348651
349523
346810
347736
349191
350608
345679
348739
347208
348048
347686
352162
352049
347461
346055
349521
345604
347597
354098
345789
351838
348557
346053
347957
345466
345190
346610
348724
351390
347995
349326
349809
345526
349961
347414
346092
349252
347859
344437
347025
345558
348691
348523
348223
348946
349450
346754
345227
350137
350082
347871
349326
346102
346802
348014
345014
347498
347092
347566
348490
347736
346008
346889
348654
350731
347671
346692
346991
345452
348096
345661
346142
348519
349250
347607
348019
349124
346204
347669
345883
345295
344342
348654
348273
345788
347115
345463
349974
346471
346089
350614
348671
350184
346338
349180
347119
346973
345927
348002
346497
347076
345720
346248
346768
350554
346034
347017
348156
346369
347922
348823
345332
348810
345808
345820
345824
345595
350942
346415
349669
348117
345639
344758
349405
347349
345954
349499
350734
348703
350121
348045
348228
346734
345490
347655
349195
347652
347045
349752
348914
350094
349333
346341
347634
349418
347414
345766
348242
348784
347399
349727
345927
348094
348518
347981
347051
347933
346844
347412
346087
348637
347168
348471
349025
346248
351102
346411
349341
346079
344983
346271
347537
347496
346731
346742
347714
348238
343940
350406
347228
348252
346742
347214
348922
347144
349937
346270
349165
351140
345435
349221
349328
347576
347751
349603
348807
346926
349481
345559
345203
347265
345234
349373
346327
348060
348655
344760
345423
350207
350994
346334
348236
347891
345642
346639
347764
348746
349676
351819
347314
345470
348413
346595
350427
349375
348704
345709
349435
346119
349059
344690
349136
346493
346682
344629
351408
348810
348165
348554
345275
347896
345889
344921
347345
348665
346342
346129
348980
345465
346238
345897
350761
347432
346515
351192
348610
348763
348455
346862
348724
345658
349026
346044
347072
349034
346734
347170
346098
348159
348223
347570
347086
345763
347232
347764
348381
347904
345278
350910
347936
348978
348937
346705
347128
348797
346230
348385
345662
348982
347288
347111
348541
348490
347670
346664
347104
345610
348996
348069
346411
347889
346680
345507
348259
347971
346065
348385
346336
349007
345463
350293
346570
346309
344980
347760
348306
347238
348763
349682
344741
346818
348406
347260
349340
349237
348765
346715
349845
347797
347641
346527
345217
345289
345620
347653
349214
346528
347425
345706
345933
344386
344226
347811
347338
346291
346924
346387
350047
347655
346288
346626
346881
347644
346401
349171
345362
347133
349209
346631
350198
348402
347771
348049
346815
347765
347053
347919
351175
347308
352160
346442
350699
346480
348604
346098
347045
344690
348018
348712
345556
347922
350534
347850
347081
348442
348052
351386
347449
349201
348156
348942
343431
346313
348538
348702
349764
348303
346693
346220
346015
349625
347070
346296
347411
345210
350627
345918
346222
350535
347216
347220
346378
344403
347862
345927
351915
348872
351977
347874
347550
347018
348000
347992
350067
343758
345167
351114
349797
346699
347147
350669
345795
346197
348594
349413
345929
350359
347500
348058
347820
348453
346087
349036
347761
347093
349991
348015
349989
348481
345500
345778
346370
348679
347685
348290
345558
349849
347004
346617
344940
344924
345942
347676
346053
346988
348402
347208
348403
347925
350446
345280
349641
346048
351240
350788
348584
349053
349765
346136
346954
350726
345918
349207
347256
347809
348701
345468
348483
350929
346883
346611
348745
347101
350371
349125
346711
348530
348149
349396
350709
346389
348219
346004
346592
345352
348742
348870
351210
349093
346916
345676
343936
346128
349935
346797
345841
344080
346009
349858
349097
346378
347335
347732
345013
347619
348792
345548
344196
345170
345550
348336
346128
346028
348082
347931
345980
347175
346091
347379
345420
350936
346652
345419
349731
347006
344629
346651
346131
349505
347992
347142
348596
347424
349725
347947
347869
352216
350020
346533
347912
348768
347038
349598
349460
349655
348117
347811
344770
347408
346503
350121
345492
347994
346507
346650
346873
347380
348348
345871
346594
348321
346311
348250
350021
347917
349107
347107
345405
347959
344091
347755
347180
345690
345525
347214
345709
349722
344385
345059
345661
347209
347707
349025
351924
348507
345890
346359
346584
349823
345065
349060
347720
344790
347604
349137
347665
348815
347762
347430
347307
347645
346381
349027
342690
350593
349320
348230
349415
344018
346842
348072
347624
348306
348117
349081
345835
352376
347973
346949
349638
347254
349823
346809
347677
348748
345521
345434
349785
346278
349973
351875
345680
345343
346082
350545
347583
350215
350946
346929
346235
347423
345020
345882
347724
348432
348921
346201
347918
347300
346682
346366
348153
351489
350357
346162
348716
345249
345235
345616
346401
348529
345348
345595
348376
346418
346235
348835
348644
344566
346688
344079
346666
349837
346062
346406
348666
347519
347838
347282
346528
347025
344634
347393
349113
348916
348111
348051
349570
346941
346464
345115
347712
346836
348042
344330
345488
347633
352075
347065
349015
347836
346929
347059
347975
350927
352122
347881
350386
348965
347712
345912
347535
346169
346549
346872
346740
349444
350975
345766
354521
346960
349670
347047
345852
347920
347015
345882
346375
347357
351408
348524
344732
346178
347232
348318
347441
346789
346607
346009
348650
347285
346399
346697
349612
349694
348225
346169
348693
343690
348908
349721
348190
349128
346237
345324
349616
348349
344729
344627
346666
349377
347245
349106
349768
345376
345524
347726
349212
346245
349689
347800
348059
347626
348814
349594
349682
345689
347928
346096
348702
349438
346770
344702
346943
348857
345127
346450
349470
343746
348640
347582
347627
346541
349783
348111
345841
345748
347914
350713
348818
346993
350885
344682
347041
346311
347065
347614
348092
348881
349304
346543
347818
350237
346235
348620
344441
348487
348392
348340
346706
345830
347803
346190
345622
350199
344964
347148
350216
346791
347737
349117
347489
345736
344885
349216
348631
349542
345101
347568
346928
348764
343385
345303
345086
347302
349136
347799
350546
347089
348569
346995
348121
347817
350254
349687
352922
346383
348390
348399
346210
346206
347384
345670
344492
347050
348315
345895
344629
345785
350001
347703
346506
346695
347212
345975
347500
346424
349570
348481
347015
349649
349313
348026
350877
347953
348040
348249
347235
348932
346493
345461
350674
347943
346901
349224
347299
346608
346332
344921
350015
345002
347927
349119
350596
347831
348008
349562
347654
348098
347410
348983
352520
347685
347046
347510
346446
347453
349637
345876
350234
345719
349721
348474
348873
347949
346270
348881
346735
349183
346441
347357
350539
344876
347640
345820
348465
345691
347382
348850
347860
345139
347869
349817
345867
347585
348695
348115
348604
344895
345608
348703
347919
348183
345988
345867
346791
352008
348043
345033
345194
347833
343884
349549
349882
349117
346574
347189
348554
345695
348689
345924
347723
348966
346854
347366
348609
346367
349998
345139
349902
346411
348102
344506
347506
348893
346919
345451
348468
345922
346365
349685
346525
346662
345676
345435
346137
347100
348833
349527
350393
347106
347832
348633
347607
350071
346658
347598
347782
345825
344822
350290
346945
346423
348158
346341
349347
345595
348280
347378
347312
347912
346944
348769
345754
348012
347509
344995
348757
349106
345688
348459
350955
348447
351237
345560
348367
349503
345025
349288
353959
346955
349565
348436
349484
348561
349289
346541
345928
344702
345872
346452
345787
348344
345802
350362
350187
346749
349160
346676
349273
348689
349897
348238
346984
347550
352875
344627
345445
348944
348054
346938
347616
345035
345295
346817
349507
349377
345419
344893
346279
345406
347338
349312
349411
349497
348920
346612
345019
346538
347171
348620
348184
349246
345796
345847
346125
346024
347113
347351
346516
346671
346530
350170
348631
348675
347544
346245
347568
345834
347345
346176
346966
348894
344974
346658
347256
347262
347090
349334
347039
347693
346148
344944
346231
349526
348377
350601
346858
347142
347379
345913
347835
347635
347872
349002
347431
349837
347334
345187
347010
348318
347233
347879
346343
348068
346767
345594
347316
346056
348304
346401
350090
350544
345959
345527
344517
346284
349034
345369
347150
347071
347158
347587
348031
347730
345951
348128
345595
347858
345970
346456
349835
346055
347668
344343
348619
345579
347099
349630
347297
350056
349968
346733
350301
347239
350277
345320
348203
346042
348947
348639
350391
351809
348314
348716
347891
345724
346405
346515
345465
350269
345961
348745
345950
346034
347792
348215
346377
348019
345912
346501
347476
346902
346069
352027
345959
347610
350610
345801
349202
346562
345791
345889
345382
348850
346991
347919
345446
348598
349832
346148
350778
347920
344878
349420
346646
347446
345835
345194
346887
348082
346843
346976
350888
349239
345871
347820
346207
347036
350383
346499
347305
345970
345734
346224
345777
345966
348951
345634
348992
345936
347628
345497
349564
349395
347610
350280
346395
344916
346439
348976
348848
349515
348601
348616
344381
349890
343528
344242
348695
346856
348952
346531
345785
347425
347441
346110
346850
346199
345256
344858
349702
348494
345462
345743
347837
346940
348403
348353
347248
346356
344863
346059
348649
346014
346797
347598
345866
350143
349500
347496
346530
349566
344904
349429
345905
349612
350949
350518
344708
346937
346630
346988
348029
349164
349050
346022
345395
349974
348932
346058
347731
345503
346096
348654
345280
348594
349762
349840
347860
345808
346400
344690
348334
349740
350158
346566
346490
349423
345459
348759
346428
347441
346165
348450
349295
347975
345847
350701
346122
350040
346291
347418
347046
350349
347224
347350
346700
348795
347343
350661
349469
348827
350823
348999
343953
348810
350155
350070
348572
347595
348166
346942
346670
346644
346016
348887
347547
347806
349352
346514
347229
345121
346105
346283
347111
348272
348313
349146
349756
350477
346772
346995
351055
348015
349738
346912
347854
348033
349055
345110
348383
348778
348826
346356
344564
345824
347816
348289
347949
348283
349301
346536
346682
345626
347827
349051
346842
347059
346554
346305
345717
348197
345412
347450
347317
347852
347467
346478
346864
349429
348298
346786
349160
347973
347004
345396
344467
347003
352103
346058
347991
348603
349254
346270
348477
346466
347347
347150
347867
346672
346087
349496
345269
349040
345221
348508
346888
347418
347955
346389
349922
348362
347723
348876
348320
345940
349498
347711
345373
351413
347146
347414
346210
347629
345373
346081
348251
347183
350554
346611
347448
349244
347550
345564
349187
349205
348594
346770
345877
349001
344449
345544
345979
345787
347566
345594
351608
352071
346671
348993
346501
348786
345731
346995
348199
348662
346753
346618
346772
347779
349101
348236
345787
345726
349490
346640
348457
345575
345994
347380
345562
346402
351319
348744
346051
346455
347450
349272
347116
349463
351377
347055
345433
351274
347017
343796
347128
344570
352062
347282
347443
349018
345948
346497
347098
347340
350762
345002
348938
345557
343837
347952
350307
348408
345803
348076
348740
349716
347622
345768
346498
349054
348043
348004
348708
350668
347889
346559
346789
347381
348454
347275
349618
344570
349159
348991
351663
348823
347926
350538
346430
346883
345002
348930
347255
344204
344951
343467
347049
346977
348472
352470
345445
346210
349462
346525
347873
350972
346647
347225
344172
347444
345655
347517
346710
346264
347391
347983
348696
347943
349837
345506
348677
346700
349431
346821
345773
345473
347191
348168
345796
344858
345914
345460
349706
347083
347898
350074
345697
347412
349190
348902
349055
348814
348721
348076
345297
349139
347767
346224
345990
347723
346090
348857
351045
346882
347665
348236
349016
350563
347406
347083
349775
348702
349050
349066
347781
348118
349800
346285
350927
348144
347805
347739
344147
350134
348023
347934
347925
349386
347685
346302
351692
345312
346503
346421
345529
345665
345996
348342
346352
349696
348262
344863
347731
345745
347596
345853
346429
348160
348395
344971
347257
349554
345036
346587
347447
348283
348824
347480
346858
346893
345835
346741
346993
345433
348847
345857
346653
348101
346315
345972
349582
347400
347729
347729
348637
345744
347225
345352
348938
347709
352551
348817
347483
345748
348469
347429
350123
350408
346172
345896
346877
346064
345932
345938
348392
345596
348115
347972
348330
352034
347682
344564
346491
344238
347536
345952
346467
346733
348103
349490
345788
347699
345206
347507
344643
347126
346987
347630
346644
347194
347690
349825
347437
348285
346407
346519
349661
347245
346213
346968
348605
349930
350936
344738
348486
348499
347357
345595
345485
345010
347990
350068
349026
348009
347129
347630
348125
344667
347972
346590
347347
346713
349348
347868
349904
346231
351280
347850
348675
349633
347188
345419
346460
346110
347438
347794
348375
346038
347453
347870
349481
345148
347487
349626
345912
346795
349002
346270
346198
350654
346389
348020
347844
347185
350816
347905
344621
346616
345791
348954
347715
347702
347493
346492
348253
350037
346541
346767
349003
348046
348009
349903
346543
346096
349888
346033
347416
347507
348376
348188
350169
350022
347619
347229
346011
347345
345970
349133
347363
349544
347105
347976
349153
345804
343827
344278
347361
347001
347930
348415
344226
347105
347655
344304
346378
347341
347085
346941
347361
345975
348522
348821
351198
347422
347302
346893
344012
347152
346925
348142
348309
348000
347826
345625
348402
346289
346891
345398
343700
350674
347358
349452
348641
351288
349149
345899
345762
346893
346580
348610
348280
346038
346100
347324
344606
347911
349021
348718
349005
346216
348502
346534
345125
347318
346953
348688
346495
347953
344912
343884
350388
344718
346066
347846
348467
347769
348988
346991
348858
348784
345352
344262
347364
349500
347977
347837
347013
347743
347735
347864
345897
347515
347015
347847
346718
347817
346463
347357
346098
346855
352957
345747
347009
347173
349239
347972
347520
347365
347991
347085
347030
347144
347901
344496
345802
346835
345263
345395
346022
350748
348232
349245
345646
348496
349148
348115
347500
347001
349544
348378
346334
346967
346856
346263
345832
347127
346449
345239
349201
346983
347876
349508
346608
345953
346245
347485
346869
346405
348988
346506
345571
348210
345512
348567
347188
349097
348972
347622
347502
349506
351603
346124
350292
348051
349619
347318
345953
346548
348710
348399
347824
346646
345540
346497
344881
348793
346149
347639
347212
347953
345707
346429
346524
347794
345377
346190
347873
345141
349472
347788
347743
347653
346446
345717
347662
347632
348729
346348
349818
345280
349671
346976
348266
348859
349702
347854
349165
346701
347304
345383
347902
346647
347263
346888
346569
348605
348778
346479
346942
344498
347675
349841
349778
348563
346908
349336
347816
347465
345613
351627
345617
349445
347414
346003
344841
343365
348531
346596
348723
347438
346937
347318
348722
345178
346549
347091
346692
348464
346947
350091
351654
347304
348263
344835
346523
346549
344342
347511
344590
346713
348988
346036
344571
348943
347364
345035
348546
346464
348897
349446
345950
344575
347736
346744
346378
349959
347296
345668
346231
343416
347088
346245
348005
347109
348015
346464
344160
347692
349782
345257
344756
349055
346786
347946
348307
350913
347588
347483
346097
348034
347195
345925
345517
345347
345207
344685
346519
346988
346125
347678
345184
348846
348030
346347
348276
348113
347219
347956
348544
350702
346234
346422
348924
347184
350073
347419
345830
350126
349308
350437
348930
350348
347100
347332
347882
349804
346695
350722
349288
347603
347026
348917
347713
346833
347179
345292
344718
353906
349091
348450
347785
347533
345293
347648
348315
349295
346471
347928
348789
347001
348630
348932
349378
347771
349310
349555
346464
348133
346814
346756
346910
345385
345492
348293
344981
344993
344437
349153
345977
344208
348997
346751
348468
347573
346530
346885
348506
350677
346897
348594
347805
349585
351651
347494
348234
346623
349653
351221
348667
348475
349395
351893
345215
350460
346754
349352
347865
347832
345369
345506
349283
345900
347049
348720
347820
350797
348223
346929
348316
347172
347438
348986
346817
348530
345434
345269
346747
349286
345101
351890
346891
345281
347086
347255
350099
345624
346006
346396
349449
350403
348710
344490
346846
346343
347321
348724
347213
351757
346397
346880
347014
346922
348537
347302
347494
348236
347378
347552
346017
348314
345495
347677
349560
346817
347744
347708
346987
346511
348855
348888
348973
345592
347085
346697
349707
346201
345508
346110
345617
347707
345369
343920
349907
348846
346610
347342
349066
347768
346902
350091
346113
347012
349182
349487
345395
346328
347950
347137
347123
347155
345835
346414
346735
345666
345976
349482
349462
346726
346279
348131
346503
350902
351509
346485
346806
347572
346570
348944
346934
345371
350025
347949
345434
348581
347312
347013
345974
345922
349822
347210
348017
348135
349284
348389
348227
347954
345155
346942
344484
345581
345361
346980
348340
345365
346910
346209
346327
347503
348063
348764
351611
344383
346567
346987
347408
347381
347939
345794
349919
345952
346637
345400
346504
351950
348858
349381
346231
350011
345744
347322
344893
346017
349077
345774
346954
346711
344342
348258
348324
350216
346752
346497
345397
347380
346595
347187
346421
345466
348170
349290
349829
347190
348361
348700
352540
349668
347498
349181
349703
347903
351807
348307
346799
348352
347367
346474
347802
346611
344320
346623
346090
346705
345787
346885
346074
349478
345861
344756
348939
346854
347110
344614
350040
347371
351784
350603
345812
346387
348384
347996
348710
347239
349942
347694
345790
345401
349126
347135
346483
349271
351393
345605
345479
347443
345584
347335
346660
344400
345315
347549
350788
345844
348377
347881
349485
349223
349474
345894
347278
345223
345419
347802
347880
347425
348345
348374
347920
347441
348654
349462
348641
346970
344378
347803
350869
348638
346590
345668
351964
345306
351409
346305
350538
349854
348726
348076
346930
347216
346161
345502
347196
351207
346214
346977
347837
348812
346535
347379
347423
349333
347067
349202
350683
349295
348307
343884
349306
347995
348606
346911
344207
348705
347606
344519
347797
347330
346245
346560
347872
346857
347889
346290
347707
347678
346711
345918
348339
347246
350647
347117
346891
346233
348206
346165
347656
349490
348191
345520
347034
345945
348685
350248
346692
348663
345494
346956
346943
348174
349236
346907
345700
353285
346923
344226
346737
347002
348347
346495
348656
346659
348374
347188
348320
350058
350189
347392
349142
347226
344828
346387
348674
346177
349127
344744
347525
349606
346201
349057
347855
347610
349000
347801
347846
349830
345646
348726
346514
347189
348208
347912
345719
351032
347809
349417
348847
348981
348015
349188
348158
346432
346302
348399
345340
349635
349095
345009
348707
347988
347246
346070
347730
348798
345243
346999
344184
347659
348050
347017
344585
350552
347157
343755
347172
347610
345553
348302
348964
345227
345795
345904
351719
345446
348452
345343
351395
346896
349605
348285
347224
350906
349170
347528
348599
345949
345891
348417
348457
346849
344226
346077
347605
349378
350053
350311
347855
346582
349310
347304
342757
349207
347216
346606
346891
348739
347815
346818
346395
348330
347298
347577
346037
348276
349620
347777
347650
346935
344705
347792
346929
347500
350327
346830
352726
346297
344563
346010
344854
347214
345184
346492
347985
346210
343651
345854
348131
345434
347637
347586
348214
348853
345015
346296
346871
347826
349413
347123
345382
347513
349916
347849
347851
346355
347850
347311
351241
350167
349379
347458
349507
348208
348827
346984
347954
344591
347144
350046
350728
347828
348309
349426
350505
344129
348972
351777
349756
348427
346654
348607
349593
346515
345527
346979
346506
346479
346540
349369
347045
349053
348958
349355
350365
345447
345795
349451
345155
345416
346837
349894
346417
347338
345991
345342
349223
346030
349575
345373
347471
346769
348698
347390
348935
349378
347142
349552
346577
348314
346659
346147
348516
348509
347463
346785
348368
350971
349973
347060
347895
346747
349490
347188
345908
351591
349545
346979
352386
348010
351328
348814
346177
347102
347780
346448
349462
348372
348638
347277
347357
345745
349586
347633
349893
344915
351462
347501
346855
347722
347650
344862
348148
343518
347842
346129
349705
344966
348303
346004
348047
347146
348524
347472
351631
345732
347921
345676
350403
349146
347398
351714
346365
347434
346715
352566
346122
349927
348074
346370
347382
347759
346575
344685
345212
347458
346995
345781
347858
347196
346689
345865
347755
346674
347249
350338
350115
345292
346118
346097
348001
348747
347477
346224
349245
343790
347807
348840
346192
349638
349244
350287
345802
344701
349680
349295
347414
345112
350432
345658
348876
351414
348794
349178
348086
347894
347401
348373
346982
347187
349094
347220
348961
347001
346248
346843
347224
348902
348385
348697
344380
347042
348945
348641
345857
346212
349786
347972
345871
348025
346257
346101
347950
351426
347543
347875
347238
348489
349286
346495
347275
348926
346734
346688
347381
350367
346923
348147
345325
345381
346428
347853
345006
347412
346874
349637
350029
345224
346227
345523
345930
347936
346936
350177
351109
344844
343836
348275
347800
345795
346885
345790
345926
349532
348034
346268
346660
348215
347314
345013
346836
347108
348604
346698
347054
346570
347905
345880
345736
346923
346735
347812
348792
350609
345723
348573
349667
347414
346979
347605
342903
349279
348193
347139
347268
343703
346683
351986
348831
348484
349968
346303
349647
348434
346575
351124
346798
344750
348671
346450
346306
345493
347816
346371
348663
346396
346806
344930
349959
348670
346649
348452
348693
350776
346795
346413
349594
346226
346751
345874
346695
348597
344691
349506
346844
350114
347697
346579
348160
347674
348415
345928
346716
347644
347451
345610
347711
346659
350790
347336
347318
348802
346144
346103
346864
349283
346579
347080
346547
348535
347703
347864
348842
344910
344703
347181
346707
350119
344966
346482
349470
349199
349923
349233
348561
346092
348844
348758
345813
345762
348795
347148
346854
348903
348533
348731
346585
350492
347660
346397
350155
351850
349388
350142
344949
346404
347777
346728
348544
347291
347765
347717
346410
349190
347878
349730
348439
349211
349919
346290
345293
348511
344972
346831
349593
346153
347460
347194
345650
344115
344323
343827
347057
352361
347046
351970
347524
346161
346785
347056
348138
345179
349203
349553
348883
349593
348341
352148
346530
346579
345466
346719
345843
345301
346184
346314
347547
346856
347631
350253
347842
349943
348252
347523
348066
347881
350729
347662
349855
345223
346344
349392
346422
352588
346344
345990
347478
346053
345810
346081
346848
348584
347597
348553
345940
349936
348965
345404
348966
346030
347707
345595
349367
347218
346581
348207
346741
346125
346604
345495
347438
346380
345154
349724
345811
347540
346029
346163
349329
347134
348246
350972
348353
348458
349138
350214
347495
348246
349588
348650
348373
347770
344621
346104
347079
347347
346586
346896
346539
345421
347310
348250
348093
346698
346740
347634
346797
347023
345931
348982
344887
349091
348542
346924
346764
346353
351388
348643
349846
346314
347087
347081
347706
348856
348261
343983
345560
350744
349820
344632
348049
348055
346167
347833
344610
349377
346144
347910
344488
350184
348555
345296
347217
345894
346189
346959
351631
346931
348718
345655
348876
347914
344661
345800
347848
346897
348648
347697
345695
348670
346535
347037
349670
351950
347281
348090
348544
347554
348981
347476
347340
346304
348769
348051
346149
346407
347572
347024
348697
347982
347951
348980
344262
346088
349914
350380
347822
349324
346481
347675
350265
344208
348089
347847
346853
347670
345295
346548
349136
347793
348204
346421
347145
347934
345194
349388
347603
348122
349685
347944
346469
347176
348785
345753
348014
347812
348539
346342
348807
346006
348810
348977
345290
348843
347943
346109
345579
346695
348062
345047
347857
346378
352698
348925
345652
348817
345535
349868
345474
347862
345574
348733
346796
348475
345160
346218
349983
351029
347301
343891
350191
346286
347568
346463
347222
345950
346993
347166
346372
348217
344805
345787
354573
348875
348230
346842
346278
347837
347546
344723
346022
345721
346541
347887
348480
346885
351337
348936
345957
345203
348703
347135
347640
348246
348177
349034
346503
348066
345305
348369
348808
349147
345778
348644
346456
346797
348318
347977
345983
350865
348820
347127
347668
344942
347017
347802
351162
347436
346447
346553
346053
346334
347050
346303
350108
343904
346742
346845
349734
347157
350615
347249
349644
347372
346506
349029
350788
347070
348733
345229
348025
344965
347150
347375
348228
351263
346972
347040
348526
347487
346598
346228
346912
345242
344936
347959
348015
345845
346925
345541
347148
349892
344844
345295
344811
346770
346952
346892
345227
347075
352722
345180
347166
346883
350622
347458
348801
349704
347409
348966
346745
345504
345721
348084
346590
347481
347705
348322
346583
349609
348636
349465
348708
349004
347683
347164
344678
348337
346497
349899
345950
344720
347012
350028
346396
347097
348961
347252
346941
349029
347490
349219
346946
345927
347419
346700
347116
345463
345020
345410
348182
346131
347594
347577
345507
345238
348815
349073
348508
343891
346605
344914
349425
346440
345505
344748
349048
347629
348097
349311
344400
345047
348695
347655
347790
345114
347518
347263
347472
347971
348325
346561
347515
347806
348661
347263
347564
347303
345351
347694
350806
348660
347980
345020
348394
346917
348510
348302
345916
349571
347079
345424
346120
346952
348330
348147
348481
351149
350314
344701
344378
346837
344464
347770
347595
344564
347759
347240
347025
349518
347136
348609
346402
345460
346815
347266
350756
347324
353688
345094
349693
344864
348371
346046
348168
347953
346525
349607
350265
346329
346622
350614
345129
348514
346435
348540
345954
348141
346958
347494
348391
344828
346450
346607
349030
347880
349076
344754
348091
350793
347405
351513
346336
346092
347968
345751
346462
348380
345579
350320
346499
350981
348765
346342
349178
347252
349061
347619
345526
345528
347513
347692
345378
344927
346608
345720
346576
345849
346786
347214
344702
349638
347585
347752
347395
349162
346805
350222
350779
348048
347256
347414
349060
350100
345337
348186
346087
350655
349636
346221
347879
346383
346886
349364
346856
350432
350188
348117
348905
349869
348144
348715
348287
347174
347422
346996
347898
347000
347210
348791
346640
345079
348808
346527
348917
346528
346851
347485
346987
348514
347461
346533
348034
347801
347739
346361
349526
347585
346350
348556
352286
349057
346395
347083
348782
346592
352735
347428
349459
346708
350083
345223
345157
348170
345200
348663
349988
346138
345302
348813
346954
351689
348087
343386
348229
346778
346217
348779
348299
349742
348277
348134
346972
348468
349030
347275
345483
349449
346872
348058
347865
345616
344802
346297
346341
346290
346025
346695
349537
343375
348053
348708
347404
347202
347041
345878
349097
348434
348995
351584
347357
347301
346873
348181
347698
347763
346872
348034
343322
345820
349329
348116
349153
349911
348193
351034
346746
348783
353581
344890
346934
348567
347919
348406
345912
348224
347348
348084
345899
347929
347180
345269
348822
345460
348326
349751
347495
348841
347123
345791
345113
350915
346763
348143
344382
347006
347724
347947
351039
349958
349002
347717
348225
347541
346845
350103
348813
345637
345076
347557
347743
347210
348358
347699
347802
347920
347098
347193
347959
353515
348098
345918
344304
345869
346044
345341
345928
349152
347347
348628
348593
346315
346787
345369
344551
346716
346535
348118
349634
345981
346439
346219
349386
345045
348022
350254
344289
347308
345203
349080
347372
345293
347730
346644
346681
347468
346908
346016
348314
349574
346901
349569
348401
346464
346737
345867
348067
345377
346186
346929
347322
345574
347553
346694
345895
347880
345644
350094
350713
347114
348503
346184
348580
347865
345825
348898
348591
350398
345249
348325
350480
349173
349509
349503
345485
350425
346973
347994
347414
346718
345536
350810
346865
346741
347603
348071
347398
346490
347509
350325
345454
346799
346244
346712
347541
343953
347355
345820
352721
346621
346903
348007
346751
345710
348463
352233
345920
348603
346226
347406
347470
346515
348338
346400
349999
348574
347014
347728
345451
347860
348681
350204
347597
349347
348640
350348
346718
345067
350380
344935
348688
347105
346818
347617
346760
349077
348972
346698
345992
345817
345912
347800
351196
345198
348627
345755
345268
346820
348263
345488
348092
345370
348289
347977
345788
346986
346817
346389
346262
347575
346444
345002
346477
348478
347910
347104
347616
349146
345150
349716
348835
346937
347576
350681
349245
344489
348233
348983
348504
345592
349321
346495
347870
345164
349215
347854
347227
346716
345710
347691
350710
347885
345855
347730
344531
347111
349492
346143
348527
345659
346923
346145
346503
346624
347615
347392
350007
348018
347390
345603
350847
345212
352649
352905
347821
344405
348318
347461
346077
346366
347507
348521
348629
347577
347420
346003
348288
346698
347595
347558
350275
349321
349752
348723
349562
345185
348637
349263
348555
347214
344869
346822
347572
348273
348374
349098
347324
352146
347339
345443
346951
349337
345765
347328
347806
349039
346856
346790
345652
344831
351641
345417
348424
346601
347752
346789
344898
349658
345144
347987
347136
346548
350465
347919
345844
348739
345151
351863
346353
350899
346524
345604
349472
346693
347595
345508
346925
348083
349124
350540
344496
346915
346199
348540
348652
346912
350177
348691
346561
345901
346489
345944
348541
346587
350200
347507
345972
346643
346280
350303
349460
349102
346580
344160
347451
345787
348324
349824
345227
351518
347627
344195
347440
349134
346526
347640
348710
344030
345947
344374
348523
345806
348090
350445
347384
347529
346675
347557
346473
346151
347416
345123
345453
347296
345777
346936
349121
348170
349413
345027
347379
351455
346848
351253
347403
348069
348562
349886
346548
346905
344972
344547
350675
348110
350357
347994
344394
348506
346178
350170
346004
349717
348551
348336
350539
348167
348845
347439
346386
347824
347416
347008
346027
346003
346122
349970
349077
344208
344778
347861
347852
348574
347062
348456
349627
346361
345850
349040
346430
348260
346750
347975
346027
350071
348145
346443
348355
349098
347199
351214
348551
348028
347529
350366
350534
348590
346736
351082
346782
350762
349670
347473
348876
347338
347276
348592
346243
347030
348322
349285
348234
347527
345974
348235
343503
346801
347347
346882
349566
346105
348617
345864
346087
348050
345294
347187
349113
348753
349513
348989
349426
345822
345002
347224
347593
346736
349628
346086
348510
346266
346372
346834
346452
348046
349261
346702
346390
344385
348256
347959
345550
346238
345413
350304
347609
347572
348618
346501
345595
350318
347486
345101
345810
348361
346133
348713
347844
346439
346187
346052
347927
344334
346378
346094
348263
345780
344186
347650
344853
344418
346063
348085
349430
346285
347409
345657
347279
345986
351160
348413
347957
346731
348178
348724
348425
344894
350162
344940
347512
348823
346504
346501
347736
346584
344912
345014
345784
346093
344702
349885
347165
345311
346176
348198
347838
347000
347623
349780
346693
348540
347677
346715
345109
345127
345999
351216
347188
347618
348491
350542
347103
347586
348617
345777
345297
347956
349050
346705
346109
345109
347299
347633
350730
349237
349429
347105
346146
348280
348167
351517
348855
352087
345859
350203
345997
346632
345671
345628
346820
346269
345992
346210
347685
349528
347998
346720
347567
347930
347557
344446
348343
348243
349750
346440
348133
349358
351896
350487
346107
345237
350733
347662
346355
348257
346871
346008
346469
347292
346448
353431
347318
349771
344883
346318
348374
345142
347296
347665
349924
346776
347967
347029
344910
346517
348157
345244
349531
347423
349751
347668
347415
346695
347833
345160
347069
352751
348877
345046
347910
348178
345826
344667
347258
347294
348949
345763
345740
349961
345082
349123
346008
347925
345420
348459
347273
348255
347189
346473
343422
345191
349950
347855
349518
350675
346643
345470
348969
346534
346692
347616
345984
345918
346217
346720
348434
348855
346596
348627
345934
348161
347504
346122
345061
350289
349152
348852
347250
346469
349353
347754
346613
347245
346895
345947
347435
347789
345949
347696
349634
347115
348203
351049
348293
345913
347048
345162
348206
347437
346660
349964
351099
345545
346987
347678
353161
344829
346740
346724
349098
346110
345455
348337
347460
345749
347642
348717
349006
344825
346789
345271
348873
348849
346958
347657
346230
350039
346533
345985
346195
350277
347829
343949
349153
347112
346764
346279
347562
348020
346980
344307
350858
348108
344870
349550
347174
347284
345466
345802
345595
345415
346044
347710
348090
349757
348199
348115
348031
349416
347645
346245
347390
349474
348069
350348
346887
349281
346706
346250
347637
346229
347507
346832
346758
348946
346684
346577
347048
344360
346292
349599
349245
348425
347563
346078
346788
347867
346688
347415
348737
350190
350014
346770
347949
348593
347033
345603
346263
348277
345614
346066
347002
346271
346437
346245
347631
346894
347262
348193
345928
347523
346409
347003
347286
348185
345990
346775
346456
348726
349313
347072
348044
345316
348652
351985
346437
347490
346788
348216
349577
345330
347781
350033
347974
346590
347898
350404
345800
349442
348639
349698
345843
350261
346857
346364
347141
345156
348761
344207
345338
350505
346837
345790
346826
350322
348158
347321
345277
348705
348800
344765
346273
345453
349845
347166
348864
348015
346843
347849
348080
348116
347749
345725
350472
349871
349782
348993
347614
346237
347531
344240
348968
349229
347913
349871
350109
347612
347116
348928
346841
347079
347737
349705
347749
348013
345341
347834
346589
348011
350079
350152
349182
347423
347150
348314
350362
347826
348046
346207
346741
346979
349574
345611
346980
346369
348374
347555
347064
348180
347733
345303
346836
350458
344459
347682
346518
347963
348101
348361
346141
347087
345928
348710
348121
344570
348960
348375
346474
347414
345823
347660
348334
346515
346806
345317
347697
347510
349675
346027
346992
344184
350865
347160
349246
343518
346288
346697
346400
346954
344184
348765
344968
348006
346755
348803
350256
347509
347240
344773
345296
348227
346487
347371
344294
344913
347507
346772
346851
348551
347808
349033
347202
345915
350722
348098
348355
346879
346920
347759
348831
349303
348849
349075
347870
347178
348831
347434
346647
344433
347367
347070
349466
349511
347953
348863
348285
346531
345470
352205
348147
344937
344390
349355
348203
347881
346614
349332
349616
349125
347317
352124
347084
346353
349175
350614
346497
345875
348616
345721
350478
346576
345710
350620
347406
349216
350920
346935
348824
346390
349543
348456
348371
350805
346908
348421
347819
349873
346753
346957
346018
346761
346805
348295
346090
345554
347409
348860
347155
346306
345595
346122
346828
346458
347145
346182
345696
346895
346657
346458
349438
347689
344921
348189
346720
349985
346664
345658
347686
348298
348467
348301
349854
347760
348035
346622
346958
347738
352249
350430
349627
346631
348634
345592
348923
346515
346264
348353
346809
346419
346061
350360
350906
349712
349950
346625
348251
346599
346486
344950
344693
349198
345593
346371
345648
345745
348582
347028
346388
345854
346924
350754
346131
348989
348559
347705
345280
348132
348474
351173
345269
348666
348222
347282
344739
347206
347488
346105
345298
348064
346479
348285
344869
349688
351222
348423
346529
344819
346419
345883
345275
345735
346898
349202
348697
348715
345440
349100
347119
347000
348180
345581
349649
346656
347173
350224
346562
345769
345869
347279
348982
344035
349319
347128
348426
346585
350615
350106
346867
346615
349038
346567
351976
347724
345592
346930
347995
349438
348149
345217
348914
347374
348397
347919
345513
351844
346740
349460
346032
349370
347989
345938
348349
348932
345883
346533
348390
350324
347343
344447
348532
346718
345780
345825
345332
350938
348040
346504
349076
348174
344925
345060
346677
346738
346517
347480
345546
348196
347980
347244
350415
347544
346079
346550
347131
345844
350026
348356
346989
349552
347844
347691
349659
348011
348502
349640
348176
346501
351102
348459
347425
348538
350525
344596
347873
349724
345337
347697
345143
347439
348271
345656
347917
347823
344692
347159
347687
346391
345858
348282
348168
344824
347304
346256
345466
350870
344760
346959
346591
346354
347086
345721
348368
349978
349669
348587
347997
346880
347761
350826
350077
348206
349260
348876
346848
348264
346796
347289
346795
350739
349320
344989
348897
348308
347190
345702
347716
349466
344556
348317
348265
349963
348722
349511
349949
348123
345284
349800
348041
348732
348437
346655
345192
348231
348730
347482
346828
346528
347791
347660
347995
348303
345418
350139
348520
349417
344515
348797
348109
349388
348319
345025
348216
347635
346985
350399
344374
347738
347926
348384
349387
350744
347529
346104
347709
346856
346359
348316
346675
347729
346764
347626
345313
344540
347014
348965
347128
347411
345858
345951
346363
347188
345769
351993
348424
346733
349395
345404
346120
348140
348810
346866
349083
345343
347703
346473
345377
343831
345532
349893
347416
347798
349700
345466
346104
346273
347017
349556
348001
347653
348042
345820
344852
346004
348243
348469
347775
344828
345265
349744
350102
348792
345662
346540
347070
347105
344927
343512
348469
348761
345853
348905
347038
348106
346770
346312
347652
349601
345773
346524
345823
345930
350908
348505
349969
348388
349414
348354
347185
350807
345164
345887
345424
348292
347742
348996
348902
347371
348037
346956
347238
349006
346709
345960
351102
346430
346324
345347
347126
347828
346923
346924
350119
345640
346122
347042
346868
346034
345111
347371
346180
347988
346544
347106
349082
347047
348795
347031
348668
349631
346061
348954
347326
346590
346939
345136
348503
344950
348775
346638
347218
345956
345472
349377
348053
346223
345833
345766
347953
346678
351464
347507
344870
349295
350732
346595
344828
349397
349186
348325
347324
350684
347862
347115
348235
348272
346583
349302
346289
349546
345904
349994
344864
345162
349121
347078
346876
349170
351227
349142
347951
346835
348121
347145
344465
348120
345662
349909
346142
346928
343844
345492
345766
346723
346161
348434
349861
347364
345254
352886
345719
346740
345757
347309
347743
350303
350171
347194
350196
349008
348562
344461
346376
347498
350993
346010
349960
346896
345979
348783
350958
347315
348051
347339
349342
349052
345085
348112
345444
349207
348753
348594
346398
347120
347065
348715
344114
349219
349608
348339
349152
349716
345572
346413
346248
349397
347336
346144
347438
349083
349592
346284
345843
350318
349786
349289
347715
346915
348850
350154
346655
347254
347457
348951
347012
347302
346536
347884
344801
345721
345824
352157
345719
348565
344442
345405
345774
347496
349387
346967
349877
348424
345947
344876
348858
347941
347442
344932
348644
350316
349791
347439
345908
349756
347489
346805
345612
349128
344579
347373
349989
348813
347084
350279
349308
347998
345603
349986
346256
348295
347793
351390
345618
344564
349129
349015
344418
348330
346760
349118
346204
349445
347809
349765
348774
345504
346676
349195
349021
348906
348755
345995
349011
345756
347372
344627
346275
343893
348148
347858
347298
350147
347970
348458
345507
346481
347651
345379
346493
344629
346965
349524
347191
348284
351005
347709
346316
345155
345085
346219
350756
345508
346201
344924
349206
350503
346198
347046
346699
348810
345967
346734
345687
349711
346928
348593
346749
351292
347267
345503
347791
345787
348718
348577
349885
350260
346339
348401
349351
347308
348520
349052
348565
350951
344634
345976
347238
350774
348468
347471
347381
346211
351932
347373
347497
347842
346968
348668
348074
346298
350065
347013
347001
343495
346734
347857
346440
348479
349846
346237
348311
347480
345066
348546
350377
348397
348221
348742
345022
348324
349880
349334
347451
346642
348819
346400
348765
346245
348906
346195
345439
347775
349824
346898
347112
346021
346398
344661
345935
345712
348233
345688
348607
348470
349932
347519
345825
348986
347211
345644
348134
346458
344910
346611
349460
348000
345527
347906
351627
347756
348865
349951
346767
346548
346416
347109
344700
347473
346689
345596
346338
351735
348430
346626
350538
346769
345584
344564
347275
348957
348048
346879
347447
345098
351668
348714
346264
347432
348001
345721
347226
346135
346369
347743
349320
344367
350315
347858
349133
343245
344370
348241
347334
345862
348465
347857
346950
346629
348097
347102
348132
347209
348862
345716
348584
350887
348099
345167
351185
347851
346679
346821
347080
344690
347264
348040
348620
348104
348898
346182
345443
345896
349808
349750
348552
346284
348160
347468
347761
349921
346923
347644
347694
346676
348158
350018
350362
346306
347638
348881
344893
348024
349497
347342
346466
346644
345103
345731
349002
347339
344519
348564
347202
346631
346121
347367
348575
346014
350334
352011
348051
349133
347655
345915
350297
348974
348392
348350
346999
348092
345787
348105
348106
347147
347077
347226
345079
348645
347063
350780
347899
350357
347094
348001
345024
346180
347922
347549
351175
346218
346991
347884
347425
349885
347000
346560
347457
347981
349544
346578
348685
348033
345173
346825
348737
350812
345962
347348
348882
347862
347615
347006
347939
348917
348456
344928
347114
347164
346204
346638
345807
349618
343720
345533
350939
348954
348247
346614
350343
349225
346830
344819
345624
347187
345734
346903
348828
347846
348242
346934
346647
348552
345900
348210
346403
343597
346122
348636
349365
347561
350179
347395
346123
346245
347957
345862
345769
348101
347575
345762
350053
348262
347494
344846
344377
345219
344564
349033
349728
348402
347134
346470
350750
347393
346834
347355
349407
346119
347985
345394
346542
346565
348168
346715
349521
349506
349109
347991
345592
347927
347184
349025
346403
345290
346196
349510
347665
346279
348001
349448
348675
348998
348456
345416
348248
343869
348141
347743
345906
347120
350453
345983
346351
345338
345318
348610
349612
345594
344654
346734
347029
347620
350750
349470
348208
347065
345808
346974
346744
345755
349386
346027
351724
345595
351680
349272
348136
350940
348464
345194
349456
347252
346160
347705
349091
345316
349126
347845
346014
348305
348059
346892
345089
348766
347718
346326
348103
348248
347209
347606
345518
345293
346293
348269
345514
348707
346264
348519
346640
347968
345533
348297
347298
345055
348071
344087
347323
347456
346850
347062
347544
346118
349334
346623
347939
345721
348769
349100
347766
345991
349077
349598
352388
348320
346244
349198
350787
346531
346296
349882
346130
346810
345281
343839
348897
347027
349073
346691
348846
351346
347701
350461
352372
347918
349330
348973
346932
348533
348039
347276
348512
348645
345128
349161
349487
348556
346750
347266
347145
348921
351139
347480
351908
348396
347239
345229
348722
346418
348169
348816
347752
349018
349101
347905
345959
345906
346740
348329
347500
347262
346848
350186
351912
349032
348074
345671
344735
345677
347665
347598
346491
345951
348508
346401
349573
345593
346445
348671
347266
348592
347764
346784
346949
347810
347627
347698
347127
346633
347932
348522
350850
349834
346696
348981
347188
345595
344387
348226
347417
347564
348727
345957
347270
347555
346972
348016
345258
350137
347603
349061
347112
347707
345989
348271
348140
346265
344975
348122
347823
350427
348030
347660
346003
347653
350214
347659
347601
345595
346766
345241
348310
349894
348508
348604
345714
345698
347028
347729
349032
348497
348298
347820
347305
348617
346604
346971
343516
350453
349580
347238
348834
348493
345497
347713
347464
348823
343662
348002
349415
350195
348861
348204
344864
348067
346860
345020
346605
347382
348725
349036
346245
345707
347196
345418
348546
349224
346606
346134
349749
345562
345870
345741
348645
345382
349668
344687
348296
346563
346122
346227
346825
345928
347767
345237
346162
348080
344190
348416
352029
345621
350169
349845
347205
346204
350049
344991
346026
346644
347174
346097
347355
350207
348885
348699
346605
346121
345377
346980
346917
349590
350297
347269
347991
350501
346990
345969
346461
346195
347166
346833
349681
344531
346108
346034
345843
345268
349213
350765
344950
345934
347695
349101
348705
344409
348933
351443
348331
345355
348806
350080
349235
345885
345068
347607
347656
344927
345212
346721
346602
344861
348646
348704
346020
345885
346618
345735
345005
349348
350359
348228
346650
348935
347096
345951
344480
347376
350956
345279
347630
348557
345854
345604
348377
351867
347421
349426
349019
349546
347131
347598
347374
347339
346452
347271
347547
348807
345721
349494
346467
346284
349985
347632
347810
345617
350867
347101
348496
350045
347509
347574
348103
349743
348900
345231
348437
348401
348254
345562
348719
346540
348314
345967
348387
348864
347913
350128
348499
347516
349026
348040
347467
345141
348105
349115
347384
350026
346593
345606
346726
348770
348123
345466
347914
345804
348366
348614
345516
346693
343461
350311
349392
345544
347971
344633
349767
348543
347887
347524
348010
345748
345933
348967
351307
347862
348368
344318
349154
347192
347145
345642
347703
345580
347857
346560
349324
349833
346860
347451
348883
350575
348060
348644
348879
347549
346705
347554
346971
346122
345763
348034
349381
346195
345507
347018
346139
350245
351505
347648
346789
345928
346723
350193
348341
347658
348586
350100
346635
348718
344657
351241
347329
346188
349932
345811
347504
346419
348765
347295
347818
349334
351898
349765
345777
346891
347448
346821
346056
345854
346571
344950
347850
349685
346582
346292
348802
346122
347376
346981
345295
348168
348550
346031
349917
347491
348135
345949
345920
348290
347086
346635
346910
347706
344783
348567
347082
347388
347114
348183
350526
345802
348411
348326
346855
350481
350976
346219
348834
347121
344502
345144
349410
347333
344858
345700
344143
345321
350677
345602
350476
347938
345950
348773
346137
345179
348751
347209
346519
348705
348073
346819
345894
347757
346119
347956
348384
345637
348714
347139
346083
346085
347646
348999
345158
347941
346220
345869
344955
346155
348433
347037
349649
348040
347653
345352
347110
347536
347629
346068
346634
351139
349094
347723
348473
348173
345514
352918
347284
345739
346961
348220
345928
347187
346482
347324
347810
350451
347405
346440
347396
348907
348425
346019
345669
348834
345456
349570
347130
345013
346033
348049
349788
349887
348851
345922
345170
350463
348144
345523
351125
345329
347822
347678
347306
346472
349744
346595
346846
347436
351539
345434
349374
346177
347858
348217
346296
344575
345589
345660
348406
350156
347171
346061
346467
347684
347534
350656
350256
347957
349285
344755
350503
345122
347858
346375
347062
346147
349079
348128
347292
348006
350007
344702
349199
348546
346302
347984
347224
347812
346318
349119
348314
346417
348397
347854
347705
349814
344425
348289
346400
346593
347372
348645
344919
347218
349553
347393
344882
348501
346602
347994
348454
345628
348365
347281
344398
347755
349834
346239
346293
347127
347215
348739
347036
346172
347597
346385
347815
345767
346935
348398
347318
346667
347195
345031
352653
346220
347706
349520
346761
348454
347116
347330
349942
345550
350769
347695
351154
347500
348778
349304
345557
346031
344864
345595
348431
347090
345913
347929
345457
351475
351420
346120
345662
348052
344667
347487
345647
345013
348644
346320
348945
348705
344820
347031
347944
346700
345536
346201
346009
348300
351500
345111
348907
349570
349086
348862
352207
347908
348807
349528
347832
344208
348598
347729
346602
346044
348316
348072
348034
347582
344439
351413
349647
346891
349016
346463
348270
348806
347300
347541
344671
346200
349243
347422
345402
348433
350536
347312
345885
347812
347944
347633
348350
347763
346459
348498
346402
348363
345227
345293
349328
350164
345729
346899
346832
344083
351180
348783
346939
347601
347936
346682
346277
349779
345495
345831
349501
346903
345913
347569
344855
347953
350565
345013
347928
347435
348439
345487
347626
348495
346171
351042
345775
345995
349593
344759
346195
348667
348552
346786
347036
348469
346032
343795
345870
345931
345692
345083
348025
349530
347711
347161
344499
347500
346872
346660
346510
349471
349164
347324
350428
346828
350468
348505
347752
346969
349154
347918
346652
345365
346393
347918
346838
350073
348178
345139
349831
350447
347576
348582
350341
347454
348980
348962
347905
347777
349169
348972
348342
345434
346747
346917
346483
345736
350417
347310
346150
347567
345382
347202
348164
347250
345732
348558
346649
347000
345509
347026
347370
346679
347331
349911
347099
345823
348018
349654
348652
350096
347491
346696
347607
347341
345336
347866
347415
350324
349049
345673
346953
348780
344923
348601
346010
350460
347327
346376
344927
345857
344385
349031
346253
347423
346352
350095
346863
347681
347296
346687
347457
348910
348668
347262
347056
347667
347602
345859
350798
350297
347532
348723
345167
345828
348146
348174
344882
347712
345902
343804
346210
350136
346922
348041
349299
346087
349574
347629
346219
345149
348951
344081
348479
351142
345909
343562
348545
350011
344044
349652
351903
347733
346995
347056
346245
346965
346538
346044
347768
345361
347948
350384
348441
350834
347890
346832
345928
346243
347662
347288
346755
347733
348000
348387
346539
346644
349148
346614
348177
347011
349716
346067
349590
347480
344294
350004
346481
346230
348300
351038
349425
349281
345482
344615
348001
350666
347985
347176
349268
350872
347685
345888
348048
347396
344157
346423
347696
346136
347521
349615
345591
347785
347945
348863
345595
346390
344751
346520
349035
347917
345508
347530
347449
346376
349034
347018
347545
348666
346707
346922
346937
349246
345576
347661
347233
349307
349897
346880
351982
348202
346264
348016
347255
346271
348670
350645
347578
348310
347298
346316
347058
349860
348435
346482
346879
344702
345229
347358
349595
350300
344887
345866
345784
346530
348094
344875
348235
350870
346077
347511
348740
346940
346097
347782
347947
346493
346096
348207
347534
348112
348172
346615
349827
345368
348222
347837
348770
346411
344552
348851
348147
347840
347320
347125
347837
346036
349495
348000
346064
348573
346897
346149
344756
346749
346830
346966
346570
348012
346948
349363
346526
344990
348634
347772
347798
346026
348589
347478
349435
352503
348655
348838
346697
346352
349279
346938
345966
349277
350935
348036
347175
347912
345513
347568
346003
347032
347219
351587
347376
347136
350139
349547
346471
345872
351081
345169
347502
351812
344932
349090
345393
350248
348307
347691
345517
348516
349108
348496
350596
346197
348759
347728
347263
345217
351277
348179
349042
348761
347723
348092
351578
346053
345307
346763
347495
348069
349275
346586
347183
346288
348161
346990
347326
347928
349627
345768
348826
349722
345463
347737
349369
349125
347054
350599
349269
351041
350726
343758
349578
349748
347390
348982
347484
344012
346294
346608
350118
350403
346947
346917
347481
349363
347283
345109
346979
350856
346425
349432
349468
346995
348390
346506
349682
345192
347500
347622
348371
343986
346526
348308
349378
347694
348086
346442
350151
346413
345895
353738
346600
345611
345677
345838
346500
348082
346235
348011
350334
344977
347045
346595
348580
347434
348979
347868
345638
345289
348091
346082
344620
345787
349542
347227
348980
351007
347999
348159
346759
345466
348110
347160
346332
345940
347590
346395
345609
349324
351503
344702
350051
346045
347502
346315
349620
346913
346473
344037
345454
346836
349577
345670
345329
347781
350177
348483
348514
345672
346906
349804
348189
346456
346465
347340
351504
346577
346903
349220
344300
345822
349682
350637
346607
348738
349650
345288
349935
349856
347367
349600
345607
347103
347439
350096
348187
347633
349169
348057
348113
347850
349469
346211
345636
344702
349641
345647
348392
349603
347794
349797
348582
350434
347508
347700
345938
345499
348371
349327
346769
350596
347712
349354
347626
344943
345235
350938
344939
348648
348229
345046
345229
343485
345595
347094
346252
348984
348212
347209
347029
345998
349466
350468
348252
347916
347138
347736
347433
350444
349385
348001
346640
349734
348962
346713
346915
348149
346452
349278
346032
346388
347068
348223
348750
347919
347467
347432
346197
349549
346414
347812
345592
344327
348155
345239
351232
348895
345945
350631
345862
347842
347887
348147
347742
349146
349028
347812
346452
346747
347015
347139
344321
348186
348770
345588
350281
347519
349931
346146
347389
345359
346776
345619
349294
346958
347860
348040
347920
345101
350026
351553
349497
346719
345172
347818
347663
348164
347005
346067
345695
346909
346594
346812
347947
350271
349248
346116
349577
347681
344911
346602
348306
348593
348586
345826
346705
348419
344380
349386
348352
346944
349452
345046
348449
345713
348668
351429
348206
347258
346695
349802
346513
348531
346841
348703
347177
347151
347965
346497
345424
349032
347865
344866
349127
344702
346553
347121
346764
345703
347192
345020
347480
346512
348805
346766
347026
346309
348328
346364
349023
346189
348761
345729
349847
349410
345718
349213
347901
346871
347228
346540
347597
345589
346596
350439
346693
347913
350376
350727
344945
347540
348849
347274
346326
350976
347800
348329
345213
348237
348587
347086
346285
346632
346526
347602
346840
345721
345964
345644
347919
344864
345787
346308
344893
345970
348185
348622
346605
349032
347597
346754
347393
347550
345128
349056
347874
346441
350552
345401
349447
348400
346038
348988
348315
349846
348408
348984
346371
346401
346608
349403
350056
348059
345066
349013
345419
345899
345116
349837
347249
347050
350544
348382
347968
350446
349209
346717
346958
346497
348124
345492
349468
345001
347378
346249
345987
346201
350139
346966
345038
347807
349607
348361
348710
346302
351789
348661
348773
345235
348843
350648
348926
345514
345780
346568
346040
344934
349274
345127
344816
347897
346967
350660
346769
349403
348996
345852
349795
345466
347213
348315
348281
346201
347639
346478
347908
346693
347106
349142
345747
351107
346883
346465
345927
347501
349837
345781
346267
347638
344887
345763
349155
348058
348944
345676
346924
346162
351773
346478
349671
349264
347729
346612
346125
350762
346275
348119
349309
351768
348391
348475
347801
346381
348710
350134
347455
347662
344972
348072
345443
347505
352152
348664
346611
345996
351097
347493
348175
346603
349082
346122
346497
347956
346191
348657
348561
351469
346730
346149
345999
347097
348467
345046
347347
347703
349260
347892
347997
348413
348410
346189
349486
344660
349876
346616
350353
347065
344748
345795
347070
347214
347359
346749
347322
347366
351547
347609
346958
344000
345595
346716
348067
346543
347647
346439
349323
347851
351090
349626
350189
347259
345717
350839
350478
349230
348304
348753
348154
350801
344982
344842
344237
349895
349021
346644
347219
349614
346329
348486
350311
346177
345293
347185
348024
348358
347336
350248
347856
346757
345960
348681
347526
348504
345611
348182
350103
347630
347405
346072
347804
345685
348543
347180
348606
350227
347253
348393
347703
346357
347730
349477
346080
349800
347500
345710
348549
349087
348417
350048
347117
347503
346494
345787
351013
345101
347845
348081
346844
345194
348384
346523
348667
346003
346414
344138
346749
347643
344894
347961
349055
346863
348292
345335
347728
345595
348219
347092
346571
348917
344529
347871
350596
349543
346579
347206
350402
346955
345038
346819
346333
347001
346877
350172
346603
347690
349187
350411
343734
346719
350953
345615
349207
347720
350318
346212
347653
346504
346805
347189
349776
347562
346994
349227
344691
348531
343953
349463
349835
346542
347209
348081
350539
345769
348581
347016
346850
348901
346135
350322
348705
346275
345913
347621
345680
350743
348775
348472
345820
349913
345009
346453
349440
350013
347185
347279
345413
349899
349262
350200
346702
348413
346502
347063
345828
346853
347763
347612
345527
348189
348692
347266
348444
348878
348261
349198
348382
347980
344041
346741
345796
347524
347272
347076
351593
345962
347556
348646
350215
348225
346962
345053
348307
350460
346816
348489
345475
346009
347694
347018
348992
347870
352854
347807
347639
351358
345324
348205
349558
348148
347193
345845
349415
348982
348474
349143
352003
347751
348776
346896
346849
349104
346359
348090
346105
346049
350253
348225
345693
346681
347438
351658
348716
346311
348112
344645
346821
347805
348134
346322
349901
347761
345216
349104
348365
345647
348300
346845
346964
349464
347565
348577
349508
345363
346405
345544
347487
347743
348999
345624
346234
348241
347065
348887
347953
348217
345198
349311
346439
348265
348448
346119
347634
347782
350087
345144
349404
349415
349882
348019
349691
348030
347906
347745
346980
346956
349571
347741
345696
349502
347771
348406
347403
347352
347050
347667
348168
347527
345791
346210
347247
346706
348491
346734
348412
347011
348774
346673
348818
349125
348713
347874
348890
346513
346008
346182
346861
348921
349895
348576
347593
346239
349404
346154
346921
346111
350023
348358
345380
346631
348592
346156
346422
349598
344260
347794
348831
349478
347632
348175
346401
347817
351271
347407
346438
347483
348893
346239
344402
353281
347779
350858
351106
348973
347173
348506
348606
346110
348940
347905
346755
350381
349191
347838
347126
346625
349067
346891
347532
346825
347466
346111
349670
349105
346122
349070
347080
345721
345594
345787
344726
347184
350769
344552
346577
348765
347123
346395
346119
346695
344859
345678
347571
346422
346791
349388
348370
346842
349669
349209
347813
347341
348020
347565
347489
346476
349348
346735
348424
347368
346532
348602
349014
346498
347778
347824
347258
350936
348748
347921
345759
348640
348391
346090
348685
347555
346301
346815
349235
350427
348564
347486
345646
352332
346813
345275
347457
349461
347953
345626
345187
344702
347648
347701
349510
348983
345049
347823
345173
349627
347081
348285
347596
348184
348360
344589
348243
347259
346520
347084
346743
347315
347737
346473
346093
349590
346317
348241
347409
347244
345515
345524
346931
349209
347636
347437
351291
348705
348576
347093
347581
344685
346613
347451
344930
351603
350227
347128
349982
351821
344735
347106
348309
347292
348889
345128
350027
350224
348882
348237
347706
345446
345772
344252
347766
347037
346181
343822
350487
350089
348796
344547
348850
345595
349436
346528
347808
346874
347811
346125
346592
347050
345595
345692
346758
349572
350562
346452
347439
347824
346918
349986
345287
349728
345901
349390
346525
346735
347928
344655
346078
347517
344858
349068
349478
345704
351530
349318
350470
347173
348597
345163
346122
348898
349618
351192
350650
345308
346402
347683
346692
347010
349211
345497
347721
345111
347862
346927
345633
349274
348144
347298
348408
347393
347257
351417
350614
348389
345182
345671
349492
346078
345662
348447
345298
349385
348150
347899
347184
346865
349082
348791
347257
348129
348276
345922
348498
345239
346479
347722
345721
347618
345146
346204
348484
346580
349624
350456
344226
347678
348133
345918
349751
346278
348876
345720
345876
348831
349853
349290
347192
348378
347116
348080
347148
349888
347761
347841
348893
350158
347097
348278
347722
345229
346897
344507
345506
346080
346438
350261
345485
349101
348174
345056
347887
347459
346296
348867
347192
347919
349660
348853
348277
348023
345957
347803
346629
345960
348723
346094
348246
348595
346287
349005
345549
347320
348239
345377
347561
347887
347755
349992
346193
344777
347306
347644
347268
346887
345209
345969
348281
348220
351141
349417
346443
348196
349829
347573
345668
344799
347524
347795
347127
347072
347737
349439
346701
345387
348574
349603
348296
348338
348227
347279
350773
345427
347335
352190
346878
346564
347650
349851
350379
347821
343611
347757
346012
350018
345451
348700
346217
345917
348404
345224
349677
346872
348708
349743
346204
348735
347687
346728
347868
350162
345933
346815
346001
346078
349140
347459
349262
346234
345485
350366
346293
346317
347431
348151
346099
346165
346815
344396
346674
345790
351207
348446
344219
348274
349404
349164
346794
347066
345992
345417
344985
348800
349834
347830
347608
346125
344334
349583
346566
347529
346039
347566
347350
350756
345897
349199
347436
350132
349635
346566
344427
348906
346129
348785
346276
347549
347919
348331
349430
349728
349958
347733
345262
344939
347181
347397
345573
347644
345473
346416
346678
344655
346047
345326
352258
345935
346145
348003
350765
344564
346712
346847
347171
348872
347768
348324
345494
345848
346101
346294
345317
351374
346360
347514
346026
348238
345091
347763
347076
348629
348005
350135
348118
347119
348284
345606
346585
347826
346322
349902
347006
346742
347657
350045
348305
348356
350474
351320
346125
345595
345347
348726
348040
349158
344355
348857
350255
348927
347547
354061
345536
346449
349674
347440
347608
347424
348417
350292
345595
347498
348285
347668
346474
347991
346549
345737
346294
350881
346315
346549
350889
347208
345806
347067
349612
347281
348782
348364
348990
346927
348480
347656
347026
348342
349953
350172
347205
349869
347471
344114
348838
347070
346051
347288
346995
347145
348629
347034
347141
347981
348397
348736
344940
346706
344540
349343
346796
345525
346819
347933
346420
347694
348968
350690
346646
347518
345344
344690
346904
347781
346388
348678
348597
345569
346623
347970
345982
351975
347932
350176
346417
347008
345466
345825
343658
346882
348543
346401
351173
349780
346563
349538
346958
347550
346576
345095
349269
349013
348402
346994
345757
349282
346998
352043
348748
347435
344702
344459
344891
346763
352361
346713
349587
348834
349288
347409
345288
347843
350751
349798
349238
345521
346723
346629
344938
350016
347443
346949
345836
348447
348068
346195
350184
348205
349471
349826
346860
348177
349930
347841
346688
348849
348577
346989
347332
347169
345208
346891
346400
347153
345178
346947
346805
346991
346914
346472
347949
346765
350030
347291
350403
348666
346008
345274
348572
346468
348008
346102
346515
347055
345912
350623
347329
347516
346146
348537
346964
347687
349198
348411
347810
348191
344831
345355
348446
350144
348219
346709
351106
350800
345622
346475
345398
348285
347824
349427
346088
348602
345791
345419
347751
347027
347026
348005
348402
347512
346327
351915
347027
348602
346306
347135
344526
349092
351123
346390
351513
345856
346675
349140
344708
345177
348296
349412
344345
351131
345908
347110
349603
348529
346769
347249
348525
346591
347894
350247
346765
344914
344272
345635
346525
344702
344731
349232
345658
349088
350311
345038
344564
348796
347547
351310
349429
347317
345610
347816
349752
344844
348180
350078
346946
347597
348686
348086
349791
348199
347919
346958
345695
349226
347789
346661
347013
350570
346237
347430
347277
348068
347608
345809
346777
347058
345951
349427
346665
348027
347390
348496
348309
348088
347267
346205
346785
347752
346336
348492
346737
349814
345175
349533
349025
346144
350895
350760
346458
346347
347917
347844
346853
347963
347594
347880
346823
351349
347532
346516
345395
348512
348085
347455
350285
349672
347342
346833
345940
348239
346612
347655
345396
347216
347917
347116
350516
346449
351098
347488
348289
346030
350784
348214
348087
346131
351712
347249
350958
349181
347833
347730
349326
344668
346267
344960
348125
343398
346138
347326
348505
347204
348970
346436
346627
347141
347550
346514
345831
346078
347232
346931
347530
345642
346554
345496
348250
344103
345907
348364
350291
348748
347714
348433
346500
348257
348760
346320
347666
348134
346883
345471
347300
351488
347529
345947
351498
349154
351810
351470
349159
346688
348627
346201
347415
346535
346793
348163
348099
346735
346233
347266
347077
348762
346904
348020
345621
346314
348535
344584
345317
347739
349874
348371
350429
346963
346175
349159
347914
350652
346689
344261
345814
347226
350024
346030
345361
349797
346527
348286
348899
346799
347145
346004
346976
346361
346048
349860
349090
346638
349655
345110
345317
349257
348555
345203
345110
348331
345395
347460
347915
346347
350374
349351
347186
345803
347488
348115
346011
348198
344209
347397
346556
347857
347012
347744
345074
345787
346918
346684
346734
348244
348780
346837
346848
351657
346929
346068
347093
349477
349664
349719
347545
345784
348408
346566
349552
348821
344811
348641
346448
348734
347431
346465
349214
348976
349292
347058
348744
346601
350264
349282
348887
349613
344105
349216
347626
346129
350718
346592
348457
348163
348415
344870
349920
351485
346027
349988
350955
346182
345595
346084
346571
348522
346409
346397
345820
347992
346048
346421
346563
347064
348312
351908
347653
346330
350107
347508
345025
348907
345930
347042
347434
347932
349474
347972
345563
346621
346700
349556
347830
345472
348521
346398
346207
346629
347533
348174
345895
349331
345990
347137
347951
347255
351050
346608
346718
349939
346638
347865
346613
348539
346349
348432
349421
347281
346813
347066
346595
346532
348439
347294
346065
349061
348378
349895
346778
347102
345779
351045
346100
345595
344729
347738
345343
347654
350027
347297
345213
346897
345547
347751
345610
350684
351473
346722
348541
348285
344615
346617
347789
348145
345293
349537
349487
348367
349660
347561
346204
345895
345857
350192
351137
350005
348528
346772
347873
346439
346212
345509
348109
346506
348385
350409
346511
347761
350651
346123
347878
348288
345870
344711
347102
348551
344569
348250
347202
347851
348311
347926
348294
347806
351377
346420
345742
349778
349645
347472
346281
344450
347687
344804
347297
346102
348918
350310
346997
344709
349654
347632
348745
348309
346898
348124
349760
345185
345379
348878
347322
348576
348250
347562
347983
347469
346042
349479
346613
348667
346783
346134
349087
345970
346428
349697
348164
348416
349136
347612
347319
347122
345591
347130
347430
349676
347196
348597
346718
346240
347079
347397
349441
348732
347305
345601
347392
344972
346993
348084
348319
350569
349111
345681
348466
346206
349510
347525
345787
350305
348072
346417
346119
349926
347906
347671
347933
346140
348091
347398
347820
346927
349992
347317
347523
347809
348124
349617
345095
348547
348412
346964
352174
344971
347765
348166
346105
348644
347852
343602
347423
345466
347150
349984
347266
346973
346946
346884
348815
348853
345586
347976
346799
347084
346809
346872
347348
347805
348306
347357
346590
348060
347899
346889
346789
346848
348211
345351
344084
348929
346796
350481
346260
349796
348123
346119
346740
347679
349618
350205
346951
348583
348372
344440
347949
350623
349054
346096
349534
345458
348436
347304
347302
350815
346370
345732
344894
348231
345227
350578
349642
345587
346291
346633
344531
348921
346208
347763
345917
345293
350018
345736
346093
346613
344904
346316
345337
349362
348826
347569
347164
344723
348296
347207
345718
347863
347399
346745
347112
350061
349347
350227
351011
348483
348307
345227
345721
349772
345883
350865
347340
348916
348321
344786
346143
344815
348412
347933
348899
348937
355441
345481
346896
346929
347201
346359
346204
346120
350521
348248
347506
344496
347015
349670
347760
346758
349490
349658
344723
348951
345604
345697
347198
344855
345599
347593
346799
347457
347004
345302
347598
350015
345290
345302
346989
348674
346526
351087
351670
346733
346710
346403
346423
347004
347179
349907
345133
349857
348773
349181
344526
348509
348210
346078
346728
346298
346719
351433
346646
346836
349480
348725
347465
348117
349404
344208
347696
349099
346690
344564
348699
345895
346631
346374
348142
345293
348324
346628
347911
344146
347198
345797
345538
344072
347199
348320
349412
345483
350330
348910
347209
348291
348332
347944
346039
348239
347562
346665
347160
347934
349024
348133
347760
347685
348085
346116
349891
345841
345055
346000
345972
344858
344702
349129
351628
349287
346596
345204
345721
345658
349694
346222
349697
346647
347019
346883
346872
346101
345389
345770
348693
345110
345151
348715
345918
345595
346963
343172
346617
349137
347788
347893
346934
346916
346594
346692
346188
347889
350359
347018
347196
347913
346270
345683
348574
348717
350089
349513
347268
344193
351186
347903
345676
347826
347279
346126
346370
347965
347138
345806
346989
345631
347128
347572
345333
344720
348704
348097
346820
344532
348177
348419
346510
348369
346469
346689
347473
348200
346140
346623
347138
350589
348722
343825
347350
347548
348240
345536
348702
348354
350590
345860
346375
346530
346991
346766
349216
347487
349131
351223
349721
344857
345345
350524
347539
346089
345959
349003
348659
348289
345342
347823
345787
346442
347238
348731
347070
346735
346253
344921
348843
347464
348571
350036
349426
347750
346993
346419
346821
349099
347569
347630
347019
347629
345951
351152
349305
347261
348759
346018
345933
350210
345580
349862
347860
344894
347841
346473
348699
344913
347457
346128
350893
347315
344642
347296
343329
347572
346491
346094
346011
347015
345800
349543
349374
348567
347135
349656
347668
348656
347109
347522
348576
345290
346365
346346
347564
350159
348125
348156
346343
348979
347495
348813
347759
348658
348467
346095
345412
350695
347977
347984
345520
349392
350364
345949
348715
345369
348396
345720
351916
349579
347759
353748
347716
349273
348680
347227
350544
350070
345938
347891
347893
349026
343878
347035
348816
346696
350509
344986
345485
349731
345676
347105
346416
349883
346809
347027
350162
349804
348775
350438
348988
347972
350759
346505
346371
346276
346815
344679
346857
346379
348350
347318
346248
345840
344322
348269
349924
346980
346388
348583
346396
346521
348808
347121
347868
349195
347580
347558
347013
346983
346691
349106
346239
347402
346304
344878
345401
346128
347745
348237
347254
348198
347204
344892
346547
350144
347733
346890
347782
347518
346949
350197
346084
349185
350965
350975
348241
346992
346508
344690
348117
346997
345774
347655
347279
344965
347358
344639
347165
347101
348319
346785
347675
348876
345895
345289
346524
344875
346934
348578
349012
345468
347638
346797
345544
347588
347996
347019
350153
345524
348641
346249
346779
347514
347461
347823
346900
347100
350082
348731
347898
346163
345895
350599
347010
346759
347996
349665
349040
346052
348893
346087
348711
350998
346096
348651
346675
347560
348104
345151
346689
346086
346197
345705
349017
346917
347046
346425
345872
346313
350175
345047
345622
348832
347621
346064
345697
348574
347620
348268
347069
349611
347341
345906
346401
347299
349053
346351
346677
348208
348863
349795
349506
345434
347822
347662
347609
349633
348764
345656
345509
345928
347655
348491
348678
345766
348438
348026
346268
346953
347961
348361
345560
345432
346631
351698
346592
345101
347497
347515
347147
347500
346152
349566
350002
347983
348618
347602
348015
348932
343237
346776
345747
350396
351613
347278
346592
346897
348117
350773
346145
348682
349383
350172
346495
347120
348808
347598
345546
349075
347366
346731
346969
346984
349446
347686
347621
347515
346729
345065
348886
346275
348241
349487
347106
346835
346941
348432
348828
346665
347372
346285
347000
347483
348051
350039
348741
345391
348514
347480
346654
348360
348703
346467
350545
346460
347497
346969
347933
347528
349677
349157
346260
346589
347470
347121
346909
345038
347373
347888
349631
346300
346892
348164
347011
350362
344561
347765
346311
348386
348066
348122
346611
348057
346113
346838
349950
348098
348440
351016
348761
346922
347443
347551
348483
349205
349104
346571
345933
349060
346491
350491
346339
346459
347060
347638
346331
346024
349229
347933
347020
347393
343330
347411
345664
349051
346399
345043
347765
347317
347399
345840
347143
350666
349437
345536
349300
347899
345738
348739
346641
349445
347821
346826
345020
344951
351212
345882
345371
345518
348242
347304
347988
346976
351946
347551
346943
347254
346989
345843
349265
345859
346437
349793
346217
349337
346573
346228
347236
346206
353057
347099
347814
347594
348596
345946
348533
348799
345930
345634
347016
347701
345376
347395
349617
348823
344855
345243
349836
347115
349265
347792
346957
345002
346533
347484
347355
347899
350644
350562
349041
346749
346414
347828
347874
347450
348759
348921
348591
344848
346255
348042
345116
349609
346697
346043
347534
350845
345443
348751
348553
345463
348455
347256
348024
345978
347697
348520
346750
347561
346499
345522
346372
344705
346753
346779
347017
345872
346523
351158
347519
346181
347184
349461
348568
348333
344765
347254
346182
346815
347388
345401
346778
348510
347613
344651
345870
349819
346515
347034
348012
346303
347598
346105
348408
349343
348960
348853
348161
345766
345446
348982
350252
349349
349474
348915
347633
347351
348006
346816
345177
344634
348126
349738
345922
345714
346645
348998
349285
346029
348572
349587
345148
347690
345801
351018
347756
347231
345477
344012
348799
345301
345509
350070
346008
347089
348217
349918
344069
348045
346728
346257
348600
348602
348475
349246
346147
345434
348431
347816
348149
345699
345390
347769
348026
348124
346663
347801
348246
346122
347571
346543
345917
346669
345454
345483
346591
348846
345020
348994
345827
349876
347378
348020
347166
350010
345901
346026
347169
348265
349839
349854
347956
348087
349693
348288
345720
346676
346977
348170
348733
345604
349328
346515
346467
349821
349167
347371
349411
348492
344229
351302
345659
343593
349100
346226
345478
348046
347755
347655
350293
344446
349107
348923
348917
347618
348305
349767
347706
347519
347191
346497
346472
345981
345488
347703
345432
347596
347977
344834
345371
347473
347719
345382
346182
347856
346269
344226
348255
350634
347851
345305
346763
349876
348743
346191
348511
346762
347632
346311
347026
345790
347436
346097
348851
344817
349839
351524
348091
352257
347720
351480
350188
348501
347414
348382
347778
347372
346229
348328
346050
348162
346278
347437
348113
345973
348877
345878
346728
349561
349054
348104
348406
347166
345144
348438
346797
346718
348691
346578
347175
347532
345176
348057
347458
350379
343860
346603
349778
345091
345663
349286
345143
348496
348398
345997
347875
352389
347820
344855
348594
347332
347793
344471
350480
349300
347989
347575
347652
346905
345170
345139
347916
348011
350148
352760
349683
349139
348534
345954
345690
348162
346449
347956
347619
349067
348786
348203
344950
349009
345914
347317
349015
346290
345661
344875
345320
345904
346678
347012
345137
346393
346827
345366
349075
347746
344295
343758
347654
344422
350394
346129
349225
353337
346717
345297
347066
346201
347994
346557
345440
345402
348390
347329
345364
347529
350404
348366
349002
345046
346923
347429
347885
346758
345191
345817
349615
347753
348443
347978
350215
348916
348563
347082
351543
348474
345348
347939
346604
347304
349810
346841
344839
345906
349303
346902
348639
343850
345655
348222
346884
344457
348830
346627
346468
348118
345843
345364
347963
344553
347010
348292
345050
347703
346561
348463
350870
346415
345706
347227
350219
345305
351871
347608
345806
347087
345984
349209
347093
350026
344323
349107
349284
346246
346219
345933
347209
347200
350928
346457
348730
348687
352932
346764
347683
347853
347555
345534
349684
346805
349900
344253
347817
346556
348452
346935
348329
346436
343827
347122
346389
345755
345611
348468
346033
348181
347029
344963
345744
350150
349704
346777
346092
348521
346029
347833
347584
345352
346646
345827
350296
346516
344811
345045
345651
348172
346270
351106
348322
348619
344246
348391
347461
347946
349965
345117
348121
345116
347352
348081
345415
348336
349422
347593
349412
350435
348638
344526
348729
345681
348796
345852
347040
349269
345239
349355
345478
349908
348892
347313
345936
345996
347174
347510
345395
347085
345387
349364
347185
346512
347719
349798
347991
348300
346956
346304
347176
350495
349366
345451
346459
347229
347231
346255
348259
347813
348345
348997
351576
351034
348893
349713
347906
346105
345021
347081
345473
347979
345978
348473
347180
345249
347302
346761
345699
347411
348217
347962
346703
348682
350691
351186
346917
344240
346222
345139
345503
346925
348835
348144
345810
345715
349815
348304
349210
346378
349119
346473
346365
349059
347643
346131
347494
345785
347229
346842
345366
346331
347103
348864
345823
350194
348952
346905
351129
349117
348177
348221
348589
348021
349612
345889
347095
346732
346012
345883
347135
348056
347013
347123
347345
345651
347901
349505
350142
347128
349183
345574
347861
347174
347602
344990
344701
349519
345146
346187
346746
346725
346492
348536
347574
349783
347165
349985
347432
345574
346740
351052
348529
346742
347920
346447
346570
349276
347828
348157
347302
347573
347050
344884
347946
349770
351028
347663
344811
348147
349651
345024
351824
349219
349589
348385
349781
347116
345913
345738
346576
350280
350038
345455
349158
351739
345918
347908
346499
348922
348412
345997
346805
348737
346616
347508
346214
347964
347409
345554
349389
346532
347289
345021
349594
345223
346968
347638
346061
349570
348683
346741
349389
350038
346624
350592
346921
347672
344286
347942
350163
346218
346957
350903
346703
349042
345928
352511
348370
346677
347395
346519
345672
347171
350199
347079
347345
350108
347597
346623
346480
344182
351299
346620
350236
350164
345879
347540
346037
349017
348570
346285
348216
345815
349830
350000
345503
346505
345309
347116
343614
345851
344791
345153
346370
343856
348635
344679
348016
347328
351590
347705
345199
348109
350656
345978
346827
350227
348601
347180
346139
348797
347158
346191
349870
349583
349052
346184
347963
348915
346499
346415
347435
348583
346553
346364
348492
348180
349224
346941
346590
346422
347138
347020
349842
348355
347030
346195
348863
347839
346002
346625
349067
346092
346813
349408
348666
347706
348791
345921
349941
348141
350060
349672
347730
348286
344273
347471
349065
346119
347066
346512
350041
348612
346210
347500
343544
346405
349196
347178
346132
349218
348082
347166
344595
346997
349486
346699
346612
347927
345721
348282
346609
348555
349251
348952
345660
345207
345736
349075
347265
347253
348781
344720
346612
347730
348348
346305
348082
347870
348100
346763
348056
349150
351249
349164
348650
347220
348257
347054
348490
345721
347167
346787
347423
345676
350103
345341
346569
349432
346923
347428
344232
350456
350986
349504
346336
345996
351527
346369
347077
348211
346249
349095
345438
348732
346835
343459
346700
348709
346589
348061
348245
347212
345560
343952
349609
349760
347525
347374
346049
344829
348299
347150
345913
345427
346134
347877
349984
346710
347800
348718
347305
347165
347199
347688
347615
346456
345530
347792
346648
346796
350462
351282
348869
348993
347247
349126
349053
348278
346371
350150
347233
348254
347617
349633
347591
346635
347182
345853
344587
348213
346001
349519
346442
349507
348523
343859
348258
347060
346909
348257
349274
347319
350016
347370
348365
349289
347406
348419
347214
348987
348562
347738
349141
348631
348770
349216
347187
346693
348171
347080
348855
347225
347151
348035
346314
346898
351853
347405
348357
344654
347632
346143
344230
348380
348299
346370
343468
347593
347884
346386
346589
347797
349893
345495
345816
346225
346830
345433
346782
348780
345826
351645
345990
348876
347690
348568
347640
343525
348338
346557
347364
348142
346359
347150
348247
345724
347339
344966
348791
346641
347624
347599
348959
348479
345595
349463
348514
344483
345271
348265
350951
348114
347180
350229
345951
348911
349750
348168
345471
346499
347729
349497
347870
347602
348091
347365
347399
345970
346649
348536
348303
348137
347891
346177
351102
348491
348004
348160
347505
348124
348686
348525
345154
350031
345599
351194
348962
346542
350630
348638
345587
347272
348262
348099
348654
347280
348595
346196
346105
348885
349900
347397
347762
348791
349354
348019
346940
349024
347173
347495
348376
344993
346407
346660
346062
344903
350024
346437
349151
347827
344619
349089
349095
346144
346421
347333
348145
347383
345913
347684
346300
348436
344735
348291
346503
346162
347821
351738
347292
346114
345732
347288
345984
345807
347513
347072
350211
348194
347325
348334
347007
349908
350870
346809
347994
345025
345395
345316
344182
347380
347542
346787
348636
347680
347241
347680
347952
346392
347223
347500
347955
347802
350338
346800
350767
348623
350388
349099
347011
344841
347495
346286
347989
344806
351955
348994
346514
345595
347982
349778
352434
346511
348435
344786
347769
346821
345955
349495
346907
347994
351601
350661
348093
351371
349359
349449
349089
346200
347138
345524
345621
347255
350228
349022
350031
350105
346336
350209
346611
347550
345160
348450
345765
344855
347801
346807
347641
347257
348426
350973
347509
350987
350018
347777
346356
346670
348419
347936
345017
346319
346767
348270
347258
348007
347545
345179
348657
348953
348086
346492
345180
345554
345079
345933
350244
345775
349160
349249
349767
345644
351451
347496
344882
350212
348266
349444
345820
348407
349050
346302
347281
350755
350988
345018
346520
347942
347045
347763
344888
345016
347543
347534
352402
345866
343968
347944
347846
346207
349158
348122
344662
349026
345595
351267
345897
346218
347526
346381
345901
347326
349620
349300
348750
350422
348161
347051
347993
348090
347147
348490
349225
347172
346803
348791
345594
347893
346634
348644
347301
347501
350638
348226
345446
348468
345146
350207
343792
345460
347392
347942
347148
347609
344204
346611
345431
349127
347116
352355
349852
348501
347841
347137
345825
350614
346845
346010
347692
347399
349355
347717
346404
348487
347402
345716
349075
344894
349091
345617
346767
347747
349822
348201
347968
349888
347035
347821
351497
348752
349966
349114
348097
348997
346887
347060
352033
345500
344641
347438
344865
344971
349077
343816
348637
345593
345023
346818
344887
350973
348900
349393
347749
348484
348488
349852
346940
349661
351224
345943
345918
347384
349304
348734
348407
352955
346047
349510
347206
345357
346971
348049
347528
350393
344791
349635
344887
346982
347244
348869
348799
348065
346480
347193
346294
345165
350146
348666
349607
349641
346917
345308
350708
347488
345410
347816
348330
346416
347119
345830
347531
345375
347644
346634
346786
347072
347535
345047
345185
347902
349346
350140
348300
348047
348145
348539
350379
349506
348121
347450
345293
344777
348596
344360
349006
347622
349870
347828
348686
344894
348630
345781
349656
348503
346168
347587
349080
348281
347871
346336
344805
347877
350483
347887
346689
347500
350059
348590
347260
348584
344828
345128
347585
348518
348750
349965
349319
347581
348672
349613
346248
346659
349437
347999
351381
345940
347965
345977
348720
348775
347132
345916
346034
348397
347647
344654
349322
347084
347767
348325
346594
348014
351060
348401
345702
344750
347426
347965
348548
347541
346230
344646
346327
349790
353920
347603
348513
346256
349003
348538
346872
348968
351645
346840
345835
346420
347041
344529
347464
347211
346434
344229
345884
349395
348909
348875
347328
347256
347201
347206
348363
345691
345400
347438
348179
348708
349347
345945
347495
351928
351070
346770
346243
349811
345918
347693
344677
346596
348671
347923
347309
346355
346910
348576
349818
347490
345741
348633
343869
349264
347584
347501
350796
344239
349351
347209
349013
346281
346749
346223
345020
347830
346827
345844
348791
348239
347354
348913
345338
346252
348149
344785
348360
346879
344339
347738
346579
349295
344282
345089
348282
346982
346803
348568
347383
347886
348533
348477
349245
347392
347717
350929
346124
346188
343825
347629
346733
349717
347651
348977
348655
345893
345229
345367
347949
345478
345888
344866
347589
347669
345817
349241
344881
349174
347224
349784
347987
347123
348030
345337
346497
347230
346717
346681
347077
349452
349233
344789
347341
347405
347295
351250
347475
349200
349273
345327
346925
348667
348772
347813
347511
352832
345448
350642
350059
349205
346265
351503
347306
345332
349601
349526
345212
345095
348556
345928
346118
346760
349617
348104
347707
346497
345595
345892
349290
344874
347865
344048
349732
349348
346389
346483
349522
345154
347920
345874
347352
348966
344789
346075
348898
348782
345661
347115
347435
349223
350822
348177
346815
345335
345662
347654
347981
349244
346251
348187
347996
346013
347053
345761
347150
349545
347419
347621
348788
347997
348764
348104
346333
346803
344982
348961
346146
345011
349092
347717
346474
347662
346439
344138
347825
348118
345318
346399
346805
347942
347920
349326
347914
350009
347934
349845
344595
346526
349103
347677
348219
347868
346972
346470
345151
348022
347434
346581
346688
346508
350554
347851
347417
347780
345970
344882
344882
345280
348068
346840
345400
348129
348590
347210
347237
349276
346459
345074
344916
347529
347669
345755
345253
346785
347756
347290
346474
351343
350175
349312
345654
345212
346497
348860
347619
348134
347954
345193
348419
347916
348154
347275
346705
348699
346098
351264
345974
348040
345457
345562
346319
348327
347763
350928
346553
345951
348419
346567
348093
346725
348898
348904
345932
345851
347478
345746
345370
348093
345721
348906
347791
351542
348889
347753
349647
348063
346429
349773
347741
347919
347633
347022
347629
344816
346073
346005
346434
347017
346623
348897
345429
346515
346604
349909
346936
350842
346094
345940
347690
349203
348405
347926
348790
348664
347714
346663
345856
346684
348028
349849
346248
347404
345151
348185
346479
348184
346845
347536
344157
348240
347106
348308
346571
346164
345913
348741
347133
345372
344940
349060
346774
349260
344619
348148
346568
345341
348369
347477
345962
345646
348569
348949
346065
347157
346948
344823
348654
346689
347071
348635
348126
347984
349352
349570
344196
347360
345789
345604
346096
346382
346905
345835
347230
344494
344712
345935
346074
347221
346406
347335
347371
347357
348023
347215
345316
348848
347625
350770
348936
352374
347091
347923
345879
347817
344960
347365
348443
346956
346164
346217
345014
350881
349951
347332
347267
346724
345280
348282
347205
346758
346085
348457
344544
347488
346042
347201
348781
344640
344108
349347
346179
346863
345176
347200
347832
346885
346131
348824
351524
348893
348916
348031
347595
346800
349099
350002
347713
346205
346098
346242
345197
348651
344922
347159
347695
350250
351002
348372
345864
348398
347692
348035
348791
347337
348745
349874
346340
346926
346123
347744
347164
350056
347552
348103
349126
346617
347221
346393
348788
347059
346254
349297
347818
347496
348554
347706
345246
345784
348708
351083
346355
349769
350236
346618
348117
346901
346428
347296
346457
346204
346558
345527
349073
350295
346940
348355
348011
347877
344870
347293
347803
349325
347824
347338
347925
346940
347336
345590
346227
347823
344875
347785
347934
347919
348691
345481
345901
349940
346267
346137
345101
348632
345965
348222
350595
347373
345907
347022
346368
345573
347906
345320
346971
345453
347068
347494
349030
350027
347852
346294
344400
348733
348829
346977
347944
346419
348482
347536
348002
346886
346288
348246
349248
348095
348846
348392
346465
349451
346547
346444
346734
346053
348315
346650
345895
345945
347980
346632
345574
345166
349032
348705
345478
345744
346042
347387
351523
346452
344517
349320
347098
347398
347564
348420
348881
343333
346616
344414
345189
350194
346350
349667
348528
347685
351133
347598
348970
346969
350125
347685
349494
345522
352849
345886
348139
348061
347042
345020
345321
346026
348900
345525
349304
346912
345669
348231
347531
346269
347253
346894
348003
347427
349283
346235
349675
348574
346344
348038
346510
349177
348266
348412
349040
347491
348635
348806
344690
346219
346485
350373
347146
346958
349877
350040
347661
344781
348917
349408
346503
348903
350633
348599
346047
348245
347039
347481
350223
344949
347014
345655
348430
348413
349248
348432
348568
346845
345943
347897
348482
349680
348211
351280
346584
348539
345715
347020
349086
346849
348249
347400
348290
345110
348442
348867
345217
347222
350260
344564
345857
345270
347180
345820
348259
347430
346805
346047
346106
346040
346956
346955
343633
349699
346733
348948
345618
347418
346722
349385
345239
347061
346538
348379
347602
346748
346278
344963
348190
350258
346768
343692
348205
347340
345635
348493
348012
345770
346766
348964
347304
349157
348598
347149
345320
345702
348654
347121
348737
346909
346884
347227
351073
349443
349752
349517
343989
347455
344778
347661
347532
346083
348283
349130
348830
347483
347675
345935
345171
347302
348668
351856
348794
345751
347500
345621
347117
344629
346403
347117
348749
345149
346177
346472
346215
345708
345895
350300
346306
348787
350964
347905
347084
346921
348911
349233
345615
349496
344176
346865
347027
345673
346764
346336
345560
346586
348120
350690
345946
347628
346504
343569
348756
347143
348455
345655
350314
346876
349786
348375
346865
346173
345438
344214
350420
345292
350126
346135
346149
347322
346388
346737
345968
350311
344678
348113
345964
346105
348282
348533
345987
345687
348421
348132
349729
347900
348429
346623
349474
347158
347180
347172
345909
346849
343695
350068
350899
347019
347700
352527
347119
348659
345404
347414
347825
349309
347487
347193
348505
347436
351799
349057
347893
349386
348625
344366
347604
345567
348532
349248
346345
348453
346088
347199
345471
346733
345619
345527
348039
345362
347915
348366
349093
349611
346156
345937
350669
345864
349398
348147
346797
347689
344741
345525
346935
348249
345238
350391
348388
346548
347860
350287
347266
346043
347835
351476
347236
346328
346959
348492
346577
350014
349963
349170
349965
347223
348749
347093
349054
348139
346598
347175
347431
350205
347071
344559
346313
348466
344905
344400
348195
347705
347024
350342
346906
349160
346027
345494
347412
347518
346182
348018
350536
346010
347971
348139
348815
348543
345536
348945
344660
346833
346656
346551
346649
349658
347749
348558
346330
348356
351193
346699
349049
346225
348058
346387
349368
350922
348028
348381
347662
347831
349569
347659
350608
348739
346400
345896
348018
348927
345722
350714
348817
347383
347529
349190
346264
348917
345892
347989
347537
346257
346533
347805
348735
350199
345842
347714
346821
346419
349069
350424
346151
345050
346201
348420
348437
346900
347056
346343
347501
348468
350493
350170
346113
348999
346800
343475
348222
345364
349682
350587
347280
349298
346396
348049
345634
345503
348091
349055
347792
345490
350487
350894
344940
350114
347316
349328
348577
353517
347931
347829
349400
347009
347350
346156
348630
348848
346202
349597
349703
349866
345086
346497
346727
344514
348307
348760
346194
345595
347083
349991
347784
345432
347757
347030
346694
346656
348101
347302
346723
346390
350067
345776
349169
348319
347444
347115
344368
345095
346052
347252
343758
347551
346434
352180
347132
348282
345169
346610
348220
346295
346832
348193
347363
345689
346282
348453
347402
345918
345866
348017
348019
347445
347280
347316
348166
345398
345445
349400
347263
346288
345153
346650
345226
348908
344835
350605
350690
347128
344634
347566
347573
348536
347276
348181
347068
347828
348684
346553
347785
349425
348122
349462
348234
350099
349158
344828
347281
349239
345687
348156
346029
346201
346932
348254
351877
346979
348145
346369
348865
349569
347607
346437
347707
343495
348212
349983
345377
345631
348647
347093
345279
345809
345912
345293
345964
348799
351221
347359
347062
347889
347328
345741
345709
346245
346801
346680
346003
351128
343528
348093
346352
349450
345466
346715
348536
349045
345543
348998
345865
345617
346751
347188
351283
349057
347345
344921
347626
347195
345913
346424
345725
348384
346980
347439
347972
348013
348997
348021
348570
347985
347443
345594
347119
348022
348480
347804
351959
347498
346646
348935
348300
350310
348926
349187
350572
347794
348286
347280
348367
348162
345595
349328
346988
351384
344894
347285
347106
347146
348553
347048
348046
345653
350625
345818
344613
346884
347098
347204
347204
349094
348496
347687
346440
344541
344894
348227
345084
350800
345329
348472
348705
348775
348271
347527
349388
351541
346695
347641
348219
347419
345721
347977
347647
347307
350104
347737
348998
347168
345438
350162
348048
346055
345185
347339
346303
347165
347914
345874
347282
347483
348111
345749
347332
346689
346880
350383
345678
346206
349400
346480
350045
348158
350794
345238
349623
348967
346409
347782
346916
351719
347989
348630
349808
349666
345751
349645
348834
348587
348622
345817
350251
345763
346773
349185
349146
345491
348448
344972
348871
345960
345605
345038
348501
345579
344720
344634
348408
347016
348599
344252
345584
347752
347053
347220
347946
347972
345203
345978
349182
348255
348500
347915
347598
347057
345320
350174
345185
349859
347423
351151
348473
346248
346224
346594
348260
347523
348070
347985
348768
349914
344233
348960
346743
345634
345877
350222
346414
346702
345518
348173
347166
343168
346694
346929
347655
347867
348606
347502
347237
346158
345587
346284
348391
350271
346496
347935
345659
350017
345905
348138
347139
345235
345535
349344
346289
348589
346240
346788
346154
347488
348576
347428
348190
347198
348168
350097
345465
348489
346726
347498
348201
345923
348296
348384
346236
347516
346404
345937
346239
349560
344267
346320
348733
347405
348776
347690
348514
346065
345895
346324
348926
350221
347195
351493
345962
347777
348953
346860
346329
346481
346961
349989
345615
349919
347020
346362
348546
348740
345645
347767
346270
348713
349193
348572
348353
346129
347919
345045
345388
346047
346579
350640
347479
348786
347990
347718
348255
348305
346486
344777
345619
346997
347908
348172
350930
348058
344735
347304
349243
345079
348173
346782
351480
349589
347285
345608
346260
349566
347003
346424
346233
345136
349277
348216
347793
348740
345966
346008
347995
345144
347616
343884
351786
347565
345454
346252
347562
347250
348990
348185
346149
348983
347226
346011
346921
347480
348839
346834
348413
347405
348816
349538
348397
346988
349172
347428
347472
347919
347817
347829
348252
348742
345343
351756
346814
345768
346880
353248
347401
349004
349281
347263
351580
346071
347342
350214
350067
349399
348907
346498
349560
352493
347810
348792
347488
347941
348622
348253
347913
350124
347047
346538
346734
345110
347252
346930
346887
346644
346823
349471
350056
346495
347343
348655
346379
349311
348712
346435
347020
348043
346603
348302
348337
347207
344846
346320
346692
347513
345383
345593
347422
349426
346733
347852
348354
348702
347372
345169
345931
348254
348997
345970
344441
347841
346824
346037
346115
347344
347953
345438
346679
343970
350642
345227
347729
348684
346420
346781
346204
348426
348234
348205
349747
347139
347266
348825
345620
348935
347905
346318
347498
347984
347279
351886
348516
345840
345945
349255
351708
347665
347143
347609
348937
345030
346014
348857
346761
350011
346263
347186
347770
343277
349238
347172
344892
348695
347728
345694
349462
347678
346737
350169
347759
347005
346691
347560
347387
345228
348316
345984
348499
346600
346755
348752
345264
346475
350859
347110
350275
349341
347977
348983
345185
345767
347633
344811
346643
347852
344828
347828
347714
348555
347565
345066
346930
345345
345859
347220
348168
345642
348130
348486
347706
348219
345466
347829
348923
346632
346931
348807
346670
348414
348857
349999
348868
349285
346225
346934
348310
351356
348900
349232
346856
347524
350073
348605
347979
349832
345008
347695
349116
345861
350170
346086
348659
344208
343503
349033
345419
348883
345388
346307
349028
346947
349450
345019
347394
344979
347012
348600
348007
344824
347213
347130
345684
346518
346269
345856
347705
349302
347897
349122
347077
347953
351595
345361
349773
347125
348103
346314
346880
346689
345556
346831
345321
346497
347054
345503
349241
346459
347461
347264
347633
347918
345845
350186
344726
348676
350566
349101
350120
347716
349538
345923
346231
345139
345194
350485
348111
348025
346840
351456
346385
347092
348284
348397
347793
347852
350153
347550
348615
348157
345970
352806
344364
344233
347171
348010
344890
348639
348665
345387
351794
350360
346473
351957
349202
345768
348227
350319
346659
346715
346321
346420
346733
347746
348531
348783
343881
349231
348278
349002
350798
347172
346476
348921
349166
347327
345837
350052
346250
347330
348328
346813
346439
343881
351232
350612
346235
348114
347549
347791
347204
350514
345571
346178
347781
345732
348407
348130
345424
349219
351964
345091
346435
349900
347472
351017
345187
348418
347367
346537
348366
348576
347234
347221
346042
347311
344145
349356
346750
348726
343834
344576
349573
347373
344602
350452
349064
347885
349215
345460
349819
347763
348604
347454
348207
346179
348389
348213
345211
345194
349183
350398
348621
345906
347488
347758
349644
348104
350421
345294
348688
347010
345554
345902
348396
345167
347148
349324
346376
349734
345395
347661
348943
347179
350084
349100
348918
347451
344720
345635
349978
347905
346180
349338
345760
347396
347132
349037
344703
346122
346637
346123
346031
349977
345173
348480
346596
347633
346087
346431
344906
353021
348183
347079
347091
345496
347278
348902
346096
348411
347390
349271
347747
346442
345408
348395
345994
345787
347099
345079
348799
350452
349945
346689
348159
346930
347749
347410
346122
347767
347502
349445
346694
346873
347207
345401
348186
346885
346521
345085
345847
347705
350554
353573
346324
348274
346921
350197
348629
349325
345839
345007
346866
348618
349434
347589
346891
348227
348196
347024
344891
344857
348299
346869
347763
347932
347435
346915
348563
344454
346907
349257
346682
352234
346441
349260
347270
345970
345610
346561
348216
345057
347187
346581
346003
346880
346572
348181
346569
346240
348643
349306
348981
351005
346388
344777
348640
347190
348790
346244
347799
349178
346442
347506
348013
349204
345646
346943
345913
349751
348792
347024
347772
348987
350232
346630
345317
351097
348315
344800
346993
349059
344697
346334
346762
348831
347549
348162
349134
346428
347710
346674
346287
350445
348004
348253
347107
345676
346592
347647
346523
349422
345808
349085
348456
348680
346737
349539
348528
346405
348931
349105
346092
346663
346099
346318
346550
346719
348378
347822
347599
346113
348058
350752
346763
346493
347468
347197
347421
345829
350155
346971
345930
350275
347802
347693
347820
347986
346173
346956
349204
351290
348094
348185
346108
346517
348950
347252
347519
347698
349178
348198
348101
345997
346053
347805
345670
351457
345219
349792
344751
349158
349128
345760
352213
347586
348262
348269
347157
348109
350608
347883
348104
347332
344789
344627
346592
348868
348894
347152
347012
346420
346089
347324
346213
347787
347429
348029
349480
346611
346230
349172
350166
349883
346371
346153
348825
348707
349698
349767
347350
346021
347042
347017
346179
348428
346946
346311
347840
347723
348025
347321
347717
344566
344252
348557
347347
349184
345174
347997
348573
345637
346579
346627
350413
349135
349374
348285
347515
346713
346931
346249
348724
347746
352148
347631
348203
345008
351491
348504
347316
349075
346355
345182
349072
348097
346878
347847
348061
345772
349102
346252
348343
346155
346638
346400
347411
347372
348093
348386
346367
348128
348772
352224
348184
348859
348064
346172
348268
349450
348367
346877
346110
347614
349586
347538
344660
346123
349619
347739
345001
347822
347648
348933
346224
345839
349495
347176
348838
349393
351423
346893
348256
346105
347961
345918
346092
348075
346821
346503
347336
347035
345946
349928
347850
345526
346355
346979
348923
346133
349697
345855
345101
346621
347017
345876
347565
346312
348065
347172
348295
345855
348031
348606
345780
347754
347300
346625
346151
345949
347971
348504
347223
350790
344141
345001
347034
351667
346917
346201
348574
346997
347062
350598
346319
346448
343884
349179
350519
348276
347693
346777
346443
344736
347664
345842
346017
346099
344828
347477
347461
347422
351649
345659
347666
347630
345003
351197
347737
343644
346651
345407
346081
346163
348477
352133
344835
349574
347214
347276
348660
344991
347902
346871
350812
347327
347346
347313
346374
346543
347173
347888
347627
347406
345859
347826
344851
347516
346969
346321
345751
346273
349923
350376
345960
348982
347030
346527
346805
348482
350519
345610
347222
349582
346758
348418
348995
346300
351119
346994
346947
347973
345517
345456
345616
348710
347483
345448
347537
346391
350065
347707
345471
350884
347991
347964
347535
345628
347517
352247
346110
346726
347528
347696
350865
346305
349917
345907
348563
346737
348941
349354
348691
344688
350256
347535
347610
348765
346557
346727
345340
347624
349722
344919
345843
349111
347252
347245
345195
350184
349110
347082
347673
346993
345595
348382
347972
346942
348450
350086
345628
349821
347011
346589
346969
347358
345485
348771
346921
347650
346834
348986
348936
342950
350110
348624
343759
347400
347602
348028
344606
347266
346110
350427
350006
346985
347658
347145
349345
345794
350848
346208
346489
347688
347776
344655
345884
351081
347157
349532
348949
345404
347623
346553
347719
345633
349242
349606
351513
343932
346980
347252
349156
348161
345439
346400
345882
347843
345859
346314
348804
347108
349310
346512
347083
347677
346625
347306
347220
347786
347426
345150
345154
345275
347697
349481
349015
349282
347064
346823
350549
348946
345106
348640
350434
347245
350439
345747
348688
349576
348013
347128
349696
348256
347056
348666
345968
349790
346364
349029
345999
345227
346496
346856
347619
348982
348187
349915
348861
347338
346699
347651
346478
345835
349352
346465
349629
347525
345143
348619
348797
346519
345368
347281
348034
346158
345406
347083
347420
348443
347819
348490
347180
350700
345905
347095
348991
346623
345315
348930
349104
345457
347417
343443
344992
348869
351580
348429
349318
349205
343827
348704
347102
348528
347499
346174
347138
350213
347259
348832
346369
351235
349767
347793
349047
347981
347610
349030
349625
345560
347658
343689
347919
347459
350933
350327
344756
347628
349419
345400
350100
348274
347315
345306
344333
350153
347406
349743
346832
348360
349380
348013
348515
349328
348081
347722
348956
345881
350091
351213
345710
348060
348303
347862
347733
346099
348514
347093
344902
346866
348575
348159
346625
346038
351312
349855
343329
346723
346682
349576
345754
347516
344381
348923
347737
346294
350361
345595
348639
349821
348214
344559
349250
346781
348620
346967
348229
348616
347856
348015
349191
350082
349426
347026
344393
349043
348725
344564
348932
348067
349702
345204
348708
349344
345407
347357
344420
345697
346226
349131
346826
351423
346406
347727
348056
347550
350016
347103
348960
343758
347088
348266
347920
347764
348016
351996
345995
346162
351279
350396
349831
347971
346460
348079
346891
349785
344114
348915
345313
347903
351083
346784
347787
348403
348436
347180
346985
347281
344409
345971
348242
346731
346943
348100
347785
346958
349366
345745
346809
345595
347229
348653
348124
346919
345503
350118
345710
350087
348429
346211
348914
347195
347542
348527
347047
349919
349987
346522
346948
347653
348842
346776
346285
348791
345734
346736
346273
349069
349401
348237
348463
345463
346526
346209
350675
348076
349987
348116
343949
353222
351140
350937
344079
348242
344854
347849
348999
348512
345999
347596
346946
348616
349365
350420
346727
348876
348871
350211
347877
345041
349380
345756
348889
348542
346019
345698
345629
352595
345119
346469
351608
354197
348838
348768
346200
346572
347215
345391
349831
345837
347663
347910
350544
344252
345716
348584
349912
348960
345633
348530
348415
351058
346844
350246
348449
346967
347998
347422
344944
350345
346056
345666
347964
346768
347705
348535
346212
348827
347334
345822
346177
349144
345544
347817
347596
350082
349264
344366
351174
345796
352552
349013
348530
346001
346025
347069
346250
344690
346700
346873
348916
349609
346354
348791
346959
349763
348021
346741
349326
348662
348293
348157
344914
345239
349423
347432
346285
347698
348222
348499
349928
347306
346713
348604
348822
345485
345176
348069
344717
346579
349961
348762
343752
350737
346039
348710
346733
345262
348388
348989
346941
347516
348421
347471
353556
347277
347063
347970
346116
350249
347327
348361
347330
346162
348669
345659
348337
345345
346314
349969
344574
351553
346752
348722
348613
348248
347745
346908
346254
346717
347601
347228
348854
347220
346537
347712
349592
349785
347447
348215
347610
346439
350041
346927
346442
345305
346866
348521
347017
348425
346717
344529
345700
347433
349816
349567
344428
347923
346214
347959
348765
347161
346940
350108
346612
350452
345835
347981
346508
347015
347342
350470
343813
345721
346087
345046
345293
346404
346760
347531
348801
348121
346616
346515
346065
350606
347587
347258
348593
347888
348180
346996
348124
347130
350403
347901
348306
346457
347361
348638
344877
345045
348019
351952
348499
346870
345984
348476
345061
348173
346303
348528
346774
347744
345789
351751
345065
347855
345262
346918
348987
349557
347920
347159
347197
345606
349916
348821
348291
350195
349155
347096
348045
348177
346846
348767
347257
350946
345963
345613
348990
348283
346479
349700
348672
346044
346753
346384
348761
348247
348752
346860
346698
347905
347839
345835
349570
353471
348535
347821
347805
350315
347875
345687
344345
345334
347497
346433
345675
351804
346260
348432
348537
345967
348204
349090
348837
348953
348538
347526
343381
344843
347096
345669
346351
346815
345336
353172
347480
347340
349523
348822
346891
346236
346751
348638
346330
346353
348823
346977
346229
347733
348386
348242
345610
347797
348927
348388
346819
347875
349801
347821
346640
348558
348540
347495
347262
350028
347607
348514
345479
345371
347206
350010
346947
346968
344840
346393
348343
346121
346873
349312
345878
349218
345480
348540
347183
347406
345893
346119
344400
345967
349058
346180
349891
348202
344861
347824
347975
343455
348264
348826
346054
350700
348920
345863
344388
348364
345692
351308
348540
346789
344611
348117
343761
347114
346876
345144
348945
345269
346629
347786
345538
350569
346089
346197
347279
348080
348359
347997
346044
347179
345079
346778
349106
350291
348993
347566
347125
348537
348385
347876
345599
348651
347244
349645
350824
347815
346148
348220
347562
348405
347287
347588
346261
348987
346422
347538
346836
346805
347899
347136
347930
345130
343758
351150
350148
346826
346529
346078
345280
347315
349008
344159
347822
350531
350310
348669
348965
346360
347394
346733
347197
348853
347794
345394
345656
347665
347655
347045
349474
351828
345609
347387
345682
347754
346340
349668
348882
346150
348169
347295
344605
348574
348103
348746
348183
345618
347004
347414
347977
343953
351197
347856
346478
350164
344064
346560
346495
348723
347735
351995
348305
346260
348242
348649
349462
348976
345901
350003
348796
347674
349570
346204
349714
346314
346836
346515
352566
347332
348109
348426
345688
347366
345870
350155
348759
347071
349114
346374
346526
345595
346175
347266
346230
344262
346898
345907
346083
343482
351087
348442
349253
347212
346450
345140
347123
348594
347285
343285
344923
346468
347000
345629
347815
348886
346856
348807
349587
348527
345218
348906
348017
347923
346450
346961
348903
349418
345856
348648
347334
350958
349304
347956
348511
348352
346906
346482
349833
349346
347799
345725
347732
347686
346068
345966
345964
347449
348727
345776
347009
350541
347460
347022
345041
347063
349342
346821
347705
347420
348401
345775
349902
345628
345228
345700
348306
346241
347202
347965
345032
347054
349135
349091
350186
349278
347398
347862
347406
346953
348813
349050
348164
345516
346168
345796
348112
349437
348717
350502
348574
348991
353078
349184
347273
345721
346534
346086
350694
348535
344334
350239
346151
348950
347637
349273
345495
347799
347577
346126
348798
345879
347394
348455
346495
347399
345724
345470
351369
349304
346821
350358
347639
344989
347022
346238
348211
345691
347253
349998
347686
347130
346152
347454
346962
345561
345714
347133
348765
347083
348906
352159
350859
346157
346064
346110
350728
346012
349748
348077
348176
345232
345086
348083
346098
346760
349003
350744
345916
345733
345946
347639
347456
350637
348276
347306
347458
350023
346465
346612
348027
346256
344985
350417
349188
348431
345247
350977
349392
347284
348064
344990
346278
344875
347222
346188
346740
350899
346934
347787
347741
346440
346346
349649
346463
348125
345338
348082
345752
348151
345495
348546
348132
348479
346104
347278
348836
347189
348478
346466
347811
344893
350859
348566
346695
347944
347756
346954
343677
345201
348093
350186
349032
347176
349805
344064
347569
346206
347258
353520
345190
346572
346527
346497
350544
347506
345925
345560
346017
347919
350821
352440
350396
346697
348301
345940
346905
348986
348701
349970
345663
345908
347337
346105
346154
346636
346485
346805
347346
348611
346624
346536
349063
346336
346814
346422
350156
347779
348311
348623
346587
344682
349349
350174
351945
345945
346308
346206
349156
349557
349190
346951
347828
347928
343420
349153
347014
346022
347022
350600
346835
345101
348633
350192
347094
349218
348894
344754
345820
347123
344528
349997
348224
349637
346074
346948
346751
345249
349136
345938
347370
344638
346397
349395
347461
347190
347209
345101
347633
346053
348742
347725
347355
348078
349274
348831
345262
344843
344096
346376
348808
347617
348085
345823
346239
347635
346449
348442
347745
346538
348321
346731
348667
346981
348256
347501
346605
346305
350189
347871
344558
347911
347255
345729
349238
349313
344521
346161
344885
349251
350318
345850
346451
345952
346565
347502
352673
345848
350771
347622
347378
348259
345823
347384
350909
345677
347709
346833
349984
344496
345663
347843
348255
345776
346262
346822
348800
347430
349136
346122
347310
346334
349650
345863
347407
346400
344956
348736
350090
352585
349732
347527
345361
347078
349669
350257
345528
347899
351246
346084
347595
344365
347119
344789
346775
353883
349053
345731
346829
346889
348483
349144
347321
345706
348788
347472
344812
346096
348597
346344
350962
347612
349997
348512
344920
348399
349575
347641
346132
348606
346658
348601
347038
344817
345754
347651
347476
346293
349189
349557
347817
346253
351167
348083
351551
346257
345726
347209
347262
347464
349385
347248
346770
346989
350235
348995
346953
347565
347713
348337
346009
345391
347002
348431
347502
348457
345695
346192
350716
346139
347329
346746
346411
345913
348079
347137
349280
345862
348308
345451
349742
347374
345418
344983
346431
348462
346081
347794
347419
351280
347738
346771
350339
343570
343758
343216
346221
349116
346886
344980
344886
344852
349340
352573
349771
345102
349677
347066
346086
346215
348484
345751
345877
346684
348190
345335
349327
347188
347153
346404
348807
346764
348311
345993
347633
345507
347895
347702
349063
345883
345468
345859
346797
347247
348536
346396
346078
348424
349245
346703
352569
348228
346250
345738
346093
344828
347740
348174
350559
343689
349868
350387
349320
346364
344884
345033
351526
348090
346473
347527
346844
346251
346896
347219
345477
345294
349410
345115
349756
348739
350830
347190
349243
349219
346740
347828
346262
347820
347665
349312
349477
345139
349007
348411
348157
348010
346109
346352
348321
346437
347313
345638
347813
346402
349291
348249
347127
349065
349804
346864
346027
348617
349549
347179
346585
348026
345721
348498
347671
346404
347862
348594
350795
347183
349166
349433
348995
345258
347297
348757
348609
348345
345572
347846
349870
351783
345043
348169
349232
348256
344756
349760
349502
348664
348869
344568
348851
345727
347210
346548
345771
347827
349766
346079
349099
349235
346848
346876
348618
345973
347412
346957
345451
348998
346320
346833
347051
345912
350356
346912
348997
346533
344184
346718
350162
348710
350600
345009
348882
349036
346458
347091
346408
346589
345598
347542
346883
347116
345225
346990
349277
346224
346770
346821
347225
348055
346075
346543
344318
347356
347550
347491
348694
346897
348397
344777
348453
349154
350597
348635
349454
349768
350297
347486
346857
346047
347008
346518
347709
349919
347480
347623
347599
346236
350179
349490
348498
347017
346806
349222
345760
346776
347536
346778
348776
347400
347027
344019
350327
350295
346775
349283
347484
347141
347498
346916
344494
349172
344634
349073
344753
348459
346329
347612
350869
346223
346822
344522
347749
348385
346924
347196
348083
344302
346559
347427
347788
344894
350030
348182
346742
350576
346826
348080
351486
349594
345944
345328
345977
348940
348547
348076
346105
348894
345730
349934
347730
348953
347665
346047
348802
345206
348447
344015
348801
347613
346399
346929
346585
349247
348860
346938
345129
345496
347948
345718
347637
344530
346697
350096
347641
349189
346978
350453
347458
347084
345343
348941
347306
348306
347101
347192
345043
348307
345710
348319
346799
350144
347591
345396
349274
350479
347022
349651
347222
346650
345769
348586
349073
348269
348888
348929
344475
349229
350054
345785
346717
345982
344870
348121
346805
345904
346173
349132
343879
345194
345034
345785
345185
345395
345136
347953
346525
345777
348126
346601
346547
349924
346646
348265
345203
347368
349855
347763
348484
349059
349515
347608
349984
345805
345525
349245
346492
344435
346189
348753
344916
350177
350020
346366
350804
347682
349076
344958
347425
349696
347825
346395
346173
346526
346492
346896
348202
348946
347636
343690
347512
347274
349377
350404
347186
352298
347428
347932
347019
345785
347272
349225
348182
347453
347314
345582
347480
349413
348858
347217
346678
350848
348769
347450
346822
352183
347637
346164
346425
345100
346511
344601
347840
350065
347652
345437
346207
346605
347481
345185
