168487
167258
167915
167439
168445
169883
168162
167764
167431
168542
169364
168478
169093
167259
166823
170057
168527
170344
167439
168375
166987
167192
168051
170271
167754
166833
167431
166977
167416
169743
166830
169047
170558
169027
168477
166819
167439
165939
168482
166654
169034
168043
169133
166365
168218
169709
167434
169275
167258
166819
168867
169049
167440
166366
169093
167443
170134
169221
168456
166161
169762
170209
168527
169819
169642
168335
169965
169503
169306
169554
169598
168113
168648
167049
168576
167947
166819
170583
170209
169892
166979
168422
167584
168984
168477
166825
167762
167235
167634
167596
167478
170439
167938
167441
166649
169154
167586
169222
167221
166824
170334
169452
169032
169305
166825
167479
168045
168651
167871
169151
167942
167945
167328
168117
168371
168211
169547
169929
168958
167763
167754
168929
167259
167258
166331
170495
167609
165929
167262
167329
165943
167654
170686
168481
169095
169811
168729
168879
167883
167259
169950
168865
167612
169745
169527
166869
168697
166649
168840
166512
167916
169055
168665
166653
169570
170522
165929
170856
166829
169603
166876
169165
170669
168443
170516
167872
166372
167871
169840
168713
167056
168985
168715
167390
165758
167261
167026
168545
166833
167224
169383
167115
167444
167439
168260
168221
167054
168648
168986
166541
167831
168381
167023
169660
169012
169484
166824
166822
168549
168340
167730
167894
170507
167482
168490
169809
170644
168656
169029
166829
169305
169306
167440
168846
166830
169761
170314
169760
168377
167441
168694
167871
167804
167233
168714
167483
170014
168697
169491
168309
167755
166823
170010
168865
168698
168203
166433
165939
169591
166366
168830
166496
167654
169666
169303
166536
168647
168048
166771
167844
166940
166649
169638
166550
166829
169529
167400
167622
169630
167438
168383
168653
167055
168446
167916
167651
167935
168052
166329
166717
168648
169096
170819
168550
166976
167765
168371
167999
169642
167379
167023
166535
171538
167263
169593
167870
168513
167221
168817
167149
169329
167630
168001
168918
166650
169331
167585
165757
167633
169760
166806
167430
166822
169707
166651
168116
167938
166715
168261
168042
166834
166649
168222
170058
167040
167201
168866
168983
168983
171700
167585
168412
167445
168371
167006
169115
168543
168653
167765
168543
169907
167802
167869
170248
168851
167259
166329
168058
167767
169207
168443
169099
165757
168944
167001
167441
167259
169476
170286
169197
170371
170327
168443
169323
168305
167428
169377
168700
170153
165928
169445
170284
167935
167436
167801
171599
170320
166535
169638
166871
167429
169201
168267
167442
165758
168547
168555
166368
166649
166936
167260
168870
169434
168545
167395
169523
167430
169060
168179
167220
170036
168170
167429
169592
167439
169749
169546
168483
168094
168523
167224
169051
167445
167039
168099
168849
171114
167868
167763
167780
167430
167429
173598
169097
166821
168686
166538
168660
167915
167317
168039
170097
168703
168984
167589
167220
168554
169914
168696
169210
168371
168017
171382
169487
167664
168927
168526
167611
168159
168265
167430
166651
167440
169028
167549
165756
166975
166652
167002
168388
168526
169376
166819
168311
169135
169862
168813
169263
169162
166369
166823
169638
167763
166824
165932
169953
168003
167315
166649
168063
167438
168443
167263
166537
169115
166977
168751
167989
169999
167002
167021
166536
168314
167438
166535
166829
167429
168557
167393
167890
169942
166834
166649
170012
170672
169400
167442
168447
167596
170210
168435
167325
170737
167198
168555
168929
166976
167119
167608
166369
167754
168372
168328
165926
167480
166820
168478
169137
169032
169808
168552
167438
167762
168442
169742
169117
167571
169095
166980
171394
168793
166655
168478
168985
167651
168874
169151
168479
167262
168542
167429
169254
168721
169775
166548
169305
167324
166873
169492
167870
166821
167262
167258
167060
170162
166539
165941
171085
171026
168820
168089
166823
168169
169490
168526
169483
167442
167585
168526
167828
168521
170485
167221
166999
166111
169769
168373
169422
170617
169259
168212
167810
168530
168208
169153
167145
167430
167259
167051
167738
169820
169051
167430
168723
167150
167428
169030
167830
168706
167379
171276
169273
167058
166655
169478
166654
168038
168526
170505
169982
166716
168998
168582
167434
167431
169319
169121
169093
168944
166547
169051
170269
165762
168623
170316
168695
169284
167442
168613
168683
168099
168374
167630
168649
167919
170485
170215
166326
167262
167728
166652
167765
168880
165930
167917
167611
169222
168169
166813
168479
168243
168541
167161
169924
168516
173035
170833
166548
168693
168818
168693
169636
169137
168526
167260
168477
169882
168652
171605
170488
168372
168617
168053
166541
167613
167700
167432
168829
167828
167868
168155
170270
170333
169879
168378
167914
169726
170439
167871
166327
167221
169320
169334
166833
167625
166657
168542
167444
167917
168876
167258
168218
167258
167263
167874
166650
170097
165928
167813
169377
169605
169762
168877
167396
168854
166720
170316
168388
167261
167438
168919
168001
167835
169377
169161
168157
168200
167943
168038
167054
170945
169029
168785
168527
168949
168811
169575
167915
166830
167479
168793
168880
169570
166810
169711
169733
168324
166369
170862
168544
169790
168454
169257
167392
169742
165940
168005
169094
169518
166537
166366
167428
168555
169638
168042
169462
168659
167587
167262
168410
171536
169053
168614
167258
170167
170439
170415
168489
167000
168420
168507
166545
166999
167432
169767
171610
170146
168653
167260
167259
170859
167601
165931
169764
167443
170270
168941
167614
168654
167258
168221
168220
169133
169133
168489
166829
168168
167438
167433
165936
166373
168264
169099
168657
168482
171026
168660
167801
167224
171125
169126
166938
166710
167286
168371
168658
171039
166653
169231
168008
166366
165767
169258
165761
169152
167261
167843
168442
168650
170488
167262
168373
170522
167400
166366
170674
170743
167589
168966
167401
167432
168218
167830
169230
168663
168702
167428
168998
168372
168340
170332
166875
167804
170452
169601
167649
167759
169313
170730
167026
167258
168290
170417
168502
169913
168545
170816
175137
169763
170948
167325
170208
168544
168812
168170
170733
168310
167983
170042
167603
166937
167666
167658
168975
168791
166820
168582
169991
167261
166657
169329
169291
169658
169742
167403
166369
169155
165931
167149
170537
165931
167324
166535
168199
167401
168721
171552
170130
168554
167630
168112
167552
169401
166536
170337
167390
167676
167261
166651
166819
167831
168590
166497
166718
171601
171171
168649
168496
169101
167585
167934
167259
169455
168697
168760
167803
169970
169056
169967
170591
167949
169878
168084
168327
166825
167042
168997
167934
168218
169901
167943
167258
169050
169706
170356
168543
167871
167056
169602
170147
166869
169996
168264
167201
170733
167608
166819
169607
166649
168391
169028
167935
169605
167023
169590
167933
168241
168378
170252
171037
167428
165758
169636
166823
167914
169807
168942
166823
166535
169807
167259
167872
168827
166535
167699
168085
168774
169636
170544
167702
169808
170569
169217
167430
169744
169031
168861
168480
167258
169114
166367
169535
168524
166550
167258
167393
167608
167828
166822
169797
168040
167417
167999
170999
169626
169760
165764
167835
168542
169935
169054
174082
169653
167871
167754
169842
168931
168546
167259
170822
168375
169331
168009
168040
170761
167941
168443
168311
166368
167290
167054
169321
168478
168044
168154
168693
168531
169227
166651
167559
169744
170821
170494
169988
169665
166716
168242
167021
171098
176043
168041
167404
170429
169614
167429
165940
169379
170442
170317
166369
167262
167869
167221
168264
167260
166538
168724
168243
168525
170300
168617
167432
166367
167510
169198
167259
165926
168637
169154
169065
170269
166539
170606
169322
168375
169924
169642
168376
168889
169484
166987
169427
168158
168543
166650
168699
167260
169050
169641
169136
166983
168096
168873
168610
168649
170551
167258
167917
169479
171208
169725
166550
168084
168085
167258
170484
167435
167932
168219
169977
169223
166716
166367
165756
167428
167935
168542
167733
168089
167429
170839
167441
168585
168676
168694
167585
168445
171497
169109
168875
167658
167872
167441
167630
168705
169219
168236
168270
167199
168039
167259
167229
168267
167429
169051
168529
168480
167870
167800
170193
168211
173610
167802
167616
169775
167430
170343
166367
168705
167428
168374
168949
167660
167936
165756
167442
168703
170819
169773
169715
169134
169590
168827
169198
171555
169138
168001
169942
167000
170622
168945
169222
167438
166823
168648
168656
168402
166773
168112
167613
166870
168481
168523
169702
167191
169771
166822
170132
166649
167914
167814
167219
168051
168805
168648
168984
166831
166831
167839
169251
168647
168503
167897
167443
170986
170819
169426
167430
168929
165756
165756
166651
169834
168525
168911
169527
167430
170353
167833
168524
169384
167831
167876
168647
167433
167648
165927
168548
168981
168950
168155
168219
166546
166652
166368
168139
168533
167914
168780
172820
166547
167553
167428
169093
166823
167631
168648
166539
166649
168038
167883
168041
168304
166715
170055
166371
168168
168541
167430
170249
170154
167432
167003
167609
169050
166977
165926
167932
168544
167439
167764
168648
168371
170926
167772
168792
167833
168649
167263
168308
168306
167260
167797
168088
166823
167196
167146
167933
169052
167800
170246
167932
168341
168002
168743
169256
167196
169409
167777
168371
169810
168865
168448
167408
170382
165758
168201
168390
170686
167401
167219
167873
167587
166821
167437
167260
167431
168721
169704
166540
167258
167609
167868
169557
167442
169730
169529
166368
168481
171220
166654
167434
168112
166714
168543
170855
169675
165931
168377
167258
168502
168524
169483
167504
167262
167428
170852
169276
167611
167975
167828
166819
168222
170177
166535
168524
167428
169745
166819
168198
167023
169963
168541
167585
167832
169746
168543
168485
168478
166938
167609
170483
166652
167915
168726
167226
168661
168552
166546
166649
168613
168483
168260
167261
170353
166537
169304
169595
168443
167938
168008
167431
169089
168347
169197
168478
167613
171910
169820
168661
169053
169764
170824
166935
168398
167981
166822
167584
167806
168659
167829
166331
168554
168720
169876
169636
167939
167389
165926
169053
167429
168076
167433
170234
167122
168491
167106
168375
168119
169523
170499
168479
169268
167548
166829
170761
169540
168477
167289
167547
165932
167933
167428
168721
167432
168054
168944
166501
169638
172777
169397
167598
167779
166822
169263
168485
167265
165759
170487
169590
170386
169114
168048
167765
167439
169777
168647
170861
166830
168693
170206
166712
168014
166950
170320
168373
168266
169697
168039
169230
165936
167260
168045
165765
167648
167432
169599
166833
168089
168987
165930
168338
167828
168365
168648
167211
167258
167632
168371
167442
169641
167499
168260
168228
168485
167258
167441
166365
167934
166869
167933
168477
168274
170557
167429
168048
169555
167982
168453
169230
168052
167260
167429
167428
168661
168941
169555
167204
167834
168337
165760
167259
168946
167943
167378
168099
167259
169773
168371
170986
167027
168502
169028
167021
169639
167869
167430
167258
168328
167574
168732
170316
168043
171136
168482
167193
166821
166935
169594
167258
167921
168831
166819
169035
167317
165929
167001
167874
167918
168490
167262
169250
167264
169094
166718
170927
168172
167608
166658
168948
168403
167258
172184
171382
167392
167219
168481
169537
168542
167765
168097
167438
167408
170316
169250
169032
168748
166874
167804
170214
168612
169137
167443
168308
168479
170318
168544
166836
168000
166825
169220
167919
168721
168647
168711
167764
168992
169222
168266
168013
168949
167700
167392
170160
167651
167416
167429
168310
166829
169528
166724
168746
171278
167915
169937
166717
166366
167260
166650
166819
169721
170334
166333
170318
169212
168373
169812
166832
166368
167000
167433
169637
169210
167667
168340
170619
168531
167394
169639
167058
168523
168091
166820
168100
168875
169055
167259
168654
168648
168705
167551
169938
167917
168308
167594
169199
166653
166365
167261
169887
170820
170109
169487
168985
167106
167439
166342
167442
167598
170565
169295
169156
169971
169704
171525
170108
170578
169931
167496
169742
169727
172216
171596
166366
169484
168551
167264
168335
167116
167055
168981
170499
168649
167702
167869
167982
168094
169236
166878
168084
171870
169151
167548
167660
166366
170930
167917
167480
167429
172893
167222
167438
168324
167766
167264
169308
168001
168829
170419
166535
168371
168304
171503
168013
168865
166807
167871
167916
172055
168725
168524
168542
168371
166821
171146
171422
169529
167220
167932
170101
166820
170989
167635
167146
169640
167833
166654
166676
171082
168659
166655
167634
167428
170205
169051
169523
168161
167428
166372
166649
166326
168609
169532
169308
171602
168660
167934
170416
168898
167611
167439
167258
166653
168286
169806
170126
168882
168657
167227
167588
175523
167430
166999
170163
167478
169637
167443
167932
167589
167980
168981
167258
168085
167260
167264
168658
170036
168481
168608
167429
168086
167429
169474
166999
168523
168700
167266
168485
166717
169743
167430
166821
168988
169595
168543
168542
167265
168721
169592
168106
166831
167428
168269
166548
167482
168658
168827
167160
168647
168088
168916
167869
168867
168624
167584
167226
167765
167265
167219
170817
166659
166365
166869
169639
167390
168477
166826
167592
172061
168477
168992
166326
169319
170316
168543
167586
169111
169098
169874
166649
168781
169277
168843
167391
166809
167703
168685
169427
170675
170206
168877
170855
168218
167636
170620
166370
169114
167914
168702
167942
166821
168477
169623
168085
169552
167940
168791
166650
167806
170556
167803
170428
169440
167434
167262
169600
166370
168374
170621
168114
169963
166807
167905
167258
167003
168477
168478
168693
168704
168648
169980
168475
170856
168726
169918
167260
166716
168695
166649
170487
166821
169553
168235
168707
167428
169429
165926
168271
166371
169234
167381
171089
168664
167586
169773
168075
169033
167325
167608
167611
168876
167886
170092
167936
167263
169135
168682
167769
167442
168154
169883
168647
168693
168115
169986
167609
168327
167192
167608
168776
167756
167429
169151
166653
167660
170557
168889
169228
169746
168388
169564
168184
169050
169593
168477
168477
167222
167260
168635
169303
169092
169430
169269
170482
167987
169088
168087
168789
168552
169849
169214
168766
171526
169030
167589
169136
167375
171483
166786
168371
167844
167432
167442
167428
169926
168710
166366
169264
166978
167992
168654
169163
166826
169316
167828
167431
168748
170078
170482
168502
167432
168653
168448
166822
171189
170045
169639
169307
168086
167259
171215
169534
167658
168401
169330
167430
168332
169595
170999
167439
169259
168089
167653
169637
168704
169496
168661
167920
166832
166367
169194
170247
167764
169051
166540
169219
167665
167584
169054
166366
168482
168043
168660
167201
168503
166545
168878
168418
167701
167612
167040
165927
168484
166651
168477
171430
166941
169422
168896
168966
168793
167939
168196
168722
166676
170246
167225
168389
167430
166719
167935
167227
167258
169746
169024
167235
168893
167413
168662
167610
169148
170792
168310
169775
173969
169505
168478
168372
169098
167584
169724
168038
170098
168055
165757
169591
167599
166549
167258
166950
167613
168613
166652
166709
167765
167917
168700
171435
168481
167430
168945
168004
168479
168863
168054
168941
168879
167429
166651
167373
167614
168525
167800
167262
168157
167632
167946
168442
169882
171026
167819
169424
171428
170114
169260
168482
169438
168051
168743
169743
167430
170315
168528
167430
166835
169211
168523
173914
168658
168373
167721
166365
168479
169157
169009
168038
168039
168333
168275
166953
168222
168444
170908
168608
167829
168878
168665
168543
166944
169722
167439
169600
168880
167441
168087
169050
169314
169923
169165
166368
167762
168042
168529
168835
169235
169819
166829
168867
167871
168373
167870
168006
167835
167496
168478
169093
169291
166537
167482
169993
167220
167868
168930
169914
170553
168625
167056
167601
168439
167107
169051
167600
166433
168930
168428
167933
169110
166715
167106
168442
168478
166654
169445
167611
169942
167269
169816
166535
169086
168244
167945
168913
166820
168657
170309
168697
168089
168001
169047
167820
168489
168876
168429
166367
168662
168042
169151
170316
167021
167755
170312
167443
169284
165928
171382
168543
168084
168114
169592
167258
167328
168884
167431
172096
169924
167259
169047
168543
167549
167261
169422
167057
167589
167394
169158
167196
170267
167606
168769
171587
169917
166938
167835
168763
166331
170295
167148
166975
167667
168375
171237
169708
167730
167810
167431
170428
169355
170481
168162
169807
170913
167260
168418
168849
167431
166825
167938
171319
168913
168982
167258
167259
169027
168948
166819
168894
170269
168171
165939
166649
168661
166649
166772
166541
169135
169093
168265
168649
169484
167601
170148
168744
169019
165927
167021
169425
169199
168822
167228
167430
168493
169156
168811
166367
166552
168039
169886
167919
168312
167258
167610
166806
169126
168695
168112
167764
168315
167431
167871
167830
168504
171028
167829
167915
168488
166655
170450
168528
169212
167263
167667
166548
167914
168814
170056
170721
170543
168371
167438
167934
170488
169234
167259
169884
171390
167832
169832
167718
168002
167600
167868
170695
168266
167829
168650
168657
168485
167980
167569
169093
169109
167225
165941
168506
168205
167258
167439
169382
167934
167260
168306
167914
169594
170964
167699
169123
170419
166653
166940
169807
171385
166822
167148
170234
168478
168525
168657
167399
167430
166832
171166
168760
169534
168038
168490
167405
167228
168374
167873
168480
168703
170778
170943
165764
167658
167800
168873
166656
168510
166819
167946
167478
169163
166650
167258
168988
169260
169121
167400
167916
167258
169554
167942
167803
166659
170053
166650
172580
168650
167433
167548
166651
169761
171027
168084
167121
165759
168503
167146
169777
169885
171240
168088
167871
166653
167416
167440
168486
169416
167765
169154
170164
167764
168039
169152
167547
169639
171318
168649
168836
169636
167264
167998
170948
168093
169446
169754
168372
168086
166819
167262
167435
170095
168877
168089
167220
166651
167983
168332
170056
167438
168524
166649
168490
171385
167609
168557
169379
169636
167442
167219
166822
169111
168260
168258
166650
168243
168484
168038
168040
167754
167259
168258
169049
169486
168697
168523
170100
167624
169609
169028
168307
168704
167431
168524
169008
168541
168883
167998
166535
168016
165759
169806
166545
169347
168555
171382
169592
168096
168612
169421
167258
168478
169794
167829
170525
169084
168693
168087
169267
169133
173466
167041
168659
168880
168983
169636
168526
167663
167438
168375
166708
168259
167829
168038
169289
171180
166535
168171
169590
168981
170201
167765
167609
166831
166370
169562
168721
168944
166106
169597
168480
169808
168371
168335
167868
167049
168852
166649
166936
167429
168015
170860
166655
168392
168000
169258
166655
167260
169769
169139
168770
168453
167442
169220
167840
166819
168541
167614
169030
166682
168545
169384
168480
168543
167263
168003
168813
170489
169751
168793
168218
169914
168443
171126
167917
168114
167258
167043
168695
169808
168376
167875
169743
168683
169744
167575
167934
168662
168223
167844
167837
165926
169428
168661
168875
167260
168544
171383
166829
166821
169047
170692
168568
167389
168001
168559
168526
167771
169731
169168
167610
167828
168035
167828
168220
167264
168178
167832
168481
169274
167223
167429
169291
168804
166819
168046
170719
169744
167263
168094
168373
171638
168496
168695
165756
168049
169590
168371
168480
168733
167430
167266
173152
168652
167550
167598
168703
167428
166545
168621
169322
168049
167572
169201
168210
166770
168983
167757
167391
169314
167608
169745
167318
169279
166369
167438
166650
169913
166831
167433
169702
169332
167229
169224
170994
167258
166539
169118
167809
170812
169916
168528
168795
168049
166106
169053
168832
167262
168374
170093
168084
166834
168695
166829
169387
167830
170032
167439
167871
167671
166819
167630
167800
167697
168763
167442
168818
168657
168373
169594
169091
170312
169769
169112
167617
167829
166652
171537
169094
168373
170534
168649
167654
166650
166369
171003
166106
168334
169590
167146
170067
170419
166952
167433
169808
168040
169197
169029
168446
168330
167871
169111
168874
170285
168220
170312
167782
169913
169278
169899
168919
170378
168483
169772
168477
166807
167004
170688
168693
167610
170439
169184
165938
168660
172734
167197
170945
166937
169744
167872
169232
170773
169123
169199
168455
167934
169114
168484
167613
167998
168444
169133
167767
170476
166829
167613
169704
167648
167812
171387
170321
168528
167870
167789
169914
166651
169493
168657
166161
167056
167239
166833
169223
167444
167442
170263
166653
171049
166652
168043
167429
170725
168694
170163
170153
171122
166366
166717
170093
169314
171221
168544
167260
166707
168554
168697
168877
167442
167220
169868
168042
168779
166820
167999
169766
166834
170417
168724
166649
168927
168483
167610
168308
168544
168697
169748
168649
165937
167438
168722
169153
167052
168714
170426
167440
167442
168547
167258
169432
168778
171955
165756
167870
166535
166372
169122
168504
165756
168941
168816
168371
168658
166821
169202
166653
166507
167702
170591
167757
167260
166655
168091
167881
167919
167781
169697
169424
169153
167430
168372
169053
167767
168662
168480
168523
166872
165936
166819
167440
167597
166548
167763
168442
167801
167630
170161
168541
167506
168542
166832
166827
168708
166820
167260
167147
167937
167001
168779
167942
167934
168478
170374
168696
167258
168776
167431
167428
167292
166819
168479
169332
168705
168043
169940
168372
166365
169830
166819
167946
171595
168695
167548
168827
169598
168218
168373
170319
170482
168661
167946
168490
169668
168750
168482
171012
170246
168310
167258
166368
167998
168453
167935
168542
167006
168946
170251
168704
169230
168812
168817
168652
169761
167764
171670
167478
168937
166536
166834
168114
168268
168648
169992
167389
168883
166832
167586
168877
167024
169416
166652
169665
169473
166717
167479
168010
169197
168507
169760
167259
166821
167148
166829
167833
168437
169941
167830
169028
168372
167765
170440
169574
166332
168480
169551
166835
166938
166537
168545
169303
167391
167442
169445
166536
167587
168390
167934
169267
168913
167652
168048
169225
170084
169816
167630
168695
168480
167762
167376
169642
166819
167896
171218
170603
167569
168932
168211
174644
167429
168623
165757
169304
169926
167868
168043
166823
169121
167264
169596
167766
168886
170930
168221
167159
166536
168085
168339
166546
170440
167431
167762
168390
168981
171587
170487
168924
169894
167391
167155
168200
166370
167430
169636
167433
166976
166368
166833
170265
169027
167804
166935
170333
168084
167769
169266
168478
166821
169776
171170
166654
168647
168321
167429
169138
166819
168542
169157
168161
170495
167811
170353
169266
167934
168559
168541
168661
168524
166823
166869
167259
168551
166368
168608
167763
169743
168966
168441
167266
167550
167258
167259
167932
168134
167433
166823
167828
167478
167917
170771
168438
169427
166822
167420
168881
166649
166365
167438
167561
169134
167918
168053
166535
166835
168878
167755
169108
169745
170499
167650
168218
166956
167259
169096
167478
166545
168219
167986
168526
167915
168981
170999
167442
172284
168038
167868
167902
167264
169591
168086
168697
168373
167833
167432
167989
168258
168555
168551
167833
167754
168541
168273
169727
165930
166649
166366
170134
167653
170720
169560
167635
168039
169047
169137
168339
168541
172432
168439
168772
167572
169163
168543
167391
166975
169811
168171
167920
168937
170168
168544
167258
166649
168693
169126
168873
170669
169916
168482
168650
168779
170271
169108
170827
167584
167261
167008
170866
167162
165926
168535
170659
168371
170855
168556
169129
172371
168544
170496
170537
167766
169554
168090
167148
167430
168008
167157
169933
167998
168505
167557
169771
168663
169916
167634
172170
169967
168524
170718
166106
169047
169864
168820
168265
168371
166538
168882
169795
168652
168422
167933
168097
169453
168098
170271
169770
169152
167431
166869
165759
167764
168136
168658
167263
167829
169762
168818
167258
168649
169556
168241
166537
168542
169556
168712
169220
168523
168300
169052
166989
167041
168543
168750
166507
169113
167429
168308
168094
167258
166941
168646
168477
167610
167039
167480
169597
168371
166952
169197
168309
168531
167264
167584
168159
169156
168167
168258
168775
165927
168266
168520
166365
168374
168091
165936
169708
167650
168000
168446
168210
167039
167260
166536
169331
167431
168877
168663
170044
167258
170211
167630
168544
168002
168376
169369
167438
168488
166549
169592
168652
169668
169382
166649
167665
167999
167203
167262
166819
169965
167259
168883
166655
167947
166819
170792
170273
169791
167259
168218
167415
167039
167434
168541
167210
168102
168052
167589
169772
168879
170094
167829
167391
167998
167595
166649
167258
167599
168216
167258
169746
168088
171027
167837
168654
166832
168702
167872
169376
169307
166975
168924
166654
167428
168541
168244
168543
166537
168695
167829
167914
169592
168218
168541
166875
168040
167932
167833
168269
169763
169152
168694
169153
168136
166327
167499
170253
167764
170141
167454
169231
166833
167430
169031
169758
165936
167222
167057
170420
169349
168921
167834
167914
169024
167939
168178
167916
166825
168999
165760
169655
166945
165757
168557
167259
167763
170079
166819
169093
166652
167148
170040
165927
166874
167497
167915
167934
167754
168373
169991
168657
167770
167584
166999
166826
166825
168944
168488
169133
169484
167262
169199
168513
169427
166715
169203
167228
168484
169483
166829
169771
169368
171036
169637
166536
168804
167262
169213
168991
167944
169221
168611
170795
168068
168905
169742
167716
167948
169590
169923
166333
166654
166547
169942
169270
167936
169267
168372
169303
169029
168430
166825
169019
167584
167762
167225
169113
168376
168685
167003
170315
167147
169211
166821
167115
168609
167429
167389
168852
167266
165756
170004
166829
168374
168697
166651
167401
168881
169609
168832
169601
168735
169523
167765
170793
168544
168265
167813
166824
169197
169621
168545
167439
167943
167260
167725
168850
168637
167816
167262
168523
166977
167983
169198
166819
167650
166342
170381
166822
167192
168717
168706
166545
167429
166365
167498
168744
167026
168647
168850
168477
167435
167947
168154
168441
169697
168543
168304
170143
167590
166819
167439
168378
169744
168480
167834
167258
170858
169760
166832
168411
166649
168489
168869
167616
168700
169770
168654
168209
169554
169332
169113
167946
172614
167258
167258
168441
167828
167042
169421
169096
167501
169504
167915
168927
166109
168226
171428
167447
167915
167933
167261
168660
167285
171635
169606
167484
166649
168659
171924
169137
167478
169274
170423
170692
169295
169556
168849
167225
168374
167260
168337
169535
166542
166821
165760
169442
167932
169590
170943
169268
167155
168048
168654
167258
168010
167204
167915
168264
170634
166372
168925
168865
172293
166365
168667
169886
168453
166536
169274
168443
168377
169135
170543
167147
168695
167391
170296
169806
169151
167934
167545
167039
168222
169739
167115
168554
165928
169338
169048
167441
169744
169439
168992
169700
167288
166649
168222
168219
170143
168112
170689
168523
170167
169807
169594
168035
172685
166825
167610
170652
167224
168376
170645
170535
169809
167920
169974
168372
168663
169427
166869
166549
170486
168232
167430
168041
167393
169745
168707
167415
169440
169028
167589
166537
168657
171498
170269
168705
169173
167933
170856
167260
167663
168221
171032
168212
168875
168220
168985
166651
169316
168371
167715
168532
167440
167219
167608
169591
167440
167258
170251
168924
169049
167918
167429
166650
168547
168648
167608
167918
169306
166365
169994
172210
167221
168372
167440
171432
167896
173214
166500
168318
169637
168710
169547
169806
167789
167258
167259
169152
167263
168373
169817
170381
167051
168981
169450
169848
167407
170070
166835
168873
169403
170359
168982
169088
169708
166496
168101
168014
169742
169098
169151
167542
169019
168008
169620
168099
168693
168038
167878
169307
167588
167315
167608
168049
167258
170054
167432
168948
168477
167394
169743
167401
166834
167495
169764
168693
168488
167890
170968
166824
167440
168657
166832
168662
166651
167259
172817
169726
169998
170059
166653
167057
169027
169621
168213
169154
167937
170383
168648
168627
169600
169398
170447
169743
168781
167260
167942
169575
166536
168010
166650
166540
169050
167432
169093
169228
167263
166166
167917
168725
170663
167227
169234
169305
167586
168877
169642
167429
168095
169799
168542
170107
168612
168219
168084
167942
168716
167754
169154
166681
169659
168886
171037
169574
167938
169151
167655
169306
168613
166717
169559
167916
170825
169137
168660
167236
167915
171427
167258
167650
167428
168137
168880
167002
168002
167916
167259
168827
168158
168647
168443
166649
169385
169232
167551
168710
167612
168039
166806
167769
168382
166652
167438
167800
170470
168266
167429
168278
167872
169035
167832
170136
170705
171708
168957
165761
167259
168525
167428
167430
166834
169878
168478
167260
166539
168172
166370
170861
166547
166652
170083
171061
171430
167258
173001
170274
167916
171478
168218
169776
170644
168377
166167
169922
168539
169388
165928
169224
168444
169205
168138
167547
167917
168900
169056
168328
170100
169487
167762
166829
167415
167651
170271
166999
168324
168767
166980
168923
171030
169427
168479
168478
168483
170057
167612
167235
167551
170500
169212
169274
168310
170212
168706
168091
168050
170491
168337
167439
166980
167630
169747
166371
169453
168878
169743
167768
168868
168882
169942
169705
169747
166950
167872
166654
168712
166887
168155
168375
169530
169111
167261
167262
168853
165757
168647
169052
169027
166654
169425
166652
167429
170246
168827
166822
167259
168484
168084
169806
170611
167572
168089
168878
168651
167767
166870
167428
170818
169554
166942
168673
169088
168779
168084
168308
168438
167406
167652
167205
167868
168088
169221
168524
165760
168371
168483
169383
166367
168704
168038
167767
166820
167831
167918
167754
170669
168881
166549
168171
167391
166717
168041
165756
168085
167650
166819
168477
166936
167432
167260
168532
167765
167259
167432
168941
165930
170080
168041
168419
169153
168326
167869
167759
169934
165760
170677
169809
169539
166823
167652
168477
168311
166936
167933
170092
168610
168707
166369
169867
166939
169098
168613
168446
168460
168652
168155
167764
168136
167868
167025
169595
167831
169901
167868
168814
166538
168478
165761
168525
167609
168526
168547
168542
166821
167407
167585
169121
169206
166368
168938
166365
168090
168503
169046
167145
169093
169334
167868
169989
169293
169591
168693
168647
167430
167843
167982
168041
167261
166829
168480
169224
167697
166548
167258
168708
169269
167260
166655
168561
168667
167631
165762
167443
168323
167618
167324
167259
167438
170491
169552
167432
169162
166771
167764
169605
167428
169724
169523
167219
167655
167258
167002
170990
171038
166650
169029
168954
168372
172819
169990
168651
168480
168208
169165
168721
166329
167428
166651
168982
168818
168706
168100
168930
167608
169095
172389
166499
166981
169765
168934
166832
167430
170929
167757
171433
168442
168151
166539
168273
169811
167830
168477
169704
169021
167954
168089
166833
169110
169922
166820
166649
169770
166535
165936
169636
167872
167586
168084
166831
167326
167431
167611
167267
172051
169771
168524
170721
167259
166368
168523
169218
171635
168201
169887
168181
167609
167260
169152
167651
167648
168776
168137
168222
168707
169029
166649
168036
167440
169532
167439
167260
168477
170813
170079
167258
168477
169760
167321
168491
168038
170405
169699
169114
166651
168523
169748
167660
167872
169707
166653
170341
167835
167258
166821
167916
166164
167390
168698
169749
169059
169526
169034
170794
167829
167764
168329
168373
167802
168591
168913
167259
170337
168943
167759
167434
168634
166935
170201
166822
169728
167630
170451
168649
168371
166715
167715
167003
165759
167702
169053
168335
168221
170441
168546
169382
168545
168942
166820
170883
168114
169151
168327
170092
168812
169922
165759
169979
168274
167871
169721
167428
168827
167480
169055
167259
167869
167649
168039
168778
167609
167764
168669
169909
170549
166654
169218
168658
171036
168187
166823
166937
167556
169306
171298
168941
168552
167258
169594
168725
169990
167870
167868
167918
170333
170180
167594
166981
168166
167261
166649
169063
168812
168945
168308
167757
167800
170086
166836
169934
170450
168542
169331
167831
169760
169769
170642
166652
167767
168693
169048
169398
167440
168817
169607
169378
168619
167934
168036
169452
169463
168531
168009
166650
167608
169306
167041
169914
168815
167832
168051
167342
165938
167871
169637
167428
169347
167223
168040
168873
168551
167868
169265
168525
167550
167766
168375
167938
168479
168270
171010
168503
168479
169618
167259
169629
170862
168651
167428
167610
166535
167000
169844
168541
168264
171704
168864
167914
171535
168308
168709
166546
166716
168008
169093
169443
170574
167933
168650
168551
170440
166820
166649
166535
168002
169389
168706
167429
169380
170976
167439
166365
166939
167155
169305
166503
169050
169030
167872
169115
166365
168693
167819
168438
168882
168051
171038
169615
168088
169161
166822
171510
167399
168224
168243
169795
168276
169763
168484
168869
168209
169094
166822
169154
169703
168541
168527
166535
168241
169620
165926
169942
167222
167586
167041
169721
168697
167260
165937
168876
168706
166935
167594
166375
167003
168526
168422
167441
170897
171432
166830
168502
166538
170056
168661
168525
166539
166535
168873
166536
165938
169917
168340
169048
169577
167831
166540
166941
170152
169261
166550
170386
167634
169802
168239
168478
167965
165756
168830
168659
167945
167260
167480
167002
168221
167428
168041
167903
167432
168089
167608
168527
169155
168545
168524
166975
168913
169050
168654
167258
169388
168938
167869
168001
167626
168868
168038
169110
168371
172046
168485
168883
168554
167630
166654
169093
167612
166830
169924
168039
168304
166365
169942
169891
169621
167914
167220
169944
168812
167050
168337
166869
168525
168917
168927
166536
167602
167766
169816
166649
167762
167482
168655
167219
169400
166829
168041
169047
166937
169029
166981
166835
168744
168650
169134
167430
168411
167109
168613
168329
167829
170329
167875
165756
167828
166549
166368
167260
167260
169813
169270
167428
168695
167258
168455
166719
166823
167754
168531
166508
167875
167263
167631
169443
168484
168444
167261
166652
167429
168651
169725
168432
166649
168695
170497
167479
166819
168310
167764
167258
167263
166819
169115
167438
168743
167265
169047
168942
167665
169590
167157
169912
169637
168541
168651
170412
171123
169221
168648
169434
168513
168887
168647
168693
166832
167600
169748
168524
168311
167262
167650
168516
168266
168040
167327
167440
168308
169062
167779
169950
169912
166935
167259
170246
167633
167325
168268
166935
166365
167042
168935
167376
168704
170484
168547
169284
172534
165760
167263
166536
169590
167387
167763
167599
169784
167770
166655
168152
167934
168523
169314
167147
168203
168221
167399
167438
167482
167105
167624
168116
168544
165936
168094
167274
168930
167227
165758
169623
165931
167830
167765
170461
169089
168608
168914
165759
167650
167157
169202
168615
171707
166978
170426
167631
167883
170207
169964
169055
169026
169050
168694
167947
167634
168218
166977
167259
166821
168197
168052
167870
168614
167665
170981
169760
167763
167803
169640
167914
167429
167648
165757
166820
168647
170361
169306
168373
169098
167872
169013
170265
167415
167390
168483
168228
169062
168526
167933
166651
167870
166368
167634
167762
168867
168523
167943
169548
166545
168439
169437
167895
168696
168428
167744
167611
169767
167478
169592
168276
169220
167439
167716
169918
166107
167429
168829
168854
166982
168813
169802
168504
167042
168650
168773
167944
167756
169305
167054
168445
171037
167149
169332
168694
168209
167780
168645
169156
168626
166654
168946
167877
168526
170420
166652
169912
168764
167191
167832
167399
168523
166975
168611
166651
168649
167654
168050
168837
167430
167001
168878
167260
170510
167430
167432
170042
169890
168512
166328
167039
169422
170606
170247
168658
169830
167830
168768
168877
167262
166819
168373
169401
166106
167277
169912
167431
167436
171554
171494
166651
168701
169273
168926
165759
169052
167266
168882
167933
168371
169219
167442
169098
166327
168328
167237
169010
168916
167720
167240
168259
168649
169924
168443
166651
167666
168374
166832
169027
167259
168372
167604
170269
166541
168000
165938
171492
168487
170331
168481
169055
168039
168271
168336
167145
167021
167650
167480
170669
167438
167003
170271
169303
168868
168700
169990
167628
167764
169699
165756
169712
168053
166497
170651
166886
166832
168879
169636
170317
167259
169397
167764
166107
168085
169047
168707
167206
168443
169640
168693
168371
168371
168891
169908
170824
167440
167960
168660
167260
169962
169640
168835
169923
169047
169555
167261
167828
168543
168982
167612
166366
167430
167258
168039
169152
170110
166649
167648
166367
167927
169918
169821
166333
168542
169304
170213
171533
170315
168089
166106
169876
167659
170000
167495
171112
167443
168271
171875
167441
168612
166824
167148
167832
169230
168337
168842
166821
168403
168699
171993
171015
171443
170661
170031
167757
167655
167600
169770
166371
166539
168885
168870
167765
169557
167596
170204
167868
167989
165930
167835
168162
168614
167319
167262
168218
167835
169881
169273
167428
168697
166549
168479
168375
167630
168444
167430
168812
169912
167611
169154
166822
170489
167920
167830
167315
170486
168526
169275
167432
169053
168271
167585
169809
169314
167258
169336
169152
167003
168546
168743
169697
171807
169797
167438
169590
172208
167608
167762
166706
167608
167806
165930
167340
166716
167056
167258
170523
166649
166710
167021
167480
168524
167916
168372
168722
167659
170166
167868
171385
166977
167918
166820
169773
168478
167432
168877
167609
168880
166821
168818
168270
169886
166538
168044
166823
170342
167936
167766
168390
168778
167440
169113
167260
167447
166871
169123
166109
168928
167259
168700
168097
167263
166831
168444
166819
167261
166999
169208
166549
171873
169795
169590
169133
168528
170885
167832
170860
167648
167025
167433
168089
168139
166823
172768
166365
169442
166653
167258
168983
169477
168308
168374
167415
167914
169263
167000
169629
169104
169029
167259
167439
166369
166651
166546
167145
167655
169097
167770
169809
168201
170440
169760
168424
168210
166775
169443
167448
169917
169639
170343
167497
169274
166650
169426
167219
167261
167429
168084
167396
169052
170586
166833
167944
168882
168914
167118
169708
166106
167733
168478
170392
168134
166819
170588
172219
170403
167608
169456
169331
169597
166829
167428
169597
168335
167870
166649
167391
167883
168096
168942
169027
166975
168502
168085
169199
169391
166537
165757
167663
167222
167439
168837
170136
168414
166654
167873
167914
168157
167267
168882
166650
167610
168650
166112
165929
168663
169666
169553
167494
167591
168087
169019
168693
168010
168052
171706
169744
167258
169592
168551
165932
168483
167798
168038
168485
167764
169919
169486
169229
168697
171531
167261
168917
170657
169744
168220
167936
167258
170908
167434
168389
168446
168421
166110
167261
168374
167259
167914
168651
168000
168829
168742
167883
168698
167005
169543
168659
168202
167766
166825
166721
167002
168696
167258
169800
169964
167896
167481
166820
166536
168054
166720
169942
166834
167975
167263
167259
167760
169088
167801
166536
166649
171095
170164
168479
166820
167831
167763
166829
168220
169197
170100
167445
169222
167480
168828
169271
169027
166540
167262
166538
167439
167478
167262
168443
169935
166819
169264
167259
169992
168339
167433
167836
167261
168700
166109
167049
166716
168660
167392
167433
169662
167433
167429
166715
166649
169208
167612
166821
167430
167932
166823
166649
168541
168553
169742
167847
168332
170577
168485
168116
166829
167258
167944
170334
167803
166875
167932
167040
166722
168477
169089
167591
166874
167593
167936
169637
169257
167762
167434
170419
170334
168506
168388
167429
165758
167613
167030
166821
167261
167154
166652
167261
171601
170250
168016
170322
167915
168437
168885
167428
168619
167868
166999
169700
165927
166367
168526
167390
166820
165759
168371
169573
169531
167429
169941
167665
166717
167155
170315
168489
165756
167880
167936
168372
166331
169747
167378
170165
167428
169602
168444
169746
170249
167838
168085
166720
169943
169927
168743
170312
167972
169049
165928
169139
169806
167833
170857
168373
170034
167609
168266
167442
168545
167431
167653
166107
167430
167945
168390
169761
167265
169638
168533
167916
168893
166976
167432
168852
168653
167869
168262
168879
169229
170317
170313
168491
169427
170263
168509
171049
167834
170703
168723
166650
170927
168595
170097
169316
168844
165927
171601
170814
166547
169806
167438
167998
166365
167443
167258
167939
168545
167264
168309
169295
170857
167431
169537
167428
167611
169220
168779
166332
169089
171548
165930
168336
168693
169807
167429
168707
167587
168134
168943
167430
167263
166370
166715
167510
166807
168084
167871
168789
169491
168337
168040
171817
168693
166649
167258
168293
165759
169483
168218
167258
168507
169707
168523
168264
169640
170163
167943
167795
168708
168284
169748
167829
170253
170417
169830
168830
167847
167612
166831
168929
168544
167025
171123
166651
169435
170165
169346
167834
167328
169020
168661
168479
168049
168623
166819
166329
168827
169034
169433
166369
170912
167633
169916
168479
169183
167004
168611
167944
166824
167261
169948
168086
167828
167888
169111
167430
169642
168523
166649
168693
168694
167608
168384
169709
169308
169660
170114
167936
169745
169762
167258
169593
169354
167262
166542
169197
169423
168321
169204
169303
167764
167759
168647
166110
170163
167053
166550
168852
165757
166819
166829
168693
168651
167260
170541
168541
167546
166831
169164
165930
169405
167390
166655
169027
168231
169055
168264
167801
167261
168657
168999
168723
169877
168831
169476
168479
167429
169704
167832
168647
170163
167936
167829
169637
167434
169318
167054
168407
168674
169050
170483
169925
169314
169590
169537
169053
166870
169096
167598
167873
168215
169304
169745
165929
165936
167610
167478
169827
167042
166371
168626
170167
167375
169024
166819
169760
168827
168038
168477
166874
169029
168647
167261
166549
167023
169770
167569
167831
170165
169331
171534
166819
169227
168874
167937
168099
171788
167481
169111
167224
166367
168261
170514
169162
168896
169807
167755
166649
168542
168389
167937
168137
169263
171638
168480
167830
169527
166655
170589
167146
168010
167765
167220
168982
167258
167479
168333
167262
167155
168041
167442
167261
167258
167405
169912
167828
167932
166656
166820
167998
168769
169553
166655
168175
167439
168091
167118
166651
167873
167870
172180
168527
168443
167770
166545
169879
169353
169229
168981
165929
167998
166650
171110
168695
169023
167910
169452
169223
168527
167998
168695
171926
167875
166499
168209
168084
167146
168478
168546
167258
168268
171597
170416
169808
166950
168484
167439
166833
169473
168039
167982
171428
169159
169729
168311
168708
167442
167651
168478
167430
168527
169774
168324
167606
170230
169979
168554
167781
169606
169377
166653
168615
167667
167869
166821
167870
166536
167914
166819
167944
167613
166369
168374
168296
169731
166544
168543
167024
167637
167595
168523
169776
166535
168548
167109
168546
166537
167429
168705
166717
168480
166611
167998
168050
169924
168746
167845
166435
169806
171421
166113
171092
167480
168704
167648
168000
166651
166977
170828
167434
167984
168478
167105
168541
167430
168478
167039
169616
169573
167431
168016
167935
169913
169050
166368
167633
169267
169964
169221
167440
167723
168684
167869
168647
169135
166650
169379
168931
167261
170449
167002
167767
171929
169829
170044
166940
165758
166652
171541
168875
168265
167433
168213
168089
170033
167444
165934
167611
170951
167804
168241
168909
168049
167390
167389
168479
168049
168702
166365
167603
169595
166824
167918
171026
170336
169230
167934
167401
169051
168477
169912
170213
169028
168478
166649
168478
166649
169136
168810
166717
169639
169233
169050
168290
167258
168315
167429
170337
170740
169709
166109
170858
169054
167796
169507
167872
168441
169051
167266
166817
168545
166822
169303
167942
171385
168178
167433
168221
169197
167933
168523
169050
170467
171428
166649
169319
167146
166832
167430
167432
167263
167191
169915
169422
168480
166806
170568
166370
168084
167872
167914
168832
169134
167932
167260
165759
168374
169200
169223
166869
169021
167914
170109
169485
171895
166538
166831
167261
167054
168828
166538
168038
169856
170481
169303
168344
168925
167814
169059
167058
169761
169590
167224
168481
169390
170042
168725
169669
169317
168053
167002
167935
168544
168517
168812
168374
168612
167263
166368
165931
167045
168439
168009
169292
169028
167800
167938
168651
169403
166715
169836
169227
169380
169121
168523
168668
167830
168442
165762
167986
166538
167829
168156
171109
167260
168208
166829
172337
168050
167044
167915
168877
167441
167998
169915
166650
168223
168695
168211
168867
166367
167610
168698
169764
166822
171467
171827
169403
166770
167109
167224
167977
170317
167755
168506
167220
166366
165936
170445
166540
167430
168089
169764
168411
167943
168444
166545
167971
168040
170821
166653
167429
167835
168531
167441
168654
166978
167655
170859
168647
166839
166651
169486
166819
168918
168481
167259
168095
168508
171261
167434
168651
168443
167829
167429
168013
169770
167007
168048
168552
167870
168485
167262
167610
168200
169998
167259
169019
170011
166545
169640
169637
169829
168483
168873
167264
167587
168707
168089
167442
169912
169052
168555
168243
169267
171206
169810
171244
168941
168701
166829
168524
167828
169531
168886
168264
168882
168441
167261
167934
169313
168832
169731
166873
168986
168270
171598
167439
166649
170302
166547
168694
166783
167260
166999
167587
170332
169530
167430
169343
167613
168713
168525
169207
166540
169603
171066
167810
168661
168413
168648
167028
167431
167258
167054
171714
169136
167041
168484
170271
169762
167936
169031
170080
171993
168373
167871
169021
168829
166538
168101
165929
167589
168321
165939
167207
168371
168113
167264
168114
171775
168117
166829
169762
167325
169440
168918
168928
168875
167588
170247
169317
167766
169380
168226
167935
166544
166819
166833
168505
170047
171751
167440
168701
167041
169912
165926
168327
166549
168268
168874
171036
168623
167844
168721
170416
168212
165926
166819
167922
169201
168663
169661
168693
168673
167670
167392
168683
169306
166770
167572
170839
169531
167872
167439
166650
169201
167585
168730
167438
167717
167985
170311
170717
168544
171987
165926
167762
168525
167706
170098
167039
168167
165929
168240
167914
168372
168010
170688
168827
165938
169201
167942
167664
167429
172208
168213
166652
167876
168665
167433
166366
169604
171294
166834
167828
168195
168444
167105
168160
167417
167942
166650
168609
167258
169922
169230
168650
169204
167602
168875
170053
170780
168095
167768
167868
167762
167219
171470
170185
170169
168693
170165
167164
167259
166820
167262
168867
167433
168375
169047
167051
168894
170416
171716
168306
168084
168482
169029
169743
166651
169942
168334
167870
169139
168873
169423
168723
167895
167263
166935
169432
167762
166832
168044
168374
167800
169592
168051
167392
169734
168092
168693
166545
170099
169398
167225
168320
165756
170163
169019
167021
169137
168918
168334
169660
167762
167116
167222
167429
168160
168183
167259
168049
166515
167432
168932
171039
171056
170543
170946
170416
167915
168200
169915
169221
167286
168722
166545
170857
167430
168704
169807
166652
170437
166366
168494
167439
168374
166166
171834
167435
168628
165761
168376
169220
167479
168965
172112
166653
167431
167261
168100
167868
167843
166536
170144
169135
167258
168052
170384
165931
167155
167266
167393
167599
168524
168273
168038
166546
169336
167222
166771
168372
169813
165936
168864
169830
168038
167802
166870
169803
170317
169199
167663
167443
169486
166716
166650
170160
170855
167757
172104
169483
170810
167615
169761
167026
169336
166651
168374
169051
169348
168524
168484
168779
167998
166829
167885
169221
167481
169137
171214
166366
167431
168670
169398
170773
167441
168260
167258
168657
169744
167262
169228
166936
167754
167635
171260
167998
169166
167803
169029
168410
170271
168086
166367
173584
169493
168218
167933
167599
167237
165757
168043
169217
169890
166536
168695
166653
166366
167935
171276
167766
168553
167767
170810
167588
167106
169367
168647
169112
168482
168697
168291
171937
169267
167916
167763
166650
170339
169640
168051
167259
169113
166328
167571
169905
167916
166822
168545
167763
167548
169832
168225
166548
170659
168959
171936
167918
167998
168524
169236
166719
170340
170774
166821
168544
168094
166937
169102
167831
165759
168218
167158
167105
167664
166820
169093
169704
168663
171211
168555
170316
166824
167023
170665
166106
167831
168523
168697
168306
170420
167610
168867
169265
168480
168523
169744
167589
169803
167874
167917
167833
166652
169153
166496
167584
166649
167766
169055
169742
167980
169734
168982
168049
168928
169033
165757
167914
166545
168543
169134
167147
169233
170967
166823
167829
168527
169133
168039
167430
167430
168411
168523
170164
168693
165931
167828
167430
167868
166822
167872
168333
169113
169306
166822
166535
166545
169024
168310
166944
169734
168482
167672
169400
168527
171838
169153
169161
168726
168616
166367
166822
168765
166980
168086
167665
169097
166819
168545
167829
169205
169638
166976
168876
166367
169127
170013
167428
168523
165930
168544
168048
172056
167262
168526
167914
168364
166651
166999
167483
168877
168170
166832
166651
168375
167223
168327
168614
167201
169089
167915
166657
169052
167828
167899
169051
168372
168391
170148
168314
169140
166652
168544
169113
170990
168048
166368
169234
167436
169264
167443
170713
168307
168308
166654
168372
165761
167107
167918
166538
166977
166106
167327
167047
169761
167259
167052
171009
166829
167599
170946
167428
170093
166537
167260
167434
167870
168986
167664
169306
168529
167914
166830
170328
167440
167915
166706
169452
168942
168040
169593
168552
168090
168000
166653
167266
167755
168311
168793
168334
169917
168876
168371
166368
170206
168480
168158
169050
166546
167320
168375
169294
170165
168614
169121
169596
166108
172005
171097
167220
168700
171605
169726
168703
167764
168308
169566
168265
168695
167549
167612
167391
167383
169558
166651
168524
168698
169100
171808
167834
166819
168377
167916
167648
169636
166366
167391
167998
168559
168552
166536
167260
167430
167431
165926
169154
168044
168417
169573
168090
167868
167191
166819
167258
167802
168913
168310
167630
169155
168793
168660
168695
165928
167648
170085
168875
168233
167428
167833
169136
169603
169619
168539
166832
170486
167833
169231
166650
170427
166937
167259
170094
167828
169177
168309
167832
167258
167429
168874
166111
169163
167439
167916
168049
170315
169808
167804
167828
167149
167438
169095
165927
168374
168774
168041
168493
169304
168454
171031
170486
167260
169044
169820
165940
167258
166649
169263
170333
168991
166836
168040
165940
171539
168541
169154
168479
166649
168375
168834
169207
167430
167873
170569
166999
166716
167397
169972
170598
165761
169453
167054
167609
168205
168653
167933
167762
167432
168551
169163
168984
166820
170376
170142
168159
170940
168981
166678
168049
166772
169816
167480
169433
167998
169139
168371
168549
168374
166820
166650
168628
168841
168390
168389
168697
166651
167651
170819
168008
166823
166829
169135
167440
167023
169022
168541
168554
167935
165931
169770
169742
169264
168235
168608
169901
168084
169027
167828
169303
170034
170430
170795
169219
168930
166366
167021
167261
169777
168100
167436
167259
166613
168371
168982
167429
166715
169779
171466
168649
169751
167838
168220
165759
167022
168107
167479
170318
168891
167833
167222
169554
168515
167873
167610
168086
169564
166975
169424
168479
169916
170710
165927
167800
167630
167765
168650
166935
167026
168724
168479
170469
167828
169718
168479
168326
168705
168525
170293
166944
167371
168816
169263
172070
170394
170862
168663
168794
170344
167834
169595
167587
171261
165928
169151
169280
170295
166538
168523
167597
167428
167428
167868
165937
168831
167428
168523
168943
165756
165941
167260
166829
169140
168480
166819
168258
168523
166941
168182
167023
168623
167630
169406
167196
167429
167585
167872
169592
168649
168849
168696
168112
170496
171365
168326
170980
168922
167932
168222
169810
168981
167115
168269
168944
166653
170313
167663
169031
167868
170102
167108
167428
168445
169322
167702
168944
166374
168545
168523
168483
170231
168157
166823
169749
167392
169541
168830
166830
168213
166830
169053
168721
168481
172650
166938
168985
167428
167764
170471
167193
168227
168828
166872
167663
168378
168729
167159
168264
169377
166367
167649
168051
169706
168367
171170
170569
167155
167663
169656
169388
167432
171430
167770
167932
167935
166833
170177
169305
166656
169320
167002
171205
166651
168693
168390
168650
169593
168374
166365
168040
167221
167203
170321
169052
167259
167934
169710
169313
167942
166651
167258
168338
166824
167552
170488
168680
167399
167998
166944
168431
168705
171593
168827
166871
167219
169220
166365
169661
168039
168708
168585
166889
169049
166655
166821
167417
169160
168551
168313
167875
168793
169054
171653
167837
170013
167259
167428
168040
171384
168699
169243
167433
167944
169047
169762
167039
170317
167869
169029
167801
167429
169920
168374
168480
168714
169164
167872
169593
166989
167261
166367
169706
166821
167262
168657
166869
167613
165928
168413
167765
167916
169747
169111
170314
167934
169273
166824
168888
166369
168213
168287
169554
169620
168825
170885
172647
169761
166833
168693
168484
169941
168549
167262
168724
168880
169622
166715
165758
167873
168657
168699
167883
168039
169009
170667
165926
168088
166829
169880
167440
167630
168039
166649
169444
166365
169517
168084
168871
167701
170171
168008
167258
168000
167868
167635
168653
170318
169332
168043
167914
167935
170165
168523
167933
167762
168489
170092
167258
166649
169094
168243
168659
166655
169316
167876
169217
168657
166819
169200
169379
170722
168852
167262
166650
171295
168095
169940
169764
168049
168090
167843
166819
167219
168236
168487
168525
167261
170169
169141
168682
168985
169924
169558
169997
169222
169381
166499
165756
166546
171041
167431
168000
168341
166651
169811
166537
169207
169555
170445
168527
167665
168086
171532
169736
168724
167025
170274
167054
166653
168523
167261
168651
166649
169489
168612
168705
166110
170276
167757
170534
169024
168503
166829
169019
168385
168544
167609
169093
168814
168477
166819
168726
169843
167057
170715
167927
167664
169590
168480
168916
168833
169639
169220
167219
168219
166536
168541
169806
167754
168084
169156
168178
167756
168015
171021
168221
167441
167915
166546
167221
168694
167612
167261
166497
168662
167756
169379
167259
168852
169154
167430
167344
165929
170266
170951
169029
171426
168039
168376
167428
170777
167261
168611
168647
167196
166938
167767
168744
170913
170376
168523
168657
167872
168612
169153
166823
168661
169912
167584
169133
167156
169201
168049
169926
167002
169316
168097
170161
170674
169729
168722
166975
167925
168527
168524
167433
169305
168048
168333
168706
167630
166649
171538
168103
169232
168039
170568
166652
169483
166110
167832
168352
166835
166649
168306
168849
167897
168827
167259
167115
167224
168004
168695
169044
167999
167262
168664
168912
168545
166603
168273
170380
168211
167261
168696
166871
168478
166365
170484
168665
168478
169051
168371
169990
166656
168039
169099
169775
167813
170857
167560
168828
167868
167758
168478
168477
168042
168399
169258
169600
169719
170247
166367
168608
168525
167196
167722
167613
168481
168523
166954
168098
167260
168371
168680
170116
167942
167259
168503
169336
167764
168697
167762
168924
166825
168071
166366
167261
170486
166652
167767
169657
167916
168312
167428
168040
165931
167496
168048
167830
171290
168523
167667
168489
169096
168705
168700
167935
167916
169050
168554
170161
167429
169636
167586
169878
168699
166651
168743
168219
166821
170291
170855
166831
167829
168050
166651
169808
169269
168094
169653
168479
172136
169200
167947
167325
167720
169702
171275
170857
168982
169437
171614
167594
167433
167615
169989
167759
167224
168478
168869
168404
167389
167721
167001
168049
168928
167934
167870
170168
167402
168711
169207
169821
167061
166832
168527
169760
167756
169136
169307
170619
167670
167946
167429
167933
167429
168838
167610
170484
167836
168314
167584
168941
168219
168094
168523
169590
171219
170720
167431
168555
166823
169051
168329
169952
168526
169133
166653
169054
167935
169166
166822
169747
168782
167833
169593
168943
168612
166821
166834
168038
167755
166367
168649
167430
170339
170418
172122
168988
168489
169743
167057
167404
166940
167054
168042
167828
170438
166651
167612
166535
170333
168477
167433
170497
166368
168219
166822
169181
169227
169052
169933
169378
168478
168554
171607
168693
167635
168376
170246
169886
167915
167230
168553
166649
167222
167023
167586
169133
170328
168693
167934
169303
169237
167803
167651
168916
169594
165928
167874
169596
167430
167998
166651
169181
167110
167444
168854
167551
168010
168089
167936
168961
168243
168490
167479
167589
169528
167768
169222
167764
171387
167259
169184
168035
168155
170737
167258
168040
169912
165926
167400
167609
167935
166706
165926
171183
165760
168550
169271
171035
169141
169327
169775
168041
168167
167055
169400
168697
169163
168443
169232
169964
167191
166652
169099
169164
167428
168659
166654
167911
168374
167146
168371
167921
167431
167868
169222
167732
168524
166650
168696
166652
169451
169595
167768
169779
168868
168304
166536
166537
169020
168928
168648
167874
170485
169808
169201
169777
167570
169309
169089
167897
167220
165941
167590
165939
168526
167895
168309
168657
168925
168483
166654
167440
170316
169306
166336
167572
167287
168208
168693
168525
169939
168701
166365
166822
168388
169973
166649
168104
167868
166820
169373
168212
168580
169089
168523
169032
168002
169437
169021
171207
170367
169421
169029
168827
170418
168431
168526
167623
166365
167428
169497
168743
168724
169200
168553
166829
167148
165936
167430
169505
168877
167933
169443
168050
168241
168714
166546
170659
167571
168311
167258
167943
167914
167595
169062
168446
168704
168438
169133
166649
168698
169621
167440
168053
167120
169725
167431
169964
166831
168040
167831
166979
168264
169530
169402
167587
168789
169047
167668
169806
169434
169531
166326
168411
167873
167828
169761
169754
168376
169334
167649
167258
168551
167436
168705
171467
167326
166333
167762
168660
165927
168327
167806
168049
167871
166819
168613
170344
168647
167587
166537
168547
169791
168508
167258
169593
167429
169050
171441
167699
169730
168241
166825
170444
166496
167021
167316
167763
167150
168544
167602
167258
168479
168542
168044
172074
169262
169304
168043
167633
167261
167982
167439
167917
168526
168873
167428
168089
166772
168945
167916
169592
167612
168542
168041
168440
167668
168477
168543
166679
167264
168698
169098
167161
170198
170001
168694
168113
168371
168682
170249
166499
167787
167871
169988
170104
167232
167007
166651
168134
169344
166546
169114
168891
169773
168373
168048
167932
168705
168210
168503
170652
165756
167762
167441
169479
169034
168873
168372
170975
167879
168484
169746
168541
167784
168693
168543
167757
169590
170222
166819
167876
171430
167430
169231
168526
167428
171678
167807
169753
169593
167486
166833
169422
168086
168528
167829
165759
168172
170082
167869
168092
168378
168543
166654
167390
167261
167935
168484
169098
168328
168555
166535
169636
170421
167193
168583
167762
168376
169997
169830
166824
169220
165940
167292
170711
168523
168833
169747
167764
168437
166537
168244
166717
170097
167389
167259
170285
167430
166833
169764
167434
168084
168693
167872
169577
168648
169869
169816
167870
169530
167117
168827
169475
168477
168544
166651
167223
166328
168000
167765
166536
167429
168334
166819
169773
168608
168506
165930
170019
169321
167649
170662
167191
167937
166824
170669
170456
166650
171039
168661
168048
168339
168651
170162
165756
168526
168479
169897
167699
168454
169986
170775
166829
168043
168373
166547
169220
168867
166834
167227
168200
167429
169884
169094
168234
169203
168981
166721
167550
168045
166535
167262
169153
169591
167261
169050
168875
168105
165929
170131
169113
168661
169832
170063
169313
167755
168092
167630
168052
166365
168477
167873
166935
167801
169631
166820
167265
166365
169923
169888
169637
170432
167611
167438
168703
169452
166538
167478
168051
170530
171563
168330
168876
167428
169639
167258
166657
169022
172041
169063
166823
170963
167261
168275
170987
167719
169917
167873
169594
167259
166820
169094
166975
165756
166366
166652
169914
168481
169434
168842
170315
167830
170404
169815
165931
167259
167440
167830
167584
168829
170897
169055
168330
169093
170380
167205
168880
168513
167115
168264
167429
167708
167146
167600
167429
169636
166653
166935
165756
169268
168309
166654
166537
169429
169269
166832
166824
168554
168329
169099
167428
169028
166107
168541
169050
170333
169418
168234
166652
168725
166819
167868
169232
167258
169775
168056
167211
169260
168410
169750
169380
169632
168263
168335
168524
172997
167942
168025
167431
168651
167260
169477
167390
169671
166550
168528
168377
167767
167946
167942
167429
167264
169032
165926
172783
167001
169764
168838
168650
169806
166535
166508
169049
168929
167611
169590
167609
171215
168311
167151
167429
170333
166369
169771
166649
169760
168038
168708
167868
168549
168370
166371
167811
168042
167406
168524
168484
167550
169832
167634
168481
169224
168545
167611
168712
168526
168813
166649
167998
167440
168442
167699
168485
166821
167653
167754
168877
169264
165756
169503
168373
167627
169818
169590
169050
167220
169379
169621
167658
167259
167829
167428
168097
168139
169059
166345
167610
170855
167001
168039
170442
168525
168512
169054
170494
167229
170746
170443
169228
169011
168380
169222
167263
168487
167934
168552
172099
168721
168000
168693
169992
169481
168479
166708
168093
168981
168438
167806
167258
167764
168724
167762
167262
166716
169450
168545
166718
172579
169436
169304
167831
167898
167220
167001
169821
168703
167435
168782
167614
169050
170686
167754
168167
169912
172679
169915
167828
169753
168379
167704
168345
167431
167057
168480
168157
167325
168704
171592
167611
167224
168093
167145
166822
168218
167054
169161
167260
168530
169151
167652
169918
167053
166824
168483
167994
168527
169723
166820
168747
169398
168657
168264
166367
168523
167260
166366
167757
169109
167831
167914
167440
167439
167258
171157
169202
165760
167828
167608
170499
167158
167609
167438
168502
167614
169103
168914
168309
166650
169807
169942
170254
168925
167545
167438
170449
167430
168040
167999
168553
168221
166107
169634
169305
168038
168542
168945
170096
168444
169050
167870
167258
166819
169200
168549
167323
168696
167585
168483
168618
168709
169309
167775
167762
167107
166983
168339
169636
169487
168040
167939
168085
168221
167610
166831
169594
167318
169489
167871
167262
166367
168312
166537
167264
168523
170313
170820
165927
166819
166819
167449
166829
166331
168693
166537
168106
169223
167428
168852
168084
166821
168660
165927
166649
167000
171600
168828
167155
170333
167428
165756
167765
168659
168693
169219
165937
168999
169636
168306
168546
168552
168266
168884
167763
167650
167813
167262
167766
168284
167505
169028
168813
169087
169153
167871
170649
167801
170321
168482
168477
167260
169763
168654
168524
169763
168182
166535
170377
169706
167611
167917
166329
169027
166822
170058
168372
168947
169049
168053
167830
169056
167767
170502
168372
166365
166829
168664
166652
167261
168327
169744
167916
166650
167177
169208
169310
169401
168218
167024
166650
170438
167260
165938
167545
170426
167149
167258
168096
169167
167261
168696
169877
169307
168376
167932
168374
167260
170118
170417
168598
168525
168695
168085
166829
167501
168260
167820
165759
170249
167869
168647
167704
166976
171025
166824
167835
169553
165757
168744
167831
169914
169438
168873
170933
167438
166829
166365
168319
167259
166649
168049
171382
166368
171046
169894
169527
166716
167264
166833
168611
168085
167259
171905
167430
168039
167832
167445
168332
168180
169370
168851
168510
169203
166326
167919
167986
168410
168267
170369
167261
169015
167932
168867
165933
168368
168438
168790
168091
170372
169940
167764
167587
167000
168039
168094
168868
168208
167259
168087
169912
167440
168659
167586
169224
168391
168878
167609
168608
167584
167003
167980
166535
168559
168647
171298
166937
169386
167194
170010
170861
167765
167870
167763
167428
169428
169462
167828
169133
168613
168048
166365
166540
166366
168041
170548
170944
168438
168654
167945
170782
167868
167328
169709
169158
169943
168547
168693
169659
169636
170246
167765
167828
168446
167755
165927
166650
168855
168312
167869
168542
167877
169828
167886
168836
166546
168179
168781
169164
167431
169265
167778
168039
166649
168544
166999
167261
170880
167428
167834
168269
168264
169916
169268
167584
167480
166366
167830
167632
168477
167401
167916
167325
168053
169208
167105
167630
169133
167261
166652
166650
167259
165928
167754
169098
168829
168405
168482
166656
168852
168698
167432
167765
167420
170947
167428
170336
173000
168220
168445
168309
167722
166829
167756
168886
169922
169925
170163
167574
169761
169008
166537
167549
168684
168648
168647
169475
168488
169530
167393
169791
171079
167764
168372
169015
167613
168502
166649
169208
167145
166722
169219
166539
168094
167052
168218
169744
168515
169879
169772
169763
167934
167259
166548
168444
168705
165756
168222
166715
167145
167261
169153
169268
168916
168713
167869
168722
171021
169428
167998
166869
168480
168660
166649
168182
167150
169401
170778
171640
169917
168337
168982
166824
168815
167428
168478
170094
168046
168115
167263
167810
169777
167915
170094
167803
169940
170711
167433
170208
166821
166536
168112
169192
169437
171149
166820
167836
167321
167917
169721
166365
169054
169272
167222
169424
168829
166936
170323
171266
167434
167428
169264
168373
168495
168092
168095
169438
166649
167194
168438
169258
167999
167634
169089
167815
167599
167054
166649
166368
168659
167000
167108
170336
168816
169034
168371
167258
168333
167219
167443
168647
168649
168659
170941
168914
169636
167439
168372
168616
168375
169594
168178
168525
168660
169029
169321
169047
167397
166820
169550
170687
169217
167196
167213
168040
167999
168728
166535
167222
168270
167052
169155
168523
167611
171440
169662
167945
168285
167872
168089
170859
167435
171383
167430
167661
169047
168419
169988
168312
169094
167648
167803
167613
168085
170344
166342
167039
170394
168534
168505
170013
167263
170166
168008
167870
168478
167756
169791
169324
170642
165759
169455
168269
166819
168112
168666
166546
168219
169591
168087
168555
166938
168546
168120
170872
171292
167258
169295
167261
169222
167428
168526
168744
170413
167612
170054
166512
167258
170526
168705
167258
168016
168221
169638
170308
168833
170929
168943
169275
168072
166831
169266
166978
166895
167406
166820
167021
167718
168293
169331
170496
168157
169263
166979
168452
169053
166651
166649
170815
165756
169815
168442
168268
166371
166110
168694
168778
167561
165758
166831
167237
170175
167431
169742
167980
167934
167430
167831
171053
168391
165756
166651
166551
168743
169325
168525
167885
168542
167703
168524
167980
170420
165928
166869
167633
168544
167634
167769
170416
166821
166811
167612
167936
166367
167428
167416
168544
168218
168990
170929
170541
168553
167259
169269
169008
167205
167263
168098
167552
168091
165936
169094
168502
167998
167431
168697
170250
167800
167510
170334
166365
168479
168523
168477
167991
166658
168038
166829
168335
167993
168038
167869
167728
169991
168090
170812
167259
168693
169806
168727
169590
168541
169852
170992
166543
168608
165756
166537
173603
170248
169152
167986
168618
168245
168049
168340
166109
168088
166976
168541
166649
168439
170248
168153
169532
170142
167428
166829
168224
170722
168038
166537
166369
167430
167428
166334
168885
168477
169322
167005
168038
168541
167109
166496
166824
169673
168523
165927
168814
169591
168212
167329
166367
167767
167429
166649
169493
166823
171205
168594
165926
168005
169654
167767
167946
166869
168611
169743
168477
169594
167428
167221
166999
168655
169136
167868
169928
166820
167767
168218
170417
166821
169636
168851
167834
167440
168983
169768
166707
169153
169383
168792
167660
166652
169943
166649
168002
169768
169254
167632
167923
168103
169525
170160
166832
167845
167932
167225
168404
167261
166328
168039
167997
167648
165762
167768
169536
168887
169047
167260
169293
167569
168443
168770
168524
167000
167611
167610
167054
167374
167434
168134
170316
166935
168744
171561
168525
167258
169186
167145
166535
168661
169031
165931
168832
168654
169779
166651
168871
167648
168004
166819
171952
166365
167442
170490
168850
166601
165926
167720
168913
168716
170042
167429
168240
169135
168169
166546
166548
166823
167869
169918
169028
169817
169914
169135
167000
168222
168179
168543
168983
166871
169022
171821
165756
168053
167274
166820
166549
170173
172174
166367
166716
170246
168588
170132
169714
167831
167266
166824
166507
167259
169224
169119
167478
168791
166650
167757
166829
166871
169834
167056
167388
167146
169111
167258
168745
170113
168483
167609
168376
167478
168117
168552
168376
165756
168547
168170
168372
169097
167262
169773
167004
169818
171587
169427
168478
168371
169422
169595
169030
166999
166649
168980
168373
168704
168438
172938
172703
167587
166717
165757
167325
168371
168759
168182
167999
168693
168426
167260
168479
167258
169027
169913
167635
167868
171608
170954
169923
167145
167756
170094
170053
168264
170159
167441
167585
167946
167258
171067
169922
167829
168506
171064
166819
166546
166830
168693
167663
168697
169125
165756
170056
167936
166536
167002
170882
167769
168049
168482
166653
167049
166546
171128
169294
167236
168480
170253
166820
168530
169097
168088
167811
165760
167829
169698
166547
168213
166941
170601
167261
169276
169479
165757
168828
170163
168481
168001
169147
168527
167156
167059
167259
167800
166834
167807
167834
167215
166370
167999
169319
170946
170839
166820
170377
168113
167631
166432
167041
166824
168394
168443
166649
171608
167261
167431
166650
172648
167427
167429
169050
166367
169217
171675
166819
168481
168374
167478
167700
169933
167914
168220
169303
168885
168550
168879
167325
168632
166506
167434
166654
167258
168477
167868
169026
168543
167837
167886
167728
167341
168374
168481
168542
168984
168094
165926
169914
167123
168311
166547
166650
166716
167764
170143
168887
167573
169201
169429
167937
166829
166936
169307
167259
167431
170674
168271
167432
168878
167700
167434
167919
171849
167262
168479
167433
165936
168241
167258
168699
169434
169999
168696
168315
166368
169751
169917
166369
168702
168818
167611
168545
168694
167113
167920
169743
168982
169051
170426
169676
165759
167039
169944
167156
168095
170875
170009
167276
168440
169055
167221
168328
169158
169473
171214
168100
169592
166652
169101
167145
167667
168273
169747
165938
166331
170348
167116
168722
169346
168165
166941
168157
170143
168491
171035
167439
166649
166535
168423
171168
169740
165758
168198
166873
167834
167998
167701
166980
167260
167433
167145
168160
166819
169743
167766
167428
166770
169789
168608
168894
168173
167802
168417
165757
168371
169554
167845
168169
171732
169783
167219
167259
166367
169331
168694
168310
166365
168544
168702
167936
168327
169742
167434
165928
168698
169093
167258
166652
170173
167221
166650
169545
168649
168831
167764
170501
168086
167001
170079
168485
167429
170263
166649
166720
168609
166366
168948
166940
169258
169734
169028
169473
168827
165928
169197
169987
168342
167765
168650
168717
168040
167429
169591
168477
169760
170205
167258
166652
169222
168744
168093
167836
169940
167998
169195
167258
167652
170792
168648
169934
169448
166981
167046
169595
171166
168155
167756
167440
168001
167648
169748
168682
168694
168240
169154
167261
166329
167219
166436
166819
168375
167344
166821
166976
169293
170623
167987
168094
169605
166546
167652
168647
167608
169355
167800
168914
170185
168703
168771
167258
165761
167611
169912
168707
165756
169099
167765
169880
169303
171680
167664
168662
168828
168273
168112
169364
168525
168371
167828
168089
167828
169993
168706
168901
167754
167445
167262
169305
166831
166653
168526
168526
171745
168543
167260
169133
168982
169760
166547
165926
166546
168038
169887
170501
167726
170568
168903
166650
168332
167942
168488
167807
166650
168647
168084
166715
167943
169051
167551
169454
169591
167914
168050
167715
168778
168873
168666
166822
168868
168688
168492
168499
169593
168658
169473
166652
168371
167917
171040
169808
168389
169050
172454
166658
168591
170500
170113
168883
168875
167221
169422
167259
166536
169303
168659
168624
168371
168542
168340
168544
169160
167392
169433
169554
168013
168659
169724
165939
169207
167259
168541
169323
169053
170555
168481
168565
165926
168097
168410
167394
168484
169199
167943
168372
168846
169227
166938
167632
167608
167026
167731
167431
168705
169307
167766
170453
168443
167522
168267
167597
167916
170347
169219
167227
167024
167405
168837
167658
166545
167260
168376
168375
167258
166650
169370
166833
168212
165760
168650
169774
167916
168312
166822
165926
167762
168650
167764
168449
169660
167873
171417
168989
167004
166369
167934
169135
167947
167592
165759
167873
168283
165938
166649
169594
168234
169294
168480
172791
167440
169811
167591
169987
167325
167258
167390
170891
168985
168525
167611
169781
167918
166536
170416
167569
168648
167610
170777
166536
168324
167611
168376
168647
169429
168086
168390
168053
168827
167439
167481
168619
170045
167148
168525
168042
166538
169767
167672
167021
169891
166365
166716
167438
170599
169699
166535
169706
169936
167481
165762
169431
167807
169700
167832
167258
169303
166369
165933
170321
167041
167613
168480
167613
167318
169027
167372
171404
167259
167383
168482
167225
170477
168479
169744
168043
169996
168851
169923
168524
167588
168202
169201
168222
167916
166820
166650
168545
167609
166651
165757
168084
167328
168210
167222
168218
167870
167258
168746
167439
167586
167259
168091
167258
168502
168477
167934
166652
172041
166979
168134
167259
168882
167768
168038
169506
165941
167636
166819
168523
167601
166546
171027
167258
168121
167764
167155
170132
169999
166650
168531
168556
167914
167650
168444
169941
168613
167023
169099
167258
166651
170216
167404
169772
167504
167045
166819
167430
168477
169880
169054
171211
166167
170126
169088
166717
166832
169098
169202
166438
169138
169970
169222
168650
167719
168444
168542
169336
167933
168338
168914
169053
172110
165936
168612
167258
167601
168218
168421
168038
169540
167430
166830
169494
166649
168746
168726
167872
168512
168524
168648
165927
168086
167054
166889
167053
169400
167655
169429
167934
169114
167428
166547
169807
168510
168377
168648
167932
169052
169611
170137
169221
165931
167754
170167
167632
168873
172820
169318
170210
169791
168375
167611
167763
166649
168113
165937
168893
167636
166715
169401
169731
169214
168310
166830
169126
168042
168648
169637
167194
167950
170095
167785
168076
169094
166541
166819
167430
166999
167813
168523
168003
166650
168374
168608
168541
171265
166652
169304
167430
169199
166737
171539
167440
167722
166536
169222
168158
166807
167000
168693
168827
167202
169031
167762
166536
169638
167869
166707
169051
168221
166819
167222
169314
168323
167438
169827
167435
168042
168245
170516
167017
166940
169221
169093
168048
167264
168525
167803
168694
167448
167429
170100
168374
165931
169714
167591
169742
170589
167871
170167
168038
170512
168827
166651
167393
166819
169198
168647
167022
167262
171066
167315
169093
168529
169771
170855
167848
167584
166541
168329
167833
168652
167021
167932
166368
169397
168500
168040
167262
169228
169743
168375
170345
169356
167195
169434
168333
167258
168657
167429
167259
169560
169455
168727
168885
167869
167150
169027
169591
168875
170520
169704
165939
167755
168594
168085
167586
167916
170315
168608
170992
167637
167494
169093
167766
167428
168091
168084
169054
170820
167939
168001
170138
169382
168707
166715
167608
169224
168888
167871
170387
166370
169144
168648
171121
167434
168696
168831
171384
168043
166650
168556
167613
169278
167000
169914
168879
165759
170349
167039
168505
167148
169521
168523
167261
168042
168525
168484
167258
166835
167614
170882
165931
168704
168310
170148
166824
167262
171348
174063
169155
168025
169099
168737
166368
168208
168697
166539
170665
168654
167764
168695
167762
167805
168255
168612
168706
169027
167002
169760
167722
168442
167914
169317
169594
166108
166829
168994
168658
171083
172160
168478
167258
166720
165927
167262
167221
166546
169027
166649
167652
167325
167998
166539
170273
168373
167586
168271
168697
168827
167868
166652
167941
168612
168767
168981
169593
168477
169791
167649
168527
168050
167263
167608
165757
170616
167258
168541
168941
169278
166819
167942
168013
167803
167942
169744
166821
167771
168594
170162
166830
169948
165761
169763
167417
168377
167282
170901
165928
168039
165929
169912
167851
170694
166649
169735
170347
169762
168948
169313
167259
168371
168506
169437
167258
168258
167585
170272
166651
169927
167764
170340
170512
169269
168374
168545
168591
166649
167762
166821
166649
167259
170944
169593
168551
168981
169304
166822
168683
169594
167998
168792
168635
167406
169034
166500
168652
168445
167846
166832
167713
168504
166368
168490
167431
170975
167755
167756
166651
167932
169809
167193
168105
166650
168479
165756
166944
168659
171368
168583
167440
171362
167831
171037
167429
168650
168097
168694
166549
165928
168647
167258
168374
168713
167630
165756
169304
167147
169434
167202
169000
168724
167943
167263
167258
169700
167262
168527
168853
167258
167699
167439
167933
168524
168095
168039
168652
169636
167439
168389
167768
168831
169200
166819
167108
167258
166366
167971
167830
171029
170206
167648
168103
166372
167258
167916
168513
169028
170161
168647
168700
170141
169425
166365
166655
167223
167225
165938
170966
169593
169266
169227
169163
168245
170795
166830
167933
166935
166536
168882
167759
171265
167942
167442
167765
166935
168483
167663
167432
166820
168087
168419
168868
168327
167631
168527
167756
170285
170330
169743
169138
168048
168222
169217
167429
165756
170514
167769
169808
168527
167835
167766
168827
166650
166706
168085
170341
169294
169095
169022
166869
169873
168274
166538
168040
168819
169307
167258
167430
168746
167828
167801
168274
167588
170977
167440
170962
169554
165757
169036
168092
167438
169231
166538
168625
168483
165930
165757
169152
168696
166869
168263
167106
169591
166820
168367
167146
168477
169674
168637
167916
166940
168831
168884
167812
171545
166894
166365
166829
167828
167201
169816
168594
170418
167828
169197
168528
167429
169621
168049
167932
170879
167416
166368
166830
167227
166819
168309
169821
168548
169665
167674
169458
168113
170778
169049
168342
166651
168769
169736
168478
167433
165936
168867
168389
166539
167756
168221
167258
168544
169305
166820
169919
169153
168094
166975
166651
165939
169462
165757
169228
167431
169098
167220
168635
167479
171060
167428
167120
170128
168479
168374
169338
167145
166365
167830
167021
166368
166822
168373
169233
168113
168115
168526
169272
167263
166651
168374
167701
168524
167039
170691
167374
168696
168388
166941
167259
167431
171383
167806
166365
168594
168657
169152
171428
169053
168169
169779
166656
169878
169712
168135
168542
168981
168482
167258
167998
170793
166546
165939
169557
169112
169597
167764
168053
171392
166819
167868
169154
167105
167429
168528
168218
169484
165926
169027
166649
168441
168308
168308
168544
170504
169281
167145
166653
166539
168502
168207
168038
168703
168659
168039
167191
167868
167700
166716
168088
170206
167438
168541
170273
169760
167803
166511
167869
168651
167932
167147
167832
167264
168616
168558
168544
166550
166365
169962
168376
169660
168372
168661
169796
168331
167000
168209
168661
168096
167428
169761
168706
168542
169608
168836
166649
166829
168693
167996
168878
166835
168221
169530
168224
168445
168136
170820
168654
168099
169888
168053
170300
167587
168008
167604
167259
167443
170098
166649
168097
166819
166819
167482
167560
167039
170945
168950
169814
170991
169019
168648
169219
172999
168831
170315
169431
167219
167754
167916
167432
168661
165757
172123
168048
169636
167756
168011
167767
167869
167262
168874
168647
168478
169357
167819
165759
168415
168234
165760
167428
167442
169638
169637
168001
169443
166999
170093
169833
168552
168211
167602
167630
167428
168608
166651
170856
168923
168270
166945
169094
166821
170485
165759
169394
168087
170247
167441
169526
165758
168477
171215
166370
169915
166650
169263
167023
167259
169876
168693
169776
168312
171169
168437
167027
167223
168210
168000
168699
168479
168485
169219
168374
166497
167695
167258
166326
167585
167608
167429
167480
168376
168547
168609
166822
172565
166649
169161
169030
167434
169058
170165
168480
168371
169212
167829
168113
169881
167259
169639
168253
169992
168040
166649
170343
168442
169321
169977
169997
167041
171040
167440
170370
166511
167428
166649
167000
167869
167265
167719
168744
167261
169595
169811
169325
169303
169357
170665
170513
167027
166945
166976
166539
166537
166650
169217
168524
167633
167586
168482
167389
168373
168099
169055
167934
167811
169093
169027
169891
170419
167109
168542
169926
166829
166821
169174
169806
165758
168218
169641
168657
168551
168552
169231
168266
168697
169526
170319
169231
172718
167887
168556
166821
167261
169641
168613
167258
168132
167258
166829
168087
168717
169660
168445
166829
167155
168052
168778
170164
168089
167281
165927
169744
168651
167886
166650
169014
169594
167258
167106
167879
167258
170855
167608
168330
170163
167428
169135
168555
167612
167162
171789
168591
170332
168722
166829
168441
167585
166831
171568
168097
167548
166653
168208
166540
169313
165929
166822
167868
168545
167886
167836
168694
168481
166537
167802
166655
169600
169613
169697
170425
167762
167210
168959
167701
168048
169606
169134
167881
168945
166651
168526
168338
168703
168309
169227
169988
169711
166830
168004
168260
167438
167260
167802
169772
167548
167611
168158
169808
167429
169918
167610
166944
168831
167943
167662
168721
168648
168657
167148
169710
167429
168548
167762
167191
166822
169478
167922
168291
170331
168649
167192
170056
167932
168218
169135
170499
170151
167260
165930
168873
169098
167650
172475
166652
168488
169032
169263
168374
167259
168155
166977
167000
167258
170925
169200
168487
169261
168483
169600
167059
168551
170622
169746
167765
167717
169746
166824
169450
167259
166830
167663
165756
169315
167439
167222
169744
168211
168879
168089
168928
169723
167762
168053
167003
167610
166653
165761
167547
167937
167431
169997
167571
167868
169632
169029
169706
168650
167495
168818
169697
169485
168084
169914
168647
165757
168697
168311
167428
170893
167119
169590
167585
168339
168304
167662
168541
169553
166832
167260
167431
169229
168698
169388
169054
165760
169440
168523
167007
166653
169304
168923
168883
168088
167546
169371
168659
167429
167757
166653
168924
168620
167734
168103
168053
166366
168701
166830
166870
168595
168088
167835
169808
169093
167055
167914
168868
168197
168310
166832
170167
167262
168542
167914
170333
168695
166547
170152
167106
167225
168883
168477
169324
168941
167150
167328
168375
169922
169640
166368
169269
168038
167631
167258
167948
167832
168992
167434
169986
168611
166717
166830
168525
168495
169637
169754
167914
167630
168371
170420
168703
167803
167830
168264
170316
166649
168391
169303
168508
168491
167577
167633
168898
167934
170486
167885
167258
168660
166651
167053
168830
167221
167319
167058
169146
167428
168541
168505
168017
170688
168877
167262
168704
167585
168721
167764
166824
168655
168264
168304
168221
167234
167631
168710
168482
169493
168273
165756
166538
168013
167650
166328
171098
166830
167430
167871
167632
168552
166715
167584
166330
169998
168158
167440
165756
171953
169133
166653
168364
167610
168429
171040
165757
170316
168049
170446
170859
169154
167648
166825
167481
168246
168946
169227
168266
166938
170396
170246
166825
168706
168262
167630
168084
168134
168456
167705
166652
166512
167393
168121
169435
166832
166649
168439
167432
166976
166821
167201
168478
168094
167766
168873
169141
167824
169880
167258
168697
167004
169128
169986
167611
166945
165941
167219
168375
169053
167768
171192
168943
168981
168695
167936
167260
169104
167117
168647
169965
169987
168084
168010
166653
167219
168625
167440
168546
167943
168982
168377
168095
167402
167846
169623
171157
170716
166651
166654
167268
168541
168422
170336
167191
167497
168052
167873
166368
169810
167553
168878
167001
169154
169557
167933
168984
169620
165939
169661
168157
167428
169421
168701
167002
167762
168338
168477
169924
168885
166497
167431
169134
168105
167801
167650
169031
168381
167914
170944
169924
168546
167602
167933
166937
170209
169982
169228
170268
168818
167982
170493
167259
167191
166652
166829
166650
166654
169557
168913
168477
169259
168314
168105
167258
167936
169533
170334
167833
170692
168477
167613
167833
169100
167433
169745
168527
167482
167763
167737
166821
170596
169257
168049
169027
169220
168836
167613
167940
169546
169313
167194
167613
168098
169331
166821
168338
168877
167599
167633
166538
169305
166819
171601
168039
167764
165758
168140
168408
168902
167371
169274
167760
167430
166822
167428
168611
169483
168373
168159
168154
169744
169427
170851
169444
167998
167766
168657
168945
169260
167005
168332
169447
168000
170109
167389
170543
167830
170333
167915
169155
166538
167757
168827
165929
169484
166651
168489
168625
167150
167800
165759
168091
170179
168243
168706
169199
167985
168527
168697
167665
168647
167722
168113
167915
168333
167596
168662
168480
167478
170733
167438
168718
169218
169661
168309
168089
170855
167875
169744
167869
169049
170047
168652
167478
168479
168737
167438
169378
167768
167587
167843
169290
167223
168321
168375
166869
170119
169941
166652
170416
168503
166535
167392
166368
168221
165937
167219
167648
169151
166369
167224
166715
168477
169576
168617
170855
167262
167260
166820
167430
166616
167609
168698
170386
167260
167213
168478
167611
167943
168087
168706
167870
167876
166368
167439
169028
167260
167479
170319
173354
167004
168259
168613
168178
167378
168086
170335
169640
169808
167935
170962
168721
170308
168720
167810
168878
170874
167613
167260
168287
168695
169319
168879
168480
169561
169029
168480
169789
168489
169403
168456
167224
167325
170599
169403
168530
168477
167592
171429
170135
168003
169814
168113
169093
168941
167041
167220
168479
165756
168778
166539
167430
166980
168114
168504
170750
168049
167005
169638
168545
169641
168491
167868
168648
171926
169011
168478
167479
168696
168611
166822
169650
169150
166500
168524
168525
169390
168041
168810
168695
168707
171600
167838
166106
168442
168937
168524
166831
167938
167258
166365
165928
169235
168524
171618
167428
171490
168157
166654
167779
167611
167258
171392
168218
168279
167262
169912
168941
167998
167261
166656
168275
168040
168530
170042
167021
167782
171711
168095
168523
169940
168218
168650
167764
167432
168220
168477
168479
171708
170167
165939
167920
168987
168932
168590
168916
167916
168541
167005
168040
169144
166545
165757
169744
168554
165929
167433
168981
166651
169263
169052
170494
170012
166999
166821
168085
172125
168048
168552
167828
168157
166538
169406
166951
166649
167110
168156
168537
167495
168376
170246
168327
167431
167428
167934
167428
168717
167438
169769
168274
166497
169657
166365
168553
166538
168524
166717
168052
167653
168441
171884
165929
168240
167763
169332
168308
168268
169808
166976
169660
166830
166365
169824
167150
171593
168627
169448
168050
169259
167117
168269
167440
167221
168527
171037
168651
170417
165931
168732
168548
169595
169121
167828
168481
167702
168118
167208
166719
166650
170857
171952
168551
167701
165936
169744
166999
168697
168780
167224
168794
168742
169019
168048
171092
167259
168693
168524
167315
169400
167610
166820
169708
169073
167287
167608
167223
169323
168509
168480
169995
169725
168923
169742
169484
168728
167763
167148
166536
167652
167206
168049
167260
168159
169262
167548
168040
166829
168373
167258
167608
167632
167441
168220
169187
165756
166549
167260
167442
168883
165941
166366
169121
166368
168283
173007
169053
167634
165758
169743
168236
169557
167401
167934
168523
168264
169321
167430
167161
169380
168304
167116
167430
166832
167259
169108
168179
166823
167376
169993
168411
168779
168525
167436
166366
168517
168043
171715
167001
169578
168224
167440
167832
166825
170851
167389
166872
170439
170313
169050
167831
168482
170659
168746
169525
168489
168371
168375
168221
167259
167004
167439
168653
169917
167429
169400
167762
171985
170855
168693
166935
168179
169641
167935
168029
169941
167937
169760
168886
168074
169577
169156
167663
168477
169203
167258
166651
169545
169592
166819
167813
167443
168373
168707
170316
167611
168844
169048
170086
168873
166655
168651
168544
169914
168553
167430
167675
170168
167845
166366
167762
169224
168267
168084
168554
168479
169808
168873
168480
166824
169988
166830
168374
168881
166653
170416
168444
167329
168673
169317
166654
166980
168653
168203
167588
168003
167259
168094
168013
170094
169133
168330
169224
168045
169321
167440
168704
169050
171754
171235
167804
170093
168658
168617
169445
169050
166819
168699
167003
168477
168662
168855
169135
169963
170043
167431
168441
171994
168258
170334
169835
166370
170795
167431
167612
168715
171035
168013
165756
166537
169321
169306
168376
166652
169426
169123
167943
170251
168039
167813
169049
168822
168085
167763
169709
168887
166975
168985
167285
166836
167329
167228
168558
169764
169941
168365
167596
168085
165756
167603
167586
168482
170206
168170
167212
166810
169234
169276
170450
166539
167001
172168
166977
166819
169057
167258
168041
167432
169221
166651
169747
166823
167870
167221
167916
169029
168441
167832
168546
167869
166833
168136
168933
169594
169745
167591
169032
168478
167263
167430
167431
168992
167837
167406
170645
168371
167592
168926
167438
167762
168882
172103
168300
168011
167432
168661
170223
172324
167869
170312
166822
168051
169053
169589
168526
169764
168921
166831
169282
168009
166550
168447
168634
168551
166822
169165
166869
166950
167403
167834
167572
167588
166825
167608
168876
169474
170992
167830
167432
167939
167649
171704
169739
169155
168481
169034
170811
167879
168328
168439
167933
168484
168610
167588
169746
167429
168375
168115
168543
167408
167429
167759
166873
168051
166937
167801
169542
168240
171598
167004
168545
167442
167440
171025
167399
167515
170857
168219
167438
168479
169099
168879
169112
168096
170439
169113
168477
169028
169019
169223
169437
168038
166108
167625
169154
167914
169747
170865
168332
168649
166654
168693
168095
167916
167258
171098
169113
168530
169498
166871
168683
167446
169051
167651
170093
165756
168045
166365
168084
167433
167262
168488
169791
166652
166654
166367
167785
168035
167874
167389
168535
165927
170797
168943
168040
167430
167203
170095
170251
169432
167586
169297
166819
168792
168519
167610
169913
168004
172211
168443
167984
168157
170216
167438
167479
167602
166649
171425
168873
169136
168723
167636
167219
169807
172102
169659
168488
166538
169527
167440
170485
170556
168827
168724
169218
166824
167439
169166
168703
166870
169763
167569
168479
170270
166536
170122
169640
166650
169136
166543
167396
167263
169126
170378
167262
169406
167868
167429
167762
167800
168703
168700
170833
167943
171025
168982
167883
168439
166649
168009
169151
169031
168094
168388
168883
167763
167871
167665
168412
167002
169912
167669
168706
168084
169232
167050
168544
167259
167258
168310
167869
167399
170174
169094
167914
168100
165757
170045
167441
168708
169263
168669
168909
169962
167194
167261
168209
167828
167113
170855
168696
166823
166936
168484
167868
168622
168090
171378
171525
169035
167937
168941
167801
168440
166826
167442
169744
169604
169638
167395
167921
169895
166821
169160
168661
169773
169459
168722
167060
167766
167609
169617
168098
169723
167601
169380
167431
167871
169762
169590
170062
167868
167438
168224
168526
170318
166535
167829
168524
171368
166368
168662
169594
168715
168310
168830
169539
166821
167635
167942
165930
168542
167432
168648
169489
167481
165926
169484
168052
166654
167612
167609
166536
168477
169326
167260
169230
168411
169575
169303
171923
166548
167829
169148
166546
167023
167765
169929
168338
166369
169095
168502
168656
169421
168703
169133
168338
169204
168759
168096
168713
168171
167429
169222
167736
168260
167428
167866
166365
169917
166109
169835
166556
167391
167258
167428
167764
165926
168477
170702
167585
168827
169093
166541
169913
170860
167767
167264
169912
168371
167428
171011
168791
165937
167430
170443
170706
169400
167986
168103
167001
170030
166824
168373
168525
166936
169899
168526
166541
168619
169090
168371
168885
165936
167428
168616
167998
169151
169133
167919
167438
168984
168406
169531
169914
167613
171148
169156
169030
168526
168524
169152
169419
169962
168703
166874
169658
167631
168116
166832
167393
167933
167258
166833
171553
168651
167757
168584
169419
169669
166535
168045
167815
168868
167428
169814
167433
166545
167999
167609
169763
173750
168782
167258
166823
169484
167660
166822
167416
169754
168544
167440
168377
169052
167612
169809
168094
167258
166367
167428
168374
169940
168827
168389
166538
167404
166829
166821
167937
168693
166649
167586
166107
171099
168875
167624
170674
169912
168648
168483
167921
168555
167081
168478
168300
170754
168779
168100
169482
169806
166657
169635
168647
167934
167933
168039
166656
170486
167259
168553
167433
167391
166770
168049
168708
169566
168445
168334
168523
169137
168878
169030
167869
168657
167698
167638
167235
167914
170953
167258
168529
170863
168913
167998
170297
167831
168874
167391
169594
167941
167056
169595
167938
167942
166807
167259
169265
168084
168487
167258
168458
169770
167836
167445
168512
170164
167258
165760
169770
169197
168377
165937
167431
166538
166650
167259
167763
166708
169574
169429
170690
167666
169291
167504
167224
169365
168526
167260
167766
168527
172479
167430
169636
168657
168403
170483
168864
167843
167762
168002
168913
168108
169727
168310
167870
168260
169930
166365
167429
166819
168063
169114
169590
167432
167428
167430
168815
167595
167586
167843
169432
168697
168649
171012
168546
168371
167259
167664
167590
169661
168048
166718
167651
167630
166821
168746
169219
167836
169913
169761
169838
169757
166831
166649
169114
166825
170118
167260
168541
168525
169836
169199
167429
169422
167945
169746
170206
168831
172085
167193
167258
166649
169744
168319
170855
167278
169940
171535
169806
165941
166545
167758
169108
169059
168210
167667
166819
170541
169095
168203
168525
169590
169354
168484
169990
168647
169810
167585
168525
169904
167829
170574
167936
168523
166366
169743
168270
167631
168665
170842
169628
168270
168041
168013
167258
166368
166545
169272
168922
169047
168582
169886
167438
172464
167158
167118
167869
169612
167428
166537
167937
170477
168696
167394
168918
168171
169636
167267
168268
167836
168050
168489
171110
167262
167869
169735
167935
168000
168478
170523
166365
168981
169718
167219
167319
167665
169551
168000
169230
169108
168372
168542
169267
168001
170282
169620
168137
167869
169703
168014
169290
169946
167258
168876
168115
167448
167258
168479
168875
168608
167043
170570
168171
167936
170930
169139
168591
167435
169199
168694
166370
170858
169197
167431
166717
169028
167431
167441
168624
168666
166838
168002
167428
168634
167871
168309
169061
167145
168311
167805
166977
167944
170653
169485
166650
171778
167261
169308
169876
167259
168648
168792
166822
167399
167811
167224
169697
168524
167784
168429
171168
170660
166651
168038
166536
166371
166830
168374
166649
167873
170535
168762
167258
170341
168873
167873
168309
168324
169639
168656
167588
168478
169285
168873
169889
168504
167600
165756
167258
167260
166108
169525
168693
169592
168377
170334
168379
168695
167226
169219
166975
169030
168541
167873
169531
169750
169220
170590
167219
170666
167871
169502
168647
167663
167025
167916
168549
167872
169111
170417
167869
168694
168456
168877
167005
169402
167829
170209
167932
167258
169653
169032
166653
166535
169030
167569
167041
170342
171432
167431
168702
169319
169758
166548
168877
169134
168664
169763
169263
167444
169223
166540
169485
168072
167105
167290
171997
166709
167834
167264
166539
168389
168873
166819
169219
169640
167428
168094
171035
168334
168043
167762
169030
167258
168647
169880
166676
167150
165757
168438
166650
168477
169151
168008
167438
170248
167263
168484
168527
168508
169197
166336
167264
170420
167755
168723
167608
168305
169604
168222
169153
167329
166538
167872
168043
167266
169642
166821
168864
167262
167192
168041
169316
167633
166368
168778
167260
170485
168313
169629
167828
165932
167914
169151
167435
169306
167054
166368
169502
166652
169377
167608
167943
169109
167933
167917
168659
167261
167426
171763
166655
166367
166831
169331
168085
170717
166822
168526
167438
167224
167261
171493
170350
167755
168258
169833
168041
167869
171030
167262
168541
168482
167873
168223
167404
168329
167260
167478
167261
167998
167985
168220
170082
169115
168524
166368
166832
168726
166999
166936
170132
166539
169291
169765
168505
167027
168897
167659
167430
167260
169707
170336
168721
170248
169223
165926
167754
168306
167765
169292
167763
167765
167434
168084
169422
166653
169892
169450
167145
168925
167588
168611
167145
166819
169034
168051
169133
167432
168005
165761
165926
167191
166654
167441
169053
167051
168208
167219
168006
168334
167431
168115
170154
168523
166823
168860
166535
167330
168305
166652
169227
167430
168660
167439
167261
166820
167934
167264
166650
168478
167260
170427
168484
168845
166365
169491
169879
167260
167438
169030
167768
167828
166110
167611
167148
168923
165763
169114
168693
166551
167429
170165
168984
170038
167429
167624
169136
167261
170404
168407
167915
169055
168945
166652
167430
167555
166823
167260
169622
168529
167946
168695
167833
169400
168445
168983
168477
170321
167590
167262
166724
167258
168830
167258
168523
169847
169020
169810
168203
169601
167870
169747
167059
169745
171597
167632
167648
168524
167935
167608
166824
167121
168371
167833
169031
165941
168480
166819
168541
169219
167871
171817
167428
167884
169057
167800
166545
169591
168038
165757
170866
169906
167584
166162
169590
166718
169401
170670
168210
166108
167006
167666
167951
168503
168657
168657
167942
168367
167275
170270
168235
168817
167195
167932
168854
167428
167944
168648
169030
168545
167145
169724
169047
166651
170147
168002
168372
168606
168814
172788
169653
167999
167259
169274
169735
166369
168085
166365
167277
171824
169068
167060
168648
170171
168349
167431
169745
172648
168728
168107
167831
170127
169051
170175
165940
168335
166823
167260
168615
172088
168485
167039
169200
169052
167803
167828
167429
169291
168949
166717
166366
167944
169206
170334
169817
168556
166653
167058
167042
167438
169987
166536
170977
166366
168182
167718
167485
168084
169660
167841
166538
166654
170416
168240
168526
166715
167932
167828
168043
169578
168157
167987
168542
167430
166365
167479
169527
168855
167039
169318
169578
168448
169103
167943
168543
167380
167157
169117
169027
167259
167901
169423
167630
169492
169220
166341
166365
167261
167881
166834
168219
168552
167428
168441
168506
168776
167332
168526
169308
170440
167999
167868
167511
169047
168480
168049
168542
168939
168873
169134
169874
166715
168040
168481
169047
168477
166717
168107
167258
166367
169261
168502
167829
167003
170391
167401
169185
169332
166498
169217
168624
170092
167660
167261
168875
168308
168608
167762
170598
167442
168338
168882
167023
167804
168836
168051
167611
168325
167946
167828
169437
168551
168695
167872
170352
170208
166538
168098
165756
167440
168697
168003
167762
168481
168697
169736
169613
168089
168703
167828
168709
172070
168553
168242
166649
167545
169443
169453
169208
169296
167429
168995
169316
168335
167769
170947
166652
169274
168154
167260
168514
166547
167258
166824
168699
167981
166651
166716
168477
165758
167258
169115
168375
167832
168715
167224
167608
169771
167259
169292
170702
166654
168264
166165
166653
170297
167834
167442
168875
168654
169641
167258
166551
168698
166367
167021
170333
170439
170094
171197
169111
167478
167762
167870
167630
170183
167262
167318
166829
168442
167874
167429
169555
167258
166650
169135
168337
168829
166821
168309
167828
168086
169636
168542
166649
169276
169223
168625
168478
166871
167106
167915
169097
167942
168681
169274
169014
167147
167265
167436
171382
167974
170209
169030
167262
167263
168547
168778
169308
166873
169593
169264
167432
167663
167998
168095
168648
166820
168779
167528
171322
170094
169204
169763
168366
171963
166658
166770
168705
169988
167393
171971
166366
168943
167918
165930
169590
167586
168870
166650
168304
167727
168650
169115
169122
168040
166651
170207
170449
167664
167935
166545
170710
168113
171805
170075
168551
168722
170643
168493
170317
167828
168478
168523
171367
168728
167868
172000
167438
169053
169013
169011
167260
168527
168829
167810
168693
168693
168660
169104
166366
167219
169771
169303
170424
166822
166939
167611
167261
167054
168703
168208
167699
169721
169613
168627
169742
168477
168924
167600
167220
170094
168981
167650
169528
165926
167435
166837
169943
166822
165936
168639
167260
170450
169926
165757
167764
170996
169473
168373
170666
165763
166652
167261
167950
169053
169767
169112
168882
168744
170939
169133
168371
166869
168711
166366
167430
167648
166545
171687
168066
167767
167259
168696
168253
169229
167389
170092
169443
168325
166367
169094
168622
166650
168477
167431
169528
165938
168506
167549
168222
166774
168372
169745
167262
167054
167868
167729
170094
170708
167982
167145
167259
169053
167440
165756
170911
168532
166831
167868
167260
166368
166831
167937
167263
167754
167871
167572
167621
169942
168745
168089
168349
166536
169424
166535
170300
167433
167429
168265
168375
168608
168828
166716
166936
169057
168707
169030
167442
168526
168650
170669
168702
169562
168956
167258
169830
166999
168002
170856
169593
168364
166654
167914
169318
168250
167914
167108
167206
167848
168705
168524
167762
168446
168444
167438
169573
167441
167650
169764
166654
171001
169313
169546
168983
168333
171596
165926
168300
167023
168338
167611
167262
168704
168827
169047
169205
167592
167551
167043
167608
166536
167229
168092
166819
169197
168445
171593
170056
170535
169362
168049
167145
168523
167722
166650
168552
168038
168745
167984
165934
168707
171176
167916
170720
167262
167258
169912
167155
169138
167606
170163
169424
166538
169212
167843
168870
168102
168295
168523
170150
166823
168965
167844
166546
170048
170376
170211
168065
167153
167868
170588
167943
169637
166540
169527
170441
169047
170093
168788
170331
169809
166869
166365
167632
166869
171029
167258
167943
167441
167939
167222
169209
169637
166890
167630
168478
167054
168118
168950
169214
167115
167600
167259
168089
167145
168718
167441
168658
167219
167001
167260
168523
168746
169573
167419
168835
167106
167917
169940
168266
167651
169394
168375
167258
168664
168543
168524
167147
168443
167833
168315
168553
168942
168314
167428
169099
168697
168813
168648
168485
168310
168040
167808
167432
171029
169322
168479
168620
166828
169986
167206
169705
168659
167919
168541
168365
167261
169551
170092
167914
168094
169094
169212
167762
169699
168103
167833
169637
167261
169879
167390
168654
169152
167260
166496
166649
168225
166649
166651
167446
167648
167781
168493
167828
167200
168096
170900
169620
168115
167430
166833
168437
170866
169529
168442
168729
167428
169464
169153
168694
168923
169918
165928
167431
169817
168453
169734
167441
169048
166869
168931
168661
167843
170673
166829
168609
168052
167327
168716
168332
169103
169304
167042
169303
167235
170160
170542
168828
168651
167429
168528
171382
170206
168591
169736
167440
167264
168372
167611
167151
167001
166821
166819
166369
168225
168527
169314
169817
171574
169548
168241
167630
168924
166539
168420
167765
168261
169164
167212
169760
168523
167942
168117
169091
167942
168049
168523
172856
166656
167258
166819
169133
166650
168529
171388
170332
168265
168477
167998
168735
169480
166652
168505
168011
170822
167873
167196
170483
167914
168699
168219
168523
168096
168987
167230
166107
168885
167609
167258
166831
168703
168704
169725
167227
166549
170269
168480
169558
169528
167287
169384
166822
169272
167392
170149
166655
167609
167519
166869
167914
169709
171294
167221
165930
169591
168311
166823
170374
168652
169742
167429
167932
166365
167833
168526
166839
168478
167650
168013
168439
168946
169750
165927
165934
168205
168114
169748
167428
169820
167633
168371
168650
169097
169203
170821
169050
165927
167259
169605
168653
170740
168884
168693
168377
168485
170315
167829
169751
170887
167703
166658
169978
168727
167882
168650
167432
171568
168541
165757
167151
169484
169021
169963
169137
167261
167258
167220
170097
169031
167196
167428
169268
166649
169266
169604
168831
169294
170890
167258
168888
167432
166820
168913
172109
168696
168178
172782
168270
167633
168901
168590
168546
170490
168915
167813
168038
169093
168041
167265
167823
167589
167261
170429
168745
168016
167260
168477
169623
169165
171309
167205
167612
168941
168477
167808
167149
167875
169637
166368
168877
172066
170310
169428
167935
168528
169851
166831
167433
169746
168483
166168
169268
171147
168836
168697
167116
167998
167585
167439
168105
168479
168831
167664
168665
168607
167479
168480
167660
171162
165926
167725
167762
169157
167429
166535
167871
171451
167155
169124
167613
168612
167001
167220
167831
169304
167765
168270
167763
170097
168478
168947
167446
168477
167401
166819
165757
168484
168780
167258
166831
167801
167628
169099
168180
167934
169405
168477
167400
166365
168407
168052
168311
166819
170440
169271
167609
169908
168477
170449
167914
167433
167663
168873
171489
167391
168323
168686
168482
169594
168684
166367
169915
166649
167872
167222
168423
169086
167719
166820
167438
167885
169304
167195
169093
167869
168506
167328
173301
169207
168545
168051
167915
168442
167601
170318
166365
169151
166819
167999
169225
167221
169098
169455
166831
167828
168528
167603
167264
167932
167587
168870
167935
170332
171262
166942
166717
167608
167832
168086
168000
169473
168171
167935
169757
169047
168834
167148
168089
165756
167042
166544
169886
169353
169088
170036
169452
169353
168693
170496
168876
168487
168478
169990
169807
170206
168050
168899
168478
166830
169333
171383
167026
169303
170419
169048
168480
167699
167258
167429
171388
167953
167440
165756
170112
167764
167814
167588
169164
168695
167591
166535
168208
170330
169423
168138
167150
167402
168429
169447
166821
167603
169257
171937
169628
169054
166819
168660
167764
168325
166326
167494
167258
169111
168694
168871
166370
167764
166651
167022
167494
168526
169595
169220
169764
167191
169027
167022
166823
169937
170318
168542
169348
167917
170151
169202
166540
169874
171795
170164
167811
169592
169332
168723
167191
171382
167430
168763
165927
168526
167914
170336
167632
167054
167765
167841
167398
168968
168551
168480
168651
169157
171808
168326
168524
166721
169088
169380
167258
169365
166716
166819
168583
169097
170417
169156
169932
167328
168524
167916
165931
170419
167482
168484
167259
166651
171604
169710
167258
171969
167430
167259
168349
167220
169454
168105
167608
168178
167204
168703
168764
167418
166650
168373
167803
170248
170644
167428
169595
168915
166820
168502
168411
169452
168744
167812
168667
166535
170135
168725
170817
168085
166773
167871
167608
168440
168548
166535
165931
167263
169387
168536
169126
167262
168648
167004
167630
167648
171594
167946
166344
166650
169154
169483
168827
167916
170103
169220
168086
171539
170989
168695
170600
170227
170447
166107
169528
166657
169963
169601
166715
170586
166371
170000
166496
168096
166723
169923
168523
169032
169316
169604
167764
167998
169293
170280
166938
167152
169940
168245
169401
168240
169918
167612
167801
168479
170306
167263
172778
167635
167754
167609
167917
168867
169742
169128
167609
168107
169275
168273
171826
167810
167635
167631
167431
166365
172560
169136
167762
166369
168318
168966
166940
169993
169013
170855
168218
168400
170522
169593
168208
170126
168871
167810
168041
167429
166717
165756
169153
167430
167429
169030
171227
169917
168486
168553
166718
167478
168209
168226
168485
167115
168220
168335
167550
167869
166370
166326
169134
169435
169098
167258
166871
169208
168821
169639
170991
167260
166652
167428
166649
167431
170860
169163
168219
166548
168001
168446
166821
167258
166328
168234
166650
166366
169094
167211
167325
169485
167442
167263
167025
169760
169769
169598
168008
168112
169295
167651
168482
168523
169113
169638
167699
167258
168655
168310
168314
167197
169721
169332
169165
169117
170505
169808
168982
169826
169809
167203
167927
168440
168481
170365
169603
169639
168512
167431
169267
167766
167428
167702
168964
167260
170954
168482
169602
169477
170773
168441
168444
166830
167846
167758
168341
167260
169306
168545
167947
166736
167847
168415
168612
169976
168695
170148
167768
168884
168172
168649
166649
167234
168372
167222
166821
167836
170347
167479
167429
168657
165938
169453
168835
167612
166903
167106
169698
169639
166537
171022
168545
169671
166649
167021
169159
168723
168001
169999
168948
165758
168404
168211
167497
167145
169481
169616
169184
168811
169401
167119
171554
167219
168373
167429
168943
168704
169154
170540
168096
166650
169095
168652
168965
166657
167259
165927
169117
168050
166649
167614
171810
167976
169093
168444
167260
171120
170206
169520
168000
166824
167265
169940
167054
168525
167873
166546
167584
167587
167105
168108
169762
169029
167053
168987
167106
169913
170210
169303
167054
168916
168479
168085
167401
169427
168693
168727
167429
167430
168054
166979
170110
167259
167719
168680
169267
171207
168224
167828
170247
169274
168096
168660
167439
169382
169616
167260
167259
166649
169274
168554
167258
168478
168743
167431
166365
169027
167830
169760
171494
169425
166649
168321
168771
166831
168765
167428
168523
168718
166830
168477
167005
170927
168000
167261
170819
168310
168084
166365
166819
169433
169605
169598
167329
169088
168478
170319
167258
170511
171906
167704
167201
168948
167882
166830
169303
168926
167779
168544
165759
166365
168705
169401
167021
170162
168415
167766
167433
169188
167765
167000
168509
169623
167431
166820
169457
166939
167325
171047
168477
166821
167790
169088
167045
168883
168698
168915
167914
167325
170213
169331
167933
169526
167662
169051
169760
166365
168158
169031
169908
170316
167443
166833
168042
168242
169771
168101
168490
168112
168084
166537
167611
167764
167663
165758
169313
168264
168502
168273
167495
167262
168611
168208
166718
166365
167610
167831
168780
166823
170392
165936
169964
168039
167440
169027
170672
169112
167260
168043
166655
170215
170965
167920
167828
167869
167428
167635
168484
168266
168551
167117
168328
170442
169097
168621
170991
167872
167026
169709
166260
169444
170443
165756
168696
166536
167002
168527
168348
168200
168706
170766
168049
168812
167004
168913
168599
167000
169799
167327
169710
166715
170233
167429
168541
169397
170440
170455
166824
168308
166830
168706
168009
167835
169049
167389
167444
168371
167886
168504
170094
167224
167392
167934
168049
169742
168992
168523
169708
170313
166371
169133
169806
168371
168638
168112
170419
169197
167870
168695
169591
167830
168550
168527
168087
168442
167258
169323
168410
170856
166649
167391
166650
168480
170271
167764
167829
166652
167261
167833
167971
167428
168181
168526
167430
168095
172755
169740
168534
168876
167764
168693
169236
168334
166820
167260
167260
168917
167780
167833
169590
169793
167260
168693
171708
167869
168543
165761
169590
166652
171221
168211
169818
167603
169986
166539
167399
168531
169591
167263
168612
172710
167764
169294
170381
170527
169548
165756
167439
170094
166940
168693
168438
167121
169915
168602
168693
167584
168042
169201
168828
167870
168010
168040
165934
168695
168205
169161
167871
169097
167725
169032
166535
169357
167830
169916
168220
166821
167438
165936
167055
169590
170380
168652
167941
169598
170773
169639
167279
168612
166650
170587
166832
169661
169227
167441
169381
167003
169593
169556
167663
168647
166341
168084
167155
167258
169699
167762
168543
167614
168479
167001
168481
167939
168941
168852
167609
169915
165759
171046
169631
167914
165928
168609
169047
170334
168038
169200
169027
167754
166497
168111
168701
168984
165929
166106
169019
167263
165758
166980
169808
168758
169815
167318
169437
166649
166652
167157
168950
170202
167429
167868
168647
166872
167263
167429
167050
165757
167584
165926
169488
168321
168693
168660
168647
167630
168669
168340
168313
167480
168523
168088
166365
168398
168663
167431
169447
167050
166326
167704
169020
169367
167258
168813
167933
168157
168745
170332
166653
167564
168038
169303
166551
167874
167432
166873
167264
171019
167009
168314
167429
168699
169053
169486
168084
166650
165763
167868
167765
169602
166651
169703
169486
166822
167390
166331
170417
167764
168743
169897
168097
169913
169990
167433
168045
169774
167764
166536
168648
168440
168693
168984
167393
169379
169489
167871
168391
167611
167146
169434
169602
167258
168489
168445
168478
169708
168948
169269
166820
168167
168269
171225
169637
169573
167586
170337
165759
167781
167919
167871
167945
171595
168179
167765
168441
168180
171440
165929
169807
168541
168548
171429
167933
169093
168871
169483
168650
167041
166819
167606
169560
168029
167028
169108
169232
166431
169027
168552
168003
168524
167768
168922
167259
167601
166365
169669
167502
166819
166820
169808
169020
167482
168850
167810
169306
167258
169056
166976
167608
168480
168652
166935
168274
168661
168088
169197
168377
169307
166872
167428
167974
170925
166649
167438
169962
168541
167003
169885
169899
169401
168657
169940
168745
168479
170641
166999
169592
169238
170059
168480
166365
167431
170913
170106
167762
170954
167880
165762
170516
169101
168001
168555
169516
167479
168658
169735
169653
169052
170254
167767
167258
167947
173420
166832
168375
167872
169816
166538
167914
166821
169792
169134
169810
170203
168236
168524
168371
167655
169964
166649
168267
168923
168155
167666
168873
170675
171027
166652
168112
167428
167631
169303
169272
170573
167259
167262
168647
169307
169334
168484
166720
166819
168658
167391
167730
168015
168104
167804
167935
169135
166650
169133
169114
168661
169708
167276
166649
167107
167828
166650
170428
166979
168479
168819
172289
168541
168325
167765
170513
169055
170314
167832
168728
167433
168337
166509
167764
169591
167764
167946
169274
168982
167609
167665
168964
167631
167444
168661
168654
167320
168648
167002
167932
168541
168693
168328
170409
166941
170647
167497
167258
167262
167757
167429
168163
167833
167159
166875
167937
168212
167704
168877
168052
168002
168726
165756
169124
167057
169581
171709
166651
167428
167226
165930
168333
166655
167027
167157
167872
169214
168544
167438
170013
167428
168544
171539
167833
168319
167868
168373
169639
168551
169303
170659
169596
168552
169671
168745
165759
169556
167001
169589
166541
168504
168478
169033
169134
169590
167608
168039
165936
169204
168986
168118
168477
169200
167633
169052
168071
168264
169745
166652
168218
166871
168782
168040
168765
168532
166829
172758
168479
168438
166113
166707
171443
169323
169978
169052
168523
168276
168092
168525
168009
169275
167833
167259
169860
168050
166372
167725
168942
166653
169050
168407
167588
166549
168525
168505
167765
167439
167430
170248
168931
167764
169832
167989
168542
168647
167998
168040
165926
167445
171260
169819
169986
169052
168159
166982
167025
167442
166366
167045
167438
169771
167933
168512
169724
168898
167262
168707
166950
168371
170496
169473
169264
170092
167006
168542
168004
169960
166652
168541
166650
168647
168373
168580
169346
167028
169062
168399
167985
169111
166905
169914
168877
169049
167431
170420
168479
166650
168371
167664
169810
168052
168874
167868
169710
169139
168524
167260
167431
168516
169824
169776
167869
167259
168627
166724
167478
167734
170332
169321
168647
166649
167433
167024
170796
167584
169807
170498
168219
168523
167264
166535
168867
169103
166367
168526
168548
168533
168997
165936
168332
167919
165758
169920
167668
169095
169205
167762
169966
169218
168477
169591
168039
168877
167443
168907
165758
168325
167261
168210
166547
168523
169137
168229
168551
167429
165757
167106
167915
169636
168155
168010
169051
166650
170322
168443
166819
172091
167634
169636
168546
168015
167440
166819
169462
167933
167633
170167
167259
167220
169134
166826
167438
166508
168477
170644
167766
167665
167801
167871
167829
167259
167438
168696
168478
169122
169054
167666
168743
167610
169148
168942
167240
168855
170842
169378
168695
167766
168160
167586
166831
170019
168266
167444
167050
168673
168551
167261
168041
166368
166652
168611
166775
168703
168096
169486
169640
167053
167259
167841
167439
168622
168011
167259
168096
167260
165756
169112
168099
166824
168420
169809
168353
168443
169374
168712
170306
169749
169388
168849
167431
170317
167717
167986
166819
166833
167261
168696
166650
169523
166539
167946
168213
168647
169845
166829
170993
167660
168699
167146
169022
167043
167433
170665
168815
168523
167430
166819
170272
168619
167127
167609
168697
167917
167106
166820
169806
166807
167481
168371
168258
167332
166366
165764
167513
167262
167393
171006
167584
167431
167430
168871
170317
169888
168483
165938
167001
168380
168827
167441
167823
169313
168664
169319
172161
167764
168703
167766
168543
167221
165757
168480
166831
168043
168389
169844
167702
168546
169527
167158
166820
168696
167761
167587
166653
169807
169231
167806
166368
168770
170891
166548
167438
170376
167007
169557
167876
169363
167829
172648
167611
168658
167441
169794
166820
166545
168708
167225
168659
167437
167405
167999
167428
165756
167833
168697
167919
166550
168608
169610
168085
167868
168542
169817
168479
166829
169761
168039
168040
168791
166649
169810
167612
169434
169705
169818
168726
168623
169931
167784
169590
167231
167258
166536
169270
169220
168441
167435
166538
168088
168157
166537
165936
165926
168202
167327
167872
166650
169595
169913
169267
168850
166820
167265
167399
166830
167428
168244
168477
169830
168523
166535
168696
168155
166651
168660
169987
168781
167224
170325
167447
169553
168528
169946
167869
168107
168674
169615
168544
170882
166366
169808
168228
169306
168597
165928
166650
167039
167001
169990
165758
167395
168042
167000
171234
169710
169743
169291
168375
169210
167609
168612
168653
168373
170491
167609
168694
168218
168212
167429
167887
169814
167156
168480
170272
169210
168438
166535
166369
166659
167004
168524
168439
170009
169733
169636
167666
168527
168084
168813
167822
166832
167000
167651
169379
168112
167609
167262
168506
168873
169293
166820
167000
167868
166365
167259
167942
166649
168040
167224
168844
170161
169353
167843
169050
168075
170557
166548
166652
167587
167652
170489
167431
166999
166326
169380
167201
168046
167422
169881
169771
169767
167936
167021
170516
169760
169027
167442
169912
168852
167258
167884
167201
167429
167764
170798
167800
167870
169406
169051
167430
167630
170420
168479
167258
168479
168108
168090
167258
167869
168528
166543
168525
166366
168916
170271
168850
167942
169151
169636
167585
166719
171226
169199
169636
169563
168523
166649
167830
167154
166822
169802
166826
168438
167609
170720
168544
169988
170515
169238
168748
168658
169272
166831
169048
167658
167599
169997
167663
168543
167259
166719
167262
168048
168869
167760
167650
167371
167441
167570
169454
167870
167935
166651
166873
166538
168850
168698
169113
168523
167762
168108
168683
168649
167001
167222
168821
169639
166649
167266
169672
168608
169420
166651
167663
168050
168651
167262
166999
170538
168981
169742
168558
166366
168479
167258
167830
168172
166912
169746
167998
167832
166365
167659
168652
167266
168523
166537
166831
168372
169032
171892
169161
168442
169964
167429
169216
169913
170822
167992
169151
168210
167441
168916
168725
165927
171348
167260
170981
168592
168527
169313
170497
167917
169801
168262
168853
168198
165764
167260
169558
169501
169210
167432
168371
170925
169540
167393
168832
168482
167478
168164
168480
167767
166538
168008
167584
170083
167106
166835
170675
165933
168721
167261
168553
167155
167981
169139
169762
168680
168477
167428
167828
170387
169198
167993
168307
169770
168638
166869
169731
169221
168696
168087
168648
169641
170689
169069
167325
166536
165936
170852
168389
170686
169401
169516
168372
167869
169305
170252
168523
171027
169915
168042
167873
169902
167873
170043
168157
170075
170910
168531
169062
167219
168523
168931
171778
168695
168371
166649
168647
168310
170532
169593
167944
167895
168703
169729
166653
168038
167259
167264
167916
172648
168648
169315
167614
168944
166548
169293
168823
169533
170209
170857
168541
166721
167325
169049
168648
168478
168325
168544
169743
167915
168882
170184
167258
169136
168377
170591
167663
168233
168445
170320
166654
169593
167440
169212
170275
167223
166654
168045
168091
170113
168085
167934
170717
171027
169323
166555
168727
168695
169776
167482
169011
167763
170094
167917
167810
166539
169062
166369
169011
168696
166539
168371
167278
167608
167203
167433
168001
166821
167000
166649
165931
167443
169636
169133
170333
167633
167480
168791
166935
170111
166540
167632
168542
169307
169414
168586
166552
167194
168171
169922
166651
170343
167258
166652
168525
167051
167207
168477
168651
168038
168694
168504
168620
167438
169263
168657
167914
167770
166652
166979
167587
167871
166829
167225
167059
168448
167845
169760
165929
168040
168481
169226
171498
171732
167258
168385
167392
166649
168543
167600
168779
167763
167330
167717
168477
168371
170760
171704
170320
168375
169595
170162
170840
168172
167947
168528
168649
166715
167873
167422
169593
168312
169437
169233
167602
167674
167916
167830
167221
170439
170318
169024
169594
168365
166820
171433
171394
170568
167608
171732
170482
168157
167610
166366
167429
168614
168619
168041
167914
168134
168375
167610
168526
168928
170269
169263
167764
167663
167936
168477
169144
168094
167261
169426
168880
168959
168273
169230
166365
167719
168349
168545
169873
169138
167435
168263
169331
169405
167259
166819
167813
171885
169225
168479
169153
168998
168655
166724
168112
171568
166538
167610
167444
167022
169968
168084
167754
170274
166656
167432
168546
170148
168650
170079
168541
167620
169575
169305
167828
169817
167938
168723
168271
167870
167652
170314
169063
169272
168717
168223
167428
168650
167652
168529
166365
169602
166535
169763
168827
167428
167224
170315
168877
168657
168374
169112
166653
168479
168278
166831
165760
170539
169814
169321
168264
168086
167584
170103
168202
167811
168694
167045
168057
168018
168697
169986
167764
172028
166650
167998
167585
168550
168370
167998
167870
168052
168542
167258
168496
165937
168339
167936
167222
166830
168969
168001
166979
167430
169050
169912
167258
167434
168029
172076
166720
167318
168658
166649
168983
170183
168479
168610
168041
168565
168795
165926
166819
171539
168913
167147
165757
169700
166649
168512
168086
169772
168225
167399
168045
168966
169844
168159
168647
170094
169965
169914
167480
168530
168309
167870
169313
168543
166832
167601
167149
167914
168523
166368
166982
166820
168541
169444
167914
167382
165927
170269
168374
167839
168372
167428
167443
169012
168087
166653
168086
167612
168481
168746
169125
167610
166825
170246
165941
168137
169771
168483
167431
167260
168680
167610
170957
168479
166831
168541
168039
169309
168441
171097
167936
169223
166365
168845
167440
169271
169944
169634
166651
169542
166975
169806
168657
168051
170482
168104
168117
168218
171095
168724
170720
169664
168916
166979
169744
168945
165943
168041
166829
170133
168694
165936
167599
167389
168813
168666
168477
167392
170925
168088
166821
165760
168219
168484
168113
168211
167429
167868
168703
167767
169419
167545
168233
169095
168309
167932
169810
169749
170988
172456
168096
167124
168479
170439
167829
167440
167258
167221
168528
168477
167982
170882
167666
167946
169586
169762
167432
167145
167812
167431
168523
168139
167261
167262
167632
167478
165936
166543
169771
167263
171719
170452
168275
167765
171718
169103
166650
166369
168338
168923
169113
169964
169403
168371
167763
168621
170890
169592
170162
167914
167548
167588
168305
167589
167569
169772
169316
170915
169055
167869
167262
168573
168648
168653
168008
168264
169638
170599
168697
168832
166649
167261
170422
167193
169809
167430
169962
167258
169922
171604
168695
168485
169638
166680
167441
167631
168943
169031
169605
166829
167440
166366
167871
167059
169747
165756
167440
168416
167024
168649
168219
166649
170814
166830
168934
171036
168456
168664
169051
167439
169094
166371
168553
169329
169211
168040
167829
169133
169996
167608
169047
169484
168928
167432
168846
169270
166654
167920
168722
165758
168340
169374
168875
169965
165938
169263
168122
167917
168878
168517
167934
167938
171055
166718
170056
166550
170182
168086
167802
169212
168485
168525
168002
168812
167191
168336
170092
169557
169225
168737
169441
170247
169258
167259
166830
168159
167258
168371
170058
171126
167870
167545
168696
169267
166832
169925
169745
167781
167666
169709
167145
167481
169636
168010
165927
169152
169333
168211
168724
166365
171190
170428
165937
169493
168075
165758
168266
167918
167757
167800
169379
169883
165940
168526
171744
169765
168523
168659
167438
169137
168325
168094
169033
168875
166650
171612
168528
167444
168441
168682
167428
168053
170318
170600
165758
169681
166833
169031
166874
168698
166649
167882
169303
167589
169761
166991
167941
166819
169162
170717
170390
168723
166976
170439
168693
168084
169745
168776
167699
167914
169227
167936
168481
168743
166652
169618
167754
167328
167550
167428
170164
167430
169923
169604
167756
168440
169322
170232
166823
168513
166826
168529
168038
168523
167935
170644
168695
169427
166326
168551
168274
168659
167433
169743
170719
169833
166650
166772
167258
168721
169204
166706
170819
167871
167608
169632
167758
169303
168703
166819
167846
168502
167260
168653
166539
167258
167928
170376
167050
168048
169770
168410
170315
168443
169133
168264
167258
170781
167608
169054
166657
167024
167260
169646
167481
166506
173088
167830
167767
168982
171730
167830
168704
169157
170312
168662
166869
168541
167330
168831
168882
168277
168551
167440
168373
167431
166870
168201
168051
169260
169259
168654
170873
167943
169703
169763
167444
166649
167342
169321
166500
165761
167260
168456
167161
167191
169218
168876
169765
167614
168371
165926
167800
166653
166651
168235
171382
169278
167833
168050
168443
167145
169156
167105
168525
167917
171413
170333
170488
169560
168655
166981
168528
171400
167041
168493
168551
167150
169099
169049
165926
169029
168178
169996
167420
168445
169117
166720
167946
169324
168523
166651
167765
169556
169555
168430
168708
166369
168650
168657
166829
167158
167610
169574
168477
166542
168654
167833
166497
169161
167438
166832
169912
167263
168056
169440
169108
167762
167219
167004
167677
166651
167807
167765
169745
168043
171030
168671
171555
167001
168038
167264
170034
167800
166723
167762
168038
168554
169746
169710
168925
169220
168157
168695
168625
166649
166820
166719
168271
169533
169742
166718
167434
167846
168546
171534
170056
167829
166650
168382
167800
169133
166937
166367
167120
167260
167608
166871
169912
169197
168793
167203
166822
168867
169923
168374
166545
169806
169013
166821
168814
171040
170536
169228
170262
170249
169093
168321
169773
166649
170314
168547
168702
167000
169844
170811
169593
169924
169608
167724
169445
167512
166831
167918
169272
170057
166715
169845
167023
169201
168267
167938
169761
167871
168698
169484
169133
169297
168695
167416
167764
170355
167004
168545
167548
167222
169396
169270
168722
169308
167440
170992
169088
170382
166715
170512
171552
168876
170855
168638
171587
168002
168371
169156
167998
166500
166823
168726
166870
166650
167264
168376
167805
167315
169530
167924
168441
168480
168529
168271
167761
171501
170537
169139
169425
168895
168776
168776
168440
171211
166604
166994
168873
166829
169763
169137
167237
166869
169813
166650
167435
168649
166369
168591
169263
167979
166650
170326
165928
167663
168832
168166
166939
166833
168448
167597
170855
169101
167828
167402
170378
166499
166552
170234
167152
166649
167881
167998
168941
170149
167766
170096
168040
168703
168085
167145
169057
170484
168477
168648
168103
167263
166820
168984
167261
169810
167919
168544
169051
168135
167899
168483
166975
167807
167664
170055
167405
167914
168441
167420
168650
170485
167764
168541
169624
168658
172290
169726
168647
167915
167157
168133
169795
169554
167429
169306
168442
168477
166365
167264
167389
167195
167610
167327
167914
169445
169944
169378
168823
167917
170166
166874
169590
166775
166654
168712
167057
169787
168001
170811
167608
169721
167585
168114
171467
169591
167920
167718
167624
168541
166551
168743
168697
167830
168084
166823
166650
168263
167802
167608
167262
169774
169553
169116
167429
167834
169047
167438
169774
169303
165761
167442
166649
169668
167039
167587
169138
167391
167661
167769
167261
170607
168179
168525
169771
169136
169776
169907
169154
165759
168543
166822
167833
167764
168856
168094
166978
169027
168489
169232
168541
166833
167768
170160
167611
167482
168484
168050
167428
169089
168448
167258
168722
166716
168481
169763
167699
168544
168048
170995
167440
168435
170712
167390
168873
167768
168541
167389
170586
168704
168821
168086
168650
168771
168706
166365
168745
168608
168551
167219
167441
170143
167763
168182
168222
171393
166539
169483
169153
166649
167329
167932
169554
166820
167870
169806
169595
171600
168055
167630
167261
169906
167602
169933
168310
167023
168544
167326
167434
166537
168552
169710
168693
165757
167480
167261
166823
169818
167669
167315
169210
167004
172282
168309
169306
166649
167222
167586
166539
169440
169641
168652
169281
167868
167258
169421
169023
167870
166538
167259
167145
168379
167219
168648
166822
167258
167609
169012
167258
169207
168342
167632
166365
169202
168651
167260
167781
167665
169636
168334
166814
170280
168353
167762
169807
169662
170248
168649
169422
167599
166500
169271
169163
169334
168699
168704
168694
168556
167394
168098
167263
166820
168446
168245
166546
169427
167895
168444
168697
171028
165759
169233
169221
166649
169326
167608
168526
168617
168390
168867
170251
168266
168523
169425
167261
168874
168704
166649
167947
167428
170163
167224
169313
168721
171214
166819
167765
168479
167638
169217
169268
169640
170591
167764
167757
170421
172393
165757
168704
166650
170129
169200
167869
168886
167754
171428
167815
169935
167054
166870
171025
168493
166826
171092
168654
170221
168084
167828
167259
170962
166835
168481
166366
167145
167611
167980
168869
167764
168441
169048
169926
171025
167433
166365
166808
168875
166833
167801
166370
168041
168693
167610
168552
167225
168704
171550
167762
168392
168437
168310
169219
168486
166370
169553
169922
168652
168371
166870
169913
165926
168070
168202
169734
169309
171535
166836
166716
168372
167322
166549
167768
169344
168948
169440
168722
166831
168721
169324
166541
168701
168376
169899
166819
168724
167004
167428
166829
169459
168477
166540
169377
168514
168086
167118
166654
166871
168615
169208
168570
167875
166834
167494
169636
170754
166652
167914
167918
168038
168650
169307
168695
167870
169217
170356
167107
168526
168478
167828
168698
167914
167433
167844
165929
167105
169747
167835
167828
170128
171553
166649
168627
167608
167755
169264
167402
168210
169212
170792
168038
167049
170687
167261
170110
168526
168712
168850
168374
168648
170011
168525
167917
167053
168478
167985
166772
168038
167650
169932
169209
168439
170274
166371
168846
168220
169294
167262
170497
169309
168123
166651
171196
165756
167258
171430
168308
167933
166822
167223
168548
169602
167588
167487
170864
166649
168944
166831
169638
170399
167105
169488
167430
172830
166819
169260
168373
166872
167265
166650
168000
169154
167479
167934
165930
167943
167945
170997
169925
168525
169273
167549
167428
168650
168694
171085
168054
169764
168234
166833
169637
168484
167192
173145
168237
168441
167815
166539
168477
165926
170859
166650
167265
167264
169273
169770
169332
167323
169102
169088
167757
168944
167432
168039
169217
171001
168696
166941
169599
168547
168222
168054
169100
167762
166163
167157
168958
166653
171601
167274
167221
168525
167259
168650
166649
167831
167479
170025
165928
169402
169401
167259
169940
165759
167024
169502
170214
168852
170481
168958
167428
168875
169711
169943
166650
167262
168304
168707
169574
167237
168524
170596
168137
171605
168088
169658
167223
167549
167197
168945
169314
168534
166548
166820
166327
167701
169452
165929
169137
167428
166649
166537
167438
171570
168444
167869
167769
167109
169047
166715
168159
168340
167611
169593
167952
167442
168457
168525
168068
168420
166822
167264
168524
167222
166328
168613
168404
167763
169225
167259
169220
168479
169913
168214
169050
167632
171480
167609
168724
167844
170482
167264
171330
167219
166546
169309
166539
169128
167634
166542
169030
167630
168806
166772
168576
167432
168135
167934
167945
167259
169924
166869
169031
167442
167404
168326
169162
168956
167998
169401
169487
171065
169186
167431
167485
167434
168307
167659
169014
171038
169332
168240
169914
167264
166650
167389
169602
169138
168523
168525
166331
167441
167524
166819
167157
168613
171107
170402
168512
170007
170092
168828
169527
167589
168779
169743
168827
168611
170416
166831
167041
167028
168528
168478
167998
168043
169460
169928
168048
170990
168544
169937
169760
169808
169883
170342
168003
168647
169112
168040
167551
169121
167440
169873
166548
168262
168002
167757
166538
167760
168374
168279
167429
167666
170160
168620
169335
167548
167220
167431
167630
168551
165757
169701
166371
166869
168614
167438
170259
171404
167478
168212
169027
170862
169442
170964
169369
168916
168087
167262
171926
167029
168696
169009
170486
167762
170354
169135
168862
168087
169425
166831
170600
168446
166873
167439
168553
168334
168985
166888
167831
167441
167479
168528
168985
170205
168170
166654
170247
169403
167258
168284
168478
169760
168545
170792
167986
166539
167222
166809
166649
166829
168373
167432
167428
169055
166546
169812
167836
166820
169045
167755
165927
170711
165941
165757
168981
168097
168480
169519
168441
170645
168048
167762
166830
166830
167870
166538
168087
169133
169028
166331
169637
167055
169157
168525
166535
169114
168038
168659
167432
170207
167869
168117
169054
169880
170319
170214
168324
167262
168653
168503
167482
166824
168767
168696
171708
166545
168087
167258
166976
169070
168874
167914
168043
167259
167720
167599
168608
167759
167021
166937
166652
168084
168017
167614
169199
170687
168049
166835
170431
168916
168649
167755
168480
168220
167393
170094
170304
173342
169048
169607
166824
168529
168317
168542
168197
169229
167481
166721
169011
168543
169708
166872
166829
168041
169992
169122
169483
167634
168424
168813
166370
169616
169025
168220
168445
169404
170344
166819
169760
170613
166550
166829
167898
169391
166649
168941
170592
167428
170676
168918
166328
169457
169997
167432
167632
166538
167945
170537
167258
168695
169423
169156
166826
168480
167869
167431
170207
169272
170439
168052
168879
166834
169121
167343
169706
166368
169151
170724
169447
167763
166824
169643
169006
166979
166652
168544
166941
167702
167611
168376
168160
168195
169173
170343
168650
169093
167933
165929
169049
167871
168208
168051
167636
165927
167917
168099
167591
167899
167794
169745
170485
167999
166535
169874
168526
166999
167870
167834
166541
171060
169612
169260
166819
169290
167879
170926
168541
165756
169774
168703
168873
166938
167948
168038
168038
167432
167262
167416
170133
166651
168374
169201
168617
167608
169498
168530
169080
166331
168541
167260
170404
168779
168708
166535
169203
168705
166869
169593
167763
168743
166940
168551
169746
166938
166720
169660
168534
169633
168371
169135
167220
167264
172106
167430
167763
167435
168000
171612
169910
168983
168114
167934
166650
166535
170912
167434
169207
172257
167817
168879
167393
167650
168654
168734
169027
169915
168812
165929
168724
168555
173939
168272
168622
167757
168697
169028
168804
167726
169053
168623
166341
168525
169154
167587
168084
166650
166819
169761
168523
169095
168048
167497
168479
168794
166108
166653
169914
168088
169203
167429
166365
166825
168659
169988
167628
167653
168526
168967
168651
166547
167430
168009
167916
167832
166365
169747
170787
171437
169261
170501
168156
169662
167636
168527
168218
170144
167814
168444
167480
168376
165761
168038
167872
169122
168827
172685
167715
168378
167896
166829
168650
168947
168776
167258
169013
168830
168527
167261
169913
170541
167596
166547
166834
168698
167329
171316
168050
169942
169701
168371
167834
167260
166819
167630
169597
167765
167719
168489
167443
169742
168948
167983
169431
168693
169727
170783
165756
167630
168314
167937
170046
167871
166551
167149
167004
168390
169590
169209
167872
168546
170532
167945
166365
167828
167916
170233
170528
166820
171028
169268
168871
167432
169381
167261
168831
168375
167986
168112
168244
166651
168443
170562
169217
171800
165929
166108
168338
166937
169324
166367
169636
167239
167613
174822
166106
170889
167024
169314
166999
167146
167192
168704
167998
167585
168652
168049
166649
166821
167801
169749
167441
170099
167260
168268
169554
166822
166829
167264
168437
167870
168959
166537
168218
170450
168094
169595
166649
168693
170011
166975
167432
167614
168699
170135
168829
167631
167261
167224
168695
166649
169554
168744
170418
167831
168320
169592
169603
169421
168850
167573
168502
168694
166829
166365
167652
169284
167933
167191
167049
167664
168067
168098
167445
167703
170206
167381
169554
169988
166820
169324
167610
168371
168990
166831
167805
169477
168097
166535
169869
166535
167001
167665
168371
170332
166653
168135
167802
171036
168546
169760
167428
170353
167608
170862
169197
168671
168089
167260
167436
170164
167720
170619
168327
168611
169330
169230
167481
170539
169574
166652
169074
167431
169638
166507
169885
167918
167918
166370
168883
167121
168208
167914
168391
167594
170183
170132
167755
166821
167608
167945
170811
169908
167478
168662
168446
169805
168792
166652
168441
169707
168375
168374
168722
169200
168049
168663
170317
168313
168308
171029
166829
168478
168085
169916
167765
167433
166538
171275
168651
167428
168812
170347
168374
167630
168115
168200
167834
166819
166947
168813
167196
168072
167936
167259
169770
166650
168444
170306
166718
168524
167652
168551
166656
169027
168222
171716
168730
168154
167287
170484
166824
167660
167587
168084
166652
169054
168478
168650
169743
169118
167260
166656
169095
170428
167192
168698
168833
169219
167438
167934
168877
166540
167917
168851
167438
170927
167021
167442
168377
168324
168308
169090
168027
168658
168375
167659
166106
171027
170857
168308
166834
167801
171224
166824
168780
167764
171178
166823
169707
167267
170096
170723
167442
168698
167428
168375
169207
167932
168084
166545
169784
165757
168613
168488
169270
169590
168042
167021
170588
167897
168878
168341
166540
168179
165938
165927
166161
169574
167428
170782
168372
166833
168990
167780
169198
166365
169529
